DATE_KEY,FULL_DATE,YEAR,QUARTER,QUARTER_NAME,MONTH_NUMBER,MONTH_NAME,MONTH_SHORT_NAME,WEEK_OF_YEAR,DAY_OF_MONTH,DAY_OF_WEEK_NUMBER,DAY_NAME,IS_WEEKEND
20000101,2000-01-01,2000,1,Q1,1,January,Jan,52,1,6,1A0,TRUE
20000102,2000-01-02,2000,1,Q1,1,January,Jan,52,2,0,2A0,TRUE
20000103,2000-01-03,2000,1,Q1,1,January,Jan,1,3,1,3A0,FALSE
20000104,2000-01-04,2000,1,Q1,1,January,Jan,1,4,2,4A0,FALSE
20000105,2000-01-05,2000,1,Q1,1,January,Jan,1,5,3,5A0,FALSE
20000106,2000-01-06,2000,1,Q1,1,January,Jan,1,6,4,6A0,FALSE
20000107,2000-01-07,2000,1,Q1,1,January,Jan,1,7,5,7A0,FALSE
20000108,2000-01-08,2000,1,Q1,1,January,Jan,1,8,6,8A0,TRUE
20000109,2000-01-09,2000,1,Q1,1,January,Jan,1,9,0,9A0,TRUE
20000110,2000-01-10,2000,1,Q1,1,January,Jan,2,10,1,10A0,FALSE
20000111,2000-01-11,2000,1,Q1,1,January,Jan,2,11,2,11A0,FALSE
20000112,2000-01-12,2000,1,Q1,1,January,Jan,2,12,3,12A0,FALSE
20000113,2000-01-13,2000,1,Q1,1,January,Jan,2,13,4,13A0,FALSE
20000114,2000-01-14,2000,1,Q1,1,January,Jan,2,14,5,14A0,FALSE
20000115,2000-01-15,2000,1,Q1,1,January,Jan,2,15,6,15A0,TRUE
20000116,2000-01-16,2000,1,Q1,1,January,Jan,2,16,0,16A0,TRUE
20000117,2000-01-17,2000,1,Q1,1,January,Jan,3,17,1,17A0,FALSE
20000118,2000-01-18,2000,1,Q1,1,January,Jan,3,18,2,18A0,FALSE
20000119,2000-01-19,2000,1,Q1,1,January,Jan,3,19,3,19A0,FALSE
20000120,2000-01-20,2000,1,Q1,1,January,Jan,3,20,4,20A0,FALSE
20000121,2000-01-21,2000,1,Q1,1,January,Jan,3,21,5,21A0,FALSE
20000122,2000-01-22,2000,1,Q1,1,January,Jan,3,22,6,22A0,TRUE
20000123,2000-01-23,2000,1,Q1,1,January,Jan,3,23,0,23A0,TRUE
20000124,2000-01-24,2000,1,Q1,1,January,Jan,4,24,1,24A0,FALSE
20000125,2000-01-25,2000,1,Q1,1,January,Jan,4,25,2,25A0,FALSE
20000126,2000-01-26,2000,1,Q1,1,January,Jan,4,26,3,26A0,FALSE
20000127,2000-01-27,2000,1,Q1,1,January,Jan,4,27,4,27A0,FALSE
20000128,2000-01-28,2000,1,Q1,1,January,Jan,4,28,5,28A0,FALSE
20000129,2000-01-29,2000,1,Q1,1,January,Jan,4,29,6,29A0,TRUE
20000130,2000-01-30,2000,1,Q1,1,January,Jan,4,30,0,30A0,TRUE
20000131,2000-01-31,2000,1,Q1,1,January,Jan,5,31,1,31A0,FALSE
20000201,2000-02-01,2000,1,Q1,2,February,Feb,5,1,2,1A0,FALSE
20000202,2000-02-02,2000,1,Q1,2,February,Feb,5,2,3,2A0,FALSE
20000203,2000-02-03,2000,1,Q1,2,February,Feb,5,3,4,3A0,FALSE
20000204,2000-02-04,2000,1,Q1,2,February,Feb,5,4,5,4A0,FALSE
20000205,2000-02-05,2000,1,Q1,2,February,Feb,5,5,6,5A0,TRUE
20000206,2000-02-06,2000,1,Q1,2,February,Feb,5,6,0,6A0,TRUE
20000207,2000-02-07,2000,1,Q1,2,February,Feb,6,7,1,7A0,FALSE
20000208,2000-02-08,2000,1,Q1,2,February,Feb,6,8,2,8A0,FALSE
20000209,2000-02-09,2000,1,Q1,2,February,Feb,6,9,3,9A0,FALSE
20000210,2000-02-10,2000,1,Q1,2,February,Feb,6,10,4,10A0,FALSE
20000211,2000-02-11,2000,1,Q1,2,February,Feb,6,11,5,11A0,FALSE
20000212,2000-02-12,2000,1,Q1,2,February,Feb,6,12,6,12A0,TRUE
20000213,2000-02-13,2000,1,Q1,2,February,Feb,6,13,0,13A0,TRUE
20000214,2000-02-14,2000,1,Q1,2,February,Feb,7,14,1,14A0,FALSE
20000215,2000-02-15,2000,1,Q1,2,February,Feb,7,15,2,15A0,FALSE
20000216,2000-02-16,2000,1,Q1,2,February,Feb,7,16,3,16A0,FALSE
20000217,2000-02-17,2000,1,Q1,2,February,Feb,7,17,4,17A0,FALSE
20000218,2000-02-18,2000,1,Q1,2,February,Feb,7,18,5,18A0,FALSE
20000219,2000-02-19,2000,1,Q1,2,February,Feb,7,19,6,19A0,TRUE
20000220,2000-02-20,2000,1,Q1,2,February,Feb,7,20,0,20A0,TRUE
20000221,2000-02-21,2000,1,Q1,2,February,Feb,8,21,1,21A0,FALSE
20000222,2000-02-22,2000,1,Q1,2,February,Feb,8,22,2,22A0,FALSE
20000223,2000-02-23,2000,1,Q1,2,February,Feb,8,23,3,23A0,FALSE
20000224,2000-02-24,2000,1,Q1,2,February,Feb,8,24,4,24A0,FALSE
20000225,2000-02-25,2000,1,Q1,2,February,Feb,8,25,5,25A0,FALSE
20000226,2000-02-26,2000,1,Q1,2,February,Feb,8,26,6,26A0,TRUE
20000227,2000-02-27,2000,1,Q1,2,February,Feb,8,27,0,27A0,TRUE
20000228,2000-02-28,2000,1,Q1,2,February,Feb,9,28,1,28A0,FALSE
20000229,2000-02-29,2000,1,Q1,2,February,Feb,9,29,2,29A0,FALSE
20000301,2000-03-01,2000,1,Q1,3,March,Mar,9,1,3,1A0,FALSE
20000302,2000-03-02,2000,1,Q1,3,March,Mar,9,2,4,2A0,FALSE
20000303,2000-03-03,2000,1,Q1,3,March,Mar,9,3,5,3A0,FALSE
20000304,2000-03-04,2000,1,Q1,3,March,Mar,9,4,6,4A0,TRUE
20000305,2000-03-05,2000,1,Q1,3,March,Mar,9,5,0,5A0,TRUE
20000306,2000-03-06,2000,1,Q1,3,March,Mar,10,6,1,6A0,FALSE
20000307,2000-03-07,2000,1,Q1,3,March,Mar,10,7,2,7A0,FALSE
20000308,2000-03-08,2000,1,Q1,3,March,Mar,10,8,3,8A0,FALSE
20000309,2000-03-09,2000,1,Q1,3,March,Mar,10,9,4,9A0,FALSE
20000310,2000-03-10,2000,1,Q1,3,March,Mar,10,10,5,10A0,FALSE
20000311,2000-03-11,2000,1,Q1,3,March,Mar,10,11,6,11A0,TRUE
20000312,2000-03-12,2000,1,Q1,3,March,Mar,10,12,0,12A0,TRUE
20000313,2000-03-13,2000,1,Q1,3,March,Mar,11,13,1,13A0,FALSE
20000314,2000-03-14,2000,1,Q1,3,March,Mar,11,14,2,14A0,FALSE
20000315,2000-03-15,2000,1,Q1,3,March,Mar,11,15,3,15A0,FALSE
20000316,2000-03-16,2000,1,Q1,3,March,Mar,11,16,4,16A0,FALSE
20000317,2000-03-17,2000,1,Q1,3,March,Mar,11,17,5,17A0,FALSE
20000318,2000-03-18,2000,1,Q1,3,March,Mar,11,18,6,18A0,TRUE
20000319,2000-03-19,2000,1,Q1,3,March,Mar,11,19,0,19A0,TRUE
20000320,2000-03-20,2000,1,Q1,3,March,Mar,12,20,1,20A0,FALSE
20000321,2000-03-21,2000,1,Q1,3,March,Mar,12,21,2,21A0,FALSE
20000322,2000-03-22,2000,1,Q1,3,March,Mar,12,22,3,22A0,FALSE
20000323,2000-03-23,2000,1,Q1,3,March,Mar,12,23,4,23A0,FALSE
20000324,2000-03-24,2000,1,Q1,3,March,Mar,12,24,5,24A0,FALSE
20000325,2000-03-25,2000,1,Q1,3,March,Mar,12,25,6,25A0,TRUE
20000326,2000-03-26,2000,1,Q1,3,March,Mar,12,26,0,26A0,TRUE
20000327,2000-03-27,2000,1,Q1,3,March,Mar,13,27,1,27A0,FALSE
20000328,2000-03-28,2000,1,Q1,3,March,Mar,13,28,2,28A0,FALSE
20000329,2000-03-29,2000,1,Q1,3,March,Mar,13,29,3,29A0,FALSE
20000330,2000-03-30,2000,1,Q1,3,March,Mar,13,30,4,30A0,FALSE
20000331,2000-03-31,2000,1,Q1,3,March,Mar,13,31,5,31A0,FALSE
20000401,2000-04-01,2000,2,Q2,4,April,Apr,13,1,6,1A0,TRUE
20000402,2000-04-02,2000,2,Q2,4,April,Apr,13,2,0,2A0,TRUE
20000403,2000-04-03,2000,2,Q2,4,April,Apr,14,3,1,3A0,FALSE
20000404,2000-04-04,2000,2,Q2,4,April,Apr,14,4,2,4A0,FALSE
20000405,2000-04-05,2000,2,Q2,4,April,Apr,14,5,3,5A0,FALSE
20000406,2000-04-06,2000,2,Q2,4,April,Apr,14,6,4,6A0,FALSE
20000407,2000-04-07,2000,2,Q2,4,April,Apr,14,7,5,7A0,FALSE
20000408,2000-04-08,2000,2,Q2,4,April,Apr,14,8,6,8A0,TRUE
20000409,2000-04-09,2000,2,Q2,4,April,Apr,14,9,0,9A0,TRUE
20000410,2000-04-10,2000,2,Q2,4,April,Apr,15,10,1,10A0,FALSE
20000411,2000-04-11,2000,2,Q2,4,April,Apr,15,11,2,11A0,FALSE
20000412,2000-04-12,2000,2,Q2,4,April,Apr,15,12,3,12A0,FALSE
20000413,2000-04-13,2000,2,Q2,4,April,Apr,15,13,4,13A0,FALSE
20000414,2000-04-14,2000,2,Q2,4,April,Apr,15,14,5,14A0,FALSE
20000415,2000-04-15,2000,2,Q2,4,April,Apr,15,15,6,15A0,TRUE
20000416,2000-04-16,2000,2,Q2,4,April,Apr,15,16,0,16A0,TRUE
20000417,2000-04-17,2000,2,Q2,4,April,Apr,16,17,1,17A0,FALSE
20000418,2000-04-18,2000,2,Q2,4,April,Apr,16,18,2,18A0,FALSE
20000419,2000-04-19,2000,2,Q2,4,April,Apr,16,19,3,19A0,FALSE
20000420,2000-04-20,2000,2,Q2,4,April,Apr,16,20,4,20A0,FALSE
20000421,2000-04-21,2000,2,Q2,4,April,Apr,16,21,5,21A0,FALSE
20000422,2000-04-22,2000,2,Q2,4,April,Apr,16,22,6,22A0,TRUE
20000423,2000-04-23,2000,2,Q2,4,April,Apr,16,23,0,23A0,TRUE
20000424,2000-04-24,2000,2,Q2,4,April,Apr,17,24,1,24A0,FALSE
20000425,2000-04-25,2000,2,Q2,4,April,Apr,17,25,2,25A0,FALSE
20000426,2000-04-26,2000,2,Q2,4,April,Apr,17,26,3,26A0,FALSE
20000427,2000-04-27,2000,2,Q2,4,April,Apr,17,27,4,27A0,FALSE
20000428,2000-04-28,2000,2,Q2,4,April,Apr,17,28,5,28A0,FALSE
20000429,2000-04-29,2000,2,Q2,4,April,Apr,17,29,6,29A0,TRUE
20000430,2000-04-30,2000,2,Q2,4,April,Apr,17,30,0,30A0,TRUE
20000501,2000-05-01,2000,2,Q2,5,May,May,18,1,1,1A0,FALSE
20000502,2000-05-02,2000,2,Q2,5,May,May,18,2,2,2A0,FALSE
20000503,2000-05-03,2000,2,Q2,5,May,May,18,3,3,3A0,FALSE
20000504,2000-05-04,2000,2,Q2,5,May,May,18,4,4,4A0,FALSE
20000505,2000-05-05,2000,2,Q2,5,May,May,18,5,5,5A0,FALSE
20000506,2000-05-06,2000,2,Q2,5,May,May,18,6,6,6A0,TRUE
20000507,2000-05-07,2000,2,Q2,5,May,May,18,7,0,7A0,TRUE
20000508,2000-05-08,2000,2,Q2,5,May,May,19,8,1,8A0,FALSE
20000509,2000-05-09,2000,2,Q2,5,May,May,19,9,2,9A0,FALSE
20000510,2000-05-10,2000,2,Q2,5,May,May,19,10,3,10A0,FALSE
20000511,2000-05-11,2000,2,Q2,5,May,May,19,11,4,11A0,FALSE
20000512,2000-05-12,2000,2,Q2,5,May,May,19,12,5,12A0,FALSE
20000513,2000-05-13,2000,2,Q2,5,May,May,19,13,6,13A0,TRUE
20000514,2000-05-14,2000,2,Q2,5,May,May,19,14,0,14A0,TRUE
20000515,2000-05-15,2000,2,Q2,5,May,May,20,15,1,15A0,FALSE
20000516,2000-05-16,2000,2,Q2,5,May,May,20,16,2,16A0,FALSE
20000517,2000-05-17,2000,2,Q2,5,May,May,20,17,3,17A0,FALSE
20000518,2000-05-18,2000,2,Q2,5,May,May,20,18,4,18A0,FALSE
20000519,2000-05-19,2000,2,Q2,5,May,May,20,19,5,19A0,FALSE
20000520,2000-05-20,2000,2,Q2,5,May,May,20,20,6,20A0,TRUE
20000521,2000-05-21,2000,2,Q2,5,May,May,20,21,0,21A0,TRUE
20000522,2000-05-22,2000,2,Q2,5,May,May,21,22,1,22A0,FALSE
20000523,2000-05-23,2000,2,Q2,5,May,May,21,23,2,23A0,FALSE
20000524,2000-05-24,2000,2,Q2,5,May,May,21,24,3,24A0,FALSE
20000525,2000-05-25,2000,2,Q2,5,May,May,21,25,4,25A0,FALSE
20000526,2000-05-26,2000,2,Q2,5,May,May,21,26,5,26A0,FALSE
20000527,2000-05-27,2000,2,Q2,5,May,May,21,27,6,27A0,TRUE
20000528,2000-05-28,2000,2,Q2,5,May,May,21,28,0,28A0,TRUE
20000529,2000-05-29,2000,2,Q2,5,May,May,22,29,1,29A0,FALSE
20000530,2000-05-30,2000,2,Q2,5,May,May,22,30,2,30A0,FALSE
20000531,2000-05-31,2000,2,Q2,5,May,May,22,31,3,31A0,FALSE
20000601,2000-06-01,2000,2,Q2,6,June,Jun,22,1,4,1A0,FALSE
20000602,2000-06-02,2000,2,Q2,6,June,Jun,22,2,5,2A0,FALSE
20000603,2000-06-03,2000,2,Q2,6,June,Jun,22,3,6,3A0,TRUE
20000604,2000-06-04,2000,2,Q2,6,June,Jun,22,4,0,4A0,TRUE
20000605,2000-06-05,2000,2,Q2,6,June,Jun,23,5,1,5A0,FALSE
20000606,2000-06-06,2000,2,Q2,6,June,Jun,23,6,2,6A0,FALSE
20000607,2000-06-07,2000,2,Q2,6,June,Jun,23,7,3,7A0,FALSE
20000608,2000-06-08,2000,2,Q2,6,June,Jun,23,8,4,8A0,FALSE
20000609,2000-06-09,2000,2,Q2,6,June,Jun,23,9,5,9A0,FALSE
20000610,2000-06-10,2000,2,Q2,6,June,Jun,23,10,6,10A0,TRUE
20000611,2000-06-11,2000,2,Q2,6,June,Jun,23,11,0,11A0,TRUE
20000612,2000-06-12,2000,2,Q2,6,June,Jun,24,12,1,12A0,FALSE
20000613,2000-06-13,2000,2,Q2,6,June,Jun,24,13,2,13A0,FALSE
20000614,2000-06-14,2000,2,Q2,6,June,Jun,24,14,3,14A0,FALSE
20000615,2000-06-15,2000,2,Q2,6,June,Jun,24,15,4,15A0,FALSE
20000616,2000-06-16,2000,2,Q2,6,June,Jun,24,16,5,16A0,FALSE
20000617,2000-06-17,2000,2,Q2,6,June,Jun,24,17,6,17A0,TRUE
20000618,2000-06-18,2000,2,Q2,6,June,Jun,24,18,0,18A0,TRUE
20000619,2000-06-19,2000,2,Q2,6,June,Jun,25,19,1,19A0,FALSE
20000620,2000-06-20,2000,2,Q2,6,June,Jun,25,20,2,20A0,FALSE
20000621,2000-06-21,2000,2,Q2,6,June,Jun,25,21,3,21A0,FALSE
20000622,2000-06-22,2000,2,Q2,6,June,Jun,25,22,4,22A0,FALSE
20000623,2000-06-23,2000,2,Q2,6,June,Jun,25,23,5,23A0,FALSE
20000624,2000-06-24,2000,2,Q2,6,June,Jun,25,24,6,24A0,TRUE
20000625,2000-06-25,2000,2,Q2,6,June,Jun,25,25,0,25A0,TRUE
20000626,2000-06-26,2000,2,Q2,6,June,Jun,26,26,1,26A0,FALSE
20000627,2000-06-27,2000,2,Q2,6,June,Jun,26,27,2,27A0,FALSE
20000628,2000-06-28,2000,2,Q2,6,June,Jun,26,28,3,28A0,FALSE
20000629,2000-06-29,2000,2,Q2,6,June,Jun,26,29,4,29A0,FALSE
20000630,2000-06-30,2000,2,Q2,6,June,Jun,26,30,5,30A0,FALSE
20000701,2000-07-01,2000,3,Q3,7,July,Jul,26,1,6,1A0,TRUE
20000702,2000-07-02,2000,3,Q3,7,July,Jul,26,2,0,2A0,TRUE
20000703,2000-07-03,2000,3,Q3,7,July,Jul,27,3,1,3A0,FALSE
20000704,2000-07-04,2000,3,Q3,7,July,Jul,27,4,2,4A0,FALSE
20000705,2000-07-05,2000,3,Q3,7,July,Jul,27,5,3,5A0,FALSE
20000706,2000-07-06,2000,3,Q3,7,July,Jul,27,6,4,6A0,FALSE
20000707,2000-07-07,2000,3,Q3,7,July,Jul,27,7,5,7A0,FALSE
20000708,2000-07-08,2000,3,Q3,7,July,Jul,27,8,6,8A0,TRUE
20000709,2000-07-09,2000,3,Q3,7,July,Jul,27,9,0,9A0,TRUE
20000710,2000-07-10,2000,3,Q3,7,July,Jul,28,10,1,10A0,FALSE
20000711,2000-07-11,2000,3,Q3,7,July,Jul,28,11,2,11A0,FALSE
20000712,2000-07-12,2000,3,Q3,7,July,Jul,28,12,3,12A0,FALSE
20000713,2000-07-13,2000,3,Q3,7,July,Jul,28,13,4,13A0,FALSE
20000714,2000-07-14,2000,3,Q3,7,July,Jul,28,14,5,14A0,FALSE
20000715,2000-07-15,2000,3,Q3,7,July,Jul,28,15,6,15A0,TRUE
20000716,2000-07-16,2000,3,Q3,7,July,Jul,28,16,0,16A0,TRUE
20000717,2000-07-17,2000,3,Q3,7,July,Jul,29,17,1,17A0,FALSE
20000718,2000-07-18,2000,3,Q3,7,July,Jul,29,18,2,18A0,FALSE
20000719,2000-07-19,2000,3,Q3,7,July,Jul,29,19,3,19A0,FALSE
20000720,2000-07-20,2000,3,Q3,7,July,Jul,29,20,4,20A0,FALSE
20000721,2000-07-21,2000,3,Q3,7,July,Jul,29,21,5,21A0,FALSE
20000722,2000-07-22,2000,3,Q3,7,July,Jul,29,22,6,22A0,TRUE
20000723,2000-07-23,2000,3,Q3,7,July,Jul,29,23,0,23A0,TRUE
20000724,2000-07-24,2000,3,Q3,7,July,Jul,30,24,1,24A0,FALSE
20000725,2000-07-25,2000,3,Q3,7,July,Jul,30,25,2,25A0,FALSE
20000726,2000-07-26,2000,3,Q3,7,July,Jul,30,26,3,26A0,FALSE
20000727,2000-07-27,2000,3,Q3,7,July,Jul,30,27,4,27A0,FALSE
20000728,2000-07-28,2000,3,Q3,7,July,Jul,30,28,5,28A0,FALSE
20000729,2000-07-29,2000,3,Q3,7,July,Jul,30,29,6,29A0,TRUE
20000730,2000-07-30,2000,3,Q3,7,July,Jul,30,30,0,30A0,TRUE
20000731,2000-07-31,2000,3,Q3,7,July,Jul,31,31,1,31A0,FALSE
20000801,2000-08-01,2000,3,Q3,8,August,Aug,31,1,2,1A0,FALSE
20000802,2000-08-02,2000,3,Q3,8,August,Aug,31,2,3,2A0,FALSE
20000803,2000-08-03,2000,3,Q3,8,August,Aug,31,3,4,3A0,FALSE
20000804,2000-08-04,2000,3,Q3,8,August,Aug,31,4,5,4A0,FALSE
20000805,2000-08-05,2000,3,Q3,8,August,Aug,31,5,6,5A0,TRUE
20000806,2000-08-06,2000,3,Q3,8,August,Aug,31,6,0,6A0,TRUE
20000807,2000-08-07,2000,3,Q3,8,August,Aug,32,7,1,7A0,FALSE
20000808,2000-08-08,2000,3,Q3,8,August,Aug,32,8,2,8A0,FALSE
20000809,2000-08-09,2000,3,Q3,8,August,Aug,32,9,3,9A0,FALSE
20000810,2000-08-10,2000,3,Q3,8,August,Aug,32,10,4,10A0,FALSE
20000811,2000-08-11,2000,3,Q3,8,August,Aug,32,11,5,11A0,FALSE
20000812,2000-08-12,2000,3,Q3,8,August,Aug,32,12,6,12A0,TRUE
20000813,2000-08-13,2000,3,Q3,8,August,Aug,32,13,0,13A0,TRUE
20000814,2000-08-14,2000,3,Q3,8,August,Aug,33,14,1,14A0,FALSE
20000815,2000-08-15,2000,3,Q3,8,August,Aug,33,15,2,15A0,FALSE
20000816,2000-08-16,2000,3,Q3,8,August,Aug,33,16,3,16A0,FALSE
20000817,2000-08-17,2000,3,Q3,8,August,Aug,33,17,4,17A0,FALSE
20000818,2000-08-18,2000,3,Q3,8,August,Aug,33,18,5,18A0,FALSE
20000819,2000-08-19,2000,3,Q3,8,August,Aug,33,19,6,19A0,TRUE
20000820,2000-08-20,2000,3,Q3,8,August,Aug,33,20,0,20A0,TRUE
20000821,2000-08-21,2000,3,Q3,8,August,Aug,34,21,1,21A0,FALSE
20000822,2000-08-22,2000,3,Q3,8,August,Aug,34,22,2,22A0,FALSE
20000823,2000-08-23,2000,3,Q3,8,August,Aug,34,23,3,23A0,FALSE
20000824,2000-08-24,2000,3,Q3,8,August,Aug,34,24,4,24A0,FALSE
20000825,2000-08-25,2000,3,Q3,8,August,Aug,34,25,5,25A0,FALSE
20000826,2000-08-26,2000,3,Q3,8,August,Aug,34,26,6,26A0,TRUE
20000827,2000-08-27,2000,3,Q3,8,August,Aug,34,27,0,27A0,TRUE
20000828,2000-08-28,2000,3,Q3,8,August,Aug,35,28,1,28A0,FALSE
20000829,2000-08-29,2000,3,Q3,8,August,Aug,35,29,2,29A0,FALSE
20000830,2000-08-30,2000,3,Q3,8,August,Aug,35,30,3,30A0,FALSE
20000831,2000-08-31,2000,3,Q3,8,August,Aug,35,31,4,31A0,FALSE
20000901,2000-09-01,2000,3,Q3,9,September,Sep,35,1,5,1A0,FALSE
20000902,2000-09-02,2000,3,Q3,9,September,Sep,35,2,6,2A0,TRUE
20000903,2000-09-03,2000,3,Q3,9,September,Sep,35,3,0,3A0,TRUE
20000904,2000-09-04,2000,3,Q3,9,September,Sep,36,4,1,4A0,FALSE
20000905,2000-09-05,2000,3,Q3,9,September,Sep,36,5,2,5A0,FALSE
20000906,2000-09-06,2000,3,Q3,9,September,Sep,36,6,3,6A0,FALSE
20000907,2000-09-07,2000,3,Q3,9,September,Sep,36,7,4,7A0,FALSE
20000908,2000-09-08,2000,3,Q3,9,September,Sep,36,8,5,8A0,FALSE
20000909,2000-09-09,2000,3,Q3,9,September,Sep,36,9,6,9A0,TRUE
20000910,2000-09-10,2000,3,Q3,9,September,Sep,36,10,0,10A0,TRUE
20000911,2000-09-11,2000,3,Q3,9,September,Sep,37,11,1,11A0,FALSE
20000912,2000-09-12,2000,3,Q3,9,September,Sep,37,12,2,12A0,FALSE
20000913,2000-09-13,2000,3,Q3,9,September,Sep,37,13,3,13A0,FALSE
20000914,2000-09-14,2000,3,Q3,9,September,Sep,37,14,4,14A0,FALSE
20000915,2000-09-15,2000,3,Q3,9,September,Sep,37,15,5,15A0,FALSE
20000916,2000-09-16,2000,3,Q3,9,September,Sep,37,16,6,16A0,TRUE
20000917,2000-09-17,2000,3,Q3,9,September,Sep,37,17,0,17A0,TRUE
20000918,2000-09-18,2000,3,Q3,9,September,Sep,38,18,1,18A0,FALSE
20000919,2000-09-19,2000,3,Q3,9,September,Sep,38,19,2,19A0,FALSE
20000920,2000-09-20,2000,3,Q3,9,September,Sep,38,20,3,20A0,FALSE
20000921,2000-09-21,2000,3,Q3,9,September,Sep,38,21,4,21A0,FALSE
20000922,2000-09-22,2000,3,Q3,9,September,Sep,38,22,5,22A0,FALSE
20000923,2000-09-23,2000,3,Q3,9,September,Sep,38,23,6,23A0,TRUE
20000924,2000-09-24,2000,3,Q3,9,September,Sep,38,24,0,24A0,TRUE
20000925,2000-09-25,2000,3,Q3,9,September,Sep,39,25,1,25A0,FALSE
20000926,2000-09-26,2000,3,Q3,9,September,Sep,39,26,2,26A0,FALSE
20000927,2000-09-27,2000,3,Q3,9,September,Sep,39,27,3,27A0,FALSE
20000928,2000-09-28,2000,3,Q3,9,September,Sep,39,28,4,28A0,FALSE
20000929,2000-09-29,2000,3,Q3,9,September,Sep,39,29,5,29A0,FALSE
20000930,2000-09-30,2000,3,Q3,9,September,Sep,39,30,6,30A0,TRUE
20001001,2000-10-01,2000,4,Q4,10,October,Oct,39,1,0,1A0,TRUE
20001002,2000-10-02,2000,4,Q4,10,October,Oct,40,2,1,2A0,FALSE
20001003,2000-10-03,2000,4,Q4,10,October,Oct,40,3,2,3A0,FALSE
20001004,2000-10-04,2000,4,Q4,10,October,Oct,40,4,3,4A0,FALSE
20001005,2000-10-05,2000,4,Q4,10,October,Oct,40,5,4,5A0,FALSE
20001006,2000-10-06,2000,4,Q4,10,October,Oct,40,6,5,6A0,FALSE
20001007,2000-10-07,2000,4,Q4,10,October,Oct,40,7,6,7A0,TRUE
20001008,2000-10-08,2000,4,Q4,10,October,Oct,40,8,0,8A0,TRUE
20001009,2000-10-09,2000,4,Q4,10,October,Oct,41,9,1,9A0,FALSE
20001010,2000-10-10,2000,4,Q4,10,October,Oct,41,10,2,10A0,FALSE
20001011,2000-10-11,2000,4,Q4,10,October,Oct,41,11,3,11A0,FALSE
20001012,2000-10-12,2000,4,Q4,10,October,Oct,41,12,4,12A0,FALSE
20001013,2000-10-13,2000,4,Q4,10,October,Oct,41,13,5,13A0,FALSE
20001014,2000-10-14,2000,4,Q4,10,October,Oct,41,14,6,14A0,TRUE
20001015,2000-10-15,2000,4,Q4,10,October,Oct,41,15,0,15A0,TRUE
20001016,2000-10-16,2000,4,Q4,10,October,Oct,42,16,1,16A0,FALSE
20001017,2000-10-17,2000,4,Q4,10,October,Oct,42,17,2,17A0,FALSE
20001018,2000-10-18,2000,4,Q4,10,October,Oct,42,18,3,18A0,FALSE
20001019,2000-10-19,2000,4,Q4,10,October,Oct,42,19,4,19A0,FALSE
20001020,2000-10-20,2000,4,Q4,10,October,Oct,42,20,5,20A0,FALSE
20001021,2000-10-21,2000,4,Q4,10,October,Oct,42,21,6,21A0,TRUE
20001022,2000-10-22,2000,4,Q4,10,October,Oct,42,22,0,22A0,TRUE
20001023,2000-10-23,2000,4,Q4,10,October,Oct,43,23,1,23A0,FALSE
20001024,2000-10-24,2000,4,Q4,10,October,Oct,43,24,2,24A0,FALSE
20001025,2000-10-25,2000,4,Q4,10,October,Oct,43,25,3,25A0,FALSE
20001026,2000-10-26,2000,4,Q4,10,October,Oct,43,26,4,26A0,FALSE
20001027,2000-10-27,2000,4,Q4,10,October,Oct,43,27,5,27A0,FALSE
20001028,2000-10-28,2000,4,Q4,10,October,Oct,43,28,6,28A0,TRUE
20001029,2000-10-29,2000,4,Q4,10,October,Oct,43,29,0,29A0,TRUE
20001030,2000-10-30,2000,4,Q4,10,October,Oct,44,30,1,30A0,FALSE
20001031,2000-10-31,2000,4,Q4,10,October,Oct,44,31,2,31A0,FALSE
20001101,2000-11-01,2000,4,Q4,11,November,Nov,44,1,3,1A0,FALSE
20001102,2000-11-02,2000,4,Q4,11,November,Nov,44,2,4,2A0,FALSE
20001103,2000-11-03,2000,4,Q4,11,November,Nov,44,3,5,3A0,FALSE
20001104,2000-11-04,2000,4,Q4,11,November,Nov,44,4,6,4A0,TRUE
20001105,2000-11-05,2000,4,Q4,11,November,Nov,44,5,0,5A0,TRUE
20001106,2000-11-06,2000,4,Q4,11,November,Nov,45,6,1,6A0,FALSE
20001107,2000-11-07,2000,4,Q4,11,November,Nov,45,7,2,7A0,FALSE
20001108,2000-11-08,2000,4,Q4,11,November,Nov,45,8,3,8A0,FALSE
20001109,2000-11-09,2000,4,Q4,11,November,Nov,45,9,4,9A0,FALSE
20001110,2000-11-10,2000,4,Q4,11,November,Nov,45,10,5,10A0,FALSE
20001111,2000-11-11,2000,4,Q4,11,November,Nov,45,11,6,11A0,TRUE
20001112,2000-11-12,2000,4,Q4,11,November,Nov,45,12,0,12A0,TRUE
20001113,2000-11-13,2000,4,Q4,11,November,Nov,46,13,1,13A0,FALSE
20001114,2000-11-14,2000,4,Q4,11,November,Nov,46,14,2,14A0,FALSE
20001115,2000-11-15,2000,4,Q4,11,November,Nov,46,15,3,15A0,FALSE
20001116,2000-11-16,2000,4,Q4,11,November,Nov,46,16,4,16A0,FALSE
20001117,2000-11-17,2000,4,Q4,11,November,Nov,46,17,5,17A0,FALSE
20001118,2000-11-18,2000,4,Q4,11,November,Nov,46,18,6,18A0,TRUE
20001119,2000-11-19,2000,4,Q4,11,November,Nov,46,19,0,19A0,TRUE
20001120,2000-11-20,2000,4,Q4,11,November,Nov,47,20,1,20A0,FALSE
20001121,2000-11-21,2000,4,Q4,11,November,Nov,47,21,2,21A0,FALSE
20001122,2000-11-22,2000,4,Q4,11,November,Nov,47,22,3,22A0,FALSE
20001123,2000-11-23,2000,4,Q4,11,November,Nov,47,23,4,23A0,FALSE
20001124,2000-11-24,2000,4,Q4,11,November,Nov,47,24,5,24A0,FALSE
20001125,2000-11-25,2000,4,Q4,11,November,Nov,47,25,6,25A0,TRUE
20001126,2000-11-26,2000,4,Q4,11,November,Nov,47,26,0,26A0,TRUE
20001127,2000-11-27,2000,4,Q4,11,November,Nov,48,27,1,27A0,FALSE
20001128,2000-11-28,2000,4,Q4,11,November,Nov,48,28,2,28A0,FALSE
20001129,2000-11-29,2000,4,Q4,11,November,Nov,48,29,3,29A0,FALSE
20001130,2000-11-30,2000,4,Q4,11,November,Nov,48,30,4,30A0,FALSE
20001201,2000-12-01,2000,4,Q4,12,December,Dec,48,1,5,1A0,FALSE
20001202,2000-12-02,2000,4,Q4,12,December,Dec,48,2,6,2A0,TRUE
20001203,2000-12-03,2000,4,Q4,12,December,Dec,48,3,0,3A0,TRUE
20001204,2000-12-04,2000,4,Q4,12,December,Dec,49,4,1,4A0,FALSE
20001205,2000-12-05,2000,4,Q4,12,December,Dec,49,5,2,5A0,FALSE
20001206,2000-12-06,2000,4,Q4,12,December,Dec,49,6,3,6A0,FALSE
20001207,2000-12-07,2000,4,Q4,12,December,Dec,49,7,4,7A0,FALSE
20001208,2000-12-08,2000,4,Q4,12,December,Dec,49,8,5,8A0,FALSE
20001209,2000-12-09,2000,4,Q4,12,December,Dec,49,9,6,9A0,TRUE
20001210,2000-12-10,2000,4,Q4,12,December,Dec,49,10,0,10A0,TRUE
20001211,2000-12-11,2000,4,Q4,12,December,Dec,50,11,1,11A0,FALSE
20001212,2000-12-12,2000,4,Q4,12,December,Dec,50,12,2,12A0,FALSE
20001213,2000-12-13,2000,4,Q4,12,December,Dec,50,13,3,13A0,FALSE
20001214,2000-12-14,2000,4,Q4,12,December,Dec,50,14,4,14A0,FALSE
20001215,2000-12-15,2000,4,Q4,12,December,Dec,50,15,5,15A0,FALSE
20001216,2000-12-16,2000,4,Q4,12,December,Dec,50,16,6,16A0,TRUE
20001217,2000-12-17,2000,4,Q4,12,December,Dec,50,17,0,17A0,TRUE
20001218,2000-12-18,2000,4,Q4,12,December,Dec,51,18,1,18A0,FALSE
20001219,2000-12-19,2000,4,Q4,12,December,Dec,51,19,2,19A0,FALSE
20001220,2000-12-20,2000,4,Q4,12,December,Dec,51,20,3,20A0,FALSE
20001221,2000-12-21,2000,4,Q4,12,December,Dec,51,21,4,21A0,FALSE
20001222,2000-12-22,2000,4,Q4,12,December,Dec,51,22,5,22A0,FALSE
20001223,2000-12-23,2000,4,Q4,12,December,Dec,51,23,6,23A0,TRUE
20001224,2000-12-24,2000,4,Q4,12,December,Dec,51,24,0,24A0,TRUE
20001225,2000-12-25,2000,4,Q4,12,December,Dec,52,25,1,25A0,FALSE
20001226,2000-12-26,2000,4,Q4,12,December,Dec,52,26,2,26A0,FALSE
20001227,2000-12-27,2000,4,Q4,12,December,Dec,52,27,3,27A0,FALSE
20001228,2000-12-28,2000,4,Q4,12,December,Dec,52,28,4,28A0,FALSE
20001229,2000-12-29,2000,4,Q4,12,December,Dec,52,29,5,29A0,FALSE
20001230,2000-12-30,2000,4,Q4,12,December,Dec,52,30,6,30A0,TRUE
20001231,2000-12-31,2000,4,Q4,12,December,Dec,52,31,0,31A0,TRUE
20010101,2001-01-01,2001,1,Q1,1,January,Jan,1,1,1,1A1,FALSE
20010102,2001-01-02,2001,1,Q1,1,January,Jan,1,2,2,2A1,FALSE
20010103,2001-01-03,2001,1,Q1,1,January,Jan,1,3,3,3A1,FALSE
20010104,2001-01-04,2001,1,Q1,1,January,Jan,1,4,4,4A1,FALSE
20010105,2001-01-05,2001,1,Q1,1,January,Jan,1,5,5,5A1,FALSE
20010106,2001-01-06,2001,1,Q1,1,January,Jan,1,6,6,6A1,TRUE
20010107,2001-01-07,2001,1,Q1,1,January,Jan,1,7,0,7A1,TRUE
20010108,2001-01-08,2001,1,Q1,1,January,Jan,2,8,1,8A1,FALSE
20010109,2001-01-09,2001,1,Q1,1,January,Jan,2,9,2,9A1,FALSE
20010110,2001-01-10,2001,1,Q1,1,January,Jan,2,10,3,10A1,FALSE
20010111,2001-01-11,2001,1,Q1,1,January,Jan,2,11,4,11A1,FALSE
20010112,2001-01-12,2001,1,Q1,1,January,Jan,2,12,5,12A1,FALSE
20010113,2001-01-13,2001,1,Q1,1,January,Jan,2,13,6,13A1,TRUE
20010114,2001-01-14,2001,1,Q1,1,January,Jan,2,14,0,14A1,TRUE
20010115,2001-01-15,2001,1,Q1,1,January,Jan,3,15,1,15A1,FALSE
20010116,2001-01-16,2001,1,Q1,1,January,Jan,3,16,2,16A1,FALSE
20010117,2001-01-17,2001,1,Q1,1,January,Jan,3,17,3,17A1,FALSE
20010118,2001-01-18,2001,1,Q1,1,January,Jan,3,18,4,18A1,FALSE
20010119,2001-01-19,2001,1,Q1,1,January,Jan,3,19,5,19A1,FALSE
20010120,2001-01-20,2001,1,Q1,1,January,Jan,3,20,6,20A1,TRUE
20010121,2001-01-21,2001,1,Q1,1,January,Jan,3,21,0,21A1,TRUE
20010122,2001-01-22,2001,1,Q1,1,January,Jan,4,22,1,22A1,FALSE
20010123,2001-01-23,2001,1,Q1,1,January,Jan,4,23,2,23A1,FALSE
20010124,2001-01-24,2001,1,Q1,1,January,Jan,4,24,3,24A1,FALSE
20010125,2001-01-25,2001,1,Q1,1,January,Jan,4,25,4,25A1,FALSE
20010126,2001-01-26,2001,1,Q1,1,January,Jan,4,26,5,26A1,FALSE
20010127,2001-01-27,2001,1,Q1,1,January,Jan,4,27,6,27A1,TRUE
20010128,2001-01-28,2001,1,Q1,1,January,Jan,4,28,0,28A1,TRUE
20010129,2001-01-29,2001,1,Q1,1,January,Jan,5,29,1,29A1,FALSE
20010130,2001-01-30,2001,1,Q1,1,January,Jan,5,30,2,30A1,FALSE
20010131,2001-01-31,2001,1,Q1,1,January,Jan,5,31,3,31A1,FALSE
20010201,2001-02-01,2001,1,Q1,2,February,Feb,5,1,4,1A1,FALSE
20010202,2001-02-02,2001,1,Q1,2,February,Feb,5,2,5,2A1,FALSE
20010203,2001-02-03,2001,1,Q1,2,February,Feb,5,3,6,3A1,TRUE
20010204,2001-02-04,2001,1,Q1,2,February,Feb,5,4,0,4A1,TRUE
20010205,2001-02-05,2001,1,Q1,2,February,Feb,6,5,1,5A1,FALSE
20010206,2001-02-06,2001,1,Q1,2,February,Feb,6,6,2,6A1,FALSE
20010207,2001-02-07,2001,1,Q1,2,February,Feb,6,7,3,7A1,FALSE
20010208,2001-02-08,2001,1,Q1,2,February,Feb,6,8,4,8A1,FALSE
20010209,2001-02-09,2001,1,Q1,2,February,Feb,6,9,5,9A1,FALSE
20010210,2001-02-10,2001,1,Q1,2,February,Feb,6,10,6,10A1,TRUE
20010211,2001-02-11,2001,1,Q1,2,February,Feb,6,11,0,11A1,TRUE
20010212,2001-02-12,2001,1,Q1,2,February,Feb,7,12,1,12A1,FALSE
20010213,2001-02-13,2001,1,Q1,2,February,Feb,7,13,2,13A1,FALSE
20010214,2001-02-14,2001,1,Q1,2,February,Feb,7,14,3,14A1,FALSE
20010215,2001-02-15,2001,1,Q1,2,February,Feb,7,15,4,15A1,FALSE
20010216,2001-02-16,2001,1,Q1,2,February,Feb,7,16,5,16A1,FALSE
20010217,2001-02-17,2001,1,Q1,2,February,Feb,7,17,6,17A1,TRUE
20010218,2001-02-18,2001,1,Q1,2,February,Feb,7,18,0,18A1,TRUE
20010219,2001-02-19,2001,1,Q1,2,February,Feb,8,19,1,19A1,FALSE
20010220,2001-02-20,2001,1,Q1,2,February,Feb,8,20,2,20A1,FALSE
20010221,2001-02-21,2001,1,Q1,2,February,Feb,8,21,3,21A1,FALSE
20010222,2001-02-22,2001,1,Q1,2,February,Feb,8,22,4,22A1,FALSE
20010223,2001-02-23,2001,1,Q1,2,February,Feb,8,23,5,23A1,FALSE
20010224,2001-02-24,2001,1,Q1,2,February,Feb,8,24,6,24A1,TRUE
20010225,2001-02-25,2001,1,Q1,2,February,Feb,8,25,0,25A1,TRUE
20010226,2001-02-26,2001,1,Q1,2,February,Feb,9,26,1,26A1,FALSE
20010227,2001-02-27,2001,1,Q1,2,February,Feb,9,27,2,27A1,FALSE
20010228,2001-02-28,2001,1,Q1,2,February,Feb,9,28,3,28A1,FALSE
20010301,2001-03-01,2001,1,Q1,3,March,Mar,9,1,4,1A1,FALSE
20010302,2001-03-02,2001,1,Q1,3,March,Mar,9,2,5,2A1,FALSE
20010303,2001-03-03,2001,1,Q1,3,March,Mar,9,3,6,3A1,TRUE
20010304,2001-03-04,2001,1,Q1,3,March,Mar,9,4,0,4A1,TRUE
20010305,2001-03-05,2001,1,Q1,3,March,Mar,10,5,1,5A1,FALSE
20010306,2001-03-06,2001,1,Q1,3,March,Mar,10,6,2,6A1,FALSE
20010307,2001-03-07,2001,1,Q1,3,March,Mar,10,7,3,7A1,FALSE
20010308,2001-03-08,2001,1,Q1,3,March,Mar,10,8,4,8A1,FALSE
20010309,2001-03-09,2001,1,Q1,3,March,Mar,10,9,5,9A1,FALSE
20010310,2001-03-10,2001,1,Q1,3,March,Mar,10,10,6,10A1,TRUE
20010311,2001-03-11,2001,1,Q1,3,March,Mar,10,11,0,11A1,TRUE
20010312,2001-03-12,2001,1,Q1,3,March,Mar,11,12,1,12A1,FALSE
20010313,2001-03-13,2001,1,Q1,3,March,Mar,11,13,2,13A1,FALSE
20010314,2001-03-14,2001,1,Q1,3,March,Mar,11,14,3,14A1,FALSE
20010315,2001-03-15,2001,1,Q1,3,March,Mar,11,15,4,15A1,FALSE
20010316,2001-03-16,2001,1,Q1,3,March,Mar,11,16,5,16A1,FALSE
20010317,2001-03-17,2001,1,Q1,3,March,Mar,11,17,6,17A1,TRUE
20010318,2001-03-18,2001,1,Q1,3,March,Mar,11,18,0,18A1,TRUE
20010319,2001-03-19,2001,1,Q1,3,March,Mar,12,19,1,19A1,FALSE
20010320,2001-03-20,2001,1,Q1,3,March,Mar,12,20,2,20A1,FALSE
20010321,2001-03-21,2001,1,Q1,3,March,Mar,12,21,3,21A1,FALSE
20010322,2001-03-22,2001,1,Q1,3,March,Mar,12,22,4,22A1,FALSE
20010323,2001-03-23,2001,1,Q1,3,March,Mar,12,23,5,23A1,FALSE
20010324,2001-03-24,2001,1,Q1,3,March,Mar,12,24,6,24A1,TRUE
20010325,2001-03-25,2001,1,Q1,3,March,Mar,12,25,0,25A1,TRUE
20010326,2001-03-26,2001,1,Q1,3,March,Mar,13,26,1,26A1,FALSE
20010327,2001-03-27,2001,1,Q1,3,March,Mar,13,27,2,27A1,FALSE
20010328,2001-03-28,2001,1,Q1,3,March,Mar,13,28,3,28A1,FALSE
20010329,2001-03-29,2001,1,Q1,3,March,Mar,13,29,4,29A1,FALSE
20010330,2001-03-30,2001,1,Q1,3,March,Mar,13,30,5,30A1,FALSE
20010331,2001-03-31,2001,1,Q1,3,March,Mar,13,31,6,31A1,TRUE
20010401,2001-04-01,2001,2,Q2,4,April,Apr,13,1,0,1A1,TRUE
20010402,2001-04-02,2001,2,Q2,4,April,Apr,14,2,1,2A1,FALSE
20010403,2001-04-03,2001,2,Q2,4,April,Apr,14,3,2,3A1,FALSE
20010404,2001-04-04,2001,2,Q2,4,April,Apr,14,4,3,4A1,FALSE
20010405,2001-04-05,2001,2,Q2,4,April,Apr,14,5,4,5A1,FALSE
20010406,2001-04-06,2001,2,Q2,4,April,Apr,14,6,5,6A1,FALSE
20010407,2001-04-07,2001,2,Q2,4,April,Apr,14,7,6,7A1,TRUE
20010408,2001-04-08,2001,2,Q2,4,April,Apr,14,8,0,8A1,TRUE
20010409,2001-04-09,2001,2,Q2,4,April,Apr,15,9,1,9A1,FALSE
20010410,2001-04-10,2001,2,Q2,4,April,Apr,15,10,2,10A1,FALSE
20010411,2001-04-11,2001,2,Q2,4,April,Apr,15,11,3,11A1,FALSE
20010412,2001-04-12,2001,2,Q2,4,April,Apr,15,12,4,12A1,FALSE
20010413,2001-04-13,2001,2,Q2,4,April,Apr,15,13,5,13A1,FALSE
20010414,2001-04-14,2001,2,Q2,4,April,Apr,15,14,6,14A1,TRUE
20010415,2001-04-15,2001,2,Q2,4,April,Apr,15,15,0,15A1,TRUE
20010416,2001-04-16,2001,2,Q2,4,April,Apr,16,16,1,16A1,FALSE
20010417,2001-04-17,2001,2,Q2,4,April,Apr,16,17,2,17A1,FALSE
20010418,2001-04-18,2001,2,Q2,4,April,Apr,16,18,3,18A1,FALSE
20010419,2001-04-19,2001,2,Q2,4,April,Apr,16,19,4,19A1,FALSE
20010420,2001-04-20,2001,2,Q2,4,April,Apr,16,20,5,20A1,FALSE
20010421,2001-04-21,2001,2,Q2,4,April,Apr,16,21,6,21A1,TRUE
20010422,2001-04-22,2001,2,Q2,4,April,Apr,16,22,0,22A1,TRUE
20010423,2001-04-23,2001,2,Q2,4,April,Apr,17,23,1,23A1,FALSE
20010424,2001-04-24,2001,2,Q2,4,April,Apr,17,24,2,24A1,FALSE
20010425,2001-04-25,2001,2,Q2,4,April,Apr,17,25,3,25A1,FALSE
20010426,2001-04-26,2001,2,Q2,4,April,Apr,17,26,4,26A1,FALSE
20010427,2001-04-27,2001,2,Q2,4,April,Apr,17,27,5,27A1,FALSE
20010428,2001-04-28,2001,2,Q2,4,April,Apr,17,28,6,28A1,TRUE
20010429,2001-04-29,2001,2,Q2,4,April,Apr,17,29,0,29A1,TRUE
20010430,2001-04-30,2001,2,Q2,4,April,Apr,18,30,1,30A1,FALSE
20010501,2001-05-01,2001,2,Q2,5,May,May,18,1,2,1A1,FALSE
20010502,2001-05-02,2001,2,Q2,5,May,May,18,2,3,2A1,FALSE
20010503,2001-05-03,2001,2,Q2,5,May,May,18,3,4,3A1,FALSE
20010504,2001-05-04,2001,2,Q2,5,May,May,18,4,5,4A1,FALSE
20010505,2001-05-05,2001,2,Q2,5,May,May,18,5,6,5A1,TRUE
20010506,2001-05-06,2001,2,Q2,5,May,May,18,6,0,6A1,TRUE
20010507,2001-05-07,2001,2,Q2,5,May,May,19,7,1,7A1,FALSE
20010508,2001-05-08,2001,2,Q2,5,May,May,19,8,2,8A1,FALSE
20010509,2001-05-09,2001,2,Q2,5,May,May,19,9,3,9A1,FALSE
20010510,2001-05-10,2001,2,Q2,5,May,May,19,10,4,10A1,FALSE
20010511,2001-05-11,2001,2,Q2,5,May,May,19,11,5,11A1,FALSE
20010512,2001-05-12,2001,2,Q2,5,May,May,19,12,6,12A1,TRUE
20010513,2001-05-13,2001,2,Q2,5,May,May,19,13,0,13A1,TRUE
20010514,2001-05-14,2001,2,Q2,5,May,May,20,14,1,14A1,FALSE
20010515,2001-05-15,2001,2,Q2,5,May,May,20,15,2,15A1,FALSE
20010516,2001-05-16,2001,2,Q2,5,May,May,20,16,3,16A1,FALSE
20010517,2001-05-17,2001,2,Q2,5,May,May,20,17,4,17A1,FALSE
20010518,2001-05-18,2001,2,Q2,5,May,May,20,18,5,18A1,FALSE
20010519,2001-05-19,2001,2,Q2,5,May,May,20,19,6,19A1,TRUE
20010520,2001-05-20,2001,2,Q2,5,May,May,20,20,0,20A1,TRUE
20010521,2001-05-21,2001,2,Q2,5,May,May,21,21,1,21A1,FALSE
20010522,2001-05-22,2001,2,Q2,5,May,May,21,22,2,22A1,FALSE
20010523,2001-05-23,2001,2,Q2,5,May,May,21,23,3,23A1,FALSE
20010524,2001-05-24,2001,2,Q2,5,May,May,21,24,4,24A1,FALSE
20010525,2001-05-25,2001,2,Q2,5,May,May,21,25,5,25A1,FALSE
20010526,2001-05-26,2001,2,Q2,5,May,May,21,26,6,26A1,TRUE
20010527,2001-05-27,2001,2,Q2,5,May,May,21,27,0,27A1,TRUE
20010528,2001-05-28,2001,2,Q2,5,May,May,22,28,1,28A1,FALSE
20010529,2001-05-29,2001,2,Q2,5,May,May,22,29,2,29A1,FALSE
20010530,2001-05-30,2001,2,Q2,5,May,May,22,30,3,30A1,FALSE
20010531,2001-05-31,2001,2,Q2,5,May,May,22,31,4,31A1,FALSE
20010601,2001-06-01,2001,2,Q2,6,June,Jun,22,1,5,1A1,FALSE
20010602,2001-06-02,2001,2,Q2,6,June,Jun,22,2,6,2A1,TRUE
20010603,2001-06-03,2001,2,Q2,6,June,Jun,22,3,0,3A1,TRUE
20010604,2001-06-04,2001,2,Q2,6,June,Jun,23,4,1,4A1,FALSE
20010605,2001-06-05,2001,2,Q2,6,June,Jun,23,5,2,5A1,FALSE
20010606,2001-06-06,2001,2,Q2,6,June,Jun,23,6,3,6A1,FALSE
20010607,2001-06-07,2001,2,Q2,6,June,Jun,23,7,4,7A1,FALSE
20010608,2001-06-08,2001,2,Q2,6,June,Jun,23,8,5,8A1,FALSE
20010609,2001-06-09,2001,2,Q2,6,June,Jun,23,9,6,9A1,TRUE
20010610,2001-06-10,2001,2,Q2,6,June,Jun,23,10,0,10A1,TRUE
20010611,2001-06-11,2001,2,Q2,6,June,Jun,24,11,1,11A1,FALSE
20010612,2001-06-12,2001,2,Q2,6,June,Jun,24,12,2,12A1,FALSE
20010613,2001-06-13,2001,2,Q2,6,June,Jun,24,13,3,13A1,FALSE
20010614,2001-06-14,2001,2,Q2,6,June,Jun,24,14,4,14A1,FALSE
20010615,2001-06-15,2001,2,Q2,6,June,Jun,24,15,5,15A1,FALSE
20010616,2001-06-16,2001,2,Q2,6,June,Jun,24,16,6,16A1,TRUE
20010617,2001-06-17,2001,2,Q2,6,June,Jun,24,17,0,17A1,TRUE
20010618,2001-06-18,2001,2,Q2,6,June,Jun,25,18,1,18A1,FALSE
20010619,2001-06-19,2001,2,Q2,6,June,Jun,25,19,2,19A1,FALSE
20010620,2001-06-20,2001,2,Q2,6,June,Jun,25,20,3,20A1,FALSE
20010621,2001-06-21,2001,2,Q2,6,June,Jun,25,21,4,21A1,FALSE
20010622,2001-06-22,2001,2,Q2,6,June,Jun,25,22,5,22A1,FALSE
20010623,2001-06-23,2001,2,Q2,6,June,Jun,25,23,6,23A1,TRUE
20010624,2001-06-24,2001,2,Q2,6,June,Jun,25,24,0,24A1,TRUE
20010625,2001-06-25,2001,2,Q2,6,June,Jun,26,25,1,25A1,FALSE
20010626,2001-06-26,2001,2,Q2,6,June,Jun,26,26,2,26A1,FALSE
20010627,2001-06-27,2001,2,Q2,6,June,Jun,26,27,3,27A1,FALSE
20010628,2001-06-28,2001,2,Q2,6,June,Jun,26,28,4,28A1,FALSE
20010629,2001-06-29,2001,2,Q2,6,June,Jun,26,29,5,29A1,FALSE
20010630,2001-06-30,2001,2,Q2,6,June,Jun,26,30,6,30A1,TRUE
20010701,2001-07-01,2001,3,Q3,7,July,Jul,26,1,0,1A1,TRUE
20010702,2001-07-02,2001,3,Q3,7,July,Jul,27,2,1,2A1,FALSE
20010703,2001-07-03,2001,3,Q3,7,July,Jul,27,3,2,3A1,FALSE
20010704,2001-07-04,2001,3,Q3,7,July,Jul,27,4,3,4A1,FALSE
20010705,2001-07-05,2001,3,Q3,7,July,Jul,27,5,4,5A1,FALSE
20010706,2001-07-06,2001,3,Q3,7,July,Jul,27,6,5,6A1,FALSE
20010707,2001-07-07,2001,3,Q3,7,July,Jul,27,7,6,7A1,TRUE
20010708,2001-07-08,2001,3,Q3,7,July,Jul,27,8,0,8A1,TRUE
20010709,2001-07-09,2001,3,Q3,7,July,Jul,28,9,1,9A1,FALSE
20010710,2001-07-10,2001,3,Q3,7,July,Jul,28,10,2,10A1,FALSE
20010711,2001-07-11,2001,3,Q3,7,July,Jul,28,11,3,11A1,FALSE
20010712,2001-07-12,2001,3,Q3,7,July,Jul,28,12,4,12A1,FALSE
20010713,2001-07-13,2001,3,Q3,7,July,Jul,28,13,5,13A1,FALSE
20010714,2001-07-14,2001,3,Q3,7,July,Jul,28,14,6,14A1,TRUE
20010715,2001-07-15,2001,3,Q3,7,July,Jul,28,15,0,15A1,TRUE
20010716,2001-07-16,2001,3,Q3,7,July,Jul,29,16,1,16A1,FALSE
20010717,2001-07-17,2001,3,Q3,7,July,Jul,29,17,2,17A1,FALSE
20010718,2001-07-18,2001,3,Q3,7,July,Jul,29,18,3,18A1,FALSE
20010719,2001-07-19,2001,3,Q3,7,July,Jul,29,19,4,19A1,FALSE
20010720,2001-07-20,2001,3,Q3,7,July,Jul,29,20,5,20A1,FALSE
20010721,2001-07-21,2001,3,Q3,7,July,Jul,29,21,6,21A1,TRUE
20010722,2001-07-22,2001,3,Q3,7,July,Jul,29,22,0,22A1,TRUE
20010723,2001-07-23,2001,3,Q3,7,July,Jul,30,23,1,23A1,FALSE
20010724,2001-07-24,2001,3,Q3,7,July,Jul,30,24,2,24A1,FALSE
20010725,2001-07-25,2001,3,Q3,7,July,Jul,30,25,3,25A1,FALSE
20010726,2001-07-26,2001,3,Q3,7,July,Jul,30,26,4,26A1,FALSE
20010727,2001-07-27,2001,3,Q3,7,July,Jul,30,27,5,27A1,FALSE
20010728,2001-07-28,2001,3,Q3,7,July,Jul,30,28,6,28A1,TRUE
20010729,2001-07-29,2001,3,Q3,7,July,Jul,30,29,0,29A1,TRUE
20010730,2001-07-30,2001,3,Q3,7,July,Jul,31,30,1,30A1,FALSE
20010731,2001-07-31,2001,3,Q3,7,July,Jul,31,31,2,31A1,FALSE
20010801,2001-08-01,2001,3,Q3,8,August,Aug,31,1,3,1A1,FALSE
20010802,2001-08-02,2001,3,Q3,8,August,Aug,31,2,4,2A1,FALSE
20010803,2001-08-03,2001,3,Q3,8,August,Aug,31,3,5,3A1,FALSE
20010804,2001-08-04,2001,3,Q3,8,August,Aug,31,4,6,4A1,TRUE
20010805,2001-08-05,2001,3,Q3,8,August,Aug,31,5,0,5A1,TRUE
20010806,2001-08-06,2001,3,Q3,8,August,Aug,32,6,1,6A1,FALSE
20010807,2001-08-07,2001,3,Q3,8,August,Aug,32,7,2,7A1,FALSE
20010808,2001-08-08,2001,3,Q3,8,August,Aug,32,8,3,8A1,FALSE
20010809,2001-08-09,2001,3,Q3,8,August,Aug,32,9,4,9A1,FALSE
20010810,2001-08-10,2001,3,Q3,8,August,Aug,32,10,5,10A1,FALSE
20010811,2001-08-11,2001,3,Q3,8,August,Aug,32,11,6,11A1,TRUE
20010812,2001-08-12,2001,3,Q3,8,August,Aug,32,12,0,12A1,TRUE
20010813,2001-08-13,2001,3,Q3,8,August,Aug,33,13,1,13A1,FALSE
20010814,2001-08-14,2001,3,Q3,8,August,Aug,33,14,2,14A1,FALSE
20010815,2001-08-15,2001,3,Q3,8,August,Aug,33,15,3,15A1,FALSE
20010816,2001-08-16,2001,3,Q3,8,August,Aug,33,16,4,16A1,FALSE
20010817,2001-08-17,2001,3,Q3,8,August,Aug,33,17,5,17A1,FALSE
20010818,2001-08-18,2001,3,Q3,8,August,Aug,33,18,6,18A1,TRUE
20010819,2001-08-19,2001,3,Q3,8,August,Aug,33,19,0,19A1,TRUE
20010820,2001-08-20,2001,3,Q3,8,August,Aug,34,20,1,20A1,FALSE
20010821,2001-08-21,2001,3,Q3,8,August,Aug,34,21,2,21A1,FALSE
20010822,2001-08-22,2001,3,Q3,8,August,Aug,34,22,3,22A1,FALSE
20010823,2001-08-23,2001,3,Q3,8,August,Aug,34,23,4,23A1,FALSE
20010824,2001-08-24,2001,3,Q3,8,August,Aug,34,24,5,24A1,FALSE
20010825,2001-08-25,2001,3,Q3,8,August,Aug,34,25,6,25A1,TRUE
20010826,2001-08-26,2001,3,Q3,8,August,Aug,34,26,0,26A1,TRUE
20010827,2001-08-27,2001,3,Q3,8,August,Aug,35,27,1,27A1,FALSE
20010828,2001-08-28,2001,3,Q3,8,August,Aug,35,28,2,28A1,FALSE
20010829,2001-08-29,2001,3,Q3,8,August,Aug,35,29,3,29A1,FALSE
20010830,2001-08-30,2001,3,Q3,8,August,Aug,35,30,4,30A1,FALSE
20010831,2001-08-31,2001,3,Q3,8,August,Aug,35,31,5,31A1,FALSE
20010901,2001-09-01,2001,3,Q3,9,September,Sep,35,1,6,1A1,TRUE
20010902,2001-09-02,2001,3,Q3,9,September,Sep,35,2,0,2A1,TRUE
20010903,2001-09-03,2001,3,Q3,9,September,Sep,36,3,1,3A1,FALSE
20010904,2001-09-04,2001,3,Q3,9,September,Sep,36,4,2,4A1,FALSE
20010905,2001-09-05,2001,3,Q3,9,September,Sep,36,5,3,5A1,FALSE
20010906,2001-09-06,2001,3,Q3,9,September,Sep,36,6,4,6A1,FALSE
20010907,2001-09-07,2001,3,Q3,9,September,Sep,36,7,5,7A1,FALSE
20010908,2001-09-08,2001,3,Q3,9,September,Sep,36,8,6,8A1,TRUE
20010909,2001-09-09,2001,3,Q3,9,September,Sep,36,9,0,9A1,TRUE
20010910,2001-09-10,2001,3,Q3,9,September,Sep,37,10,1,10A1,FALSE
20010911,2001-09-11,2001,3,Q3,9,September,Sep,37,11,2,11A1,FALSE
20010912,2001-09-12,2001,3,Q3,9,September,Sep,37,12,3,12A1,FALSE
20010913,2001-09-13,2001,3,Q3,9,September,Sep,37,13,4,13A1,FALSE
20010914,2001-09-14,2001,3,Q3,9,September,Sep,37,14,5,14A1,FALSE
20010915,2001-09-15,2001,3,Q3,9,September,Sep,37,15,6,15A1,TRUE
20010916,2001-09-16,2001,3,Q3,9,September,Sep,37,16,0,16A1,TRUE
20010917,2001-09-17,2001,3,Q3,9,September,Sep,38,17,1,17A1,FALSE
20010918,2001-09-18,2001,3,Q3,9,September,Sep,38,18,2,18A1,FALSE
20010919,2001-09-19,2001,3,Q3,9,September,Sep,38,19,3,19A1,FALSE
20010920,2001-09-20,2001,3,Q3,9,September,Sep,38,20,4,20A1,FALSE
20010921,2001-09-21,2001,3,Q3,9,September,Sep,38,21,5,21A1,FALSE
20010922,2001-09-22,2001,3,Q3,9,September,Sep,38,22,6,22A1,TRUE
20010923,2001-09-23,2001,3,Q3,9,September,Sep,38,23,0,23A1,TRUE
20010924,2001-09-24,2001,3,Q3,9,September,Sep,39,24,1,24A1,FALSE
20010925,2001-09-25,2001,3,Q3,9,September,Sep,39,25,2,25A1,FALSE
20010926,2001-09-26,2001,3,Q3,9,September,Sep,39,26,3,26A1,FALSE
20010927,2001-09-27,2001,3,Q3,9,September,Sep,39,27,4,27A1,FALSE
20010928,2001-09-28,2001,3,Q3,9,September,Sep,39,28,5,28A1,FALSE
20010929,2001-09-29,2001,3,Q3,9,September,Sep,39,29,6,29A1,TRUE
20010930,2001-09-30,2001,3,Q3,9,September,Sep,39,30,0,30A1,TRUE
20011001,2001-10-01,2001,4,Q4,10,October,Oct,40,1,1,1A1,FALSE
20011002,2001-10-02,2001,4,Q4,10,October,Oct,40,2,2,2A1,FALSE
20011003,2001-10-03,2001,4,Q4,10,October,Oct,40,3,3,3A1,FALSE
20011004,2001-10-04,2001,4,Q4,10,October,Oct,40,4,4,4A1,FALSE
20011005,2001-10-05,2001,4,Q4,10,October,Oct,40,5,5,5A1,FALSE
20011006,2001-10-06,2001,4,Q4,10,October,Oct,40,6,6,6A1,TRUE
20011007,2001-10-07,2001,4,Q4,10,October,Oct,40,7,0,7A1,TRUE
20011008,2001-10-08,2001,4,Q4,10,October,Oct,41,8,1,8A1,FALSE
20011009,2001-10-09,2001,4,Q4,10,October,Oct,41,9,2,9A1,FALSE
20011010,2001-10-10,2001,4,Q4,10,October,Oct,41,10,3,10A1,FALSE
20011011,2001-10-11,2001,4,Q4,10,October,Oct,41,11,4,11A1,FALSE
20011012,2001-10-12,2001,4,Q4,10,October,Oct,41,12,5,12A1,FALSE
20011013,2001-10-13,2001,4,Q4,10,October,Oct,41,13,6,13A1,TRUE
20011014,2001-10-14,2001,4,Q4,10,October,Oct,41,14,0,14A1,TRUE
20011015,2001-10-15,2001,4,Q4,10,October,Oct,42,15,1,15A1,FALSE
20011016,2001-10-16,2001,4,Q4,10,October,Oct,42,16,2,16A1,FALSE
20011017,2001-10-17,2001,4,Q4,10,October,Oct,42,17,3,17A1,FALSE
20011018,2001-10-18,2001,4,Q4,10,October,Oct,42,18,4,18A1,FALSE
20011019,2001-10-19,2001,4,Q4,10,October,Oct,42,19,5,19A1,FALSE
20011020,2001-10-20,2001,4,Q4,10,October,Oct,42,20,6,20A1,TRUE
20011021,2001-10-21,2001,4,Q4,10,October,Oct,42,21,0,21A1,TRUE
20011022,2001-10-22,2001,4,Q4,10,October,Oct,43,22,1,22A1,FALSE
20011023,2001-10-23,2001,4,Q4,10,October,Oct,43,23,2,23A1,FALSE
20011024,2001-10-24,2001,4,Q4,10,October,Oct,43,24,3,24A1,FALSE
20011025,2001-10-25,2001,4,Q4,10,October,Oct,43,25,4,25A1,FALSE
20011026,2001-10-26,2001,4,Q4,10,October,Oct,43,26,5,26A1,FALSE
20011027,2001-10-27,2001,4,Q4,10,October,Oct,43,27,6,27A1,TRUE
20011028,2001-10-28,2001,4,Q4,10,October,Oct,43,28,0,28A1,TRUE
20011029,2001-10-29,2001,4,Q4,10,October,Oct,44,29,1,29A1,FALSE
20011030,2001-10-30,2001,4,Q4,10,October,Oct,44,30,2,30A1,FALSE
20011031,2001-10-31,2001,4,Q4,10,October,Oct,44,31,3,31A1,FALSE
20011101,2001-11-01,2001,4,Q4,11,November,Nov,44,1,4,1A1,FALSE
20011102,2001-11-02,2001,4,Q4,11,November,Nov,44,2,5,2A1,FALSE
20011103,2001-11-03,2001,4,Q4,11,November,Nov,44,3,6,3A1,TRUE
20011104,2001-11-04,2001,4,Q4,11,November,Nov,44,4,0,4A1,TRUE
20011105,2001-11-05,2001,4,Q4,11,November,Nov,45,5,1,5A1,FALSE
20011106,2001-11-06,2001,4,Q4,11,November,Nov,45,6,2,6A1,FALSE
20011107,2001-11-07,2001,4,Q4,11,November,Nov,45,7,3,7A1,FALSE
20011108,2001-11-08,2001,4,Q4,11,November,Nov,45,8,4,8A1,FALSE
20011109,2001-11-09,2001,4,Q4,11,November,Nov,45,9,5,9A1,FALSE
20011110,2001-11-10,2001,4,Q4,11,November,Nov,45,10,6,10A1,TRUE
20011111,2001-11-11,2001,4,Q4,11,November,Nov,45,11,0,11A1,TRUE
20011112,2001-11-12,2001,4,Q4,11,November,Nov,46,12,1,12A1,FALSE
20011113,2001-11-13,2001,4,Q4,11,November,Nov,46,13,2,13A1,FALSE
20011114,2001-11-14,2001,4,Q4,11,November,Nov,46,14,3,14A1,FALSE
20011115,2001-11-15,2001,4,Q4,11,November,Nov,46,15,4,15A1,FALSE
20011116,2001-11-16,2001,4,Q4,11,November,Nov,46,16,5,16A1,FALSE
20011117,2001-11-17,2001,4,Q4,11,November,Nov,46,17,6,17A1,TRUE
20011118,2001-11-18,2001,4,Q4,11,November,Nov,46,18,0,18A1,TRUE
20011119,2001-11-19,2001,4,Q4,11,November,Nov,47,19,1,19A1,FALSE
20011120,2001-11-20,2001,4,Q4,11,November,Nov,47,20,2,20A1,FALSE
20011121,2001-11-21,2001,4,Q4,11,November,Nov,47,21,3,21A1,FALSE
20011122,2001-11-22,2001,4,Q4,11,November,Nov,47,22,4,22A1,FALSE
20011123,2001-11-23,2001,4,Q4,11,November,Nov,47,23,5,23A1,FALSE
20011124,2001-11-24,2001,4,Q4,11,November,Nov,47,24,6,24A1,TRUE
20011125,2001-11-25,2001,4,Q4,11,November,Nov,47,25,0,25A1,TRUE
20011126,2001-11-26,2001,4,Q4,11,November,Nov,48,26,1,26A1,FALSE
20011127,2001-11-27,2001,4,Q4,11,November,Nov,48,27,2,27A1,FALSE
20011128,2001-11-28,2001,4,Q4,11,November,Nov,48,28,3,28A1,FALSE
20011129,2001-11-29,2001,4,Q4,11,November,Nov,48,29,4,29A1,FALSE
20011130,2001-11-30,2001,4,Q4,11,November,Nov,48,30,5,30A1,FALSE
20011201,2001-12-01,2001,4,Q4,12,December,Dec,48,1,6,1A1,TRUE
20011202,2001-12-02,2001,4,Q4,12,December,Dec,48,2,0,2A1,TRUE
20011203,2001-12-03,2001,4,Q4,12,December,Dec,49,3,1,3A1,FALSE
20011204,2001-12-04,2001,4,Q4,12,December,Dec,49,4,2,4A1,FALSE
20011205,2001-12-05,2001,4,Q4,12,December,Dec,49,5,3,5A1,FALSE
20011206,2001-12-06,2001,4,Q4,12,December,Dec,49,6,4,6A1,FALSE
20011207,2001-12-07,2001,4,Q4,12,December,Dec,49,7,5,7A1,FALSE
20011208,2001-12-08,2001,4,Q4,12,December,Dec,49,8,6,8A1,TRUE
20011209,2001-12-09,2001,4,Q4,12,December,Dec,49,9,0,9A1,TRUE
20011210,2001-12-10,2001,4,Q4,12,December,Dec,50,10,1,10A1,FALSE
20011211,2001-12-11,2001,4,Q4,12,December,Dec,50,11,2,11A1,FALSE
20011212,2001-12-12,2001,4,Q4,12,December,Dec,50,12,3,12A1,FALSE
20011213,2001-12-13,2001,4,Q4,12,December,Dec,50,13,4,13A1,FALSE
20011214,2001-12-14,2001,4,Q4,12,December,Dec,50,14,5,14A1,FALSE
20011215,2001-12-15,2001,4,Q4,12,December,Dec,50,15,6,15A1,TRUE
20011216,2001-12-16,2001,4,Q4,12,December,Dec,50,16,0,16A1,TRUE
20011217,2001-12-17,2001,4,Q4,12,December,Dec,51,17,1,17A1,FALSE
20011218,2001-12-18,2001,4,Q4,12,December,Dec,51,18,2,18A1,FALSE
20011219,2001-12-19,2001,4,Q4,12,December,Dec,51,19,3,19A1,FALSE
20011220,2001-12-20,2001,4,Q4,12,December,Dec,51,20,4,20A1,FALSE
20011221,2001-12-21,2001,4,Q4,12,December,Dec,51,21,5,21A1,FALSE
20011222,2001-12-22,2001,4,Q4,12,December,Dec,51,22,6,22A1,TRUE
20011223,2001-12-23,2001,4,Q4,12,December,Dec,51,23,0,23A1,TRUE
20011224,2001-12-24,2001,4,Q4,12,December,Dec,52,24,1,24A1,FALSE
20011225,2001-12-25,2001,4,Q4,12,December,Dec,52,25,2,25A1,FALSE
20011226,2001-12-26,2001,4,Q4,12,December,Dec,52,26,3,26A1,FALSE
20011227,2001-12-27,2001,4,Q4,12,December,Dec,52,27,4,27A1,FALSE
20011228,2001-12-28,2001,4,Q4,12,December,Dec,52,28,5,28A1,FALSE
20011229,2001-12-29,2001,4,Q4,12,December,Dec,52,29,6,29A1,TRUE
20011230,2001-12-30,2001,4,Q4,12,December,Dec,52,30,0,30A1,TRUE
20011231,2001-12-31,2001,4,Q4,12,December,Dec,1,31,1,31A1,FALSE
20020101,2002-01-01,2002,1,Q1,1,January,Jan,1,1,2,1A2,FALSE
20020102,2002-01-02,2002,1,Q1,1,January,Jan,1,2,3,2A2,FALSE
20020103,2002-01-03,2002,1,Q1,1,January,Jan,1,3,4,3A2,FALSE
20020104,2002-01-04,2002,1,Q1,1,January,Jan,1,4,5,4A2,FALSE
20020105,2002-01-05,2002,1,Q1,1,January,Jan,1,5,6,5A2,TRUE
20020106,2002-01-06,2002,1,Q1,1,January,Jan,1,6,0,6A2,TRUE
20020107,2002-01-07,2002,1,Q1,1,January,Jan,2,7,1,7A2,FALSE
20020108,2002-01-08,2002,1,Q1,1,January,Jan,2,8,2,8A2,FALSE
20020109,2002-01-09,2002,1,Q1,1,January,Jan,2,9,3,9A2,FALSE
20020110,2002-01-10,2002,1,Q1,1,January,Jan,2,10,4,10A2,FALSE
20020111,2002-01-11,2002,1,Q1,1,January,Jan,2,11,5,11A2,FALSE
20020112,2002-01-12,2002,1,Q1,1,January,Jan,2,12,6,12A2,TRUE
20020113,2002-01-13,2002,1,Q1,1,January,Jan,2,13,0,13A2,TRUE
20020114,2002-01-14,2002,1,Q1,1,January,Jan,3,14,1,14A2,FALSE
20020115,2002-01-15,2002,1,Q1,1,January,Jan,3,15,2,15A2,FALSE
20020116,2002-01-16,2002,1,Q1,1,January,Jan,3,16,3,16A2,FALSE
20020117,2002-01-17,2002,1,Q1,1,January,Jan,3,17,4,17A2,FALSE
20020118,2002-01-18,2002,1,Q1,1,January,Jan,3,18,5,18A2,FALSE
20020119,2002-01-19,2002,1,Q1,1,January,Jan,3,19,6,19A2,TRUE
20020120,2002-01-20,2002,1,Q1,1,January,Jan,3,20,0,20A2,TRUE
20020121,2002-01-21,2002,1,Q1,1,January,Jan,4,21,1,21A2,FALSE
20020122,2002-01-22,2002,1,Q1,1,January,Jan,4,22,2,22A2,FALSE
20020123,2002-01-23,2002,1,Q1,1,January,Jan,4,23,3,23A2,FALSE
20020124,2002-01-24,2002,1,Q1,1,January,Jan,4,24,4,24A2,FALSE
20020125,2002-01-25,2002,1,Q1,1,January,Jan,4,25,5,25A2,FALSE
20020126,2002-01-26,2002,1,Q1,1,January,Jan,4,26,6,26A2,TRUE
20020127,2002-01-27,2002,1,Q1,1,January,Jan,4,27,0,27A2,TRUE
20020128,2002-01-28,2002,1,Q1,1,January,Jan,5,28,1,28A2,FALSE
20020129,2002-01-29,2002,1,Q1,1,January,Jan,5,29,2,29A2,FALSE
20020130,2002-01-30,2002,1,Q1,1,January,Jan,5,30,3,30A2,FALSE
20020131,2002-01-31,2002,1,Q1,1,January,Jan,5,31,4,31A2,FALSE
20020201,2002-02-01,2002,1,Q1,2,February,Feb,5,1,5,1A2,FALSE
20020202,2002-02-02,2002,1,Q1,2,February,Feb,5,2,6,2A2,TRUE
20020203,2002-02-03,2002,1,Q1,2,February,Feb,5,3,0,3A2,TRUE
20020204,2002-02-04,2002,1,Q1,2,February,Feb,6,4,1,4A2,FALSE
20020205,2002-02-05,2002,1,Q1,2,February,Feb,6,5,2,5A2,FALSE
20020206,2002-02-06,2002,1,Q1,2,February,Feb,6,6,3,6A2,FALSE
20020207,2002-02-07,2002,1,Q1,2,February,Feb,6,7,4,7A2,FALSE
20020208,2002-02-08,2002,1,Q1,2,February,Feb,6,8,5,8A2,FALSE
20020209,2002-02-09,2002,1,Q1,2,February,Feb,6,9,6,9A2,TRUE
20020210,2002-02-10,2002,1,Q1,2,February,Feb,6,10,0,10A2,TRUE
20020211,2002-02-11,2002,1,Q1,2,February,Feb,7,11,1,11A2,FALSE
20020212,2002-02-12,2002,1,Q1,2,February,Feb,7,12,2,12A2,FALSE
20020213,2002-02-13,2002,1,Q1,2,February,Feb,7,13,3,13A2,FALSE
20020214,2002-02-14,2002,1,Q1,2,February,Feb,7,14,4,14A2,FALSE
20020215,2002-02-15,2002,1,Q1,2,February,Feb,7,15,5,15A2,FALSE
20020216,2002-02-16,2002,1,Q1,2,February,Feb,7,16,6,16A2,TRUE
20020217,2002-02-17,2002,1,Q1,2,February,Feb,7,17,0,17A2,TRUE
20020218,2002-02-18,2002,1,Q1,2,February,Feb,8,18,1,18A2,FALSE
20020219,2002-02-19,2002,1,Q1,2,February,Feb,8,19,2,19A2,FALSE
20020220,2002-02-20,2002,1,Q1,2,February,Feb,8,20,3,20A2,FALSE
20020221,2002-02-21,2002,1,Q1,2,February,Feb,8,21,4,21A2,FALSE
20020222,2002-02-22,2002,1,Q1,2,February,Feb,8,22,5,22A2,FALSE
20020223,2002-02-23,2002,1,Q1,2,February,Feb,8,23,6,23A2,TRUE
20020224,2002-02-24,2002,1,Q1,2,February,Feb,8,24,0,24A2,TRUE
20020225,2002-02-25,2002,1,Q1,2,February,Feb,9,25,1,25A2,FALSE
20020226,2002-02-26,2002,1,Q1,2,February,Feb,9,26,2,26A2,FALSE
20020227,2002-02-27,2002,1,Q1,2,February,Feb,9,27,3,27A2,FALSE
20020228,2002-02-28,2002,1,Q1,2,February,Feb,9,28,4,28A2,FALSE
20020301,2002-03-01,2002,1,Q1,3,March,Mar,9,1,5,1A2,FALSE
20020302,2002-03-02,2002,1,Q1,3,March,Mar,9,2,6,2A2,TRUE
20020303,2002-03-03,2002,1,Q1,3,March,Mar,9,3,0,3A2,TRUE
20020304,2002-03-04,2002,1,Q1,3,March,Mar,10,4,1,4A2,FALSE
20020305,2002-03-05,2002,1,Q1,3,March,Mar,10,5,2,5A2,FALSE
20020306,2002-03-06,2002,1,Q1,3,March,Mar,10,6,3,6A2,FALSE
20020307,2002-03-07,2002,1,Q1,3,March,Mar,10,7,4,7A2,FALSE
20020308,2002-03-08,2002,1,Q1,3,March,Mar,10,8,5,8A2,FALSE
20020309,2002-03-09,2002,1,Q1,3,March,Mar,10,9,6,9A2,TRUE
20020310,2002-03-10,2002,1,Q1,3,March,Mar,10,10,0,10A2,TRUE
20020311,2002-03-11,2002,1,Q1,3,March,Mar,11,11,1,11A2,FALSE
20020312,2002-03-12,2002,1,Q1,3,March,Mar,11,12,2,12A2,FALSE
20020313,2002-03-13,2002,1,Q1,3,March,Mar,11,13,3,13A2,FALSE
20020314,2002-03-14,2002,1,Q1,3,March,Mar,11,14,4,14A2,FALSE
20020315,2002-03-15,2002,1,Q1,3,March,Mar,11,15,5,15A2,FALSE
20020316,2002-03-16,2002,1,Q1,3,March,Mar,11,16,6,16A2,TRUE
20020317,2002-03-17,2002,1,Q1,3,March,Mar,11,17,0,17A2,TRUE
20020318,2002-03-18,2002,1,Q1,3,March,Mar,12,18,1,18A2,FALSE
20020319,2002-03-19,2002,1,Q1,3,March,Mar,12,19,2,19A2,FALSE
20020320,2002-03-20,2002,1,Q1,3,March,Mar,12,20,3,20A2,FALSE
20020321,2002-03-21,2002,1,Q1,3,March,Mar,12,21,4,21A2,FALSE
20020322,2002-03-22,2002,1,Q1,3,March,Mar,12,22,5,22A2,FALSE
20020323,2002-03-23,2002,1,Q1,3,March,Mar,12,23,6,23A2,TRUE
20020324,2002-03-24,2002,1,Q1,3,March,Mar,12,24,0,24A2,TRUE
20020325,2002-03-25,2002,1,Q1,3,March,Mar,13,25,1,25A2,FALSE
20020326,2002-03-26,2002,1,Q1,3,March,Mar,13,26,2,26A2,FALSE
20020327,2002-03-27,2002,1,Q1,3,March,Mar,13,27,3,27A2,FALSE
20020328,2002-03-28,2002,1,Q1,3,March,Mar,13,28,4,28A2,FALSE
20020329,2002-03-29,2002,1,Q1,3,March,Mar,13,29,5,29A2,FALSE
20020330,2002-03-30,2002,1,Q1,3,March,Mar,13,30,6,30A2,TRUE
20020331,2002-03-31,2002,1,Q1,3,March,Mar,13,31,0,31A2,TRUE
20020401,2002-04-01,2002,2,Q2,4,April,Apr,14,1,1,1A2,FALSE
20020402,2002-04-02,2002,2,Q2,4,April,Apr,14,2,2,2A2,FALSE
20020403,2002-04-03,2002,2,Q2,4,April,Apr,14,3,3,3A2,FALSE
20020404,2002-04-04,2002,2,Q2,4,April,Apr,14,4,4,4A2,FALSE
20020405,2002-04-05,2002,2,Q2,4,April,Apr,14,5,5,5A2,FALSE
20020406,2002-04-06,2002,2,Q2,4,April,Apr,14,6,6,6A2,TRUE
20020407,2002-04-07,2002,2,Q2,4,April,Apr,14,7,0,7A2,TRUE
20020408,2002-04-08,2002,2,Q2,4,April,Apr,15,8,1,8A2,FALSE
20020409,2002-04-09,2002,2,Q2,4,April,Apr,15,9,2,9A2,FALSE
20020410,2002-04-10,2002,2,Q2,4,April,Apr,15,10,3,10A2,FALSE
20020411,2002-04-11,2002,2,Q2,4,April,Apr,15,11,4,11A2,FALSE
20020412,2002-04-12,2002,2,Q2,4,April,Apr,15,12,5,12A2,FALSE
20020413,2002-04-13,2002,2,Q2,4,April,Apr,15,13,6,13A2,TRUE
20020414,2002-04-14,2002,2,Q2,4,April,Apr,15,14,0,14A2,TRUE
20020415,2002-04-15,2002,2,Q2,4,April,Apr,16,15,1,15A2,FALSE
20020416,2002-04-16,2002,2,Q2,4,April,Apr,16,16,2,16A2,FALSE
20020417,2002-04-17,2002,2,Q2,4,April,Apr,16,17,3,17A2,FALSE
20020418,2002-04-18,2002,2,Q2,4,April,Apr,16,18,4,18A2,FALSE
20020419,2002-04-19,2002,2,Q2,4,April,Apr,16,19,5,19A2,FALSE
20020420,2002-04-20,2002,2,Q2,4,April,Apr,16,20,6,20A2,TRUE
20020421,2002-04-21,2002,2,Q2,4,April,Apr,16,21,0,21A2,TRUE
20020422,2002-04-22,2002,2,Q2,4,April,Apr,17,22,1,22A2,FALSE
20020423,2002-04-23,2002,2,Q2,4,April,Apr,17,23,2,23A2,FALSE
20020424,2002-04-24,2002,2,Q2,4,April,Apr,17,24,3,24A2,FALSE
20020425,2002-04-25,2002,2,Q2,4,April,Apr,17,25,4,25A2,FALSE
20020426,2002-04-26,2002,2,Q2,4,April,Apr,17,26,5,26A2,FALSE
20020427,2002-04-27,2002,2,Q2,4,April,Apr,17,27,6,27A2,TRUE
20020428,2002-04-28,2002,2,Q2,4,April,Apr,17,28,0,28A2,TRUE
20020429,2002-04-29,2002,2,Q2,4,April,Apr,18,29,1,29A2,FALSE
20020430,2002-04-30,2002,2,Q2,4,April,Apr,18,30,2,30A2,FALSE
20020501,2002-05-01,2002,2,Q2,5,May,May,18,1,3,1A2,FALSE
20020502,2002-05-02,2002,2,Q2,5,May,May,18,2,4,2A2,FALSE
20020503,2002-05-03,2002,2,Q2,5,May,May,18,3,5,3A2,FALSE
20020504,2002-05-04,2002,2,Q2,5,May,May,18,4,6,4A2,TRUE
20020505,2002-05-05,2002,2,Q2,5,May,May,18,5,0,5A2,TRUE
20020506,2002-05-06,2002,2,Q2,5,May,May,19,6,1,6A2,FALSE
20020507,2002-05-07,2002,2,Q2,5,May,May,19,7,2,7A2,FALSE
20020508,2002-05-08,2002,2,Q2,5,May,May,19,8,3,8A2,FALSE
20020509,2002-05-09,2002,2,Q2,5,May,May,19,9,4,9A2,FALSE
20020510,2002-05-10,2002,2,Q2,5,May,May,19,10,5,10A2,FALSE
20020511,2002-05-11,2002,2,Q2,5,May,May,19,11,6,11A2,TRUE
20020512,2002-05-12,2002,2,Q2,5,May,May,19,12,0,12A2,TRUE
20020513,2002-05-13,2002,2,Q2,5,May,May,20,13,1,13A2,FALSE
20020514,2002-05-14,2002,2,Q2,5,May,May,20,14,2,14A2,FALSE
20020515,2002-05-15,2002,2,Q2,5,May,May,20,15,3,15A2,FALSE
20020516,2002-05-16,2002,2,Q2,5,May,May,20,16,4,16A2,FALSE
20020517,2002-05-17,2002,2,Q2,5,May,May,20,17,5,17A2,FALSE
20020518,2002-05-18,2002,2,Q2,5,May,May,20,18,6,18A2,TRUE
20020519,2002-05-19,2002,2,Q2,5,May,May,20,19,0,19A2,TRUE
20020520,2002-05-20,2002,2,Q2,5,May,May,21,20,1,20A2,FALSE
20020521,2002-05-21,2002,2,Q2,5,May,May,21,21,2,21A2,FALSE
20020522,2002-05-22,2002,2,Q2,5,May,May,21,22,3,22A2,FALSE
20020523,2002-05-23,2002,2,Q2,5,May,May,21,23,4,23A2,FALSE
20020524,2002-05-24,2002,2,Q2,5,May,May,21,24,5,24A2,FALSE
20020525,2002-05-25,2002,2,Q2,5,May,May,21,25,6,25A2,TRUE
20020526,2002-05-26,2002,2,Q2,5,May,May,21,26,0,26A2,TRUE
20020527,2002-05-27,2002,2,Q2,5,May,May,22,27,1,27A2,FALSE
20020528,2002-05-28,2002,2,Q2,5,May,May,22,28,2,28A2,FALSE
20020529,2002-05-29,2002,2,Q2,5,May,May,22,29,3,29A2,FALSE
20020530,2002-05-30,2002,2,Q2,5,May,May,22,30,4,30A2,FALSE
20020531,2002-05-31,2002,2,Q2,5,May,May,22,31,5,31A2,FALSE
20020601,2002-06-01,2002,2,Q2,6,June,Jun,22,1,6,1A2,TRUE
20020602,2002-06-02,2002,2,Q2,6,June,Jun,22,2,0,2A2,TRUE
20020603,2002-06-03,2002,2,Q2,6,June,Jun,23,3,1,3A2,FALSE
20020604,2002-06-04,2002,2,Q2,6,June,Jun,23,4,2,4A2,FALSE
20020605,2002-06-05,2002,2,Q2,6,June,Jun,23,5,3,5A2,FALSE
20020606,2002-06-06,2002,2,Q2,6,June,Jun,23,6,4,6A2,FALSE
20020607,2002-06-07,2002,2,Q2,6,June,Jun,23,7,5,7A2,FALSE
20020608,2002-06-08,2002,2,Q2,6,June,Jun,23,8,6,8A2,TRUE
20020609,2002-06-09,2002,2,Q2,6,June,Jun,23,9,0,9A2,TRUE
20020610,2002-06-10,2002,2,Q2,6,June,Jun,24,10,1,10A2,FALSE
20020611,2002-06-11,2002,2,Q2,6,June,Jun,24,11,2,11A2,FALSE
20020612,2002-06-12,2002,2,Q2,6,June,Jun,24,12,3,12A2,FALSE
20020613,2002-06-13,2002,2,Q2,6,June,Jun,24,13,4,13A2,FALSE
20020614,2002-06-14,2002,2,Q2,6,June,Jun,24,14,5,14A2,FALSE
20020615,2002-06-15,2002,2,Q2,6,June,Jun,24,15,6,15A2,TRUE
20020616,2002-06-16,2002,2,Q2,6,June,Jun,24,16,0,16A2,TRUE
20020617,2002-06-17,2002,2,Q2,6,June,Jun,25,17,1,17A2,FALSE
20020618,2002-06-18,2002,2,Q2,6,June,Jun,25,18,2,18A2,FALSE
20020619,2002-06-19,2002,2,Q2,6,June,Jun,25,19,3,19A2,FALSE
20020620,2002-06-20,2002,2,Q2,6,June,Jun,25,20,4,20A2,FALSE
20020621,2002-06-21,2002,2,Q2,6,June,Jun,25,21,5,21A2,FALSE
20020622,2002-06-22,2002,2,Q2,6,June,Jun,25,22,6,22A2,TRUE
20020623,2002-06-23,2002,2,Q2,6,June,Jun,25,23,0,23A2,TRUE
20020624,2002-06-24,2002,2,Q2,6,June,Jun,26,24,1,24A2,FALSE
20020625,2002-06-25,2002,2,Q2,6,June,Jun,26,25,2,25A2,FALSE
20020626,2002-06-26,2002,2,Q2,6,June,Jun,26,26,3,26A2,FALSE
20020627,2002-06-27,2002,2,Q2,6,June,Jun,26,27,4,27A2,FALSE
20020628,2002-06-28,2002,2,Q2,6,June,Jun,26,28,5,28A2,FALSE
20020629,2002-06-29,2002,2,Q2,6,June,Jun,26,29,6,29A2,TRUE
20020630,2002-06-30,2002,2,Q2,6,June,Jun,26,30,0,30A2,TRUE
20020701,2002-07-01,2002,3,Q3,7,July,Jul,27,1,1,1A2,FALSE
20020702,2002-07-02,2002,3,Q3,7,July,Jul,27,2,2,2A2,FALSE
20020703,2002-07-03,2002,3,Q3,7,July,Jul,27,3,3,3A2,FALSE
20020704,2002-07-04,2002,3,Q3,7,July,Jul,27,4,4,4A2,FALSE
20020705,2002-07-05,2002,3,Q3,7,July,Jul,27,5,5,5A2,FALSE
20020706,2002-07-06,2002,3,Q3,7,July,Jul,27,6,6,6A2,TRUE
20020707,2002-07-07,2002,3,Q3,7,July,Jul,27,7,0,7A2,TRUE
20020708,2002-07-08,2002,3,Q3,7,July,Jul,28,8,1,8A2,FALSE
20020709,2002-07-09,2002,3,Q3,7,July,Jul,28,9,2,9A2,FALSE
20020710,2002-07-10,2002,3,Q3,7,July,Jul,28,10,3,10A2,FALSE
20020711,2002-07-11,2002,3,Q3,7,July,Jul,28,11,4,11A2,FALSE
20020712,2002-07-12,2002,3,Q3,7,July,Jul,28,12,5,12A2,FALSE
20020713,2002-07-13,2002,3,Q3,7,July,Jul,28,13,6,13A2,TRUE
20020714,2002-07-14,2002,3,Q3,7,July,Jul,28,14,0,14A2,TRUE
20020715,2002-07-15,2002,3,Q3,7,July,Jul,29,15,1,15A2,FALSE
20020716,2002-07-16,2002,3,Q3,7,July,Jul,29,16,2,16A2,FALSE
20020717,2002-07-17,2002,3,Q3,7,July,Jul,29,17,3,17A2,FALSE
20020718,2002-07-18,2002,3,Q3,7,July,Jul,29,18,4,18A2,FALSE
20020719,2002-07-19,2002,3,Q3,7,July,Jul,29,19,5,19A2,FALSE
20020720,2002-07-20,2002,3,Q3,7,July,Jul,29,20,6,20A2,TRUE
20020721,2002-07-21,2002,3,Q3,7,July,Jul,29,21,0,21A2,TRUE
20020722,2002-07-22,2002,3,Q3,7,July,Jul,30,22,1,22A2,FALSE
20020723,2002-07-23,2002,3,Q3,7,July,Jul,30,23,2,23A2,FALSE
20020724,2002-07-24,2002,3,Q3,7,July,Jul,30,24,3,24A2,FALSE
20020725,2002-07-25,2002,3,Q3,7,July,Jul,30,25,4,25A2,FALSE
20020726,2002-07-26,2002,3,Q3,7,July,Jul,30,26,5,26A2,FALSE
20020727,2002-07-27,2002,3,Q3,7,July,Jul,30,27,6,27A2,TRUE
20020728,2002-07-28,2002,3,Q3,7,July,Jul,30,28,0,28A2,TRUE
20020729,2002-07-29,2002,3,Q3,7,July,Jul,31,29,1,29A2,FALSE
20020730,2002-07-30,2002,3,Q3,7,July,Jul,31,30,2,30A2,FALSE
20020731,2002-07-31,2002,3,Q3,7,July,Jul,31,31,3,31A2,FALSE
20020801,2002-08-01,2002,3,Q3,8,August,Aug,31,1,4,1A2,FALSE
20020802,2002-08-02,2002,3,Q3,8,August,Aug,31,2,5,2A2,FALSE
20020803,2002-08-03,2002,3,Q3,8,August,Aug,31,3,6,3A2,TRUE
20020804,2002-08-04,2002,3,Q3,8,August,Aug,31,4,0,4A2,TRUE
20020805,2002-08-05,2002,3,Q3,8,August,Aug,32,5,1,5A2,FALSE
20020806,2002-08-06,2002,3,Q3,8,August,Aug,32,6,2,6A2,FALSE
20020807,2002-08-07,2002,3,Q3,8,August,Aug,32,7,3,7A2,FALSE
20020808,2002-08-08,2002,3,Q3,8,August,Aug,32,8,4,8A2,FALSE
20020809,2002-08-09,2002,3,Q3,8,August,Aug,32,9,5,9A2,FALSE
20020810,2002-08-10,2002,3,Q3,8,August,Aug,32,10,6,10A2,TRUE
20020811,2002-08-11,2002,3,Q3,8,August,Aug,32,11,0,11A2,TRUE
20020812,2002-08-12,2002,3,Q3,8,August,Aug,33,12,1,12A2,FALSE
20020813,2002-08-13,2002,3,Q3,8,August,Aug,33,13,2,13A2,FALSE
20020814,2002-08-14,2002,3,Q3,8,August,Aug,33,14,3,14A2,FALSE
20020815,2002-08-15,2002,3,Q3,8,August,Aug,33,15,4,15A2,FALSE
20020816,2002-08-16,2002,3,Q3,8,August,Aug,33,16,5,16A2,FALSE
20020817,2002-08-17,2002,3,Q3,8,August,Aug,33,17,6,17A2,TRUE
20020818,2002-08-18,2002,3,Q3,8,August,Aug,33,18,0,18A2,TRUE
20020819,2002-08-19,2002,3,Q3,8,August,Aug,34,19,1,19A2,FALSE
20020820,2002-08-20,2002,3,Q3,8,August,Aug,34,20,2,20A2,FALSE
20020821,2002-08-21,2002,3,Q3,8,August,Aug,34,21,3,21A2,FALSE
20020822,2002-08-22,2002,3,Q3,8,August,Aug,34,22,4,22A2,FALSE
20020823,2002-08-23,2002,3,Q3,8,August,Aug,34,23,5,23A2,FALSE
20020824,2002-08-24,2002,3,Q3,8,August,Aug,34,24,6,24A2,TRUE
20020825,2002-08-25,2002,3,Q3,8,August,Aug,34,25,0,25A2,TRUE
20020826,2002-08-26,2002,3,Q3,8,August,Aug,35,26,1,26A2,FALSE
20020827,2002-08-27,2002,3,Q3,8,August,Aug,35,27,2,27A2,FALSE
20020828,2002-08-28,2002,3,Q3,8,August,Aug,35,28,3,28A2,FALSE
20020829,2002-08-29,2002,3,Q3,8,August,Aug,35,29,4,29A2,FALSE
20020830,2002-08-30,2002,3,Q3,8,August,Aug,35,30,5,30A2,FALSE
20020831,2002-08-31,2002,3,Q3,8,August,Aug,35,31,6,31A2,TRUE
20020901,2002-09-01,2002,3,Q3,9,September,Sep,35,1,0,1A2,TRUE
20020902,2002-09-02,2002,3,Q3,9,September,Sep,36,2,1,2A2,FALSE
20020903,2002-09-03,2002,3,Q3,9,September,Sep,36,3,2,3A2,FALSE
20020904,2002-09-04,2002,3,Q3,9,September,Sep,36,4,3,4A2,FALSE
20020905,2002-09-05,2002,3,Q3,9,September,Sep,36,5,4,5A2,FALSE
20020906,2002-09-06,2002,3,Q3,9,September,Sep,36,6,5,6A2,FALSE
20020907,2002-09-07,2002,3,Q3,9,September,Sep,36,7,6,7A2,TRUE
20020908,2002-09-08,2002,3,Q3,9,September,Sep,36,8,0,8A2,TRUE
20020909,2002-09-09,2002,3,Q3,9,September,Sep,37,9,1,9A2,FALSE
20020910,2002-09-10,2002,3,Q3,9,September,Sep,37,10,2,10A2,FALSE
20020911,2002-09-11,2002,3,Q3,9,September,Sep,37,11,3,11A2,FALSE
20020912,2002-09-12,2002,3,Q3,9,September,Sep,37,12,4,12A2,FALSE
20020913,2002-09-13,2002,3,Q3,9,September,Sep,37,13,5,13A2,FALSE
20020914,2002-09-14,2002,3,Q3,9,September,Sep,37,14,6,14A2,TRUE
20020915,2002-09-15,2002,3,Q3,9,September,Sep,37,15,0,15A2,TRUE
20020916,2002-09-16,2002,3,Q3,9,September,Sep,38,16,1,16A2,FALSE
20020917,2002-09-17,2002,3,Q3,9,September,Sep,38,17,2,17A2,FALSE
20020918,2002-09-18,2002,3,Q3,9,September,Sep,38,18,3,18A2,FALSE
20020919,2002-09-19,2002,3,Q3,9,September,Sep,38,19,4,19A2,FALSE
20020920,2002-09-20,2002,3,Q3,9,September,Sep,38,20,5,20A2,FALSE
20020921,2002-09-21,2002,3,Q3,9,September,Sep,38,21,6,21A2,TRUE
20020922,2002-09-22,2002,3,Q3,9,September,Sep,38,22,0,22A2,TRUE
20020923,2002-09-23,2002,3,Q3,9,September,Sep,39,23,1,23A2,FALSE
20020924,2002-09-24,2002,3,Q3,9,September,Sep,39,24,2,24A2,FALSE
20020925,2002-09-25,2002,3,Q3,9,September,Sep,39,25,3,25A2,FALSE
20020926,2002-09-26,2002,3,Q3,9,September,Sep,39,26,4,26A2,FALSE
20020927,2002-09-27,2002,3,Q3,9,September,Sep,39,27,5,27A2,FALSE
20020928,2002-09-28,2002,3,Q3,9,September,Sep,39,28,6,28A2,TRUE
20020929,2002-09-29,2002,3,Q3,9,September,Sep,39,29,0,29A2,TRUE
20020930,2002-09-30,2002,3,Q3,9,September,Sep,40,30,1,30A2,FALSE
20021001,2002-10-01,2002,4,Q4,10,October,Oct,40,1,2,1A2,FALSE
20021002,2002-10-02,2002,4,Q4,10,October,Oct,40,2,3,2A2,FALSE
20021003,2002-10-03,2002,4,Q4,10,October,Oct,40,3,4,3A2,FALSE
20021004,2002-10-04,2002,4,Q4,10,October,Oct,40,4,5,4A2,FALSE
20021005,2002-10-05,2002,4,Q4,10,October,Oct,40,5,6,5A2,TRUE
20021006,2002-10-06,2002,4,Q4,10,October,Oct,40,6,0,6A2,TRUE
20021007,2002-10-07,2002,4,Q4,10,October,Oct,41,7,1,7A2,FALSE
20021008,2002-10-08,2002,4,Q4,10,October,Oct,41,8,2,8A2,FALSE
20021009,2002-10-09,2002,4,Q4,10,October,Oct,41,9,3,9A2,FALSE
20021010,2002-10-10,2002,4,Q4,10,October,Oct,41,10,4,10A2,FALSE
20021011,2002-10-11,2002,4,Q4,10,October,Oct,41,11,5,11A2,FALSE
20021012,2002-10-12,2002,4,Q4,10,October,Oct,41,12,6,12A2,TRUE
20021013,2002-10-13,2002,4,Q4,10,October,Oct,41,13,0,13A2,TRUE
20021014,2002-10-14,2002,4,Q4,10,October,Oct,42,14,1,14A2,FALSE
20021015,2002-10-15,2002,4,Q4,10,October,Oct,42,15,2,15A2,FALSE
20021016,2002-10-16,2002,4,Q4,10,October,Oct,42,16,3,16A2,FALSE
20021017,2002-10-17,2002,4,Q4,10,October,Oct,42,17,4,17A2,FALSE
20021018,2002-10-18,2002,4,Q4,10,October,Oct,42,18,5,18A2,FALSE
20021019,2002-10-19,2002,4,Q4,10,October,Oct,42,19,6,19A2,TRUE
20021020,2002-10-20,2002,4,Q4,10,October,Oct,42,20,0,20A2,TRUE
20021021,2002-10-21,2002,4,Q4,10,October,Oct,43,21,1,21A2,FALSE
20021022,2002-10-22,2002,4,Q4,10,October,Oct,43,22,2,22A2,FALSE
20021023,2002-10-23,2002,4,Q4,10,October,Oct,43,23,3,23A2,FALSE
20021024,2002-10-24,2002,4,Q4,10,October,Oct,43,24,4,24A2,FALSE
20021025,2002-10-25,2002,4,Q4,10,October,Oct,43,25,5,25A2,FALSE
20021026,2002-10-26,2002,4,Q4,10,October,Oct,43,26,6,26A2,TRUE
20021027,2002-10-27,2002,4,Q4,10,October,Oct,43,27,0,27A2,TRUE
20021028,2002-10-28,2002,4,Q4,10,October,Oct,44,28,1,28A2,FALSE
20021029,2002-10-29,2002,4,Q4,10,October,Oct,44,29,2,29A2,FALSE
20021030,2002-10-30,2002,4,Q4,10,October,Oct,44,30,3,30A2,FALSE
20021031,2002-10-31,2002,4,Q4,10,October,Oct,44,31,4,31A2,FALSE
20021101,2002-11-01,2002,4,Q4,11,November,Nov,44,1,5,1A2,FALSE
20021102,2002-11-02,2002,4,Q4,11,November,Nov,44,2,6,2A2,TRUE
20021103,2002-11-03,2002,4,Q4,11,November,Nov,44,3,0,3A2,TRUE
20021104,2002-11-04,2002,4,Q4,11,November,Nov,45,4,1,4A2,FALSE
20021105,2002-11-05,2002,4,Q4,11,November,Nov,45,5,2,5A2,FALSE
20021106,2002-11-06,2002,4,Q4,11,November,Nov,45,6,3,6A2,FALSE
20021107,2002-11-07,2002,4,Q4,11,November,Nov,45,7,4,7A2,FALSE
20021108,2002-11-08,2002,4,Q4,11,November,Nov,45,8,5,8A2,FALSE
20021109,2002-11-09,2002,4,Q4,11,November,Nov,45,9,6,9A2,TRUE
20021110,2002-11-10,2002,4,Q4,11,November,Nov,45,10,0,10A2,TRUE
20021111,2002-11-11,2002,4,Q4,11,November,Nov,46,11,1,11A2,FALSE
20021112,2002-11-12,2002,4,Q4,11,November,Nov,46,12,2,12A2,FALSE
20021113,2002-11-13,2002,4,Q4,11,November,Nov,46,13,3,13A2,FALSE
20021114,2002-11-14,2002,4,Q4,11,November,Nov,46,14,4,14A2,FALSE
20021115,2002-11-15,2002,4,Q4,11,November,Nov,46,15,5,15A2,FALSE
20021116,2002-11-16,2002,4,Q4,11,November,Nov,46,16,6,16A2,TRUE
20021117,2002-11-17,2002,4,Q4,11,November,Nov,46,17,0,17A2,TRUE
20021118,2002-11-18,2002,4,Q4,11,November,Nov,47,18,1,18A2,FALSE
20021119,2002-11-19,2002,4,Q4,11,November,Nov,47,19,2,19A2,FALSE
20021120,2002-11-20,2002,4,Q4,11,November,Nov,47,20,3,20A2,FALSE
20021121,2002-11-21,2002,4,Q4,11,November,Nov,47,21,4,21A2,FALSE
20021122,2002-11-22,2002,4,Q4,11,November,Nov,47,22,5,22A2,FALSE
20021123,2002-11-23,2002,4,Q4,11,November,Nov,47,23,6,23A2,TRUE
20021124,2002-11-24,2002,4,Q4,11,November,Nov,47,24,0,24A2,TRUE
20021125,2002-11-25,2002,4,Q4,11,November,Nov,48,25,1,25A2,FALSE
20021126,2002-11-26,2002,4,Q4,11,November,Nov,48,26,2,26A2,FALSE
20021127,2002-11-27,2002,4,Q4,11,November,Nov,48,27,3,27A2,FALSE
20021128,2002-11-28,2002,4,Q4,11,November,Nov,48,28,4,28A2,FALSE
20021129,2002-11-29,2002,4,Q4,11,November,Nov,48,29,5,29A2,FALSE
20021130,2002-11-30,2002,4,Q4,11,November,Nov,48,30,6,30A2,TRUE
20021201,2002-12-01,2002,4,Q4,12,December,Dec,48,1,0,1A2,TRUE
20021202,2002-12-02,2002,4,Q4,12,December,Dec,49,2,1,2A2,FALSE
20021203,2002-12-03,2002,4,Q4,12,December,Dec,49,3,2,3A2,FALSE
20021204,2002-12-04,2002,4,Q4,12,December,Dec,49,4,3,4A2,FALSE
20021205,2002-12-05,2002,4,Q4,12,December,Dec,49,5,4,5A2,FALSE
20021206,2002-12-06,2002,4,Q4,12,December,Dec,49,6,5,6A2,FALSE
20021207,2002-12-07,2002,4,Q4,12,December,Dec,49,7,6,7A2,TRUE
20021208,2002-12-08,2002,4,Q4,12,December,Dec,49,8,0,8A2,TRUE
20021209,2002-12-09,2002,4,Q4,12,December,Dec,50,9,1,9A2,FALSE
20021210,2002-12-10,2002,4,Q4,12,December,Dec,50,10,2,10A2,FALSE
20021211,2002-12-11,2002,4,Q4,12,December,Dec,50,11,3,11A2,FALSE
20021212,2002-12-12,2002,4,Q4,12,December,Dec,50,12,4,12A2,FALSE
20021213,2002-12-13,2002,4,Q4,12,December,Dec,50,13,5,13A2,FALSE
20021214,2002-12-14,2002,4,Q4,12,December,Dec,50,14,6,14A2,TRUE
20021215,2002-12-15,2002,4,Q4,12,December,Dec,50,15,0,15A2,TRUE
20021216,2002-12-16,2002,4,Q4,12,December,Dec,51,16,1,16A2,FALSE
20021217,2002-12-17,2002,4,Q4,12,December,Dec,51,17,2,17A2,FALSE
20021218,2002-12-18,2002,4,Q4,12,December,Dec,51,18,3,18A2,FALSE
20021219,2002-12-19,2002,4,Q4,12,December,Dec,51,19,4,19A2,FALSE
20021220,2002-12-20,2002,4,Q4,12,December,Dec,51,20,5,20A2,FALSE
20021221,2002-12-21,2002,4,Q4,12,December,Dec,51,21,6,21A2,TRUE
20021222,2002-12-22,2002,4,Q4,12,December,Dec,51,22,0,22A2,TRUE
20021223,2002-12-23,2002,4,Q4,12,December,Dec,52,23,1,23A2,FALSE
20021224,2002-12-24,2002,4,Q4,12,December,Dec,52,24,2,24A2,FALSE
20021225,2002-12-25,2002,4,Q4,12,December,Dec,52,25,3,25A2,FALSE
20021226,2002-12-26,2002,4,Q4,12,December,Dec,52,26,4,26A2,FALSE
20021227,2002-12-27,2002,4,Q4,12,December,Dec,52,27,5,27A2,FALSE
20021228,2002-12-28,2002,4,Q4,12,December,Dec,52,28,6,28A2,TRUE
20021229,2002-12-29,2002,4,Q4,12,December,Dec,52,29,0,29A2,TRUE
20021230,2002-12-30,2002,4,Q4,12,December,Dec,1,30,1,30A2,FALSE
20021231,2002-12-31,2002,4,Q4,12,December,Dec,1,31,2,31A2,FALSE
20030101,2003-01-01,2003,1,Q1,1,January,Jan,1,1,3,1A3,FALSE
20030102,2003-01-02,2003,1,Q1,1,January,Jan,1,2,4,2A3,FALSE
20030103,2003-01-03,2003,1,Q1,1,January,Jan,1,3,5,3A3,FALSE
20030104,2003-01-04,2003,1,Q1,1,January,Jan,1,4,6,4A3,TRUE
20030105,2003-01-05,2003,1,Q1,1,January,Jan,1,5,0,5A3,TRUE
20030106,2003-01-06,2003,1,Q1,1,January,Jan,2,6,1,6A3,FALSE
20030107,2003-01-07,2003,1,Q1,1,January,Jan,2,7,2,7A3,FALSE
20030108,2003-01-08,2003,1,Q1,1,January,Jan,2,8,3,8A3,FALSE
20030109,2003-01-09,2003,1,Q1,1,January,Jan,2,9,4,9A3,FALSE
20030110,2003-01-10,2003,1,Q1,1,January,Jan,2,10,5,10A3,FALSE
20030111,2003-01-11,2003,1,Q1,1,January,Jan,2,11,6,11A3,TRUE
20030112,2003-01-12,2003,1,Q1,1,January,Jan,2,12,0,12A3,TRUE
20030113,2003-01-13,2003,1,Q1,1,January,Jan,3,13,1,13A3,FALSE
20030114,2003-01-14,2003,1,Q1,1,January,Jan,3,14,2,14A3,FALSE
20030115,2003-01-15,2003,1,Q1,1,January,Jan,3,15,3,15A3,FALSE
20030116,2003-01-16,2003,1,Q1,1,January,Jan,3,16,4,16A3,FALSE
20030117,2003-01-17,2003,1,Q1,1,January,Jan,3,17,5,17A3,FALSE
20030118,2003-01-18,2003,1,Q1,1,January,Jan,3,18,6,18A3,TRUE
20030119,2003-01-19,2003,1,Q1,1,January,Jan,3,19,0,19A3,TRUE
20030120,2003-01-20,2003,1,Q1,1,January,Jan,4,20,1,20A3,FALSE
20030121,2003-01-21,2003,1,Q1,1,January,Jan,4,21,2,21A3,FALSE
20030122,2003-01-22,2003,1,Q1,1,January,Jan,4,22,3,22A3,FALSE
20030123,2003-01-23,2003,1,Q1,1,January,Jan,4,23,4,23A3,FALSE
20030124,2003-01-24,2003,1,Q1,1,January,Jan,4,24,5,24A3,FALSE
20030125,2003-01-25,2003,1,Q1,1,January,Jan,4,25,6,25A3,TRUE
20030126,2003-01-26,2003,1,Q1,1,January,Jan,4,26,0,26A3,TRUE
20030127,2003-01-27,2003,1,Q1,1,January,Jan,5,27,1,27A3,FALSE
20030128,2003-01-28,2003,1,Q1,1,January,Jan,5,28,2,28A3,FALSE
20030129,2003-01-29,2003,1,Q1,1,January,Jan,5,29,3,29A3,FALSE
20030130,2003-01-30,2003,1,Q1,1,January,Jan,5,30,4,30A3,FALSE
20030131,2003-01-31,2003,1,Q1,1,January,Jan,5,31,5,31A3,FALSE
20030201,2003-02-01,2003,1,Q1,2,February,Feb,5,1,6,1A3,TRUE
20030202,2003-02-02,2003,1,Q1,2,February,Feb,5,2,0,2A3,TRUE
20030203,2003-02-03,2003,1,Q1,2,February,Feb,6,3,1,3A3,FALSE
20030204,2003-02-04,2003,1,Q1,2,February,Feb,6,4,2,4A3,FALSE
20030205,2003-02-05,2003,1,Q1,2,February,Feb,6,5,3,5A3,FALSE
20030206,2003-02-06,2003,1,Q1,2,February,Feb,6,6,4,6A3,FALSE
20030207,2003-02-07,2003,1,Q1,2,February,Feb,6,7,5,7A3,FALSE
20030208,2003-02-08,2003,1,Q1,2,February,Feb,6,8,6,8A3,TRUE
20030209,2003-02-09,2003,1,Q1,2,February,Feb,6,9,0,9A3,TRUE
20030210,2003-02-10,2003,1,Q1,2,February,Feb,7,10,1,10A3,FALSE
20030211,2003-02-11,2003,1,Q1,2,February,Feb,7,11,2,11A3,FALSE
20030212,2003-02-12,2003,1,Q1,2,February,Feb,7,12,3,12A3,FALSE
20030213,2003-02-13,2003,1,Q1,2,February,Feb,7,13,4,13A3,FALSE
20030214,2003-02-14,2003,1,Q1,2,February,Feb,7,14,5,14A3,FALSE
20030215,2003-02-15,2003,1,Q1,2,February,Feb,7,15,6,15A3,TRUE
20030216,2003-02-16,2003,1,Q1,2,February,Feb,7,16,0,16A3,TRUE
20030217,2003-02-17,2003,1,Q1,2,February,Feb,8,17,1,17A3,FALSE
20030218,2003-02-18,2003,1,Q1,2,February,Feb,8,18,2,18A3,FALSE
20030219,2003-02-19,2003,1,Q1,2,February,Feb,8,19,3,19A3,FALSE
20030220,2003-02-20,2003,1,Q1,2,February,Feb,8,20,4,20A3,FALSE
20030221,2003-02-21,2003,1,Q1,2,February,Feb,8,21,5,21A3,FALSE
20030222,2003-02-22,2003,1,Q1,2,February,Feb,8,22,6,22A3,TRUE
20030223,2003-02-23,2003,1,Q1,2,February,Feb,8,23,0,23A3,TRUE
20030224,2003-02-24,2003,1,Q1,2,February,Feb,9,24,1,24A3,FALSE
20030225,2003-02-25,2003,1,Q1,2,February,Feb,9,25,2,25A3,FALSE
20030226,2003-02-26,2003,1,Q1,2,February,Feb,9,26,3,26A3,FALSE
20030227,2003-02-27,2003,1,Q1,2,February,Feb,9,27,4,27A3,FALSE
20030228,2003-02-28,2003,1,Q1,2,February,Feb,9,28,5,28A3,FALSE
20030301,2003-03-01,2003,1,Q1,3,March,Mar,9,1,6,1A3,TRUE
20030302,2003-03-02,2003,1,Q1,3,March,Mar,9,2,0,2A3,TRUE
20030303,2003-03-03,2003,1,Q1,3,March,Mar,10,3,1,3A3,FALSE
20030304,2003-03-04,2003,1,Q1,3,March,Mar,10,4,2,4A3,FALSE
20030305,2003-03-05,2003,1,Q1,3,March,Mar,10,5,3,5A3,FALSE
20030306,2003-03-06,2003,1,Q1,3,March,Mar,10,6,4,6A3,FALSE
20030307,2003-03-07,2003,1,Q1,3,March,Mar,10,7,5,7A3,FALSE
20030308,2003-03-08,2003,1,Q1,3,March,Mar,10,8,6,8A3,TRUE
20030309,2003-03-09,2003,1,Q1,3,March,Mar,10,9,0,9A3,TRUE
20030310,2003-03-10,2003,1,Q1,3,March,Mar,11,10,1,10A3,FALSE
20030311,2003-03-11,2003,1,Q1,3,March,Mar,11,11,2,11A3,FALSE
20030312,2003-03-12,2003,1,Q1,3,March,Mar,11,12,3,12A3,FALSE
20030313,2003-03-13,2003,1,Q1,3,March,Mar,11,13,4,13A3,FALSE
20030314,2003-03-14,2003,1,Q1,3,March,Mar,11,14,5,14A3,FALSE
20030315,2003-03-15,2003,1,Q1,3,March,Mar,11,15,6,15A3,TRUE
20030316,2003-03-16,2003,1,Q1,3,March,Mar,11,16,0,16A3,TRUE
20030317,2003-03-17,2003,1,Q1,3,March,Mar,12,17,1,17A3,FALSE
20030318,2003-03-18,2003,1,Q1,3,March,Mar,12,18,2,18A3,FALSE
20030319,2003-03-19,2003,1,Q1,3,March,Mar,12,19,3,19A3,FALSE
20030320,2003-03-20,2003,1,Q1,3,March,Mar,12,20,4,20A3,FALSE
20030321,2003-03-21,2003,1,Q1,3,March,Mar,12,21,5,21A3,FALSE
20030322,2003-03-22,2003,1,Q1,3,March,Mar,12,22,6,22A3,TRUE
20030323,2003-03-23,2003,1,Q1,3,March,Mar,12,23,0,23A3,TRUE
20030324,2003-03-24,2003,1,Q1,3,March,Mar,13,24,1,24A3,FALSE
20030325,2003-03-25,2003,1,Q1,3,March,Mar,13,25,2,25A3,FALSE
20030326,2003-03-26,2003,1,Q1,3,March,Mar,13,26,3,26A3,FALSE
20030327,2003-03-27,2003,1,Q1,3,March,Mar,13,27,4,27A3,FALSE
20030328,2003-03-28,2003,1,Q1,3,March,Mar,13,28,5,28A3,FALSE
20030329,2003-03-29,2003,1,Q1,3,March,Mar,13,29,6,29A3,TRUE
20030330,2003-03-30,2003,1,Q1,3,March,Mar,13,30,0,30A3,TRUE
20030331,2003-03-31,2003,1,Q1,3,March,Mar,14,31,1,31A3,FALSE
20030401,2003-04-01,2003,2,Q2,4,April,Apr,14,1,2,1A3,FALSE
20030402,2003-04-02,2003,2,Q2,4,April,Apr,14,2,3,2A3,FALSE
20030403,2003-04-03,2003,2,Q2,4,April,Apr,14,3,4,3A3,FALSE
20030404,2003-04-04,2003,2,Q2,4,April,Apr,14,4,5,4A3,FALSE
20030405,2003-04-05,2003,2,Q2,4,April,Apr,14,5,6,5A3,TRUE
20030406,2003-04-06,2003,2,Q2,4,April,Apr,14,6,0,6A3,TRUE
20030407,2003-04-07,2003,2,Q2,4,April,Apr,15,7,1,7A3,FALSE
20030408,2003-04-08,2003,2,Q2,4,April,Apr,15,8,2,8A3,FALSE
20030409,2003-04-09,2003,2,Q2,4,April,Apr,15,9,3,9A3,FALSE
20030410,2003-04-10,2003,2,Q2,4,April,Apr,15,10,4,10A3,FALSE
20030411,2003-04-11,2003,2,Q2,4,April,Apr,15,11,5,11A3,FALSE
20030412,2003-04-12,2003,2,Q2,4,April,Apr,15,12,6,12A3,TRUE
20030413,2003-04-13,2003,2,Q2,4,April,Apr,15,13,0,13A3,TRUE
20030414,2003-04-14,2003,2,Q2,4,April,Apr,16,14,1,14A3,FALSE
20030415,2003-04-15,2003,2,Q2,4,April,Apr,16,15,2,15A3,FALSE
20030416,2003-04-16,2003,2,Q2,4,April,Apr,16,16,3,16A3,FALSE
20030417,2003-04-17,2003,2,Q2,4,April,Apr,16,17,4,17A3,FALSE
20030418,2003-04-18,2003,2,Q2,4,April,Apr,16,18,5,18A3,FALSE
20030419,2003-04-19,2003,2,Q2,4,April,Apr,16,19,6,19A3,TRUE
20030420,2003-04-20,2003,2,Q2,4,April,Apr,16,20,0,20A3,TRUE
20030421,2003-04-21,2003,2,Q2,4,April,Apr,17,21,1,21A3,FALSE
20030422,2003-04-22,2003,2,Q2,4,April,Apr,17,22,2,22A3,FALSE
20030423,2003-04-23,2003,2,Q2,4,April,Apr,17,23,3,23A3,FALSE
20030424,2003-04-24,2003,2,Q2,4,April,Apr,17,24,4,24A3,FALSE
20030425,2003-04-25,2003,2,Q2,4,April,Apr,17,25,5,25A3,FALSE
20030426,2003-04-26,2003,2,Q2,4,April,Apr,17,26,6,26A3,TRUE
20030427,2003-04-27,2003,2,Q2,4,April,Apr,17,27,0,27A3,TRUE
20030428,2003-04-28,2003,2,Q2,4,April,Apr,18,28,1,28A3,FALSE
20030429,2003-04-29,2003,2,Q2,4,April,Apr,18,29,2,29A3,FALSE
20030430,2003-04-30,2003,2,Q2,4,April,Apr,18,30,3,30A3,FALSE
20030501,2003-05-01,2003,2,Q2,5,May,May,18,1,4,1A3,FALSE
20030502,2003-05-02,2003,2,Q2,5,May,May,18,2,5,2A3,FALSE
20030503,2003-05-03,2003,2,Q2,5,May,May,18,3,6,3A3,TRUE
20030504,2003-05-04,2003,2,Q2,5,May,May,18,4,0,4A3,TRUE
20030505,2003-05-05,2003,2,Q2,5,May,May,19,5,1,5A3,FALSE
20030506,2003-05-06,2003,2,Q2,5,May,May,19,6,2,6A3,FALSE
20030507,2003-05-07,2003,2,Q2,5,May,May,19,7,3,7A3,FALSE
20030508,2003-05-08,2003,2,Q2,5,May,May,19,8,4,8A3,FALSE
20030509,2003-05-09,2003,2,Q2,5,May,May,19,9,5,9A3,FALSE
20030510,2003-05-10,2003,2,Q2,5,May,May,19,10,6,10A3,TRUE
20030511,2003-05-11,2003,2,Q2,5,May,May,19,11,0,11A3,TRUE
20030512,2003-05-12,2003,2,Q2,5,May,May,20,12,1,12A3,FALSE
20030513,2003-05-13,2003,2,Q2,5,May,May,20,13,2,13A3,FALSE
20030514,2003-05-14,2003,2,Q2,5,May,May,20,14,3,14A3,FALSE
20030515,2003-05-15,2003,2,Q2,5,May,May,20,15,4,15A3,FALSE
20030516,2003-05-16,2003,2,Q2,5,May,May,20,16,5,16A3,FALSE
20030517,2003-05-17,2003,2,Q2,5,May,May,20,17,6,17A3,TRUE
20030518,2003-05-18,2003,2,Q2,5,May,May,20,18,0,18A3,TRUE
20030519,2003-05-19,2003,2,Q2,5,May,May,21,19,1,19A3,FALSE
20030520,2003-05-20,2003,2,Q2,5,May,May,21,20,2,20A3,FALSE
20030521,2003-05-21,2003,2,Q2,5,May,May,21,21,3,21A3,FALSE
20030522,2003-05-22,2003,2,Q2,5,May,May,21,22,4,22A3,FALSE
20030523,2003-05-23,2003,2,Q2,5,May,May,21,23,5,23A3,FALSE
20030524,2003-05-24,2003,2,Q2,5,May,May,21,24,6,24A3,TRUE
20030525,2003-05-25,2003,2,Q2,5,May,May,21,25,0,25A3,TRUE
20030526,2003-05-26,2003,2,Q2,5,May,May,22,26,1,26A3,FALSE
20030527,2003-05-27,2003,2,Q2,5,May,May,22,27,2,27A3,FALSE
20030528,2003-05-28,2003,2,Q2,5,May,May,22,28,3,28A3,FALSE
20030529,2003-05-29,2003,2,Q2,5,May,May,22,29,4,29A3,FALSE
20030530,2003-05-30,2003,2,Q2,5,May,May,22,30,5,30A3,FALSE
20030531,2003-05-31,2003,2,Q2,5,May,May,22,31,6,31A3,TRUE
20030601,2003-06-01,2003,2,Q2,6,June,Jun,22,1,0,1A3,TRUE
20030602,2003-06-02,2003,2,Q2,6,June,Jun,23,2,1,2A3,FALSE
20030603,2003-06-03,2003,2,Q2,6,June,Jun,23,3,2,3A3,FALSE
20030604,2003-06-04,2003,2,Q2,6,June,Jun,23,4,3,4A3,FALSE
20030605,2003-06-05,2003,2,Q2,6,June,Jun,23,5,4,5A3,FALSE
20030606,2003-06-06,2003,2,Q2,6,June,Jun,23,6,5,6A3,FALSE
20030607,2003-06-07,2003,2,Q2,6,June,Jun,23,7,6,7A3,TRUE
20030608,2003-06-08,2003,2,Q2,6,June,Jun,23,8,0,8A3,TRUE
20030609,2003-06-09,2003,2,Q2,6,June,Jun,24,9,1,9A3,FALSE
20030610,2003-06-10,2003,2,Q2,6,June,Jun,24,10,2,10A3,FALSE
20030611,2003-06-11,2003,2,Q2,6,June,Jun,24,11,3,11A3,FALSE
20030612,2003-06-12,2003,2,Q2,6,June,Jun,24,12,4,12A3,FALSE
20030613,2003-06-13,2003,2,Q2,6,June,Jun,24,13,5,13A3,FALSE
20030614,2003-06-14,2003,2,Q2,6,June,Jun,24,14,6,14A3,TRUE
20030615,2003-06-15,2003,2,Q2,6,June,Jun,24,15,0,15A3,TRUE
20030616,2003-06-16,2003,2,Q2,6,June,Jun,25,16,1,16A3,FALSE
20030617,2003-06-17,2003,2,Q2,6,June,Jun,25,17,2,17A3,FALSE
20030618,2003-06-18,2003,2,Q2,6,June,Jun,25,18,3,18A3,FALSE
20030619,2003-06-19,2003,2,Q2,6,June,Jun,25,19,4,19A3,FALSE
20030620,2003-06-20,2003,2,Q2,6,June,Jun,25,20,5,20A3,FALSE
20030621,2003-06-21,2003,2,Q2,6,June,Jun,25,21,6,21A3,TRUE
20030622,2003-06-22,2003,2,Q2,6,June,Jun,25,22,0,22A3,TRUE
20030623,2003-06-23,2003,2,Q2,6,June,Jun,26,23,1,23A3,FALSE
20030624,2003-06-24,2003,2,Q2,6,June,Jun,26,24,2,24A3,FALSE
20030625,2003-06-25,2003,2,Q2,6,June,Jun,26,25,3,25A3,FALSE
20030626,2003-06-26,2003,2,Q2,6,June,Jun,26,26,4,26A3,FALSE
20030627,2003-06-27,2003,2,Q2,6,June,Jun,26,27,5,27A3,FALSE
20030628,2003-06-28,2003,2,Q2,6,June,Jun,26,28,6,28A3,TRUE
20030629,2003-06-29,2003,2,Q2,6,June,Jun,26,29,0,29A3,TRUE
20030630,2003-06-30,2003,2,Q2,6,June,Jun,27,30,1,30A3,FALSE
20030701,2003-07-01,2003,3,Q3,7,July,Jul,27,1,2,1A3,FALSE
20030702,2003-07-02,2003,3,Q3,7,July,Jul,27,2,3,2A3,FALSE
20030703,2003-07-03,2003,3,Q3,7,July,Jul,27,3,4,3A3,FALSE
20030704,2003-07-04,2003,3,Q3,7,July,Jul,27,4,5,4A3,FALSE
20030705,2003-07-05,2003,3,Q3,7,July,Jul,27,5,6,5A3,TRUE
20030706,2003-07-06,2003,3,Q3,7,July,Jul,27,6,0,6A3,TRUE
20030707,2003-07-07,2003,3,Q3,7,July,Jul,28,7,1,7A3,FALSE
20030708,2003-07-08,2003,3,Q3,7,July,Jul,28,8,2,8A3,FALSE
20030709,2003-07-09,2003,3,Q3,7,July,Jul,28,9,3,9A3,FALSE
20030710,2003-07-10,2003,3,Q3,7,July,Jul,28,10,4,10A3,FALSE
20030711,2003-07-11,2003,3,Q3,7,July,Jul,28,11,5,11A3,FALSE
20030712,2003-07-12,2003,3,Q3,7,July,Jul,28,12,6,12A3,TRUE
20030713,2003-07-13,2003,3,Q3,7,July,Jul,28,13,0,13A3,TRUE
20030714,2003-07-14,2003,3,Q3,7,July,Jul,29,14,1,14A3,FALSE
20030715,2003-07-15,2003,3,Q3,7,July,Jul,29,15,2,15A3,FALSE
20030716,2003-07-16,2003,3,Q3,7,July,Jul,29,16,3,16A3,FALSE
20030717,2003-07-17,2003,3,Q3,7,July,Jul,29,17,4,17A3,FALSE
20030718,2003-07-18,2003,3,Q3,7,July,Jul,29,18,5,18A3,FALSE
20030719,2003-07-19,2003,3,Q3,7,July,Jul,29,19,6,19A3,TRUE
20030720,2003-07-20,2003,3,Q3,7,July,Jul,29,20,0,20A3,TRUE
20030721,2003-07-21,2003,3,Q3,7,July,Jul,30,21,1,21A3,FALSE
20030722,2003-07-22,2003,3,Q3,7,July,Jul,30,22,2,22A3,FALSE
20030723,2003-07-23,2003,3,Q3,7,July,Jul,30,23,3,23A3,FALSE
20030724,2003-07-24,2003,3,Q3,7,July,Jul,30,24,4,24A3,FALSE
20030725,2003-07-25,2003,3,Q3,7,July,Jul,30,25,5,25A3,FALSE
20030726,2003-07-26,2003,3,Q3,7,July,Jul,30,26,6,26A3,TRUE
20030727,2003-07-27,2003,3,Q3,7,July,Jul,30,27,0,27A3,TRUE
20030728,2003-07-28,2003,3,Q3,7,July,Jul,31,28,1,28A3,FALSE
20030729,2003-07-29,2003,3,Q3,7,July,Jul,31,29,2,29A3,FALSE
20030730,2003-07-30,2003,3,Q3,7,July,Jul,31,30,3,30A3,FALSE
20030731,2003-07-31,2003,3,Q3,7,July,Jul,31,31,4,31A3,FALSE
20030801,2003-08-01,2003,3,Q3,8,August,Aug,31,1,5,1A3,FALSE
20030802,2003-08-02,2003,3,Q3,8,August,Aug,31,2,6,2A3,TRUE
20030803,2003-08-03,2003,3,Q3,8,August,Aug,31,3,0,3A3,TRUE
20030804,2003-08-04,2003,3,Q3,8,August,Aug,32,4,1,4A3,FALSE
20030805,2003-08-05,2003,3,Q3,8,August,Aug,32,5,2,5A3,FALSE
20030806,2003-08-06,2003,3,Q3,8,August,Aug,32,6,3,6A3,FALSE
20030807,2003-08-07,2003,3,Q3,8,August,Aug,32,7,4,7A3,FALSE
20030808,2003-08-08,2003,3,Q3,8,August,Aug,32,8,5,8A3,FALSE
20030809,2003-08-09,2003,3,Q3,8,August,Aug,32,9,6,9A3,TRUE
20030810,2003-08-10,2003,3,Q3,8,August,Aug,32,10,0,10A3,TRUE
20030811,2003-08-11,2003,3,Q3,8,August,Aug,33,11,1,11A3,FALSE
20030812,2003-08-12,2003,3,Q3,8,August,Aug,33,12,2,12A3,FALSE
20030813,2003-08-13,2003,3,Q3,8,August,Aug,33,13,3,13A3,FALSE
20030814,2003-08-14,2003,3,Q3,8,August,Aug,33,14,4,14A3,FALSE
20030815,2003-08-15,2003,3,Q3,8,August,Aug,33,15,5,15A3,FALSE
20030816,2003-08-16,2003,3,Q3,8,August,Aug,33,16,6,16A3,TRUE
20030817,2003-08-17,2003,3,Q3,8,August,Aug,33,17,0,17A3,TRUE
20030818,2003-08-18,2003,3,Q3,8,August,Aug,34,18,1,18A3,FALSE
20030819,2003-08-19,2003,3,Q3,8,August,Aug,34,19,2,19A3,FALSE
20030820,2003-08-20,2003,3,Q3,8,August,Aug,34,20,3,20A3,FALSE
20030821,2003-08-21,2003,3,Q3,8,August,Aug,34,21,4,21A3,FALSE
20030822,2003-08-22,2003,3,Q3,8,August,Aug,34,22,5,22A3,FALSE
20030823,2003-08-23,2003,3,Q3,8,August,Aug,34,23,6,23A3,TRUE
20030824,2003-08-24,2003,3,Q3,8,August,Aug,34,24,0,24A3,TRUE
20030825,2003-08-25,2003,3,Q3,8,August,Aug,35,25,1,25A3,FALSE
20030826,2003-08-26,2003,3,Q3,8,August,Aug,35,26,2,26A3,FALSE
20030827,2003-08-27,2003,3,Q3,8,August,Aug,35,27,3,27A3,FALSE
20030828,2003-08-28,2003,3,Q3,8,August,Aug,35,28,4,28A3,FALSE
20030829,2003-08-29,2003,3,Q3,8,August,Aug,35,29,5,29A3,FALSE
20030830,2003-08-30,2003,3,Q3,8,August,Aug,35,30,6,30A3,TRUE
20030831,2003-08-31,2003,3,Q3,8,August,Aug,35,31,0,31A3,TRUE
20030901,2003-09-01,2003,3,Q3,9,September,Sep,36,1,1,1A3,FALSE
20030902,2003-09-02,2003,3,Q3,9,September,Sep,36,2,2,2A3,FALSE
20030903,2003-09-03,2003,3,Q3,9,September,Sep,36,3,3,3A3,FALSE
20030904,2003-09-04,2003,3,Q3,9,September,Sep,36,4,4,4A3,FALSE
20030905,2003-09-05,2003,3,Q3,9,September,Sep,36,5,5,5A3,FALSE
20030906,2003-09-06,2003,3,Q3,9,September,Sep,36,6,6,6A3,TRUE
20030907,2003-09-07,2003,3,Q3,9,September,Sep,36,7,0,7A3,TRUE
20030908,2003-09-08,2003,3,Q3,9,September,Sep,37,8,1,8A3,FALSE
20030909,2003-09-09,2003,3,Q3,9,September,Sep,37,9,2,9A3,FALSE
20030910,2003-09-10,2003,3,Q3,9,September,Sep,37,10,3,10A3,FALSE
20030911,2003-09-11,2003,3,Q3,9,September,Sep,37,11,4,11A3,FALSE
20030912,2003-09-12,2003,3,Q3,9,September,Sep,37,12,5,12A3,FALSE
20030913,2003-09-13,2003,3,Q3,9,September,Sep,37,13,6,13A3,TRUE
20030914,2003-09-14,2003,3,Q3,9,September,Sep,37,14,0,14A3,TRUE
20030915,2003-09-15,2003,3,Q3,9,September,Sep,38,15,1,15A3,FALSE
20030916,2003-09-16,2003,3,Q3,9,September,Sep,38,16,2,16A3,FALSE
20030917,2003-09-17,2003,3,Q3,9,September,Sep,38,17,3,17A3,FALSE
20030918,2003-09-18,2003,3,Q3,9,September,Sep,38,18,4,18A3,FALSE
20030919,2003-09-19,2003,3,Q3,9,September,Sep,38,19,5,19A3,FALSE
20030920,2003-09-20,2003,3,Q3,9,September,Sep,38,20,6,20A3,TRUE
20030921,2003-09-21,2003,3,Q3,9,September,Sep,38,21,0,21A3,TRUE
20030922,2003-09-22,2003,3,Q3,9,September,Sep,39,22,1,22A3,FALSE
20030923,2003-09-23,2003,3,Q3,9,September,Sep,39,23,2,23A3,FALSE
20030924,2003-09-24,2003,3,Q3,9,September,Sep,39,24,3,24A3,FALSE
20030925,2003-09-25,2003,3,Q3,9,September,Sep,39,25,4,25A3,FALSE
20030926,2003-09-26,2003,3,Q3,9,September,Sep,39,26,5,26A3,FALSE
20030927,2003-09-27,2003,3,Q3,9,September,Sep,39,27,6,27A3,TRUE
20030928,2003-09-28,2003,3,Q3,9,September,Sep,39,28,0,28A3,TRUE
20030929,2003-09-29,2003,3,Q3,9,September,Sep,40,29,1,29A3,FALSE
20030930,2003-09-30,2003,3,Q3,9,September,Sep,40,30,2,30A3,FALSE
20031001,2003-10-01,2003,4,Q4,10,October,Oct,40,1,3,1A3,FALSE
20031002,2003-10-02,2003,4,Q4,10,October,Oct,40,2,4,2A3,FALSE
20031003,2003-10-03,2003,4,Q4,10,October,Oct,40,3,5,3A3,FALSE
20031004,2003-10-04,2003,4,Q4,10,October,Oct,40,4,6,4A3,TRUE
20031005,2003-10-05,2003,4,Q4,10,October,Oct,40,5,0,5A3,TRUE
20031006,2003-10-06,2003,4,Q4,10,October,Oct,41,6,1,6A3,FALSE
20031007,2003-10-07,2003,4,Q4,10,October,Oct,41,7,2,7A3,FALSE
20031008,2003-10-08,2003,4,Q4,10,October,Oct,41,8,3,8A3,FALSE
20031009,2003-10-09,2003,4,Q4,10,October,Oct,41,9,4,9A3,FALSE
20031010,2003-10-10,2003,4,Q4,10,October,Oct,41,10,5,10A3,FALSE
20031011,2003-10-11,2003,4,Q4,10,October,Oct,41,11,6,11A3,TRUE
20031012,2003-10-12,2003,4,Q4,10,October,Oct,41,12,0,12A3,TRUE
20031013,2003-10-13,2003,4,Q4,10,October,Oct,42,13,1,13A3,FALSE
20031014,2003-10-14,2003,4,Q4,10,October,Oct,42,14,2,14A3,FALSE
20031015,2003-10-15,2003,4,Q4,10,October,Oct,42,15,3,15A3,FALSE
20031016,2003-10-16,2003,4,Q4,10,October,Oct,42,16,4,16A3,FALSE
20031017,2003-10-17,2003,4,Q4,10,October,Oct,42,17,5,17A3,FALSE
20031018,2003-10-18,2003,4,Q4,10,October,Oct,42,18,6,18A3,TRUE
20031019,2003-10-19,2003,4,Q4,10,October,Oct,42,19,0,19A3,TRUE
20031020,2003-10-20,2003,4,Q4,10,October,Oct,43,20,1,20A3,FALSE
20031021,2003-10-21,2003,4,Q4,10,October,Oct,43,21,2,21A3,FALSE
20031022,2003-10-22,2003,4,Q4,10,October,Oct,43,22,3,22A3,FALSE
20031023,2003-10-23,2003,4,Q4,10,October,Oct,43,23,4,23A3,FALSE
20031024,2003-10-24,2003,4,Q4,10,October,Oct,43,24,5,24A3,FALSE
20031025,2003-10-25,2003,4,Q4,10,October,Oct,43,25,6,25A3,TRUE
20031026,2003-10-26,2003,4,Q4,10,October,Oct,43,26,0,26A3,TRUE
20031027,2003-10-27,2003,4,Q4,10,October,Oct,44,27,1,27A3,FALSE
20031028,2003-10-28,2003,4,Q4,10,October,Oct,44,28,2,28A3,FALSE
20031029,2003-10-29,2003,4,Q4,10,October,Oct,44,29,3,29A3,FALSE
20031030,2003-10-30,2003,4,Q4,10,October,Oct,44,30,4,30A3,FALSE
20031031,2003-10-31,2003,4,Q4,10,October,Oct,44,31,5,31A3,FALSE
20031101,2003-11-01,2003,4,Q4,11,November,Nov,44,1,6,1A3,TRUE
20031102,2003-11-02,2003,4,Q4,11,November,Nov,44,2,0,2A3,TRUE
20031103,2003-11-03,2003,4,Q4,11,November,Nov,45,3,1,3A3,FALSE
20031104,2003-11-04,2003,4,Q4,11,November,Nov,45,4,2,4A3,FALSE
20031105,2003-11-05,2003,4,Q4,11,November,Nov,45,5,3,5A3,FALSE
20031106,2003-11-06,2003,4,Q4,11,November,Nov,45,6,4,6A3,FALSE
20031107,2003-11-07,2003,4,Q4,11,November,Nov,45,7,5,7A3,FALSE
20031108,2003-11-08,2003,4,Q4,11,November,Nov,45,8,6,8A3,TRUE
20031109,2003-11-09,2003,4,Q4,11,November,Nov,45,9,0,9A3,TRUE
20031110,2003-11-10,2003,4,Q4,11,November,Nov,46,10,1,10A3,FALSE
20031111,2003-11-11,2003,4,Q4,11,November,Nov,46,11,2,11A3,FALSE
20031112,2003-11-12,2003,4,Q4,11,November,Nov,46,12,3,12A3,FALSE
20031113,2003-11-13,2003,4,Q4,11,November,Nov,46,13,4,13A3,FALSE
20031114,2003-11-14,2003,4,Q4,11,November,Nov,46,14,5,14A3,FALSE
20031115,2003-11-15,2003,4,Q4,11,November,Nov,46,15,6,15A3,TRUE
20031116,2003-11-16,2003,4,Q4,11,November,Nov,46,16,0,16A3,TRUE
20031117,2003-11-17,2003,4,Q4,11,November,Nov,47,17,1,17A3,FALSE
20031118,2003-11-18,2003,4,Q4,11,November,Nov,47,18,2,18A3,FALSE
20031119,2003-11-19,2003,4,Q4,11,November,Nov,47,19,3,19A3,FALSE
20031120,2003-11-20,2003,4,Q4,11,November,Nov,47,20,4,20A3,FALSE
20031121,2003-11-21,2003,4,Q4,11,November,Nov,47,21,5,21A3,FALSE
20031122,2003-11-22,2003,4,Q4,11,November,Nov,47,22,6,22A3,TRUE
20031123,2003-11-23,2003,4,Q4,11,November,Nov,47,23,0,23A3,TRUE
20031124,2003-11-24,2003,4,Q4,11,November,Nov,48,24,1,24A3,FALSE
20031125,2003-11-25,2003,4,Q4,11,November,Nov,48,25,2,25A3,FALSE
20031126,2003-11-26,2003,4,Q4,11,November,Nov,48,26,3,26A3,FALSE
20031127,2003-11-27,2003,4,Q4,11,November,Nov,48,27,4,27A3,FALSE
20031128,2003-11-28,2003,4,Q4,11,November,Nov,48,28,5,28A3,FALSE
20031129,2003-11-29,2003,4,Q4,11,November,Nov,48,29,6,29A3,TRUE
20031130,2003-11-30,2003,4,Q4,11,November,Nov,48,30,0,30A3,TRUE
20031201,2003-12-01,2003,4,Q4,12,December,Dec,49,1,1,1A3,FALSE
20031202,2003-12-02,2003,4,Q4,12,December,Dec,49,2,2,2A3,FALSE
20031203,2003-12-03,2003,4,Q4,12,December,Dec,49,3,3,3A3,FALSE
20031204,2003-12-04,2003,4,Q4,12,December,Dec,49,4,4,4A3,FALSE
20031205,2003-12-05,2003,4,Q4,12,December,Dec,49,5,5,5A3,FALSE
20031206,2003-12-06,2003,4,Q4,12,December,Dec,49,6,6,6A3,TRUE
20031207,2003-12-07,2003,4,Q4,12,December,Dec,49,7,0,7A3,TRUE
20031208,2003-12-08,2003,4,Q4,12,December,Dec,50,8,1,8A3,FALSE
20031209,2003-12-09,2003,4,Q4,12,December,Dec,50,9,2,9A3,FALSE
20031210,2003-12-10,2003,4,Q4,12,December,Dec,50,10,3,10A3,FALSE
20031211,2003-12-11,2003,4,Q4,12,December,Dec,50,11,4,11A3,FALSE
20031212,2003-12-12,2003,4,Q4,12,December,Dec,50,12,5,12A3,FALSE
20031213,2003-12-13,2003,4,Q4,12,December,Dec,50,13,6,13A3,TRUE
20031214,2003-12-14,2003,4,Q4,12,December,Dec,50,14,0,14A3,TRUE
20031215,2003-12-15,2003,4,Q4,12,December,Dec,51,15,1,15A3,FALSE
20031216,2003-12-16,2003,4,Q4,12,December,Dec,51,16,2,16A3,FALSE
20031217,2003-12-17,2003,4,Q4,12,December,Dec,51,17,3,17A3,FALSE
20031218,2003-12-18,2003,4,Q4,12,December,Dec,51,18,4,18A3,FALSE
20031219,2003-12-19,2003,4,Q4,12,December,Dec,51,19,5,19A3,FALSE
20031220,2003-12-20,2003,4,Q4,12,December,Dec,51,20,6,20A3,TRUE
20031221,2003-12-21,2003,4,Q4,12,December,Dec,51,21,0,21A3,TRUE
20031222,2003-12-22,2003,4,Q4,12,December,Dec,52,22,1,22A3,FALSE
20031223,2003-12-23,2003,4,Q4,12,December,Dec,52,23,2,23A3,FALSE
20031224,2003-12-24,2003,4,Q4,12,December,Dec,52,24,3,24A3,FALSE
20031225,2003-12-25,2003,4,Q4,12,December,Dec,52,25,4,25A3,FALSE
20031226,2003-12-26,2003,4,Q4,12,December,Dec,52,26,5,26A3,FALSE
20031227,2003-12-27,2003,4,Q4,12,December,Dec,52,27,6,27A3,TRUE
20031228,2003-12-28,2003,4,Q4,12,December,Dec,52,28,0,28A3,TRUE
20031229,2003-12-29,2003,4,Q4,12,December,Dec,1,29,1,29A3,FALSE
20031230,2003-12-30,2003,4,Q4,12,December,Dec,1,30,2,30A3,FALSE
20031231,2003-12-31,2003,4,Q4,12,December,Dec,1,31,3,31A3,FALSE
20040101,2004-01-01,2004,1,Q1,1,January,Jan,1,1,4,1A4,FALSE
20040102,2004-01-02,2004,1,Q1,1,January,Jan,1,2,5,2A4,FALSE
20040103,2004-01-03,2004,1,Q1,1,January,Jan,1,3,6,3A4,TRUE
20040104,2004-01-04,2004,1,Q1,1,January,Jan,1,4,0,4A4,TRUE
20040105,2004-01-05,2004,1,Q1,1,January,Jan,2,5,1,5A4,FALSE
20040106,2004-01-06,2004,1,Q1,1,January,Jan,2,6,2,6A4,FALSE
20040107,2004-01-07,2004,1,Q1,1,January,Jan,2,7,3,7A4,FALSE
20040108,2004-01-08,2004,1,Q1,1,January,Jan,2,8,4,8A4,FALSE
20040109,2004-01-09,2004,1,Q1,1,January,Jan,2,9,5,9A4,FALSE
20040110,2004-01-10,2004,1,Q1,1,January,Jan,2,10,6,10A4,TRUE
20040111,2004-01-11,2004,1,Q1,1,January,Jan,2,11,0,11A4,TRUE
20040112,2004-01-12,2004,1,Q1,1,January,Jan,3,12,1,12A4,FALSE
20040113,2004-01-13,2004,1,Q1,1,January,Jan,3,13,2,13A4,FALSE
20040114,2004-01-14,2004,1,Q1,1,January,Jan,3,14,3,14A4,FALSE
20040115,2004-01-15,2004,1,Q1,1,January,Jan,3,15,4,15A4,FALSE
20040116,2004-01-16,2004,1,Q1,1,January,Jan,3,16,5,16A4,FALSE
20040117,2004-01-17,2004,1,Q1,1,January,Jan,3,17,6,17A4,TRUE
20040118,2004-01-18,2004,1,Q1,1,January,Jan,3,18,0,18A4,TRUE
20040119,2004-01-19,2004,1,Q1,1,January,Jan,4,19,1,19A4,FALSE
20040120,2004-01-20,2004,1,Q1,1,January,Jan,4,20,2,20A4,FALSE
20040121,2004-01-21,2004,1,Q1,1,January,Jan,4,21,3,21A4,FALSE
20040122,2004-01-22,2004,1,Q1,1,January,Jan,4,22,4,22A4,FALSE
20040123,2004-01-23,2004,1,Q1,1,January,Jan,4,23,5,23A4,FALSE
20040124,2004-01-24,2004,1,Q1,1,January,Jan,4,24,6,24A4,TRUE
20040125,2004-01-25,2004,1,Q1,1,January,Jan,4,25,0,25A4,TRUE
20040126,2004-01-26,2004,1,Q1,1,January,Jan,5,26,1,26A4,FALSE
20040127,2004-01-27,2004,1,Q1,1,January,Jan,5,27,2,27A4,FALSE
20040128,2004-01-28,2004,1,Q1,1,January,Jan,5,28,3,28A4,FALSE
20040129,2004-01-29,2004,1,Q1,1,January,Jan,5,29,4,29A4,FALSE
20040130,2004-01-30,2004,1,Q1,1,January,Jan,5,30,5,30A4,FALSE
20040131,2004-01-31,2004,1,Q1,1,January,Jan,5,31,6,31A4,TRUE
20040201,2004-02-01,2004,1,Q1,2,February,Feb,5,1,0,1A4,TRUE
20040202,2004-02-02,2004,1,Q1,2,February,Feb,6,2,1,2A4,FALSE
20040203,2004-02-03,2004,1,Q1,2,February,Feb,6,3,2,3A4,FALSE
20040204,2004-02-04,2004,1,Q1,2,February,Feb,6,4,3,4A4,FALSE
20040205,2004-02-05,2004,1,Q1,2,February,Feb,6,5,4,5A4,FALSE
20040206,2004-02-06,2004,1,Q1,2,February,Feb,6,6,5,6A4,FALSE
20040207,2004-02-07,2004,1,Q1,2,February,Feb,6,7,6,7A4,TRUE
20040208,2004-02-08,2004,1,Q1,2,February,Feb,6,8,0,8A4,TRUE
20040209,2004-02-09,2004,1,Q1,2,February,Feb,7,9,1,9A4,FALSE
20040210,2004-02-10,2004,1,Q1,2,February,Feb,7,10,2,10A4,FALSE
20040211,2004-02-11,2004,1,Q1,2,February,Feb,7,11,3,11A4,FALSE
20040212,2004-02-12,2004,1,Q1,2,February,Feb,7,12,4,12A4,FALSE
20040213,2004-02-13,2004,1,Q1,2,February,Feb,7,13,5,13A4,FALSE
20040214,2004-02-14,2004,1,Q1,2,February,Feb,7,14,6,14A4,TRUE
20040215,2004-02-15,2004,1,Q1,2,February,Feb,7,15,0,15A4,TRUE
20040216,2004-02-16,2004,1,Q1,2,February,Feb,8,16,1,16A4,FALSE
20040217,2004-02-17,2004,1,Q1,2,February,Feb,8,17,2,17A4,FALSE
20040218,2004-02-18,2004,1,Q1,2,February,Feb,8,18,3,18A4,FALSE
20040219,2004-02-19,2004,1,Q1,2,February,Feb,8,19,4,19A4,FALSE
20040220,2004-02-20,2004,1,Q1,2,February,Feb,8,20,5,20A4,FALSE
20040221,2004-02-21,2004,1,Q1,2,February,Feb,8,21,6,21A4,TRUE
20040222,2004-02-22,2004,1,Q1,2,February,Feb,8,22,0,22A4,TRUE
20040223,2004-02-23,2004,1,Q1,2,February,Feb,9,23,1,23A4,FALSE
20040224,2004-02-24,2004,1,Q1,2,February,Feb,9,24,2,24A4,FALSE
20040225,2004-02-25,2004,1,Q1,2,February,Feb,9,25,3,25A4,FALSE
20040226,2004-02-26,2004,1,Q1,2,February,Feb,9,26,4,26A4,FALSE
20040227,2004-02-27,2004,1,Q1,2,February,Feb,9,27,5,27A4,FALSE
20040228,2004-02-28,2004,1,Q1,2,February,Feb,9,28,6,28A4,TRUE
20040229,2004-02-29,2004,1,Q1,2,February,Feb,9,29,0,29A4,TRUE
20040301,2004-03-01,2004,1,Q1,3,March,Mar,10,1,1,1A4,FALSE
20040302,2004-03-02,2004,1,Q1,3,March,Mar,10,2,2,2A4,FALSE
20040303,2004-03-03,2004,1,Q1,3,March,Mar,10,3,3,3A4,FALSE
20040304,2004-03-04,2004,1,Q1,3,March,Mar,10,4,4,4A4,FALSE
20040305,2004-03-05,2004,1,Q1,3,March,Mar,10,5,5,5A4,FALSE
20040306,2004-03-06,2004,1,Q1,3,March,Mar,10,6,6,6A4,TRUE
20040307,2004-03-07,2004,1,Q1,3,March,Mar,10,7,0,7A4,TRUE
20040308,2004-03-08,2004,1,Q1,3,March,Mar,11,8,1,8A4,FALSE
20040309,2004-03-09,2004,1,Q1,3,March,Mar,11,9,2,9A4,FALSE
20040310,2004-03-10,2004,1,Q1,3,March,Mar,11,10,3,10A4,FALSE
20040311,2004-03-11,2004,1,Q1,3,March,Mar,11,11,4,11A4,FALSE
20040312,2004-03-12,2004,1,Q1,3,March,Mar,11,12,5,12A4,FALSE
20040313,2004-03-13,2004,1,Q1,3,March,Mar,11,13,6,13A4,TRUE
20040314,2004-03-14,2004,1,Q1,3,March,Mar,11,14,0,14A4,TRUE
20040315,2004-03-15,2004,1,Q1,3,March,Mar,12,15,1,15A4,FALSE
20040316,2004-03-16,2004,1,Q1,3,March,Mar,12,16,2,16A4,FALSE
20040317,2004-03-17,2004,1,Q1,3,March,Mar,12,17,3,17A4,FALSE
20040318,2004-03-18,2004,1,Q1,3,March,Mar,12,18,4,18A4,FALSE
20040319,2004-03-19,2004,1,Q1,3,March,Mar,12,19,5,19A4,FALSE
20040320,2004-03-20,2004,1,Q1,3,March,Mar,12,20,6,20A4,TRUE
20040321,2004-03-21,2004,1,Q1,3,March,Mar,12,21,0,21A4,TRUE
20040322,2004-03-22,2004,1,Q1,3,March,Mar,13,22,1,22A4,FALSE
20040323,2004-03-23,2004,1,Q1,3,March,Mar,13,23,2,23A4,FALSE
20040324,2004-03-24,2004,1,Q1,3,March,Mar,13,24,3,24A4,FALSE
20040325,2004-03-25,2004,1,Q1,3,March,Mar,13,25,4,25A4,FALSE
20040326,2004-03-26,2004,1,Q1,3,March,Mar,13,26,5,26A4,FALSE
20040327,2004-03-27,2004,1,Q1,3,March,Mar,13,27,6,27A4,TRUE
20040328,2004-03-28,2004,1,Q1,3,March,Mar,13,28,0,28A4,TRUE
20040329,2004-03-29,2004,1,Q1,3,March,Mar,14,29,1,29A4,FALSE
20040330,2004-03-30,2004,1,Q1,3,March,Mar,14,30,2,30A4,FALSE
20040331,2004-03-31,2004,1,Q1,3,March,Mar,14,31,3,31A4,FALSE
20040401,2004-04-01,2004,2,Q2,4,April,Apr,14,1,4,1A4,FALSE
20040402,2004-04-02,2004,2,Q2,4,April,Apr,14,2,5,2A4,FALSE
20040403,2004-04-03,2004,2,Q2,4,April,Apr,14,3,6,3A4,TRUE
20040404,2004-04-04,2004,2,Q2,4,April,Apr,14,4,0,4A4,TRUE
20040405,2004-04-05,2004,2,Q2,4,April,Apr,15,5,1,5A4,FALSE
20040406,2004-04-06,2004,2,Q2,4,April,Apr,15,6,2,6A4,FALSE
20040407,2004-04-07,2004,2,Q2,4,April,Apr,15,7,3,7A4,FALSE
20040408,2004-04-08,2004,2,Q2,4,April,Apr,15,8,4,8A4,FALSE
20040409,2004-04-09,2004,2,Q2,4,April,Apr,15,9,5,9A4,FALSE
20040410,2004-04-10,2004,2,Q2,4,April,Apr,15,10,6,10A4,TRUE
20040411,2004-04-11,2004,2,Q2,4,April,Apr,15,11,0,11A4,TRUE
20040412,2004-04-12,2004,2,Q2,4,April,Apr,16,12,1,12A4,FALSE
20040413,2004-04-13,2004,2,Q2,4,April,Apr,16,13,2,13A4,FALSE
20040414,2004-04-14,2004,2,Q2,4,April,Apr,16,14,3,14A4,FALSE
20040415,2004-04-15,2004,2,Q2,4,April,Apr,16,15,4,15A4,FALSE
20040416,2004-04-16,2004,2,Q2,4,April,Apr,16,16,5,16A4,FALSE
20040417,2004-04-17,2004,2,Q2,4,April,Apr,16,17,6,17A4,TRUE
20040418,2004-04-18,2004,2,Q2,4,April,Apr,16,18,0,18A4,TRUE
20040419,2004-04-19,2004,2,Q2,4,April,Apr,17,19,1,19A4,FALSE
20040420,2004-04-20,2004,2,Q2,4,April,Apr,17,20,2,20A4,FALSE
20040421,2004-04-21,2004,2,Q2,4,April,Apr,17,21,3,21A4,FALSE
20040422,2004-04-22,2004,2,Q2,4,April,Apr,17,22,4,22A4,FALSE
20040423,2004-04-23,2004,2,Q2,4,April,Apr,17,23,5,23A4,FALSE
20040424,2004-04-24,2004,2,Q2,4,April,Apr,17,24,6,24A4,TRUE
20040425,2004-04-25,2004,2,Q2,4,April,Apr,17,25,0,25A4,TRUE
20040426,2004-04-26,2004,2,Q2,4,April,Apr,18,26,1,26A4,FALSE
20040427,2004-04-27,2004,2,Q2,4,April,Apr,18,27,2,27A4,FALSE
20040428,2004-04-28,2004,2,Q2,4,April,Apr,18,28,3,28A4,FALSE
20040429,2004-04-29,2004,2,Q2,4,April,Apr,18,29,4,29A4,FALSE
20040430,2004-04-30,2004,2,Q2,4,April,Apr,18,30,5,30A4,FALSE
20040501,2004-05-01,2004,2,Q2,5,May,May,18,1,6,1A4,TRUE
20040502,2004-05-02,2004,2,Q2,5,May,May,18,2,0,2A4,TRUE
20040503,2004-05-03,2004,2,Q2,5,May,May,19,3,1,3A4,FALSE
20040504,2004-05-04,2004,2,Q2,5,May,May,19,4,2,4A4,FALSE
20040505,2004-05-05,2004,2,Q2,5,May,May,19,5,3,5A4,FALSE
20040506,2004-05-06,2004,2,Q2,5,May,May,19,6,4,6A4,FALSE
20040507,2004-05-07,2004,2,Q2,5,May,May,19,7,5,7A4,FALSE
20040508,2004-05-08,2004,2,Q2,5,May,May,19,8,6,8A4,TRUE
20040509,2004-05-09,2004,2,Q2,5,May,May,19,9,0,9A4,TRUE
20040510,2004-05-10,2004,2,Q2,5,May,May,20,10,1,10A4,FALSE
20040511,2004-05-11,2004,2,Q2,5,May,May,20,11,2,11A4,FALSE
20040512,2004-05-12,2004,2,Q2,5,May,May,20,12,3,12A4,FALSE
20040513,2004-05-13,2004,2,Q2,5,May,May,20,13,4,13A4,FALSE
20040514,2004-05-14,2004,2,Q2,5,May,May,20,14,5,14A4,FALSE
20040515,2004-05-15,2004,2,Q2,5,May,May,20,15,6,15A4,TRUE
20040516,2004-05-16,2004,2,Q2,5,May,May,20,16,0,16A4,TRUE
20040517,2004-05-17,2004,2,Q2,5,May,May,21,17,1,17A4,FALSE
20040518,2004-05-18,2004,2,Q2,5,May,May,21,18,2,18A4,FALSE
20040519,2004-05-19,2004,2,Q2,5,May,May,21,19,3,19A4,FALSE
20040520,2004-05-20,2004,2,Q2,5,May,May,21,20,4,20A4,FALSE
20040521,2004-05-21,2004,2,Q2,5,May,May,21,21,5,21A4,FALSE
20040522,2004-05-22,2004,2,Q2,5,May,May,21,22,6,22A4,TRUE
20040523,2004-05-23,2004,2,Q2,5,May,May,21,23,0,23A4,TRUE
20040524,2004-05-24,2004,2,Q2,5,May,May,22,24,1,24A4,FALSE
20040525,2004-05-25,2004,2,Q2,5,May,May,22,25,2,25A4,FALSE
20040526,2004-05-26,2004,2,Q2,5,May,May,22,26,3,26A4,FALSE
20040527,2004-05-27,2004,2,Q2,5,May,May,22,27,4,27A4,FALSE
20040528,2004-05-28,2004,2,Q2,5,May,May,22,28,5,28A4,FALSE
20040529,2004-05-29,2004,2,Q2,5,May,May,22,29,6,29A4,TRUE
20040530,2004-05-30,2004,2,Q2,5,May,May,22,30,0,30A4,TRUE
20040531,2004-05-31,2004,2,Q2,5,May,May,23,31,1,31A4,FALSE
20040601,2004-06-01,2004,2,Q2,6,June,Jun,23,1,2,1A4,FALSE
20040602,2004-06-02,2004,2,Q2,6,June,Jun,23,2,3,2A4,FALSE
20040603,2004-06-03,2004,2,Q2,6,June,Jun,23,3,4,3A4,FALSE
20040604,2004-06-04,2004,2,Q2,6,June,Jun,23,4,5,4A4,FALSE
20040605,2004-06-05,2004,2,Q2,6,June,Jun,23,5,6,5A4,TRUE
20040606,2004-06-06,2004,2,Q2,6,June,Jun,23,6,0,6A4,TRUE
20040607,2004-06-07,2004,2,Q2,6,June,Jun,24,7,1,7A4,FALSE
20040608,2004-06-08,2004,2,Q2,6,June,Jun,24,8,2,8A4,FALSE
20040609,2004-06-09,2004,2,Q2,6,June,Jun,24,9,3,9A4,FALSE
20040610,2004-06-10,2004,2,Q2,6,June,Jun,24,10,4,10A4,FALSE
20040611,2004-06-11,2004,2,Q2,6,June,Jun,24,11,5,11A4,FALSE
20040612,2004-06-12,2004,2,Q2,6,June,Jun,24,12,6,12A4,TRUE
20040613,2004-06-13,2004,2,Q2,6,June,Jun,24,13,0,13A4,TRUE
20040614,2004-06-14,2004,2,Q2,6,June,Jun,25,14,1,14A4,FALSE
20040615,2004-06-15,2004,2,Q2,6,June,Jun,25,15,2,15A4,FALSE
20040616,2004-06-16,2004,2,Q2,6,June,Jun,25,16,3,16A4,FALSE
20040617,2004-06-17,2004,2,Q2,6,June,Jun,25,17,4,17A4,FALSE
20040618,2004-06-18,2004,2,Q2,6,June,Jun,25,18,5,18A4,FALSE
20040619,2004-06-19,2004,2,Q2,6,June,Jun,25,19,6,19A4,TRUE
20040620,2004-06-20,2004,2,Q2,6,June,Jun,25,20,0,20A4,TRUE
20040621,2004-06-21,2004,2,Q2,6,June,Jun,26,21,1,21A4,FALSE
20040622,2004-06-22,2004,2,Q2,6,June,Jun,26,22,2,22A4,FALSE
20040623,2004-06-23,2004,2,Q2,6,June,Jun,26,23,3,23A4,FALSE
20040624,2004-06-24,2004,2,Q2,6,June,Jun,26,24,4,24A4,FALSE
20040625,2004-06-25,2004,2,Q2,6,June,Jun,26,25,5,25A4,FALSE
20040626,2004-06-26,2004,2,Q2,6,June,Jun,26,26,6,26A4,TRUE
20040627,2004-06-27,2004,2,Q2,6,June,Jun,26,27,0,27A4,TRUE
20040628,2004-06-28,2004,2,Q2,6,June,Jun,27,28,1,28A4,FALSE
20040629,2004-06-29,2004,2,Q2,6,June,Jun,27,29,2,29A4,FALSE
20040630,2004-06-30,2004,2,Q2,6,June,Jun,27,30,3,30A4,FALSE
20040701,2004-07-01,2004,3,Q3,7,July,Jul,27,1,4,1A4,FALSE
20040702,2004-07-02,2004,3,Q3,7,July,Jul,27,2,5,2A4,FALSE
20040703,2004-07-03,2004,3,Q3,7,July,Jul,27,3,6,3A4,TRUE
20040704,2004-07-04,2004,3,Q3,7,July,Jul,27,4,0,4A4,TRUE
20040705,2004-07-05,2004,3,Q3,7,July,Jul,28,5,1,5A4,FALSE
20040706,2004-07-06,2004,3,Q3,7,July,Jul,28,6,2,6A4,FALSE
20040707,2004-07-07,2004,3,Q3,7,July,Jul,28,7,3,7A4,FALSE
20040708,2004-07-08,2004,3,Q3,7,July,Jul,28,8,4,8A4,FALSE
20040709,2004-07-09,2004,3,Q3,7,July,Jul,28,9,5,9A4,FALSE
20040710,2004-07-10,2004,3,Q3,7,July,Jul,28,10,6,10A4,TRUE
20040711,2004-07-11,2004,3,Q3,7,July,Jul,28,11,0,11A4,TRUE
20040712,2004-07-12,2004,3,Q3,7,July,Jul,29,12,1,12A4,FALSE
20040713,2004-07-13,2004,3,Q3,7,July,Jul,29,13,2,13A4,FALSE
20040714,2004-07-14,2004,3,Q3,7,July,Jul,29,14,3,14A4,FALSE
20040715,2004-07-15,2004,3,Q3,7,July,Jul,29,15,4,15A4,FALSE
20040716,2004-07-16,2004,3,Q3,7,July,Jul,29,16,5,16A4,FALSE
20040717,2004-07-17,2004,3,Q3,7,July,Jul,29,17,6,17A4,TRUE
20040718,2004-07-18,2004,3,Q3,7,July,Jul,29,18,0,18A4,TRUE
20040719,2004-07-19,2004,3,Q3,7,July,Jul,30,19,1,19A4,FALSE
20040720,2004-07-20,2004,3,Q3,7,July,Jul,30,20,2,20A4,FALSE
20040721,2004-07-21,2004,3,Q3,7,July,Jul,30,21,3,21A4,FALSE
20040722,2004-07-22,2004,3,Q3,7,July,Jul,30,22,4,22A4,FALSE
20040723,2004-07-23,2004,3,Q3,7,July,Jul,30,23,5,23A4,FALSE
20040724,2004-07-24,2004,3,Q3,7,July,Jul,30,24,6,24A4,TRUE
20040725,2004-07-25,2004,3,Q3,7,July,Jul,30,25,0,25A4,TRUE
20040726,2004-07-26,2004,3,Q3,7,July,Jul,31,26,1,26A4,FALSE
20040727,2004-07-27,2004,3,Q3,7,July,Jul,31,27,2,27A4,FALSE
20040728,2004-07-28,2004,3,Q3,7,July,Jul,31,28,3,28A4,FALSE
20040729,2004-07-29,2004,3,Q3,7,July,Jul,31,29,4,29A4,FALSE
20040730,2004-07-30,2004,3,Q3,7,July,Jul,31,30,5,30A4,FALSE
20040731,2004-07-31,2004,3,Q3,7,July,Jul,31,31,6,31A4,TRUE
20040801,2004-08-01,2004,3,Q3,8,August,Aug,31,1,0,1A4,TRUE
20040802,2004-08-02,2004,3,Q3,8,August,Aug,32,2,1,2A4,FALSE
20040803,2004-08-03,2004,3,Q3,8,August,Aug,32,3,2,3A4,FALSE
20040804,2004-08-04,2004,3,Q3,8,August,Aug,32,4,3,4A4,FALSE
20040805,2004-08-05,2004,3,Q3,8,August,Aug,32,5,4,5A4,FALSE
20040806,2004-08-06,2004,3,Q3,8,August,Aug,32,6,5,6A4,FALSE
20040807,2004-08-07,2004,3,Q3,8,August,Aug,32,7,6,7A4,TRUE
20040808,2004-08-08,2004,3,Q3,8,August,Aug,32,8,0,8A4,TRUE
20040809,2004-08-09,2004,3,Q3,8,August,Aug,33,9,1,9A4,FALSE
20040810,2004-08-10,2004,3,Q3,8,August,Aug,33,10,2,10A4,FALSE
20040811,2004-08-11,2004,3,Q3,8,August,Aug,33,11,3,11A4,FALSE
20040812,2004-08-12,2004,3,Q3,8,August,Aug,33,12,4,12A4,FALSE
20040813,2004-08-13,2004,3,Q3,8,August,Aug,33,13,5,13A4,FALSE
20040814,2004-08-14,2004,3,Q3,8,August,Aug,33,14,6,14A4,TRUE
20040815,2004-08-15,2004,3,Q3,8,August,Aug,33,15,0,15A4,TRUE
20040816,2004-08-16,2004,3,Q3,8,August,Aug,34,16,1,16A4,FALSE
20040817,2004-08-17,2004,3,Q3,8,August,Aug,34,17,2,17A4,FALSE
20040818,2004-08-18,2004,3,Q3,8,August,Aug,34,18,3,18A4,FALSE
20040819,2004-08-19,2004,3,Q3,8,August,Aug,34,19,4,19A4,FALSE
20040820,2004-08-20,2004,3,Q3,8,August,Aug,34,20,5,20A4,FALSE
20040821,2004-08-21,2004,3,Q3,8,August,Aug,34,21,6,21A4,TRUE
20040822,2004-08-22,2004,3,Q3,8,August,Aug,34,22,0,22A4,TRUE
20040823,2004-08-23,2004,3,Q3,8,August,Aug,35,23,1,23A4,FALSE
20040824,2004-08-24,2004,3,Q3,8,August,Aug,35,24,2,24A4,FALSE
20040825,2004-08-25,2004,3,Q3,8,August,Aug,35,25,3,25A4,FALSE
20040826,2004-08-26,2004,3,Q3,8,August,Aug,35,26,4,26A4,FALSE
20040827,2004-08-27,2004,3,Q3,8,August,Aug,35,27,5,27A4,FALSE
20040828,2004-08-28,2004,3,Q3,8,August,Aug,35,28,6,28A4,TRUE
20040829,2004-08-29,2004,3,Q3,8,August,Aug,35,29,0,29A4,TRUE
20040830,2004-08-30,2004,3,Q3,8,August,Aug,36,30,1,30A4,FALSE
20040831,2004-08-31,2004,3,Q3,8,August,Aug,36,31,2,31A4,FALSE
20040901,2004-09-01,2004,3,Q3,9,September,Sep,36,1,3,1A4,FALSE
20040902,2004-09-02,2004,3,Q3,9,September,Sep,36,2,4,2A4,FALSE
20040903,2004-09-03,2004,3,Q3,9,September,Sep,36,3,5,3A4,FALSE
20040904,2004-09-04,2004,3,Q3,9,September,Sep,36,4,6,4A4,TRUE
20040905,2004-09-05,2004,3,Q3,9,September,Sep,36,5,0,5A4,TRUE
20040906,2004-09-06,2004,3,Q3,9,September,Sep,37,6,1,6A4,FALSE
20040907,2004-09-07,2004,3,Q3,9,September,Sep,37,7,2,7A4,FALSE
20040908,2004-09-08,2004,3,Q3,9,September,Sep,37,8,3,8A4,FALSE
20040909,2004-09-09,2004,3,Q3,9,September,Sep,37,9,4,9A4,FALSE
20040910,2004-09-10,2004,3,Q3,9,September,Sep,37,10,5,10A4,FALSE
20040911,2004-09-11,2004,3,Q3,9,September,Sep,37,11,6,11A4,TRUE
20040912,2004-09-12,2004,3,Q3,9,September,Sep,37,12,0,12A4,TRUE
20040913,2004-09-13,2004,3,Q3,9,September,Sep,38,13,1,13A4,FALSE
20040914,2004-09-14,2004,3,Q3,9,September,Sep,38,14,2,14A4,FALSE
20040915,2004-09-15,2004,3,Q3,9,September,Sep,38,15,3,15A4,FALSE
20040916,2004-09-16,2004,3,Q3,9,September,Sep,38,16,4,16A4,FALSE
20040917,2004-09-17,2004,3,Q3,9,September,Sep,38,17,5,17A4,FALSE
20040918,2004-09-18,2004,3,Q3,9,September,Sep,38,18,6,18A4,TRUE
20040919,2004-09-19,2004,3,Q3,9,September,Sep,38,19,0,19A4,TRUE
20040920,2004-09-20,2004,3,Q3,9,September,Sep,39,20,1,20A4,FALSE
20040921,2004-09-21,2004,3,Q3,9,September,Sep,39,21,2,21A4,FALSE
20040922,2004-09-22,2004,3,Q3,9,September,Sep,39,22,3,22A4,FALSE
20040923,2004-09-23,2004,3,Q3,9,September,Sep,39,23,4,23A4,FALSE
20040924,2004-09-24,2004,3,Q3,9,September,Sep,39,24,5,24A4,FALSE
20040925,2004-09-25,2004,3,Q3,9,September,Sep,39,25,6,25A4,TRUE
20040926,2004-09-26,2004,3,Q3,9,September,Sep,39,26,0,26A4,TRUE
20040927,2004-09-27,2004,3,Q3,9,September,Sep,40,27,1,27A4,FALSE
20040928,2004-09-28,2004,3,Q3,9,September,Sep,40,28,2,28A4,FALSE
20040929,2004-09-29,2004,3,Q3,9,September,Sep,40,29,3,29A4,FALSE
20040930,2004-09-30,2004,3,Q3,9,September,Sep,40,30,4,30A4,FALSE
20041001,2004-10-01,2004,4,Q4,10,October,Oct,40,1,5,1A4,FALSE
20041002,2004-10-02,2004,4,Q4,10,October,Oct,40,2,6,2A4,TRUE
20041003,2004-10-03,2004,4,Q4,10,October,Oct,40,3,0,3A4,TRUE
20041004,2004-10-04,2004,4,Q4,10,October,Oct,41,4,1,4A4,FALSE
20041005,2004-10-05,2004,4,Q4,10,October,Oct,41,5,2,5A4,FALSE
20041006,2004-10-06,2004,4,Q4,10,October,Oct,41,6,3,6A4,FALSE
20041007,2004-10-07,2004,4,Q4,10,October,Oct,41,7,4,7A4,FALSE
20041008,2004-10-08,2004,4,Q4,10,October,Oct,41,8,5,8A4,FALSE
20041009,2004-10-09,2004,4,Q4,10,October,Oct,41,9,6,9A4,TRUE
20041010,2004-10-10,2004,4,Q4,10,October,Oct,41,10,0,10A4,TRUE
20041011,2004-10-11,2004,4,Q4,10,October,Oct,42,11,1,11A4,FALSE
20041012,2004-10-12,2004,4,Q4,10,October,Oct,42,12,2,12A4,FALSE
20041013,2004-10-13,2004,4,Q4,10,October,Oct,42,13,3,13A4,FALSE
20041014,2004-10-14,2004,4,Q4,10,October,Oct,42,14,4,14A4,FALSE
20041015,2004-10-15,2004,4,Q4,10,October,Oct,42,15,5,15A4,FALSE
20041016,2004-10-16,2004,4,Q4,10,October,Oct,42,16,6,16A4,TRUE
20041017,2004-10-17,2004,4,Q4,10,October,Oct,42,17,0,17A4,TRUE
20041018,2004-10-18,2004,4,Q4,10,October,Oct,43,18,1,18A4,FALSE
20041019,2004-10-19,2004,4,Q4,10,October,Oct,43,19,2,19A4,FALSE
20041020,2004-10-20,2004,4,Q4,10,October,Oct,43,20,3,20A4,FALSE
20041021,2004-10-21,2004,4,Q4,10,October,Oct,43,21,4,21A4,FALSE
20041022,2004-10-22,2004,4,Q4,10,October,Oct,43,22,5,22A4,FALSE
20041023,2004-10-23,2004,4,Q4,10,October,Oct,43,23,6,23A4,TRUE
20041024,2004-10-24,2004,4,Q4,10,October,Oct,43,24,0,24A4,TRUE
20041025,2004-10-25,2004,4,Q4,10,October,Oct,44,25,1,25A4,FALSE
20041026,2004-10-26,2004,4,Q4,10,October,Oct,44,26,2,26A4,FALSE
20041027,2004-10-27,2004,4,Q4,10,October,Oct,44,27,3,27A4,FALSE
20041028,2004-10-28,2004,4,Q4,10,October,Oct,44,28,4,28A4,FALSE
20041029,2004-10-29,2004,4,Q4,10,October,Oct,44,29,5,29A4,FALSE
20041030,2004-10-30,2004,4,Q4,10,October,Oct,44,30,6,30A4,TRUE
20041031,2004-10-31,2004,4,Q4,10,October,Oct,44,31,0,31A4,TRUE
20041101,2004-11-01,2004,4,Q4,11,November,Nov,45,1,1,1A4,FALSE
20041102,2004-11-02,2004,4,Q4,11,November,Nov,45,2,2,2A4,FALSE
20041103,2004-11-03,2004,4,Q4,11,November,Nov,45,3,3,3A4,FALSE
20041104,2004-11-04,2004,4,Q4,11,November,Nov,45,4,4,4A4,FALSE
20041105,2004-11-05,2004,4,Q4,11,November,Nov,45,5,5,5A4,FALSE
20041106,2004-11-06,2004,4,Q4,11,November,Nov,45,6,6,6A4,TRUE
20041107,2004-11-07,2004,4,Q4,11,November,Nov,45,7,0,7A4,TRUE
20041108,2004-11-08,2004,4,Q4,11,November,Nov,46,8,1,8A4,FALSE
20041109,2004-11-09,2004,4,Q4,11,November,Nov,46,9,2,9A4,FALSE
20041110,2004-11-10,2004,4,Q4,11,November,Nov,46,10,3,10A4,FALSE
20041111,2004-11-11,2004,4,Q4,11,November,Nov,46,11,4,11A4,FALSE
20041112,2004-11-12,2004,4,Q4,11,November,Nov,46,12,5,12A4,FALSE
20041113,2004-11-13,2004,4,Q4,11,November,Nov,46,13,6,13A4,TRUE
20041114,2004-11-14,2004,4,Q4,11,November,Nov,46,14,0,14A4,TRUE
20041115,2004-11-15,2004,4,Q4,11,November,Nov,47,15,1,15A4,FALSE
20041116,2004-11-16,2004,4,Q4,11,November,Nov,47,16,2,16A4,FALSE
20041117,2004-11-17,2004,4,Q4,11,November,Nov,47,17,3,17A4,FALSE
20041118,2004-11-18,2004,4,Q4,11,November,Nov,47,18,4,18A4,FALSE
20041119,2004-11-19,2004,4,Q4,11,November,Nov,47,19,5,19A4,FALSE
20041120,2004-11-20,2004,4,Q4,11,November,Nov,47,20,6,20A4,TRUE
20041121,2004-11-21,2004,4,Q4,11,November,Nov,47,21,0,21A4,TRUE
20041122,2004-11-22,2004,4,Q4,11,November,Nov,48,22,1,22A4,FALSE
20041123,2004-11-23,2004,4,Q4,11,November,Nov,48,23,2,23A4,FALSE
20041124,2004-11-24,2004,4,Q4,11,November,Nov,48,24,3,24A4,FALSE
20041125,2004-11-25,2004,4,Q4,11,November,Nov,48,25,4,25A4,FALSE
20041126,2004-11-26,2004,4,Q4,11,November,Nov,48,26,5,26A4,FALSE
20041127,2004-11-27,2004,4,Q4,11,November,Nov,48,27,6,27A4,TRUE
20041128,2004-11-28,2004,4,Q4,11,November,Nov,48,28,0,28A4,TRUE
20041129,2004-11-29,2004,4,Q4,11,November,Nov,49,29,1,29A4,FALSE
20041130,2004-11-30,2004,4,Q4,11,November,Nov,49,30,2,30A4,FALSE
20041201,2004-12-01,2004,4,Q4,12,December,Dec,49,1,3,1A4,FALSE
20041202,2004-12-02,2004,4,Q4,12,December,Dec,49,2,4,2A4,FALSE
20041203,2004-12-03,2004,4,Q4,12,December,Dec,49,3,5,3A4,FALSE
20041204,2004-12-04,2004,4,Q4,12,December,Dec,49,4,6,4A4,TRUE
20041205,2004-12-05,2004,4,Q4,12,December,Dec,49,5,0,5A4,TRUE
20041206,2004-12-06,2004,4,Q4,12,December,Dec,50,6,1,6A4,FALSE
20041207,2004-12-07,2004,4,Q4,12,December,Dec,50,7,2,7A4,FALSE
20041208,2004-12-08,2004,4,Q4,12,December,Dec,50,8,3,8A4,FALSE
20041209,2004-12-09,2004,4,Q4,12,December,Dec,50,9,4,9A4,FALSE
20041210,2004-12-10,2004,4,Q4,12,December,Dec,50,10,5,10A4,FALSE
20041211,2004-12-11,2004,4,Q4,12,December,Dec,50,11,6,11A4,TRUE
20041212,2004-12-12,2004,4,Q4,12,December,Dec,50,12,0,12A4,TRUE
20041213,2004-12-13,2004,4,Q4,12,December,Dec,51,13,1,13A4,FALSE
20041214,2004-12-14,2004,4,Q4,12,December,Dec,51,14,2,14A4,FALSE
20041215,2004-12-15,2004,4,Q4,12,December,Dec,51,15,3,15A4,FALSE
20041216,2004-12-16,2004,4,Q4,12,December,Dec,51,16,4,16A4,FALSE
20041217,2004-12-17,2004,4,Q4,12,December,Dec,51,17,5,17A4,FALSE
20041218,2004-12-18,2004,4,Q4,12,December,Dec,51,18,6,18A4,TRUE
20041219,2004-12-19,2004,4,Q4,12,December,Dec,51,19,0,19A4,TRUE
20041220,2004-12-20,2004,4,Q4,12,December,Dec,52,20,1,20A4,FALSE
20041221,2004-12-21,2004,4,Q4,12,December,Dec,52,21,2,21A4,FALSE
20041222,2004-12-22,2004,4,Q4,12,December,Dec,52,22,3,22A4,FALSE
20041223,2004-12-23,2004,4,Q4,12,December,Dec,52,23,4,23A4,FALSE
20041224,2004-12-24,2004,4,Q4,12,December,Dec,52,24,5,24A4,FALSE
20041225,2004-12-25,2004,4,Q4,12,December,Dec,52,25,6,25A4,TRUE
20041226,2004-12-26,2004,4,Q4,12,December,Dec,52,26,0,26A4,TRUE
20041227,2004-12-27,2004,4,Q4,12,December,Dec,53,27,1,27A4,FALSE
20041228,2004-12-28,2004,4,Q4,12,December,Dec,53,28,2,28A4,FALSE
20041229,2004-12-29,2004,4,Q4,12,December,Dec,53,29,3,29A4,FALSE
20041230,2004-12-30,2004,4,Q4,12,December,Dec,53,30,4,30A4,FALSE
20041231,2004-12-31,2004,4,Q4,12,December,Dec,53,31,5,31A4,FALSE
20050101,2005-01-01,2005,1,Q1,1,January,Jan,53,1,6,1A5,TRUE
20050102,2005-01-02,2005,1,Q1,1,January,Jan,53,2,0,2A5,TRUE
20050103,2005-01-03,2005,1,Q1,1,January,Jan,1,3,1,3A5,FALSE
20050104,2005-01-04,2005,1,Q1,1,January,Jan,1,4,2,4A5,FALSE
20050105,2005-01-05,2005,1,Q1,1,January,Jan,1,5,3,5A5,FALSE
20050106,2005-01-06,2005,1,Q1,1,January,Jan,1,6,4,6A5,FALSE
20050107,2005-01-07,2005,1,Q1,1,January,Jan,1,7,5,7A5,FALSE
20050108,2005-01-08,2005,1,Q1,1,January,Jan,1,8,6,8A5,TRUE
20050109,2005-01-09,2005,1,Q1,1,January,Jan,1,9,0,9A5,TRUE
20050110,2005-01-10,2005,1,Q1,1,January,Jan,2,10,1,10A5,FALSE
20050111,2005-01-11,2005,1,Q1,1,January,Jan,2,11,2,11A5,FALSE
20050112,2005-01-12,2005,1,Q1,1,January,Jan,2,12,3,12A5,FALSE
20050113,2005-01-13,2005,1,Q1,1,January,Jan,2,13,4,13A5,FALSE
20050114,2005-01-14,2005,1,Q1,1,January,Jan,2,14,5,14A5,FALSE
20050115,2005-01-15,2005,1,Q1,1,January,Jan,2,15,6,15A5,TRUE
20050116,2005-01-16,2005,1,Q1,1,January,Jan,2,16,0,16A5,TRUE
20050117,2005-01-17,2005,1,Q1,1,January,Jan,3,17,1,17A5,FALSE
20050118,2005-01-18,2005,1,Q1,1,January,Jan,3,18,2,18A5,FALSE
20050119,2005-01-19,2005,1,Q1,1,January,Jan,3,19,3,19A5,FALSE
20050120,2005-01-20,2005,1,Q1,1,January,Jan,3,20,4,20A5,FALSE
20050121,2005-01-21,2005,1,Q1,1,January,Jan,3,21,5,21A5,FALSE
20050122,2005-01-22,2005,1,Q1,1,January,Jan,3,22,6,22A5,TRUE
20050123,2005-01-23,2005,1,Q1,1,January,Jan,3,23,0,23A5,TRUE
20050124,2005-01-24,2005,1,Q1,1,January,Jan,4,24,1,24A5,FALSE
20050125,2005-01-25,2005,1,Q1,1,January,Jan,4,25,2,25A5,FALSE
20050126,2005-01-26,2005,1,Q1,1,January,Jan,4,26,3,26A5,FALSE
20050127,2005-01-27,2005,1,Q1,1,January,Jan,4,27,4,27A5,FALSE
20050128,2005-01-28,2005,1,Q1,1,January,Jan,4,28,5,28A5,FALSE
20050129,2005-01-29,2005,1,Q1,1,January,Jan,4,29,6,29A5,TRUE
20050130,2005-01-30,2005,1,Q1,1,January,Jan,4,30,0,30A5,TRUE
20050131,2005-01-31,2005,1,Q1,1,January,Jan,5,31,1,31A5,FALSE
20050201,2005-02-01,2005,1,Q1,2,February,Feb,5,1,2,1A5,FALSE
20050202,2005-02-02,2005,1,Q1,2,February,Feb,5,2,3,2A5,FALSE
20050203,2005-02-03,2005,1,Q1,2,February,Feb,5,3,4,3A5,FALSE
20050204,2005-02-04,2005,1,Q1,2,February,Feb,5,4,5,4A5,FALSE
20050205,2005-02-05,2005,1,Q1,2,February,Feb,5,5,6,5A5,TRUE
20050206,2005-02-06,2005,1,Q1,2,February,Feb,5,6,0,6A5,TRUE
20050207,2005-02-07,2005,1,Q1,2,February,Feb,6,7,1,7A5,FALSE
20050208,2005-02-08,2005,1,Q1,2,February,Feb,6,8,2,8A5,FALSE
20050209,2005-02-09,2005,1,Q1,2,February,Feb,6,9,3,9A5,FALSE
20050210,2005-02-10,2005,1,Q1,2,February,Feb,6,10,4,10A5,FALSE
20050211,2005-02-11,2005,1,Q1,2,February,Feb,6,11,5,11A5,FALSE
20050212,2005-02-12,2005,1,Q1,2,February,Feb,6,12,6,12A5,TRUE
20050213,2005-02-13,2005,1,Q1,2,February,Feb,6,13,0,13A5,TRUE
20050214,2005-02-14,2005,1,Q1,2,February,Feb,7,14,1,14A5,FALSE
20050215,2005-02-15,2005,1,Q1,2,February,Feb,7,15,2,15A5,FALSE
20050216,2005-02-16,2005,1,Q1,2,February,Feb,7,16,3,16A5,FALSE
20050217,2005-02-17,2005,1,Q1,2,February,Feb,7,17,4,17A5,FALSE
20050218,2005-02-18,2005,1,Q1,2,February,Feb,7,18,5,18A5,FALSE
20050219,2005-02-19,2005,1,Q1,2,February,Feb,7,19,6,19A5,TRUE
20050220,2005-02-20,2005,1,Q1,2,February,Feb,7,20,0,20A5,TRUE
20050221,2005-02-21,2005,1,Q1,2,February,Feb,8,21,1,21A5,FALSE
20050222,2005-02-22,2005,1,Q1,2,February,Feb,8,22,2,22A5,FALSE
20050223,2005-02-23,2005,1,Q1,2,February,Feb,8,23,3,23A5,FALSE
20050224,2005-02-24,2005,1,Q1,2,February,Feb,8,24,4,24A5,FALSE
20050225,2005-02-25,2005,1,Q1,2,February,Feb,8,25,5,25A5,FALSE
20050226,2005-02-26,2005,1,Q1,2,February,Feb,8,26,6,26A5,TRUE
20050227,2005-02-27,2005,1,Q1,2,February,Feb,8,27,0,27A5,TRUE
20050228,2005-02-28,2005,1,Q1,2,February,Feb,9,28,1,28A5,FALSE
20050301,2005-03-01,2005,1,Q1,3,March,Mar,9,1,2,1A5,FALSE
20050302,2005-03-02,2005,1,Q1,3,March,Mar,9,2,3,2A5,FALSE
20050303,2005-03-03,2005,1,Q1,3,March,Mar,9,3,4,3A5,FALSE
20050304,2005-03-04,2005,1,Q1,3,March,Mar,9,4,5,4A5,FALSE
20050305,2005-03-05,2005,1,Q1,3,March,Mar,9,5,6,5A5,TRUE
20050306,2005-03-06,2005,1,Q1,3,March,Mar,9,6,0,6A5,TRUE
20050307,2005-03-07,2005,1,Q1,3,March,Mar,10,7,1,7A5,FALSE
20050308,2005-03-08,2005,1,Q1,3,March,Mar,10,8,2,8A5,FALSE
20050309,2005-03-09,2005,1,Q1,3,March,Mar,10,9,3,9A5,FALSE
20050310,2005-03-10,2005,1,Q1,3,March,Mar,10,10,4,10A5,FALSE
20050311,2005-03-11,2005,1,Q1,3,March,Mar,10,11,5,11A5,FALSE
20050312,2005-03-12,2005,1,Q1,3,March,Mar,10,12,6,12A5,TRUE
20050313,2005-03-13,2005,1,Q1,3,March,Mar,10,13,0,13A5,TRUE
20050314,2005-03-14,2005,1,Q1,3,March,Mar,11,14,1,14A5,FALSE
20050315,2005-03-15,2005,1,Q1,3,March,Mar,11,15,2,15A5,FALSE
20050316,2005-03-16,2005,1,Q1,3,March,Mar,11,16,3,16A5,FALSE
20050317,2005-03-17,2005,1,Q1,3,March,Mar,11,17,4,17A5,FALSE
20050318,2005-03-18,2005,1,Q1,3,March,Mar,11,18,5,18A5,FALSE
20050319,2005-03-19,2005,1,Q1,3,March,Mar,11,19,6,19A5,TRUE
20050320,2005-03-20,2005,1,Q1,3,March,Mar,11,20,0,20A5,TRUE
20050321,2005-03-21,2005,1,Q1,3,March,Mar,12,21,1,21A5,FALSE
20050322,2005-03-22,2005,1,Q1,3,March,Mar,12,22,2,22A5,FALSE
20050323,2005-03-23,2005,1,Q1,3,March,Mar,12,23,3,23A5,FALSE
20050324,2005-03-24,2005,1,Q1,3,March,Mar,12,24,4,24A5,FALSE
20050325,2005-03-25,2005,1,Q1,3,March,Mar,12,25,5,25A5,FALSE
20050326,2005-03-26,2005,1,Q1,3,March,Mar,12,26,6,26A5,TRUE
20050327,2005-03-27,2005,1,Q1,3,March,Mar,12,27,0,27A5,TRUE
20050328,2005-03-28,2005,1,Q1,3,March,Mar,13,28,1,28A5,FALSE
20050329,2005-03-29,2005,1,Q1,3,March,Mar,13,29,2,29A5,FALSE
20050330,2005-03-30,2005,1,Q1,3,March,Mar,13,30,3,30A5,FALSE
20050331,2005-03-31,2005,1,Q1,3,March,Mar,13,31,4,31A5,FALSE
20050401,2005-04-01,2005,2,Q2,4,April,Apr,13,1,5,1A5,FALSE
20050402,2005-04-02,2005,2,Q2,4,April,Apr,13,2,6,2A5,TRUE
20050403,2005-04-03,2005,2,Q2,4,April,Apr,13,3,0,3A5,TRUE
20050404,2005-04-04,2005,2,Q2,4,April,Apr,14,4,1,4A5,FALSE
20050405,2005-04-05,2005,2,Q2,4,April,Apr,14,5,2,5A5,FALSE
20050406,2005-04-06,2005,2,Q2,4,April,Apr,14,6,3,6A5,FALSE
20050407,2005-04-07,2005,2,Q2,4,April,Apr,14,7,4,7A5,FALSE
20050408,2005-04-08,2005,2,Q2,4,April,Apr,14,8,5,8A5,FALSE
20050409,2005-04-09,2005,2,Q2,4,April,Apr,14,9,6,9A5,TRUE
20050410,2005-04-10,2005,2,Q2,4,April,Apr,14,10,0,10A5,TRUE
20050411,2005-04-11,2005,2,Q2,4,April,Apr,15,11,1,11A5,FALSE
20050412,2005-04-12,2005,2,Q2,4,April,Apr,15,12,2,12A5,FALSE
20050413,2005-04-13,2005,2,Q2,4,April,Apr,15,13,3,13A5,FALSE
20050414,2005-04-14,2005,2,Q2,4,April,Apr,15,14,4,14A5,FALSE
20050415,2005-04-15,2005,2,Q2,4,April,Apr,15,15,5,15A5,FALSE
20050416,2005-04-16,2005,2,Q2,4,April,Apr,15,16,6,16A5,TRUE
20050417,2005-04-17,2005,2,Q2,4,April,Apr,15,17,0,17A5,TRUE
20050418,2005-04-18,2005,2,Q2,4,April,Apr,16,18,1,18A5,FALSE
20050419,2005-04-19,2005,2,Q2,4,April,Apr,16,19,2,19A5,FALSE
20050420,2005-04-20,2005,2,Q2,4,April,Apr,16,20,3,20A5,FALSE
20050421,2005-04-21,2005,2,Q2,4,April,Apr,16,21,4,21A5,FALSE
20050422,2005-04-22,2005,2,Q2,4,April,Apr,16,22,5,22A5,FALSE
20050423,2005-04-23,2005,2,Q2,4,April,Apr,16,23,6,23A5,TRUE
20050424,2005-04-24,2005,2,Q2,4,April,Apr,16,24,0,24A5,TRUE
20050425,2005-04-25,2005,2,Q2,4,April,Apr,17,25,1,25A5,FALSE
20050426,2005-04-26,2005,2,Q2,4,April,Apr,17,26,2,26A5,FALSE
20050427,2005-04-27,2005,2,Q2,4,April,Apr,17,27,3,27A5,FALSE
20050428,2005-04-28,2005,2,Q2,4,April,Apr,17,28,4,28A5,FALSE
20050429,2005-04-29,2005,2,Q2,4,April,Apr,17,29,5,29A5,FALSE
20050430,2005-04-30,2005,2,Q2,4,April,Apr,17,30,6,30A5,TRUE
20050501,2005-05-01,2005,2,Q2,5,May,May,17,1,0,1A5,TRUE
20050502,2005-05-02,2005,2,Q2,5,May,May,18,2,1,2A5,FALSE
20050503,2005-05-03,2005,2,Q2,5,May,May,18,3,2,3A5,FALSE
20050504,2005-05-04,2005,2,Q2,5,May,May,18,4,3,4A5,FALSE
20050505,2005-05-05,2005,2,Q2,5,May,May,18,5,4,5A5,FALSE
20050506,2005-05-06,2005,2,Q2,5,May,May,18,6,5,6A5,FALSE
20050507,2005-05-07,2005,2,Q2,5,May,May,18,7,6,7A5,TRUE
20050508,2005-05-08,2005,2,Q2,5,May,May,18,8,0,8A5,TRUE
20050509,2005-05-09,2005,2,Q2,5,May,May,19,9,1,9A5,FALSE
20050510,2005-05-10,2005,2,Q2,5,May,May,19,10,2,10A5,FALSE
20050511,2005-05-11,2005,2,Q2,5,May,May,19,11,3,11A5,FALSE
20050512,2005-05-12,2005,2,Q2,5,May,May,19,12,4,12A5,FALSE
20050513,2005-05-13,2005,2,Q2,5,May,May,19,13,5,13A5,FALSE
20050514,2005-05-14,2005,2,Q2,5,May,May,19,14,6,14A5,TRUE
20050515,2005-05-15,2005,2,Q2,5,May,May,19,15,0,15A5,TRUE
20050516,2005-05-16,2005,2,Q2,5,May,May,20,16,1,16A5,FALSE
20050517,2005-05-17,2005,2,Q2,5,May,May,20,17,2,17A5,FALSE
20050518,2005-05-18,2005,2,Q2,5,May,May,20,18,3,18A5,FALSE
20050519,2005-05-19,2005,2,Q2,5,May,May,20,19,4,19A5,FALSE
20050520,2005-05-20,2005,2,Q2,5,May,May,20,20,5,20A5,FALSE
20050521,2005-05-21,2005,2,Q2,5,May,May,20,21,6,21A5,TRUE
20050522,2005-05-22,2005,2,Q2,5,May,May,20,22,0,22A5,TRUE
20050523,2005-05-23,2005,2,Q2,5,May,May,21,23,1,23A5,FALSE
20050524,2005-05-24,2005,2,Q2,5,May,May,21,24,2,24A5,FALSE
20050525,2005-05-25,2005,2,Q2,5,May,May,21,25,3,25A5,FALSE
20050526,2005-05-26,2005,2,Q2,5,May,May,21,26,4,26A5,FALSE
20050527,2005-05-27,2005,2,Q2,5,May,May,21,27,5,27A5,FALSE
20050528,2005-05-28,2005,2,Q2,5,May,May,21,28,6,28A5,TRUE
20050529,2005-05-29,2005,2,Q2,5,May,May,21,29,0,29A5,TRUE
20050530,2005-05-30,2005,2,Q2,5,May,May,22,30,1,30A5,FALSE
20050531,2005-05-31,2005,2,Q2,5,May,May,22,31,2,31A5,FALSE
20050601,2005-06-01,2005,2,Q2,6,June,Jun,22,1,3,1A5,FALSE
20050602,2005-06-02,2005,2,Q2,6,June,Jun,22,2,4,2A5,FALSE
20050603,2005-06-03,2005,2,Q2,6,June,Jun,22,3,5,3A5,FALSE
20050604,2005-06-04,2005,2,Q2,6,June,Jun,22,4,6,4A5,TRUE
20050605,2005-06-05,2005,2,Q2,6,June,Jun,22,5,0,5A5,TRUE
20050606,2005-06-06,2005,2,Q2,6,June,Jun,23,6,1,6A5,FALSE
20050607,2005-06-07,2005,2,Q2,6,June,Jun,23,7,2,7A5,FALSE
20050608,2005-06-08,2005,2,Q2,6,June,Jun,23,8,3,8A5,FALSE
20050609,2005-06-09,2005,2,Q2,6,June,Jun,23,9,4,9A5,FALSE
20050610,2005-06-10,2005,2,Q2,6,June,Jun,23,10,5,10A5,FALSE
20050611,2005-06-11,2005,2,Q2,6,June,Jun,23,11,6,11A5,TRUE
20050612,2005-06-12,2005,2,Q2,6,June,Jun,23,12,0,12A5,TRUE
20050613,2005-06-13,2005,2,Q2,6,June,Jun,24,13,1,13A5,FALSE
20050614,2005-06-14,2005,2,Q2,6,June,Jun,24,14,2,14A5,FALSE
20050615,2005-06-15,2005,2,Q2,6,June,Jun,24,15,3,15A5,FALSE
20050616,2005-06-16,2005,2,Q2,6,June,Jun,24,16,4,16A5,FALSE
20050617,2005-06-17,2005,2,Q2,6,June,Jun,24,17,5,17A5,FALSE
20050618,2005-06-18,2005,2,Q2,6,June,Jun,24,18,6,18A5,TRUE
20050619,2005-06-19,2005,2,Q2,6,June,Jun,24,19,0,19A5,TRUE
20050620,2005-06-20,2005,2,Q2,6,June,Jun,25,20,1,20A5,FALSE
20050621,2005-06-21,2005,2,Q2,6,June,Jun,25,21,2,21A5,FALSE
20050622,2005-06-22,2005,2,Q2,6,June,Jun,25,22,3,22A5,FALSE
20050623,2005-06-23,2005,2,Q2,6,June,Jun,25,23,4,23A5,FALSE
20050624,2005-06-24,2005,2,Q2,6,June,Jun,25,24,5,24A5,FALSE
20050625,2005-06-25,2005,2,Q2,6,June,Jun,25,25,6,25A5,TRUE
20050626,2005-06-26,2005,2,Q2,6,June,Jun,25,26,0,26A5,TRUE
20050627,2005-06-27,2005,2,Q2,6,June,Jun,26,27,1,27A5,FALSE
20050628,2005-06-28,2005,2,Q2,6,June,Jun,26,28,2,28A5,FALSE
20050629,2005-06-29,2005,2,Q2,6,June,Jun,26,29,3,29A5,FALSE
20050630,2005-06-30,2005,2,Q2,6,June,Jun,26,30,4,30A5,FALSE
20050701,2005-07-01,2005,3,Q3,7,July,Jul,26,1,5,1A5,FALSE
20050702,2005-07-02,2005,3,Q3,7,July,Jul,26,2,6,2A5,TRUE
20050703,2005-07-03,2005,3,Q3,7,July,Jul,26,3,0,3A5,TRUE
20050704,2005-07-04,2005,3,Q3,7,July,Jul,27,4,1,4A5,FALSE
20050705,2005-07-05,2005,3,Q3,7,July,Jul,27,5,2,5A5,FALSE
20050706,2005-07-06,2005,3,Q3,7,July,Jul,27,6,3,6A5,FALSE
20050707,2005-07-07,2005,3,Q3,7,July,Jul,27,7,4,7A5,FALSE
20050708,2005-07-08,2005,3,Q3,7,July,Jul,27,8,5,8A5,FALSE
20050709,2005-07-09,2005,3,Q3,7,July,Jul,27,9,6,9A5,TRUE
20050710,2005-07-10,2005,3,Q3,7,July,Jul,27,10,0,10A5,TRUE
20050711,2005-07-11,2005,3,Q3,7,July,Jul,28,11,1,11A5,FALSE
20050712,2005-07-12,2005,3,Q3,7,July,Jul,28,12,2,12A5,FALSE
20050713,2005-07-13,2005,3,Q3,7,July,Jul,28,13,3,13A5,FALSE
20050714,2005-07-14,2005,3,Q3,7,July,Jul,28,14,4,14A5,FALSE
20050715,2005-07-15,2005,3,Q3,7,July,Jul,28,15,5,15A5,FALSE
20050716,2005-07-16,2005,3,Q3,7,July,Jul,28,16,6,16A5,TRUE
20050717,2005-07-17,2005,3,Q3,7,July,Jul,28,17,0,17A5,TRUE
20050718,2005-07-18,2005,3,Q3,7,July,Jul,29,18,1,18A5,FALSE
20050719,2005-07-19,2005,3,Q3,7,July,Jul,29,19,2,19A5,FALSE
20050720,2005-07-20,2005,3,Q3,7,July,Jul,29,20,3,20A5,FALSE
20050721,2005-07-21,2005,3,Q3,7,July,Jul,29,21,4,21A5,FALSE
20050722,2005-07-22,2005,3,Q3,7,July,Jul,29,22,5,22A5,FALSE
20050723,2005-07-23,2005,3,Q3,7,July,Jul,29,23,6,23A5,TRUE
20050724,2005-07-24,2005,3,Q3,7,July,Jul,29,24,0,24A5,TRUE
20050725,2005-07-25,2005,3,Q3,7,July,Jul,30,25,1,25A5,FALSE
20050726,2005-07-26,2005,3,Q3,7,July,Jul,30,26,2,26A5,FALSE
20050727,2005-07-27,2005,3,Q3,7,July,Jul,30,27,3,27A5,FALSE
20050728,2005-07-28,2005,3,Q3,7,July,Jul,30,28,4,28A5,FALSE
20050729,2005-07-29,2005,3,Q3,7,July,Jul,30,29,5,29A5,FALSE
20050730,2005-07-30,2005,3,Q3,7,July,Jul,30,30,6,30A5,TRUE
20050731,2005-07-31,2005,3,Q3,7,July,Jul,30,31,0,31A5,TRUE
20050801,2005-08-01,2005,3,Q3,8,August,Aug,31,1,1,1A5,FALSE
20050802,2005-08-02,2005,3,Q3,8,August,Aug,31,2,2,2A5,FALSE
20050803,2005-08-03,2005,3,Q3,8,August,Aug,31,3,3,3A5,FALSE
20050804,2005-08-04,2005,3,Q3,8,August,Aug,31,4,4,4A5,FALSE
20050805,2005-08-05,2005,3,Q3,8,August,Aug,31,5,5,5A5,FALSE
20050806,2005-08-06,2005,3,Q3,8,August,Aug,31,6,6,6A5,TRUE
20050807,2005-08-07,2005,3,Q3,8,August,Aug,31,7,0,7A5,TRUE
20050808,2005-08-08,2005,3,Q3,8,August,Aug,32,8,1,8A5,FALSE
20050809,2005-08-09,2005,3,Q3,8,August,Aug,32,9,2,9A5,FALSE
20050810,2005-08-10,2005,3,Q3,8,August,Aug,32,10,3,10A5,FALSE
20050811,2005-08-11,2005,3,Q3,8,August,Aug,32,11,4,11A5,FALSE
20050812,2005-08-12,2005,3,Q3,8,August,Aug,32,12,5,12A5,FALSE
20050813,2005-08-13,2005,3,Q3,8,August,Aug,32,13,6,13A5,TRUE
20050814,2005-08-14,2005,3,Q3,8,August,Aug,32,14,0,14A5,TRUE
20050815,2005-08-15,2005,3,Q3,8,August,Aug,33,15,1,15A5,FALSE
20050816,2005-08-16,2005,3,Q3,8,August,Aug,33,16,2,16A5,FALSE
20050817,2005-08-17,2005,3,Q3,8,August,Aug,33,17,3,17A5,FALSE
20050818,2005-08-18,2005,3,Q3,8,August,Aug,33,18,4,18A5,FALSE
20050819,2005-08-19,2005,3,Q3,8,August,Aug,33,19,5,19A5,FALSE
20050820,2005-08-20,2005,3,Q3,8,August,Aug,33,20,6,20A5,TRUE
20050821,2005-08-21,2005,3,Q3,8,August,Aug,33,21,0,21A5,TRUE
20050822,2005-08-22,2005,3,Q3,8,August,Aug,34,22,1,22A5,FALSE
20050823,2005-08-23,2005,3,Q3,8,August,Aug,34,23,2,23A5,FALSE
20050824,2005-08-24,2005,3,Q3,8,August,Aug,34,24,3,24A5,FALSE
20050825,2005-08-25,2005,3,Q3,8,August,Aug,34,25,4,25A5,FALSE
20050826,2005-08-26,2005,3,Q3,8,August,Aug,34,26,5,26A5,FALSE
20050827,2005-08-27,2005,3,Q3,8,August,Aug,34,27,6,27A5,TRUE
20050828,2005-08-28,2005,3,Q3,8,August,Aug,34,28,0,28A5,TRUE
20050829,2005-08-29,2005,3,Q3,8,August,Aug,35,29,1,29A5,FALSE
20050830,2005-08-30,2005,3,Q3,8,August,Aug,35,30,2,30A5,FALSE
20050831,2005-08-31,2005,3,Q3,8,August,Aug,35,31,3,31A5,FALSE
20050901,2005-09-01,2005,3,Q3,9,September,Sep,35,1,4,1A5,FALSE
20050902,2005-09-02,2005,3,Q3,9,September,Sep,35,2,5,2A5,FALSE
20050903,2005-09-03,2005,3,Q3,9,September,Sep,35,3,6,3A5,TRUE
20050904,2005-09-04,2005,3,Q3,9,September,Sep,35,4,0,4A5,TRUE
20050905,2005-09-05,2005,3,Q3,9,September,Sep,36,5,1,5A5,FALSE
20050906,2005-09-06,2005,3,Q3,9,September,Sep,36,6,2,6A5,FALSE
20050907,2005-09-07,2005,3,Q3,9,September,Sep,36,7,3,7A5,FALSE
20050908,2005-09-08,2005,3,Q3,9,September,Sep,36,8,4,8A5,FALSE
20050909,2005-09-09,2005,3,Q3,9,September,Sep,36,9,5,9A5,FALSE
20050910,2005-09-10,2005,3,Q3,9,September,Sep,36,10,6,10A5,TRUE
20050911,2005-09-11,2005,3,Q3,9,September,Sep,36,11,0,11A5,TRUE
20050912,2005-09-12,2005,3,Q3,9,September,Sep,37,12,1,12A5,FALSE
20050913,2005-09-13,2005,3,Q3,9,September,Sep,37,13,2,13A5,FALSE
20050914,2005-09-14,2005,3,Q3,9,September,Sep,37,14,3,14A5,FALSE
20050915,2005-09-15,2005,3,Q3,9,September,Sep,37,15,4,15A5,FALSE
20050916,2005-09-16,2005,3,Q3,9,September,Sep,37,16,5,16A5,FALSE
20050917,2005-09-17,2005,3,Q3,9,September,Sep,37,17,6,17A5,TRUE
20050918,2005-09-18,2005,3,Q3,9,September,Sep,37,18,0,18A5,TRUE
20050919,2005-09-19,2005,3,Q3,9,September,Sep,38,19,1,19A5,FALSE
20050920,2005-09-20,2005,3,Q3,9,September,Sep,38,20,2,20A5,FALSE
20050921,2005-09-21,2005,3,Q3,9,September,Sep,38,21,3,21A5,FALSE
20050922,2005-09-22,2005,3,Q3,9,September,Sep,38,22,4,22A5,FALSE
20050923,2005-09-23,2005,3,Q3,9,September,Sep,38,23,5,23A5,FALSE
20050924,2005-09-24,2005,3,Q3,9,September,Sep,38,24,6,24A5,TRUE
20050925,2005-09-25,2005,3,Q3,9,September,Sep,38,25,0,25A5,TRUE
20050926,2005-09-26,2005,3,Q3,9,September,Sep,39,26,1,26A5,FALSE
20050927,2005-09-27,2005,3,Q3,9,September,Sep,39,27,2,27A5,FALSE
20050928,2005-09-28,2005,3,Q3,9,September,Sep,39,28,3,28A5,FALSE
20050929,2005-09-29,2005,3,Q3,9,September,Sep,39,29,4,29A5,FALSE
20050930,2005-09-30,2005,3,Q3,9,September,Sep,39,30,5,30A5,FALSE
20051001,2005-10-01,2005,4,Q4,10,October,Oct,39,1,6,1A5,TRUE
20051002,2005-10-02,2005,4,Q4,10,October,Oct,39,2,0,2A5,TRUE
20051003,2005-10-03,2005,4,Q4,10,October,Oct,40,3,1,3A5,FALSE
20051004,2005-10-04,2005,4,Q4,10,October,Oct,40,4,2,4A5,FALSE
20051005,2005-10-05,2005,4,Q4,10,October,Oct,40,5,3,5A5,FALSE
20051006,2005-10-06,2005,4,Q4,10,October,Oct,40,6,4,6A5,FALSE
20051007,2005-10-07,2005,4,Q4,10,October,Oct,40,7,5,7A5,FALSE
20051008,2005-10-08,2005,4,Q4,10,October,Oct,40,8,6,8A5,TRUE
20051009,2005-10-09,2005,4,Q4,10,October,Oct,40,9,0,9A5,TRUE
20051010,2005-10-10,2005,4,Q4,10,October,Oct,41,10,1,10A5,FALSE
20051011,2005-10-11,2005,4,Q4,10,October,Oct,41,11,2,11A5,FALSE
20051012,2005-10-12,2005,4,Q4,10,October,Oct,41,12,3,12A5,FALSE
20051013,2005-10-13,2005,4,Q4,10,October,Oct,41,13,4,13A5,FALSE
20051014,2005-10-14,2005,4,Q4,10,October,Oct,41,14,5,14A5,FALSE
20051015,2005-10-15,2005,4,Q4,10,October,Oct,41,15,6,15A5,TRUE
20051016,2005-10-16,2005,4,Q4,10,October,Oct,41,16,0,16A5,TRUE
20051017,2005-10-17,2005,4,Q4,10,October,Oct,42,17,1,17A5,FALSE
20051018,2005-10-18,2005,4,Q4,10,October,Oct,42,18,2,18A5,FALSE
20051019,2005-10-19,2005,4,Q4,10,October,Oct,42,19,3,19A5,FALSE
20051020,2005-10-20,2005,4,Q4,10,October,Oct,42,20,4,20A5,FALSE
20051021,2005-10-21,2005,4,Q4,10,October,Oct,42,21,5,21A5,FALSE
20051022,2005-10-22,2005,4,Q4,10,October,Oct,42,22,6,22A5,TRUE
20051023,2005-10-23,2005,4,Q4,10,October,Oct,42,23,0,23A5,TRUE
20051024,2005-10-24,2005,4,Q4,10,October,Oct,43,24,1,24A5,FALSE
20051025,2005-10-25,2005,4,Q4,10,October,Oct,43,25,2,25A5,FALSE
20051026,2005-10-26,2005,4,Q4,10,October,Oct,43,26,3,26A5,FALSE
20051027,2005-10-27,2005,4,Q4,10,October,Oct,43,27,4,27A5,FALSE
20051028,2005-10-28,2005,4,Q4,10,October,Oct,43,28,5,28A5,FALSE
20051029,2005-10-29,2005,4,Q4,10,October,Oct,43,29,6,29A5,TRUE
20051030,2005-10-30,2005,4,Q4,10,October,Oct,43,30,0,30A5,TRUE
20051031,2005-10-31,2005,4,Q4,10,October,Oct,44,31,1,31A5,FALSE
20051101,2005-11-01,2005,4,Q4,11,November,Nov,44,1,2,1A5,FALSE
20051102,2005-11-02,2005,4,Q4,11,November,Nov,44,2,3,2A5,FALSE
20051103,2005-11-03,2005,4,Q4,11,November,Nov,44,3,4,3A5,FALSE
20051104,2005-11-04,2005,4,Q4,11,November,Nov,44,4,5,4A5,FALSE
20051105,2005-11-05,2005,4,Q4,11,November,Nov,44,5,6,5A5,TRUE
20051106,2005-11-06,2005,4,Q4,11,November,Nov,44,6,0,6A5,TRUE
20051107,2005-11-07,2005,4,Q4,11,November,Nov,45,7,1,7A5,FALSE
20051108,2005-11-08,2005,4,Q4,11,November,Nov,45,8,2,8A5,FALSE
20051109,2005-11-09,2005,4,Q4,11,November,Nov,45,9,3,9A5,FALSE
20051110,2005-11-10,2005,4,Q4,11,November,Nov,45,10,4,10A5,FALSE
20051111,2005-11-11,2005,4,Q4,11,November,Nov,45,11,5,11A5,FALSE
20051112,2005-11-12,2005,4,Q4,11,November,Nov,45,12,6,12A5,TRUE
20051113,2005-11-13,2005,4,Q4,11,November,Nov,45,13,0,13A5,TRUE
20051114,2005-11-14,2005,4,Q4,11,November,Nov,46,14,1,14A5,FALSE
20051115,2005-11-15,2005,4,Q4,11,November,Nov,46,15,2,15A5,FALSE
20051116,2005-11-16,2005,4,Q4,11,November,Nov,46,16,3,16A5,FALSE
20051117,2005-11-17,2005,4,Q4,11,November,Nov,46,17,4,17A5,FALSE
20051118,2005-11-18,2005,4,Q4,11,November,Nov,46,18,5,18A5,FALSE
20051119,2005-11-19,2005,4,Q4,11,November,Nov,46,19,6,19A5,TRUE
20051120,2005-11-20,2005,4,Q4,11,November,Nov,46,20,0,20A5,TRUE
20051121,2005-11-21,2005,4,Q4,11,November,Nov,47,21,1,21A5,FALSE
20051122,2005-11-22,2005,4,Q4,11,November,Nov,47,22,2,22A5,FALSE
20051123,2005-11-23,2005,4,Q4,11,November,Nov,47,23,3,23A5,FALSE
20051124,2005-11-24,2005,4,Q4,11,November,Nov,47,24,4,24A5,FALSE
20051125,2005-11-25,2005,4,Q4,11,November,Nov,47,25,5,25A5,FALSE
20051126,2005-11-26,2005,4,Q4,11,November,Nov,47,26,6,26A5,TRUE
20051127,2005-11-27,2005,4,Q4,11,November,Nov,47,27,0,27A5,TRUE
20051128,2005-11-28,2005,4,Q4,11,November,Nov,48,28,1,28A5,FALSE
20051129,2005-11-29,2005,4,Q4,11,November,Nov,48,29,2,29A5,FALSE
20051130,2005-11-30,2005,4,Q4,11,November,Nov,48,30,3,30A5,FALSE
20051201,2005-12-01,2005,4,Q4,12,December,Dec,48,1,4,1A5,FALSE
20051202,2005-12-02,2005,4,Q4,12,December,Dec,48,2,5,2A5,FALSE
20051203,2005-12-03,2005,4,Q4,12,December,Dec,48,3,6,3A5,TRUE
20051204,2005-12-04,2005,4,Q4,12,December,Dec,48,4,0,4A5,TRUE
20051205,2005-12-05,2005,4,Q4,12,December,Dec,49,5,1,5A5,FALSE
20051206,2005-12-06,2005,4,Q4,12,December,Dec,49,6,2,6A5,FALSE
20051207,2005-12-07,2005,4,Q4,12,December,Dec,49,7,3,7A5,FALSE
20051208,2005-12-08,2005,4,Q4,12,December,Dec,49,8,4,8A5,FALSE
20051209,2005-12-09,2005,4,Q4,12,December,Dec,49,9,5,9A5,FALSE
20051210,2005-12-10,2005,4,Q4,12,December,Dec,49,10,6,10A5,TRUE
20051211,2005-12-11,2005,4,Q4,12,December,Dec,49,11,0,11A5,TRUE
20051212,2005-12-12,2005,4,Q4,12,December,Dec,50,12,1,12A5,FALSE
20051213,2005-12-13,2005,4,Q4,12,December,Dec,50,13,2,13A5,FALSE
20051214,2005-12-14,2005,4,Q4,12,December,Dec,50,14,3,14A5,FALSE
20051215,2005-12-15,2005,4,Q4,12,December,Dec,50,15,4,15A5,FALSE
20051216,2005-12-16,2005,4,Q4,12,December,Dec,50,16,5,16A5,FALSE
20051217,2005-12-17,2005,4,Q4,12,December,Dec,50,17,6,17A5,TRUE
20051218,2005-12-18,2005,4,Q4,12,December,Dec,50,18,0,18A5,TRUE
20051219,2005-12-19,2005,4,Q4,12,December,Dec,51,19,1,19A5,FALSE
20051220,2005-12-20,2005,4,Q4,12,December,Dec,51,20,2,20A5,FALSE
20051221,2005-12-21,2005,4,Q4,12,December,Dec,51,21,3,21A5,FALSE
20051222,2005-12-22,2005,4,Q4,12,December,Dec,51,22,4,22A5,FALSE
20051223,2005-12-23,2005,4,Q4,12,December,Dec,51,23,5,23A5,FALSE
20051224,2005-12-24,2005,4,Q4,12,December,Dec,51,24,6,24A5,TRUE
20051225,2005-12-25,2005,4,Q4,12,December,Dec,51,25,0,25A5,TRUE
20051226,2005-12-26,2005,4,Q4,12,December,Dec,52,26,1,26A5,FALSE
20051227,2005-12-27,2005,4,Q4,12,December,Dec,52,27,2,27A5,FALSE
20051228,2005-12-28,2005,4,Q4,12,December,Dec,52,28,3,28A5,FALSE
20051229,2005-12-29,2005,4,Q4,12,December,Dec,52,29,4,29A5,FALSE
20051230,2005-12-30,2005,4,Q4,12,December,Dec,52,30,5,30A5,FALSE
20051231,2005-12-31,2005,4,Q4,12,December,Dec,52,31,6,31A5,TRUE
20060101,2006-01-01,2006,1,Q1,1,January,Jan,52,1,0,1A6,TRUE
20060102,2006-01-02,2006,1,Q1,1,January,Jan,1,2,1,2A6,FALSE
20060103,2006-01-03,2006,1,Q1,1,January,Jan,1,3,2,3A6,FALSE
20060104,2006-01-04,2006,1,Q1,1,January,Jan,1,4,3,4A6,FALSE
20060105,2006-01-05,2006,1,Q1,1,January,Jan,1,5,4,5A6,FALSE
20060106,2006-01-06,2006,1,Q1,1,January,Jan,1,6,5,6A6,FALSE
20060107,2006-01-07,2006,1,Q1,1,January,Jan,1,7,6,7A6,TRUE
20060108,2006-01-08,2006,1,Q1,1,January,Jan,1,8,0,8A6,TRUE
20060109,2006-01-09,2006,1,Q1,1,January,Jan,2,9,1,9A6,FALSE
20060110,2006-01-10,2006,1,Q1,1,January,Jan,2,10,2,10A6,FALSE
20060111,2006-01-11,2006,1,Q1,1,January,Jan,2,11,3,11A6,FALSE
20060112,2006-01-12,2006,1,Q1,1,January,Jan,2,12,4,12A6,FALSE
20060113,2006-01-13,2006,1,Q1,1,January,Jan,2,13,5,13A6,FALSE
20060114,2006-01-14,2006,1,Q1,1,January,Jan,2,14,6,14A6,TRUE
20060115,2006-01-15,2006,1,Q1,1,January,Jan,2,15,0,15A6,TRUE
20060116,2006-01-16,2006,1,Q1,1,January,Jan,3,16,1,16A6,FALSE
20060117,2006-01-17,2006,1,Q1,1,January,Jan,3,17,2,17A6,FALSE
20060118,2006-01-18,2006,1,Q1,1,January,Jan,3,18,3,18A6,FALSE
20060119,2006-01-19,2006,1,Q1,1,January,Jan,3,19,4,19A6,FALSE
20060120,2006-01-20,2006,1,Q1,1,January,Jan,3,20,5,20A6,FALSE
20060121,2006-01-21,2006,1,Q1,1,January,Jan,3,21,6,21A6,TRUE
20060122,2006-01-22,2006,1,Q1,1,January,Jan,3,22,0,22A6,TRUE
20060123,2006-01-23,2006,1,Q1,1,January,Jan,4,23,1,23A6,FALSE
20060124,2006-01-24,2006,1,Q1,1,January,Jan,4,24,2,24A6,FALSE
20060125,2006-01-25,2006,1,Q1,1,January,Jan,4,25,3,25A6,FALSE
20060126,2006-01-26,2006,1,Q1,1,January,Jan,4,26,4,26A6,FALSE
20060127,2006-01-27,2006,1,Q1,1,January,Jan,4,27,5,27A6,FALSE
20060128,2006-01-28,2006,1,Q1,1,January,Jan,4,28,6,28A6,TRUE
20060129,2006-01-29,2006,1,Q1,1,January,Jan,4,29,0,29A6,TRUE
20060130,2006-01-30,2006,1,Q1,1,January,Jan,5,30,1,30A6,FALSE
20060131,2006-01-31,2006,1,Q1,1,January,Jan,5,31,2,31A6,FALSE
20060201,2006-02-01,2006,1,Q1,2,February,Feb,5,1,3,1A6,FALSE
20060202,2006-02-02,2006,1,Q1,2,February,Feb,5,2,4,2A6,FALSE
20060203,2006-02-03,2006,1,Q1,2,February,Feb,5,3,5,3A6,FALSE
20060204,2006-02-04,2006,1,Q1,2,February,Feb,5,4,6,4A6,TRUE
20060205,2006-02-05,2006,1,Q1,2,February,Feb,5,5,0,5A6,TRUE
20060206,2006-02-06,2006,1,Q1,2,February,Feb,6,6,1,6A6,FALSE
20060207,2006-02-07,2006,1,Q1,2,February,Feb,6,7,2,7A6,FALSE
20060208,2006-02-08,2006,1,Q1,2,February,Feb,6,8,3,8A6,FALSE
20060209,2006-02-09,2006,1,Q1,2,February,Feb,6,9,4,9A6,FALSE
20060210,2006-02-10,2006,1,Q1,2,February,Feb,6,10,5,10A6,FALSE
20060211,2006-02-11,2006,1,Q1,2,February,Feb,6,11,6,11A6,TRUE
20060212,2006-02-12,2006,1,Q1,2,February,Feb,6,12,0,12A6,TRUE
20060213,2006-02-13,2006,1,Q1,2,February,Feb,7,13,1,13A6,FALSE
20060214,2006-02-14,2006,1,Q1,2,February,Feb,7,14,2,14A6,FALSE
20060215,2006-02-15,2006,1,Q1,2,February,Feb,7,15,3,15A6,FALSE
20060216,2006-02-16,2006,1,Q1,2,February,Feb,7,16,4,16A6,FALSE
20060217,2006-02-17,2006,1,Q1,2,February,Feb,7,17,5,17A6,FALSE
20060218,2006-02-18,2006,1,Q1,2,February,Feb,7,18,6,18A6,TRUE
20060219,2006-02-19,2006,1,Q1,2,February,Feb,7,19,0,19A6,TRUE
20060220,2006-02-20,2006,1,Q1,2,February,Feb,8,20,1,20A6,FALSE
20060221,2006-02-21,2006,1,Q1,2,February,Feb,8,21,2,21A6,FALSE
20060222,2006-02-22,2006,1,Q1,2,February,Feb,8,22,3,22A6,FALSE
20060223,2006-02-23,2006,1,Q1,2,February,Feb,8,23,4,23A6,FALSE
20060224,2006-02-24,2006,1,Q1,2,February,Feb,8,24,5,24A6,FALSE
20060225,2006-02-25,2006,1,Q1,2,February,Feb,8,25,6,25A6,TRUE
20060226,2006-02-26,2006,1,Q1,2,February,Feb,8,26,0,26A6,TRUE
20060227,2006-02-27,2006,1,Q1,2,February,Feb,9,27,1,27A6,FALSE
20060228,2006-02-28,2006,1,Q1,2,February,Feb,9,28,2,28A6,FALSE
20060301,2006-03-01,2006,1,Q1,3,March,Mar,9,1,3,1A6,FALSE
20060302,2006-03-02,2006,1,Q1,3,March,Mar,9,2,4,2A6,FALSE
20060303,2006-03-03,2006,1,Q1,3,March,Mar,9,3,5,3A6,FALSE
20060304,2006-03-04,2006,1,Q1,3,March,Mar,9,4,6,4A6,TRUE
20060305,2006-03-05,2006,1,Q1,3,March,Mar,9,5,0,5A6,TRUE
20060306,2006-03-06,2006,1,Q1,3,March,Mar,10,6,1,6A6,FALSE
20060307,2006-03-07,2006,1,Q1,3,March,Mar,10,7,2,7A6,FALSE
20060308,2006-03-08,2006,1,Q1,3,March,Mar,10,8,3,8A6,FALSE
20060309,2006-03-09,2006,1,Q1,3,March,Mar,10,9,4,9A6,FALSE
20060310,2006-03-10,2006,1,Q1,3,March,Mar,10,10,5,10A6,FALSE
20060311,2006-03-11,2006,1,Q1,3,March,Mar,10,11,6,11A6,TRUE
20060312,2006-03-12,2006,1,Q1,3,March,Mar,10,12,0,12A6,TRUE
20060313,2006-03-13,2006,1,Q1,3,March,Mar,11,13,1,13A6,FALSE
20060314,2006-03-14,2006,1,Q1,3,March,Mar,11,14,2,14A6,FALSE
20060315,2006-03-15,2006,1,Q1,3,March,Mar,11,15,3,15A6,FALSE
20060316,2006-03-16,2006,1,Q1,3,March,Mar,11,16,4,16A6,FALSE
20060317,2006-03-17,2006,1,Q1,3,March,Mar,11,17,5,17A6,FALSE
20060318,2006-03-18,2006,1,Q1,3,March,Mar,11,18,6,18A6,TRUE
20060319,2006-03-19,2006,1,Q1,3,March,Mar,11,19,0,19A6,TRUE
20060320,2006-03-20,2006,1,Q1,3,March,Mar,12,20,1,20A6,FALSE
20060321,2006-03-21,2006,1,Q1,3,March,Mar,12,21,2,21A6,FALSE
20060322,2006-03-22,2006,1,Q1,3,March,Mar,12,22,3,22A6,FALSE
20060323,2006-03-23,2006,1,Q1,3,March,Mar,12,23,4,23A6,FALSE
20060324,2006-03-24,2006,1,Q1,3,March,Mar,12,24,5,24A6,FALSE
20060325,2006-03-25,2006,1,Q1,3,March,Mar,12,25,6,25A6,TRUE
20060326,2006-03-26,2006,1,Q1,3,March,Mar,12,26,0,26A6,TRUE
20060327,2006-03-27,2006,1,Q1,3,March,Mar,13,27,1,27A6,FALSE
20060328,2006-03-28,2006,1,Q1,3,March,Mar,13,28,2,28A6,FALSE
20060329,2006-03-29,2006,1,Q1,3,March,Mar,13,29,3,29A6,FALSE
20060330,2006-03-30,2006,1,Q1,3,March,Mar,13,30,4,30A6,FALSE
20060331,2006-03-31,2006,1,Q1,3,March,Mar,13,31,5,31A6,FALSE
20060401,2006-04-01,2006,2,Q2,4,April,Apr,13,1,6,1A6,TRUE
20060402,2006-04-02,2006,2,Q2,4,April,Apr,13,2,0,2A6,TRUE
20060403,2006-04-03,2006,2,Q2,4,April,Apr,14,3,1,3A6,FALSE
20060404,2006-04-04,2006,2,Q2,4,April,Apr,14,4,2,4A6,FALSE
20060405,2006-04-05,2006,2,Q2,4,April,Apr,14,5,3,5A6,FALSE
20060406,2006-04-06,2006,2,Q2,4,April,Apr,14,6,4,6A6,FALSE
20060407,2006-04-07,2006,2,Q2,4,April,Apr,14,7,5,7A6,FALSE
20060408,2006-04-08,2006,2,Q2,4,April,Apr,14,8,6,8A6,TRUE
20060409,2006-04-09,2006,2,Q2,4,April,Apr,14,9,0,9A6,TRUE
20060410,2006-04-10,2006,2,Q2,4,April,Apr,15,10,1,10A6,FALSE
20060411,2006-04-11,2006,2,Q2,4,April,Apr,15,11,2,11A6,FALSE
20060412,2006-04-12,2006,2,Q2,4,April,Apr,15,12,3,12A6,FALSE
20060413,2006-04-13,2006,2,Q2,4,April,Apr,15,13,4,13A6,FALSE
20060414,2006-04-14,2006,2,Q2,4,April,Apr,15,14,5,14A6,FALSE
20060415,2006-04-15,2006,2,Q2,4,April,Apr,15,15,6,15A6,TRUE
20060416,2006-04-16,2006,2,Q2,4,April,Apr,15,16,0,16A6,TRUE
20060417,2006-04-17,2006,2,Q2,4,April,Apr,16,17,1,17A6,FALSE
20060418,2006-04-18,2006,2,Q2,4,April,Apr,16,18,2,18A6,FALSE
20060419,2006-04-19,2006,2,Q2,4,April,Apr,16,19,3,19A6,FALSE
20060420,2006-04-20,2006,2,Q2,4,April,Apr,16,20,4,20A6,FALSE
20060421,2006-04-21,2006,2,Q2,4,April,Apr,16,21,5,21A6,FALSE
20060422,2006-04-22,2006,2,Q2,4,April,Apr,16,22,6,22A6,TRUE
20060423,2006-04-23,2006,2,Q2,4,April,Apr,16,23,0,23A6,TRUE
20060424,2006-04-24,2006,2,Q2,4,April,Apr,17,24,1,24A6,FALSE
20060425,2006-04-25,2006,2,Q2,4,April,Apr,17,25,2,25A6,FALSE
20060426,2006-04-26,2006,2,Q2,4,April,Apr,17,26,3,26A6,FALSE
20060427,2006-04-27,2006,2,Q2,4,April,Apr,17,27,4,27A6,FALSE
20060428,2006-04-28,2006,2,Q2,4,April,Apr,17,28,5,28A6,FALSE
20060429,2006-04-29,2006,2,Q2,4,April,Apr,17,29,6,29A6,TRUE
20060430,2006-04-30,2006,2,Q2,4,April,Apr,17,30,0,30A6,TRUE
20060501,2006-05-01,2006,2,Q2,5,May,May,18,1,1,1A6,FALSE
20060502,2006-05-02,2006,2,Q2,5,May,May,18,2,2,2A6,FALSE
20060503,2006-05-03,2006,2,Q2,5,May,May,18,3,3,3A6,FALSE
20060504,2006-05-04,2006,2,Q2,5,May,May,18,4,4,4A6,FALSE
20060505,2006-05-05,2006,2,Q2,5,May,May,18,5,5,5A6,FALSE
20060506,2006-05-06,2006,2,Q2,5,May,May,18,6,6,6A6,TRUE
20060507,2006-05-07,2006,2,Q2,5,May,May,18,7,0,7A6,TRUE
20060508,2006-05-08,2006,2,Q2,5,May,May,19,8,1,8A6,FALSE
20060509,2006-05-09,2006,2,Q2,5,May,May,19,9,2,9A6,FALSE
20060510,2006-05-10,2006,2,Q2,5,May,May,19,10,3,10A6,FALSE
20060511,2006-05-11,2006,2,Q2,5,May,May,19,11,4,11A6,FALSE
20060512,2006-05-12,2006,2,Q2,5,May,May,19,12,5,12A6,FALSE
20060513,2006-05-13,2006,2,Q2,5,May,May,19,13,6,13A6,TRUE
20060514,2006-05-14,2006,2,Q2,5,May,May,19,14,0,14A6,TRUE
20060515,2006-05-15,2006,2,Q2,5,May,May,20,15,1,15A6,FALSE
20060516,2006-05-16,2006,2,Q2,5,May,May,20,16,2,16A6,FALSE
20060517,2006-05-17,2006,2,Q2,5,May,May,20,17,3,17A6,FALSE
20060518,2006-05-18,2006,2,Q2,5,May,May,20,18,4,18A6,FALSE
20060519,2006-05-19,2006,2,Q2,5,May,May,20,19,5,19A6,FALSE
20060520,2006-05-20,2006,2,Q2,5,May,May,20,20,6,20A6,TRUE
20060521,2006-05-21,2006,2,Q2,5,May,May,20,21,0,21A6,TRUE
20060522,2006-05-22,2006,2,Q2,5,May,May,21,22,1,22A6,FALSE
20060523,2006-05-23,2006,2,Q2,5,May,May,21,23,2,23A6,FALSE
20060524,2006-05-24,2006,2,Q2,5,May,May,21,24,3,24A6,FALSE
20060525,2006-05-25,2006,2,Q2,5,May,May,21,25,4,25A6,FALSE
20060526,2006-05-26,2006,2,Q2,5,May,May,21,26,5,26A6,FALSE
20060527,2006-05-27,2006,2,Q2,5,May,May,21,27,6,27A6,TRUE
20060528,2006-05-28,2006,2,Q2,5,May,May,21,28,0,28A6,TRUE
20060529,2006-05-29,2006,2,Q2,5,May,May,22,29,1,29A6,FALSE
20060530,2006-05-30,2006,2,Q2,5,May,May,22,30,2,30A6,FALSE
20060531,2006-05-31,2006,2,Q2,5,May,May,22,31,3,31A6,FALSE
20060601,2006-06-01,2006,2,Q2,6,June,Jun,22,1,4,1A6,FALSE
20060602,2006-06-02,2006,2,Q2,6,June,Jun,22,2,5,2A6,FALSE
20060603,2006-06-03,2006,2,Q2,6,June,Jun,22,3,6,3A6,TRUE
20060604,2006-06-04,2006,2,Q2,6,June,Jun,22,4,0,4A6,TRUE
20060605,2006-06-05,2006,2,Q2,6,June,Jun,23,5,1,5A6,FALSE
20060606,2006-06-06,2006,2,Q2,6,June,Jun,23,6,2,6A6,FALSE
20060607,2006-06-07,2006,2,Q2,6,June,Jun,23,7,3,7A6,FALSE
20060608,2006-06-08,2006,2,Q2,6,June,Jun,23,8,4,8A6,FALSE
20060609,2006-06-09,2006,2,Q2,6,June,Jun,23,9,5,9A6,FALSE
20060610,2006-06-10,2006,2,Q2,6,June,Jun,23,10,6,10A6,TRUE
20060611,2006-06-11,2006,2,Q2,6,June,Jun,23,11,0,11A6,TRUE
20060612,2006-06-12,2006,2,Q2,6,June,Jun,24,12,1,12A6,FALSE
20060613,2006-06-13,2006,2,Q2,6,June,Jun,24,13,2,13A6,FALSE
20060614,2006-06-14,2006,2,Q2,6,June,Jun,24,14,3,14A6,FALSE
20060615,2006-06-15,2006,2,Q2,6,June,Jun,24,15,4,15A6,FALSE
20060616,2006-06-16,2006,2,Q2,6,June,Jun,24,16,5,16A6,FALSE
20060617,2006-06-17,2006,2,Q2,6,June,Jun,24,17,6,17A6,TRUE
20060618,2006-06-18,2006,2,Q2,6,June,Jun,24,18,0,18A6,TRUE
20060619,2006-06-19,2006,2,Q2,6,June,Jun,25,19,1,19A6,FALSE
20060620,2006-06-20,2006,2,Q2,6,June,Jun,25,20,2,20A6,FALSE
20060621,2006-06-21,2006,2,Q2,6,June,Jun,25,21,3,21A6,FALSE
20060622,2006-06-22,2006,2,Q2,6,June,Jun,25,22,4,22A6,FALSE
20060623,2006-06-23,2006,2,Q2,6,June,Jun,25,23,5,23A6,FALSE
20060624,2006-06-24,2006,2,Q2,6,June,Jun,25,24,6,24A6,TRUE
20060625,2006-06-25,2006,2,Q2,6,June,Jun,25,25,0,25A6,TRUE
20060626,2006-06-26,2006,2,Q2,6,June,Jun,26,26,1,26A6,FALSE
20060627,2006-06-27,2006,2,Q2,6,June,Jun,26,27,2,27A6,FALSE
20060628,2006-06-28,2006,2,Q2,6,June,Jun,26,28,3,28A6,FALSE
20060629,2006-06-29,2006,2,Q2,6,June,Jun,26,29,4,29A6,FALSE
20060630,2006-06-30,2006,2,Q2,6,June,Jun,26,30,5,30A6,FALSE
20060701,2006-07-01,2006,3,Q3,7,July,Jul,26,1,6,1A6,TRUE
20060702,2006-07-02,2006,3,Q3,7,July,Jul,26,2,0,2A6,TRUE
20060703,2006-07-03,2006,3,Q3,7,July,Jul,27,3,1,3A6,FALSE
20060704,2006-07-04,2006,3,Q3,7,July,Jul,27,4,2,4A6,FALSE
20060705,2006-07-05,2006,3,Q3,7,July,Jul,27,5,3,5A6,FALSE
20060706,2006-07-06,2006,3,Q3,7,July,Jul,27,6,4,6A6,FALSE
20060707,2006-07-07,2006,3,Q3,7,July,Jul,27,7,5,7A6,FALSE
20060708,2006-07-08,2006,3,Q3,7,July,Jul,27,8,6,8A6,TRUE
20060709,2006-07-09,2006,3,Q3,7,July,Jul,27,9,0,9A6,TRUE
20060710,2006-07-10,2006,3,Q3,7,July,Jul,28,10,1,10A6,FALSE
20060711,2006-07-11,2006,3,Q3,7,July,Jul,28,11,2,11A6,FALSE
20060712,2006-07-12,2006,3,Q3,7,July,Jul,28,12,3,12A6,FALSE
20060713,2006-07-13,2006,3,Q3,7,July,Jul,28,13,4,13A6,FALSE
20060714,2006-07-14,2006,3,Q3,7,July,Jul,28,14,5,14A6,FALSE
20060715,2006-07-15,2006,3,Q3,7,July,Jul,28,15,6,15A6,TRUE
20060716,2006-07-16,2006,3,Q3,7,July,Jul,28,16,0,16A6,TRUE
20060717,2006-07-17,2006,3,Q3,7,July,Jul,29,17,1,17A6,FALSE
20060718,2006-07-18,2006,3,Q3,7,July,Jul,29,18,2,18A6,FALSE
20060719,2006-07-19,2006,3,Q3,7,July,Jul,29,19,3,19A6,FALSE
20060720,2006-07-20,2006,3,Q3,7,July,Jul,29,20,4,20A6,FALSE
20060721,2006-07-21,2006,3,Q3,7,July,Jul,29,21,5,21A6,FALSE
20060722,2006-07-22,2006,3,Q3,7,July,Jul,29,22,6,22A6,TRUE
20060723,2006-07-23,2006,3,Q3,7,July,Jul,29,23,0,23A6,TRUE
20060724,2006-07-24,2006,3,Q3,7,July,Jul,30,24,1,24A6,FALSE
20060725,2006-07-25,2006,3,Q3,7,July,Jul,30,25,2,25A6,FALSE
20060726,2006-07-26,2006,3,Q3,7,July,Jul,30,26,3,26A6,FALSE
20060727,2006-07-27,2006,3,Q3,7,July,Jul,30,27,4,27A6,FALSE
20060728,2006-07-28,2006,3,Q3,7,July,Jul,30,28,5,28A6,FALSE
20060729,2006-07-29,2006,3,Q3,7,July,Jul,30,29,6,29A6,TRUE
20060730,2006-07-30,2006,3,Q3,7,July,Jul,30,30,0,30A6,TRUE
20060731,2006-07-31,2006,3,Q3,7,July,Jul,31,31,1,31A6,FALSE
20060801,2006-08-01,2006,3,Q3,8,August,Aug,31,1,2,1A6,FALSE
20060802,2006-08-02,2006,3,Q3,8,August,Aug,31,2,3,2A6,FALSE
20060803,2006-08-03,2006,3,Q3,8,August,Aug,31,3,4,3A6,FALSE
20060804,2006-08-04,2006,3,Q3,8,August,Aug,31,4,5,4A6,FALSE
20060805,2006-08-05,2006,3,Q3,8,August,Aug,31,5,6,5A6,TRUE
20060806,2006-08-06,2006,3,Q3,8,August,Aug,31,6,0,6A6,TRUE
20060807,2006-08-07,2006,3,Q3,8,August,Aug,32,7,1,7A6,FALSE
20060808,2006-08-08,2006,3,Q3,8,August,Aug,32,8,2,8A6,FALSE
20060809,2006-08-09,2006,3,Q3,8,August,Aug,32,9,3,9A6,FALSE
20060810,2006-08-10,2006,3,Q3,8,August,Aug,32,10,4,10A6,FALSE
20060811,2006-08-11,2006,3,Q3,8,August,Aug,32,11,5,11A6,FALSE
20060812,2006-08-12,2006,3,Q3,8,August,Aug,32,12,6,12A6,TRUE
20060813,2006-08-13,2006,3,Q3,8,August,Aug,32,13,0,13A6,TRUE
20060814,2006-08-14,2006,3,Q3,8,August,Aug,33,14,1,14A6,FALSE
20060815,2006-08-15,2006,3,Q3,8,August,Aug,33,15,2,15A6,FALSE
20060816,2006-08-16,2006,3,Q3,8,August,Aug,33,16,3,16A6,FALSE
20060817,2006-08-17,2006,3,Q3,8,August,Aug,33,17,4,17A6,FALSE
20060818,2006-08-18,2006,3,Q3,8,August,Aug,33,18,5,18A6,FALSE
20060819,2006-08-19,2006,3,Q3,8,August,Aug,33,19,6,19A6,TRUE
20060820,2006-08-20,2006,3,Q3,8,August,Aug,33,20,0,20A6,TRUE
20060821,2006-08-21,2006,3,Q3,8,August,Aug,34,21,1,21A6,FALSE
20060822,2006-08-22,2006,3,Q3,8,August,Aug,34,22,2,22A6,FALSE
20060823,2006-08-23,2006,3,Q3,8,August,Aug,34,23,3,23A6,FALSE
20060824,2006-08-24,2006,3,Q3,8,August,Aug,34,24,4,24A6,FALSE
20060825,2006-08-25,2006,3,Q3,8,August,Aug,34,25,5,25A6,FALSE
20060826,2006-08-26,2006,3,Q3,8,August,Aug,34,26,6,26A6,TRUE
20060827,2006-08-27,2006,3,Q3,8,August,Aug,34,27,0,27A6,TRUE
20060828,2006-08-28,2006,3,Q3,8,August,Aug,35,28,1,28A6,FALSE
20060829,2006-08-29,2006,3,Q3,8,August,Aug,35,29,2,29A6,FALSE
20060830,2006-08-30,2006,3,Q3,8,August,Aug,35,30,3,30A6,FALSE
20060831,2006-08-31,2006,3,Q3,8,August,Aug,35,31,4,31A6,FALSE
20060901,2006-09-01,2006,3,Q3,9,September,Sep,35,1,5,1A6,FALSE
20060902,2006-09-02,2006,3,Q3,9,September,Sep,35,2,6,2A6,TRUE
20060903,2006-09-03,2006,3,Q3,9,September,Sep,35,3,0,3A6,TRUE
20060904,2006-09-04,2006,3,Q3,9,September,Sep,36,4,1,4A6,FALSE
20060905,2006-09-05,2006,3,Q3,9,September,Sep,36,5,2,5A6,FALSE
20060906,2006-09-06,2006,3,Q3,9,September,Sep,36,6,3,6A6,FALSE
20060907,2006-09-07,2006,3,Q3,9,September,Sep,36,7,4,7A6,FALSE
20060908,2006-09-08,2006,3,Q3,9,September,Sep,36,8,5,8A6,FALSE
20060909,2006-09-09,2006,3,Q3,9,September,Sep,36,9,6,9A6,TRUE
20060910,2006-09-10,2006,3,Q3,9,September,Sep,36,10,0,10A6,TRUE
20060911,2006-09-11,2006,3,Q3,9,September,Sep,37,11,1,11A6,FALSE
20060912,2006-09-12,2006,3,Q3,9,September,Sep,37,12,2,12A6,FALSE
20060913,2006-09-13,2006,3,Q3,9,September,Sep,37,13,3,13A6,FALSE
20060914,2006-09-14,2006,3,Q3,9,September,Sep,37,14,4,14A6,FALSE
20060915,2006-09-15,2006,3,Q3,9,September,Sep,37,15,5,15A6,FALSE
20060916,2006-09-16,2006,3,Q3,9,September,Sep,37,16,6,16A6,TRUE
20060917,2006-09-17,2006,3,Q3,9,September,Sep,37,17,0,17A6,TRUE
20060918,2006-09-18,2006,3,Q3,9,September,Sep,38,18,1,18A6,FALSE
20060919,2006-09-19,2006,3,Q3,9,September,Sep,38,19,2,19A6,FALSE
20060920,2006-09-20,2006,3,Q3,9,September,Sep,38,20,3,20A6,FALSE
20060921,2006-09-21,2006,3,Q3,9,September,Sep,38,21,4,21A6,FALSE
20060922,2006-09-22,2006,3,Q3,9,September,Sep,38,22,5,22A6,FALSE
20060923,2006-09-23,2006,3,Q3,9,September,Sep,38,23,6,23A6,TRUE
20060924,2006-09-24,2006,3,Q3,9,September,Sep,38,24,0,24A6,TRUE
20060925,2006-09-25,2006,3,Q3,9,September,Sep,39,25,1,25A6,FALSE
20060926,2006-09-26,2006,3,Q3,9,September,Sep,39,26,2,26A6,FALSE
20060927,2006-09-27,2006,3,Q3,9,September,Sep,39,27,3,27A6,FALSE
20060928,2006-09-28,2006,3,Q3,9,September,Sep,39,28,4,28A6,FALSE
20060929,2006-09-29,2006,3,Q3,9,September,Sep,39,29,5,29A6,FALSE
20060930,2006-09-30,2006,3,Q3,9,September,Sep,39,30,6,30A6,TRUE
20061001,2006-10-01,2006,4,Q4,10,October,Oct,39,1,0,1A6,TRUE
20061002,2006-10-02,2006,4,Q4,10,October,Oct,40,2,1,2A6,FALSE
20061003,2006-10-03,2006,4,Q4,10,October,Oct,40,3,2,3A6,FALSE
20061004,2006-10-04,2006,4,Q4,10,October,Oct,40,4,3,4A6,FALSE
20061005,2006-10-05,2006,4,Q4,10,October,Oct,40,5,4,5A6,FALSE
20061006,2006-10-06,2006,4,Q4,10,October,Oct,40,6,5,6A6,FALSE
20061007,2006-10-07,2006,4,Q4,10,October,Oct,40,7,6,7A6,TRUE
20061008,2006-10-08,2006,4,Q4,10,October,Oct,40,8,0,8A6,TRUE
20061009,2006-10-09,2006,4,Q4,10,October,Oct,41,9,1,9A6,FALSE
20061010,2006-10-10,2006,4,Q4,10,October,Oct,41,10,2,10A6,FALSE
20061011,2006-10-11,2006,4,Q4,10,October,Oct,41,11,3,11A6,FALSE
20061012,2006-10-12,2006,4,Q4,10,October,Oct,41,12,4,12A6,FALSE
20061013,2006-10-13,2006,4,Q4,10,October,Oct,41,13,5,13A6,FALSE
20061014,2006-10-14,2006,4,Q4,10,October,Oct,41,14,6,14A6,TRUE
20061015,2006-10-15,2006,4,Q4,10,October,Oct,41,15,0,15A6,TRUE
20061016,2006-10-16,2006,4,Q4,10,October,Oct,42,16,1,16A6,FALSE
20061017,2006-10-17,2006,4,Q4,10,October,Oct,42,17,2,17A6,FALSE
20061018,2006-10-18,2006,4,Q4,10,October,Oct,42,18,3,18A6,FALSE
20061019,2006-10-19,2006,4,Q4,10,October,Oct,42,19,4,19A6,FALSE
20061020,2006-10-20,2006,4,Q4,10,October,Oct,42,20,5,20A6,FALSE
20061021,2006-10-21,2006,4,Q4,10,October,Oct,42,21,6,21A6,TRUE
20061022,2006-10-22,2006,4,Q4,10,October,Oct,42,22,0,22A6,TRUE
20061023,2006-10-23,2006,4,Q4,10,October,Oct,43,23,1,23A6,FALSE
20061024,2006-10-24,2006,4,Q4,10,October,Oct,43,24,2,24A6,FALSE
20061025,2006-10-25,2006,4,Q4,10,October,Oct,43,25,3,25A6,FALSE
20061026,2006-10-26,2006,4,Q4,10,October,Oct,43,26,4,26A6,FALSE
20061027,2006-10-27,2006,4,Q4,10,October,Oct,43,27,5,27A6,FALSE
20061028,2006-10-28,2006,4,Q4,10,October,Oct,43,28,6,28A6,TRUE
20061029,2006-10-29,2006,4,Q4,10,October,Oct,43,29,0,29A6,TRUE
20061030,2006-10-30,2006,4,Q4,10,October,Oct,44,30,1,30A6,FALSE
20061031,2006-10-31,2006,4,Q4,10,October,Oct,44,31,2,31A6,FALSE
20061101,2006-11-01,2006,4,Q4,11,November,Nov,44,1,3,1A6,FALSE
20061102,2006-11-02,2006,4,Q4,11,November,Nov,44,2,4,2A6,FALSE
20061103,2006-11-03,2006,4,Q4,11,November,Nov,44,3,5,3A6,FALSE
20061104,2006-11-04,2006,4,Q4,11,November,Nov,44,4,6,4A6,TRUE
20061105,2006-11-05,2006,4,Q4,11,November,Nov,44,5,0,5A6,TRUE
20061106,2006-11-06,2006,4,Q4,11,November,Nov,45,6,1,6A6,FALSE
20061107,2006-11-07,2006,4,Q4,11,November,Nov,45,7,2,7A6,FALSE
20061108,2006-11-08,2006,4,Q4,11,November,Nov,45,8,3,8A6,FALSE
20061109,2006-11-09,2006,4,Q4,11,November,Nov,45,9,4,9A6,FALSE
20061110,2006-11-10,2006,4,Q4,11,November,Nov,45,10,5,10A6,FALSE
20061111,2006-11-11,2006,4,Q4,11,November,Nov,45,11,6,11A6,TRUE
20061112,2006-11-12,2006,4,Q4,11,November,Nov,45,12,0,12A6,TRUE
20061113,2006-11-13,2006,4,Q4,11,November,Nov,46,13,1,13A6,FALSE
20061114,2006-11-14,2006,4,Q4,11,November,Nov,46,14,2,14A6,FALSE
20061115,2006-11-15,2006,4,Q4,11,November,Nov,46,15,3,15A6,FALSE
20061116,2006-11-16,2006,4,Q4,11,November,Nov,46,16,4,16A6,FALSE
20061117,2006-11-17,2006,4,Q4,11,November,Nov,46,17,5,17A6,FALSE
20061118,2006-11-18,2006,4,Q4,11,November,Nov,46,18,6,18A6,TRUE
20061119,2006-11-19,2006,4,Q4,11,November,Nov,46,19,0,19A6,TRUE
20061120,2006-11-20,2006,4,Q4,11,November,Nov,47,20,1,20A6,FALSE
20061121,2006-11-21,2006,4,Q4,11,November,Nov,47,21,2,21A6,FALSE
20061122,2006-11-22,2006,4,Q4,11,November,Nov,47,22,3,22A6,FALSE
20061123,2006-11-23,2006,4,Q4,11,November,Nov,47,23,4,23A6,FALSE
20061124,2006-11-24,2006,4,Q4,11,November,Nov,47,24,5,24A6,FALSE
20061125,2006-11-25,2006,4,Q4,11,November,Nov,47,25,6,25A6,TRUE
20061126,2006-11-26,2006,4,Q4,11,November,Nov,47,26,0,26A6,TRUE
20061127,2006-11-27,2006,4,Q4,11,November,Nov,48,27,1,27A6,FALSE
20061128,2006-11-28,2006,4,Q4,11,November,Nov,48,28,2,28A6,FALSE
20061129,2006-11-29,2006,4,Q4,11,November,Nov,48,29,3,29A6,FALSE
20061130,2006-11-30,2006,4,Q4,11,November,Nov,48,30,4,30A6,FALSE
20061201,2006-12-01,2006,4,Q4,12,December,Dec,48,1,5,1A6,FALSE
20061202,2006-12-02,2006,4,Q4,12,December,Dec,48,2,6,2A6,TRUE
20061203,2006-12-03,2006,4,Q4,12,December,Dec,48,3,0,3A6,TRUE
20061204,2006-12-04,2006,4,Q4,12,December,Dec,49,4,1,4A6,FALSE
20061205,2006-12-05,2006,4,Q4,12,December,Dec,49,5,2,5A6,FALSE
20061206,2006-12-06,2006,4,Q4,12,December,Dec,49,6,3,6A6,FALSE
20061207,2006-12-07,2006,4,Q4,12,December,Dec,49,7,4,7A6,FALSE
20061208,2006-12-08,2006,4,Q4,12,December,Dec,49,8,5,8A6,FALSE
20061209,2006-12-09,2006,4,Q4,12,December,Dec,49,9,6,9A6,TRUE
20061210,2006-12-10,2006,4,Q4,12,December,Dec,49,10,0,10A6,TRUE
20061211,2006-12-11,2006,4,Q4,12,December,Dec,50,11,1,11A6,FALSE
20061212,2006-12-12,2006,4,Q4,12,December,Dec,50,12,2,12A6,FALSE
20061213,2006-12-13,2006,4,Q4,12,December,Dec,50,13,3,13A6,FALSE
20061214,2006-12-14,2006,4,Q4,12,December,Dec,50,14,4,14A6,FALSE
20061215,2006-12-15,2006,4,Q4,12,December,Dec,50,15,5,15A6,FALSE
20061216,2006-12-16,2006,4,Q4,12,December,Dec,50,16,6,16A6,TRUE
20061217,2006-12-17,2006,4,Q4,12,December,Dec,50,17,0,17A6,TRUE
20061218,2006-12-18,2006,4,Q4,12,December,Dec,51,18,1,18A6,FALSE
20061219,2006-12-19,2006,4,Q4,12,December,Dec,51,19,2,19A6,FALSE
20061220,2006-12-20,2006,4,Q4,12,December,Dec,51,20,3,20A6,FALSE
20061221,2006-12-21,2006,4,Q4,12,December,Dec,51,21,4,21A6,FALSE
20061222,2006-12-22,2006,4,Q4,12,December,Dec,51,22,5,22A6,FALSE
20061223,2006-12-23,2006,4,Q4,12,December,Dec,51,23,6,23A6,TRUE
20061224,2006-12-24,2006,4,Q4,12,December,Dec,51,24,0,24A6,TRUE
20061225,2006-12-25,2006,4,Q4,12,December,Dec,52,25,1,25A6,FALSE
20061226,2006-12-26,2006,4,Q4,12,December,Dec,52,26,2,26A6,FALSE
20061227,2006-12-27,2006,4,Q4,12,December,Dec,52,27,3,27A6,FALSE
20061228,2006-12-28,2006,4,Q4,12,December,Dec,52,28,4,28A6,FALSE
20061229,2006-12-29,2006,4,Q4,12,December,Dec,52,29,5,29A6,FALSE
20061230,2006-12-30,2006,4,Q4,12,December,Dec,52,30,6,30A6,TRUE
20061231,2006-12-31,2006,4,Q4,12,December,Dec,52,31,0,31A6,TRUE
20070101,2007-01-01,2007,1,Q1,1,January,Jan,1,1,1,1A7,FALSE
20070102,2007-01-02,2007,1,Q1,1,January,Jan,1,2,2,2A7,FALSE
20070103,2007-01-03,2007,1,Q1,1,January,Jan,1,3,3,3A7,FALSE
20070104,2007-01-04,2007,1,Q1,1,January,Jan,1,4,4,4A7,FALSE
20070105,2007-01-05,2007,1,Q1,1,January,Jan,1,5,5,5A7,FALSE
20070106,2007-01-06,2007,1,Q1,1,January,Jan,1,6,6,6A7,TRUE
20070107,2007-01-07,2007,1,Q1,1,January,Jan,1,7,0,7A7,TRUE
20070108,2007-01-08,2007,1,Q1,1,January,Jan,2,8,1,8A7,FALSE
20070109,2007-01-09,2007,1,Q1,1,January,Jan,2,9,2,9A7,FALSE
20070110,2007-01-10,2007,1,Q1,1,January,Jan,2,10,3,10A7,FALSE
20070111,2007-01-11,2007,1,Q1,1,January,Jan,2,11,4,11A7,FALSE
20070112,2007-01-12,2007,1,Q1,1,January,Jan,2,12,5,12A7,FALSE
20070113,2007-01-13,2007,1,Q1,1,January,Jan,2,13,6,13A7,TRUE
20070114,2007-01-14,2007,1,Q1,1,January,Jan,2,14,0,14A7,TRUE
20070115,2007-01-15,2007,1,Q1,1,January,Jan,3,15,1,15A7,FALSE
20070116,2007-01-16,2007,1,Q1,1,January,Jan,3,16,2,16A7,FALSE
20070117,2007-01-17,2007,1,Q1,1,January,Jan,3,17,3,17A7,FALSE
20070118,2007-01-18,2007,1,Q1,1,January,Jan,3,18,4,18A7,FALSE
20070119,2007-01-19,2007,1,Q1,1,January,Jan,3,19,5,19A7,FALSE
20070120,2007-01-20,2007,1,Q1,1,January,Jan,3,20,6,20A7,TRUE
20070121,2007-01-21,2007,1,Q1,1,January,Jan,3,21,0,21A7,TRUE
20070122,2007-01-22,2007,1,Q1,1,January,Jan,4,22,1,22A7,FALSE
20070123,2007-01-23,2007,1,Q1,1,January,Jan,4,23,2,23A7,FALSE
20070124,2007-01-24,2007,1,Q1,1,January,Jan,4,24,3,24A7,FALSE
20070125,2007-01-25,2007,1,Q1,1,January,Jan,4,25,4,25A7,FALSE
20070126,2007-01-26,2007,1,Q1,1,January,Jan,4,26,5,26A7,FALSE
20070127,2007-01-27,2007,1,Q1,1,January,Jan,4,27,6,27A7,TRUE
20070128,2007-01-28,2007,1,Q1,1,January,Jan,4,28,0,28A7,TRUE
20070129,2007-01-29,2007,1,Q1,1,January,Jan,5,29,1,29A7,FALSE
20070130,2007-01-30,2007,1,Q1,1,January,Jan,5,30,2,30A7,FALSE
20070131,2007-01-31,2007,1,Q1,1,January,Jan,5,31,3,31A7,FALSE
20070201,2007-02-01,2007,1,Q1,2,February,Feb,5,1,4,1A7,FALSE
20070202,2007-02-02,2007,1,Q1,2,February,Feb,5,2,5,2A7,FALSE
20070203,2007-02-03,2007,1,Q1,2,February,Feb,5,3,6,3A7,TRUE
20070204,2007-02-04,2007,1,Q1,2,February,Feb,5,4,0,4A7,TRUE
20070205,2007-02-05,2007,1,Q1,2,February,Feb,6,5,1,5A7,FALSE
20070206,2007-02-06,2007,1,Q1,2,February,Feb,6,6,2,6A7,FALSE
20070207,2007-02-07,2007,1,Q1,2,February,Feb,6,7,3,7A7,FALSE
20070208,2007-02-08,2007,1,Q1,2,February,Feb,6,8,4,8A7,FALSE
20070209,2007-02-09,2007,1,Q1,2,February,Feb,6,9,5,9A7,FALSE
20070210,2007-02-10,2007,1,Q1,2,February,Feb,6,10,6,10A7,TRUE
20070211,2007-02-11,2007,1,Q1,2,February,Feb,6,11,0,11A7,TRUE
20070212,2007-02-12,2007,1,Q1,2,February,Feb,7,12,1,12A7,FALSE
20070213,2007-02-13,2007,1,Q1,2,February,Feb,7,13,2,13A7,FALSE
20070214,2007-02-14,2007,1,Q1,2,February,Feb,7,14,3,14A7,FALSE
20070215,2007-02-15,2007,1,Q1,2,February,Feb,7,15,4,15A7,FALSE
20070216,2007-02-16,2007,1,Q1,2,February,Feb,7,16,5,16A7,FALSE
20070217,2007-02-17,2007,1,Q1,2,February,Feb,7,17,6,17A7,TRUE
20070218,2007-02-18,2007,1,Q1,2,February,Feb,7,18,0,18A7,TRUE
20070219,2007-02-19,2007,1,Q1,2,February,Feb,8,19,1,19A7,FALSE
20070220,2007-02-20,2007,1,Q1,2,February,Feb,8,20,2,20A7,FALSE
20070221,2007-02-21,2007,1,Q1,2,February,Feb,8,21,3,21A7,FALSE
20070222,2007-02-22,2007,1,Q1,2,February,Feb,8,22,4,22A7,FALSE
20070223,2007-02-23,2007,1,Q1,2,February,Feb,8,23,5,23A7,FALSE
20070224,2007-02-24,2007,1,Q1,2,February,Feb,8,24,6,24A7,TRUE
20070225,2007-02-25,2007,1,Q1,2,February,Feb,8,25,0,25A7,TRUE
20070226,2007-02-26,2007,1,Q1,2,February,Feb,9,26,1,26A7,FALSE
20070227,2007-02-27,2007,1,Q1,2,February,Feb,9,27,2,27A7,FALSE
20070228,2007-02-28,2007,1,Q1,2,February,Feb,9,28,3,28A7,FALSE
20070301,2007-03-01,2007,1,Q1,3,March,Mar,9,1,4,1A7,FALSE
20070302,2007-03-02,2007,1,Q1,3,March,Mar,9,2,5,2A7,FALSE
20070303,2007-03-03,2007,1,Q1,3,March,Mar,9,3,6,3A7,TRUE
20070304,2007-03-04,2007,1,Q1,3,March,Mar,9,4,0,4A7,TRUE
20070305,2007-03-05,2007,1,Q1,3,March,Mar,10,5,1,5A7,FALSE
20070306,2007-03-06,2007,1,Q1,3,March,Mar,10,6,2,6A7,FALSE
20070307,2007-03-07,2007,1,Q1,3,March,Mar,10,7,3,7A7,FALSE
20070308,2007-03-08,2007,1,Q1,3,March,Mar,10,8,4,8A7,FALSE
20070309,2007-03-09,2007,1,Q1,3,March,Mar,10,9,5,9A7,FALSE
20070310,2007-03-10,2007,1,Q1,3,March,Mar,10,10,6,10A7,TRUE
20070311,2007-03-11,2007,1,Q1,3,March,Mar,10,11,0,11A7,TRUE
20070312,2007-03-12,2007,1,Q1,3,March,Mar,11,12,1,12A7,FALSE
20070313,2007-03-13,2007,1,Q1,3,March,Mar,11,13,2,13A7,FALSE
20070314,2007-03-14,2007,1,Q1,3,March,Mar,11,14,3,14A7,FALSE
20070315,2007-03-15,2007,1,Q1,3,March,Mar,11,15,4,15A7,FALSE
20070316,2007-03-16,2007,1,Q1,3,March,Mar,11,16,5,16A7,FALSE
20070317,2007-03-17,2007,1,Q1,3,March,Mar,11,17,6,17A7,TRUE
20070318,2007-03-18,2007,1,Q1,3,March,Mar,11,18,0,18A7,TRUE
20070319,2007-03-19,2007,1,Q1,3,March,Mar,12,19,1,19A7,FALSE
20070320,2007-03-20,2007,1,Q1,3,March,Mar,12,20,2,20A7,FALSE
20070321,2007-03-21,2007,1,Q1,3,March,Mar,12,21,3,21A7,FALSE
20070322,2007-03-22,2007,1,Q1,3,March,Mar,12,22,4,22A7,FALSE
20070323,2007-03-23,2007,1,Q1,3,March,Mar,12,23,5,23A7,FALSE
20070324,2007-03-24,2007,1,Q1,3,March,Mar,12,24,6,24A7,TRUE
20070325,2007-03-25,2007,1,Q1,3,March,Mar,12,25,0,25A7,TRUE
20070326,2007-03-26,2007,1,Q1,3,March,Mar,13,26,1,26A7,FALSE
20070327,2007-03-27,2007,1,Q1,3,March,Mar,13,27,2,27A7,FALSE
20070328,2007-03-28,2007,1,Q1,3,March,Mar,13,28,3,28A7,FALSE
20070329,2007-03-29,2007,1,Q1,3,March,Mar,13,29,4,29A7,FALSE
20070330,2007-03-30,2007,1,Q1,3,March,Mar,13,30,5,30A7,FALSE
20070331,2007-03-31,2007,1,Q1,3,March,Mar,13,31,6,31A7,TRUE
20070401,2007-04-01,2007,2,Q2,4,April,Apr,13,1,0,1A7,TRUE
20070402,2007-04-02,2007,2,Q2,4,April,Apr,14,2,1,2A7,FALSE
20070403,2007-04-03,2007,2,Q2,4,April,Apr,14,3,2,3A7,FALSE
20070404,2007-04-04,2007,2,Q2,4,April,Apr,14,4,3,4A7,FALSE
20070405,2007-04-05,2007,2,Q2,4,April,Apr,14,5,4,5A7,FALSE
20070406,2007-04-06,2007,2,Q2,4,April,Apr,14,6,5,6A7,FALSE
20070407,2007-04-07,2007,2,Q2,4,April,Apr,14,7,6,7A7,TRUE
20070408,2007-04-08,2007,2,Q2,4,April,Apr,14,8,0,8A7,TRUE
20070409,2007-04-09,2007,2,Q2,4,April,Apr,15,9,1,9A7,FALSE
20070410,2007-04-10,2007,2,Q2,4,April,Apr,15,10,2,10A7,FALSE
20070411,2007-04-11,2007,2,Q2,4,April,Apr,15,11,3,11A7,FALSE
20070412,2007-04-12,2007,2,Q2,4,April,Apr,15,12,4,12A7,FALSE
20070413,2007-04-13,2007,2,Q2,4,April,Apr,15,13,5,13A7,FALSE
20070414,2007-04-14,2007,2,Q2,4,April,Apr,15,14,6,14A7,TRUE
20070415,2007-04-15,2007,2,Q2,4,April,Apr,15,15,0,15A7,TRUE
20070416,2007-04-16,2007,2,Q2,4,April,Apr,16,16,1,16A7,FALSE
20070417,2007-04-17,2007,2,Q2,4,April,Apr,16,17,2,17A7,FALSE
20070418,2007-04-18,2007,2,Q2,4,April,Apr,16,18,3,18A7,FALSE
20070419,2007-04-19,2007,2,Q2,4,April,Apr,16,19,4,19A7,FALSE
20070420,2007-04-20,2007,2,Q2,4,April,Apr,16,20,5,20A7,FALSE
20070421,2007-04-21,2007,2,Q2,4,April,Apr,16,21,6,21A7,TRUE
20070422,2007-04-22,2007,2,Q2,4,April,Apr,16,22,0,22A7,TRUE
20070423,2007-04-23,2007,2,Q2,4,April,Apr,17,23,1,23A7,FALSE
20070424,2007-04-24,2007,2,Q2,4,April,Apr,17,24,2,24A7,FALSE
20070425,2007-04-25,2007,2,Q2,4,April,Apr,17,25,3,25A7,FALSE
20070426,2007-04-26,2007,2,Q2,4,April,Apr,17,26,4,26A7,FALSE
20070427,2007-04-27,2007,2,Q2,4,April,Apr,17,27,5,27A7,FALSE
20070428,2007-04-28,2007,2,Q2,4,April,Apr,17,28,6,28A7,TRUE
20070429,2007-04-29,2007,2,Q2,4,April,Apr,17,29,0,29A7,TRUE
20070430,2007-04-30,2007,2,Q2,4,April,Apr,18,30,1,30A7,FALSE
20070501,2007-05-01,2007,2,Q2,5,May,May,18,1,2,1A7,FALSE
20070502,2007-05-02,2007,2,Q2,5,May,May,18,2,3,2A7,FALSE
20070503,2007-05-03,2007,2,Q2,5,May,May,18,3,4,3A7,FALSE
20070504,2007-05-04,2007,2,Q2,5,May,May,18,4,5,4A7,FALSE
20070505,2007-05-05,2007,2,Q2,5,May,May,18,5,6,5A7,TRUE
20070506,2007-05-06,2007,2,Q2,5,May,May,18,6,0,6A7,TRUE
20070507,2007-05-07,2007,2,Q2,5,May,May,19,7,1,7A7,FALSE
20070508,2007-05-08,2007,2,Q2,5,May,May,19,8,2,8A7,FALSE
20070509,2007-05-09,2007,2,Q2,5,May,May,19,9,3,9A7,FALSE
20070510,2007-05-10,2007,2,Q2,5,May,May,19,10,4,10A7,FALSE
20070511,2007-05-11,2007,2,Q2,5,May,May,19,11,5,11A7,FALSE
20070512,2007-05-12,2007,2,Q2,5,May,May,19,12,6,12A7,TRUE
20070513,2007-05-13,2007,2,Q2,5,May,May,19,13,0,13A7,TRUE
20070514,2007-05-14,2007,2,Q2,5,May,May,20,14,1,14A7,FALSE
20070515,2007-05-15,2007,2,Q2,5,May,May,20,15,2,15A7,FALSE
20070516,2007-05-16,2007,2,Q2,5,May,May,20,16,3,16A7,FALSE
20070517,2007-05-17,2007,2,Q2,5,May,May,20,17,4,17A7,FALSE
20070518,2007-05-18,2007,2,Q2,5,May,May,20,18,5,18A7,FALSE
20070519,2007-05-19,2007,2,Q2,5,May,May,20,19,6,19A7,TRUE
20070520,2007-05-20,2007,2,Q2,5,May,May,20,20,0,20A7,TRUE
20070521,2007-05-21,2007,2,Q2,5,May,May,21,21,1,21A7,FALSE
20070522,2007-05-22,2007,2,Q2,5,May,May,21,22,2,22A7,FALSE
20070523,2007-05-23,2007,2,Q2,5,May,May,21,23,3,23A7,FALSE
20070524,2007-05-24,2007,2,Q2,5,May,May,21,24,4,24A7,FALSE
20070525,2007-05-25,2007,2,Q2,5,May,May,21,25,5,25A7,FALSE
20070526,2007-05-26,2007,2,Q2,5,May,May,21,26,6,26A7,TRUE
20070527,2007-05-27,2007,2,Q2,5,May,May,21,27,0,27A7,TRUE
20070528,2007-05-28,2007,2,Q2,5,May,May,22,28,1,28A7,FALSE
20070529,2007-05-29,2007,2,Q2,5,May,May,22,29,2,29A7,FALSE
20070530,2007-05-30,2007,2,Q2,5,May,May,22,30,3,30A7,FALSE
20070531,2007-05-31,2007,2,Q2,5,May,May,22,31,4,31A7,FALSE
20070601,2007-06-01,2007,2,Q2,6,June,Jun,22,1,5,1A7,FALSE
20070602,2007-06-02,2007,2,Q2,6,June,Jun,22,2,6,2A7,TRUE
20070603,2007-06-03,2007,2,Q2,6,June,Jun,22,3,0,3A7,TRUE
20070604,2007-06-04,2007,2,Q2,6,June,Jun,23,4,1,4A7,FALSE
20070605,2007-06-05,2007,2,Q2,6,June,Jun,23,5,2,5A7,FALSE
20070606,2007-06-06,2007,2,Q2,6,June,Jun,23,6,3,6A7,FALSE
20070607,2007-06-07,2007,2,Q2,6,June,Jun,23,7,4,7A7,FALSE
20070608,2007-06-08,2007,2,Q2,6,June,Jun,23,8,5,8A7,FALSE
20070609,2007-06-09,2007,2,Q2,6,June,Jun,23,9,6,9A7,TRUE
20070610,2007-06-10,2007,2,Q2,6,June,Jun,23,10,0,10A7,TRUE
20070611,2007-06-11,2007,2,Q2,6,June,Jun,24,11,1,11A7,FALSE
20070612,2007-06-12,2007,2,Q2,6,June,Jun,24,12,2,12A7,FALSE
20070613,2007-06-13,2007,2,Q2,6,June,Jun,24,13,3,13A7,FALSE
20070614,2007-06-14,2007,2,Q2,6,June,Jun,24,14,4,14A7,FALSE
20070615,2007-06-15,2007,2,Q2,6,June,Jun,24,15,5,15A7,FALSE
20070616,2007-06-16,2007,2,Q2,6,June,Jun,24,16,6,16A7,TRUE
20070617,2007-06-17,2007,2,Q2,6,June,Jun,24,17,0,17A7,TRUE
20070618,2007-06-18,2007,2,Q2,6,June,Jun,25,18,1,18A7,FALSE
20070619,2007-06-19,2007,2,Q2,6,June,Jun,25,19,2,19A7,FALSE
20070620,2007-06-20,2007,2,Q2,6,June,Jun,25,20,3,20A7,FALSE
20070621,2007-06-21,2007,2,Q2,6,June,Jun,25,21,4,21A7,FALSE
20070622,2007-06-22,2007,2,Q2,6,June,Jun,25,22,5,22A7,FALSE
20070623,2007-06-23,2007,2,Q2,6,June,Jun,25,23,6,23A7,TRUE
20070624,2007-06-24,2007,2,Q2,6,June,Jun,25,24,0,24A7,TRUE
20070625,2007-06-25,2007,2,Q2,6,June,Jun,26,25,1,25A7,FALSE
20070626,2007-06-26,2007,2,Q2,6,June,Jun,26,26,2,26A7,FALSE
20070627,2007-06-27,2007,2,Q2,6,June,Jun,26,27,3,27A7,FALSE
20070628,2007-06-28,2007,2,Q2,6,June,Jun,26,28,4,28A7,FALSE
20070629,2007-06-29,2007,2,Q2,6,June,Jun,26,29,5,29A7,FALSE
20070630,2007-06-30,2007,2,Q2,6,June,Jun,26,30,6,30A7,TRUE
20070701,2007-07-01,2007,3,Q3,7,July,Jul,26,1,0,1A7,TRUE
20070702,2007-07-02,2007,3,Q3,7,July,Jul,27,2,1,2A7,FALSE
20070703,2007-07-03,2007,3,Q3,7,July,Jul,27,3,2,3A7,FALSE
20070704,2007-07-04,2007,3,Q3,7,July,Jul,27,4,3,4A7,FALSE
20070705,2007-07-05,2007,3,Q3,7,July,Jul,27,5,4,5A7,FALSE
20070706,2007-07-06,2007,3,Q3,7,July,Jul,27,6,5,6A7,FALSE
20070707,2007-07-07,2007,3,Q3,7,July,Jul,27,7,6,7A7,TRUE
20070708,2007-07-08,2007,3,Q3,7,July,Jul,27,8,0,8A7,TRUE
20070709,2007-07-09,2007,3,Q3,7,July,Jul,28,9,1,9A7,FALSE
20070710,2007-07-10,2007,3,Q3,7,July,Jul,28,10,2,10A7,FALSE
20070711,2007-07-11,2007,3,Q3,7,July,Jul,28,11,3,11A7,FALSE
20070712,2007-07-12,2007,3,Q3,7,July,Jul,28,12,4,12A7,FALSE
20070713,2007-07-13,2007,3,Q3,7,July,Jul,28,13,5,13A7,FALSE
20070714,2007-07-14,2007,3,Q3,7,July,Jul,28,14,6,14A7,TRUE
20070715,2007-07-15,2007,3,Q3,7,July,Jul,28,15,0,15A7,TRUE
20070716,2007-07-16,2007,3,Q3,7,July,Jul,29,16,1,16A7,FALSE
20070717,2007-07-17,2007,3,Q3,7,July,Jul,29,17,2,17A7,FALSE
20070718,2007-07-18,2007,3,Q3,7,July,Jul,29,18,3,18A7,FALSE
20070719,2007-07-19,2007,3,Q3,7,July,Jul,29,19,4,19A7,FALSE
20070720,2007-07-20,2007,3,Q3,7,July,Jul,29,20,5,20A7,FALSE
20070721,2007-07-21,2007,3,Q3,7,July,Jul,29,21,6,21A7,TRUE
20070722,2007-07-22,2007,3,Q3,7,July,Jul,29,22,0,22A7,TRUE
20070723,2007-07-23,2007,3,Q3,7,July,Jul,30,23,1,23A7,FALSE
20070724,2007-07-24,2007,3,Q3,7,July,Jul,30,24,2,24A7,FALSE
20070725,2007-07-25,2007,3,Q3,7,July,Jul,30,25,3,25A7,FALSE
20070726,2007-07-26,2007,3,Q3,7,July,Jul,30,26,4,26A7,FALSE
20070727,2007-07-27,2007,3,Q3,7,July,Jul,30,27,5,27A7,FALSE
20070728,2007-07-28,2007,3,Q3,7,July,Jul,30,28,6,28A7,TRUE
20070729,2007-07-29,2007,3,Q3,7,July,Jul,30,29,0,29A7,TRUE
20070730,2007-07-30,2007,3,Q3,7,July,Jul,31,30,1,30A7,FALSE
20070731,2007-07-31,2007,3,Q3,7,July,Jul,31,31,2,31A7,FALSE
20070801,2007-08-01,2007,3,Q3,8,August,Aug,31,1,3,1A7,FALSE
20070802,2007-08-02,2007,3,Q3,8,August,Aug,31,2,4,2A7,FALSE
20070803,2007-08-03,2007,3,Q3,8,August,Aug,31,3,5,3A7,FALSE
20070804,2007-08-04,2007,3,Q3,8,August,Aug,31,4,6,4A7,TRUE
20070805,2007-08-05,2007,3,Q3,8,August,Aug,31,5,0,5A7,TRUE
20070806,2007-08-06,2007,3,Q3,8,August,Aug,32,6,1,6A7,FALSE
20070807,2007-08-07,2007,3,Q3,8,August,Aug,32,7,2,7A7,FALSE
20070808,2007-08-08,2007,3,Q3,8,August,Aug,32,8,3,8A7,FALSE
20070809,2007-08-09,2007,3,Q3,8,August,Aug,32,9,4,9A7,FALSE
20070810,2007-08-10,2007,3,Q3,8,August,Aug,32,10,5,10A7,FALSE
20070811,2007-08-11,2007,3,Q3,8,August,Aug,32,11,6,11A7,TRUE
20070812,2007-08-12,2007,3,Q3,8,August,Aug,32,12,0,12A7,TRUE
20070813,2007-08-13,2007,3,Q3,8,August,Aug,33,13,1,13A7,FALSE
20070814,2007-08-14,2007,3,Q3,8,August,Aug,33,14,2,14A7,FALSE
20070815,2007-08-15,2007,3,Q3,8,August,Aug,33,15,3,15A7,FALSE
20070816,2007-08-16,2007,3,Q3,8,August,Aug,33,16,4,16A7,FALSE
20070817,2007-08-17,2007,3,Q3,8,August,Aug,33,17,5,17A7,FALSE
20070818,2007-08-18,2007,3,Q3,8,August,Aug,33,18,6,18A7,TRUE
20070819,2007-08-19,2007,3,Q3,8,August,Aug,33,19,0,19A7,TRUE
20070820,2007-08-20,2007,3,Q3,8,August,Aug,34,20,1,20A7,FALSE
20070821,2007-08-21,2007,3,Q3,8,August,Aug,34,21,2,21A7,FALSE
20070822,2007-08-22,2007,3,Q3,8,August,Aug,34,22,3,22A7,FALSE
20070823,2007-08-23,2007,3,Q3,8,August,Aug,34,23,4,23A7,FALSE
20070824,2007-08-24,2007,3,Q3,8,August,Aug,34,24,5,24A7,FALSE
20070825,2007-08-25,2007,3,Q3,8,August,Aug,34,25,6,25A7,TRUE
20070826,2007-08-26,2007,3,Q3,8,August,Aug,34,26,0,26A7,TRUE
20070827,2007-08-27,2007,3,Q3,8,August,Aug,35,27,1,27A7,FALSE
20070828,2007-08-28,2007,3,Q3,8,August,Aug,35,28,2,28A7,FALSE
20070829,2007-08-29,2007,3,Q3,8,August,Aug,35,29,3,29A7,FALSE
20070830,2007-08-30,2007,3,Q3,8,August,Aug,35,30,4,30A7,FALSE
20070831,2007-08-31,2007,3,Q3,8,August,Aug,35,31,5,31A7,FALSE
20070901,2007-09-01,2007,3,Q3,9,September,Sep,35,1,6,1A7,TRUE
20070902,2007-09-02,2007,3,Q3,9,September,Sep,35,2,0,2A7,TRUE
20070903,2007-09-03,2007,3,Q3,9,September,Sep,36,3,1,3A7,FALSE
20070904,2007-09-04,2007,3,Q3,9,September,Sep,36,4,2,4A7,FALSE
20070905,2007-09-05,2007,3,Q3,9,September,Sep,36,5,3,5A7,FALSE
20070906,2007-09-06,2007,3,Q3,9,September,Sep,36,6,4,6A7,FALSE
20070907,2007-09-07,2007,3,Q3,9,September,Sep,36,7,5,7A7,FALSE
20070908,2007-09-08,2007,3,Q3,9,September,Sep,36,8,6,8A7,TRUE
20070909,2007-09-09,2007,3,Q3,9,September,Sep,36,9,0,9A7,TRUE
20070910,2007-09-10,2007,3,Q3,9,September,Sep,37,10,1,10A7,FALSE
20070911,2007-09-11,2007,3,Q3,9,September,Sep,37,11,2,11A7,FALSE
20070912,2007-09-12,2007,3,Q3,9,September,Sep,37,12,3,12A7,FALSE
20070913,2007-09-13,2007,3,Q3,9,September,Sep,37,13,4,13A7,FALSE
20070914,2007-09-14,2007,3,Q3,9,September,Sep,37,14,5,14A7,FALSE
20070915,2007-09-15,2007,3,Q3,9,September,Sep,37,15,6,15A7,TRUE
20070916,2007-09-16,2007,3,Q3,9,September,Sep,37,16,0,16A7,TRUE
20070917,2007-09-17,2007,3,Q3,9,September,Sep,38,17,1,17A7,FALSE
20070918,2007-09-18,2007,3,Q3,9,September,Sep,38,18,2,18A7,FALSE
20070919,2007-09-19,2007,3,Q3,9,September,Sep,38,19,3,19A7,FALSE
20070920,2007-09-20,2007,3,Q3,9,September,Sep,38,20,4,20A7,FALSE
20070921,2007-09-21,2007,3,Q3,9,September,Sep,38,21,5,21A7,FALSE
20070922,2007-09-22,2007,3,Q3,9,September,Sep,38,22,6,22A7,TRUE
20070923,2007-09-23,2007,3,Q3,9,September,Sep,38,23,0,23A7,TRUE
20070924,2007-09-24,2007,3,Q3,9,September,Sep,39,24,1,24A7,FALSE
20070925,2007-09-25,2007,3,Q3,9,September,Sep,39,25,2,25A7,FALSE
20070926,2007-09-26,2007,3,Q3,9,September,Sep,39,26,3,26A7,FALSE
20070927,2007-09-27,2007,3,Q3,9,September,Sep,39,27,4,27A7,FALSE
20070928,2007-09-28,2007,3,Q3,9,September,Sep,39,28,5,28A7,FALSE
20070929,2007-09-29,2007,3,Q3,9,September,Sep,39,29,6,29A7,TRUE
20070930,2007-09-30,2007,3,Q3,9,September,Sep,39,30,0,30A7,TRUE
20071001,2007-10-01,2007,4,Q4,10,October,Oct,40,1,1,1A7,FALSE
20071002,2007-10-02,2007,4,Q4,10,October,Oct,40,2,2,2A7,FALSE
20071003,2007-10-03,2007,4,Q4,10,October,Oct,40,3,3,3A7,FALSE
20071004,2007-10-04,2007,4,Q4,10,October,Oct,40,4,4,4A7,FALSE
20071005,2007-10-05,2007,4,Q4,10,October,Oct,40,5,5,5A7,FALSE
20071006,2007-10-06,2007,4,Q4,10,October,Oct,40,6,6,6A7,TRUE
20071007,2007-10-07,2007,4,Q4,10,October,Oct,40,7,0,7A7,TRUE
20071008,2007-10-08,2007,4,Q4,10,October,Oct,41,8,1,8A7,FALSE
20071009,2007-10-09,2007,4,Q4,10,October,Oct,41,9,2,9A7,FALSE
20071010,2007-10-10,2007,4,Q4,10,October,Oct,41,10,3,10A7,FALSE
20071011,2007-10-11,2007,4,Q4,10,October,Oct,41,11,4,11A7,FALSE
20071012,2007-10-12,2007,4,Q4,10,October,Oct,41,12,5,12A7,FALSE
20071013,2007-10-13,2007,4,Q4,10,October,Oct,41,13,6,13A7,TRUE
20071014,2007-10-14,2007,4,Q4,10,October,Oct,41,14,0,14A7,TRUE
20071015,2007-10-15,2007,4,Q4,10,October,Oct,42,15,1,15A7,FALSE
20071016,2007-10-16,2007,4,Q4,10,October,Oct,42,16,2,16A7,FALSE
20071017,2007-10-17,2007,4,Q4,10,October,Oct,42,17,3,17A7,FALSE
20071018,2007-10-18,2007,4,Q4,10,October,Oct,42,18,4,18A7,FALSE
20071019,2007-10-19,2007,4,Q4,10,October,Oct,42,19,5,19A7,FALSE
20071020,2007-10-20,2007,4,Q4,10,October,Oct,42,20,6,20A7,TRUE
20071021,2007-10-21,2007,4,Q4,10,October,Oct,42,21,0,21A7,TRUE
20071022,2007-10-22,2007,4,Q4,10,October,Oct,43,22,1,22A7,FALSE
20071023,2007-10-23,2007,4,Q4,10,October,Oct,43,23,2,23A7,FALSE
20071024,2007-10-24,2007,4,Q4,10,October,Oct,43,24,3,24A7,FALSE
20071025,2007-10-25,2007,4,Q4,10,October,Oct,43,25,4,25A7,FALSE
20071026,2007-10-26,2007,4,Q4,10,October,Oct,43,26,5,26A7,FALSE
20071027,2007-10-27,2007,4,Q4,10,October,Oct,43,27,6,27A7,TRUE
20071028,2007-10-28,2007,4,Q4,10,October,Oct,43,28,0,28A7,TRUE
20071029,2007-10-29,2007,4,Q4,10,October,Oct,44,29,1,29A7,FALSE
20071030,2007-10-30,2007,4,Q4,10,October,Oct,44,30,2,30A7,FALSE
20071031,2007-10-31,2007,4,Q4,10,October,Oct,44,31,3,31A7,FALSE
20071101,2007-11-01,2007,4,Q4,11,November,Nov,44,1,4,1A7,FALSE
20071102,2007-11-02,2007,4,Q4,11,November,Nov,44,2,5,2A7,FALSE
20071103,2007-11-03,2007,4,Q4,11,November,Nov,44,3,6,3A7,TRUE
20071104,2007-11-04,2007,4,Q4,11,November,Nov,44,4,0,4A7,TRUE
20071105,2007-11-05,2007,4,Q4,11,November,Nov,45,5,1,5A7,FALSE
20071106,2007-11-06,2007,4,Q4,11,November,Nov,45,6,2,6A7,FALSE
20071107,2007-11-07,2007,4,Q4,11,November,Nov,45,7,3,7A7,FALSE
20071108,2007-11-08,2007,4,Q4,11,November,Nov,45,8,4,8A7,FALSE
20071109,2007-11-09,2007,4,Q4,11,November,Nov,45,9,5,9A7,FALSE
20071110,2007-11-10,2007,4,Q4,11,November,Nov,45,10,6,10A7,TRUE
20071111,2007-11-11,2007,4,Q4,11,November,Nov,45,11,0,11A7,TRUE
20071112,2007-11-12,2007,4,Q4,11,November,Nov,46,12,1,12A7,FALSE
20071113,2007-11-13,2007,4,Q4,11,November,Nov,46,13,2,13A7,FALSE
20071114,2007-11-14,2007,4,Q4,11,November,Nov,46,14,3,14A7,FALSE
20071115,2007-11-15,2007,4,Q4,11,November,Nov,46,15,4,15A7,FALSE
20071116,2007-11-16,2007,4,Q4,11,November,Nov,46,16,5,16A7,FALSE
20071117,2007-11-17,2007,4,Q4,11,November,Nov,46,17,6,17A7,TRUE
20071118,2007-11-18,2007,4,Q4,11,November,Nov,46,18,0,18A7,TRUE
20071119,2007-11-19,2007,4,Q4,11,November,Nov,47,19,1,19A7,FALSE
20071120,2007-11-20,2007,4,Q4,11,November,Nov,47,20,2,20A7,FALSE
20071121,2007-11-21,2007,4,Q4,11,November,Nov,47,21,3,21A7,FALSE
20071122,2007-11-22,2007,4,Q4,11,November,Nov,47,22,4,22A7,FALSE
20071123,2007-11-23,2007,4,Q4,11,November,Nov,47,23,5,23A7,FALSE
20071124,2007-11-24,2007,4,Q4,11,November,Nov,47,24,6,24A7,TRUE
20071125,2007-11-25,2007,4,Q4,11,November,Nov,47,25,0,25A7,TRUE
20071126,2007-11-26,2007,4,Q4,11,November,Nov,48,26,1,26A7,FALSE
20071127,2007-11-27,2007,4,Q4,11,November,Nov,48,27,2,27A7,FALSE
20071128,2007-11-28,2007,4,Q4,11,November,Nov,48,28,3,28A7,FALSE
20071129,2007-11-29,2007,4,Q4,11,November,Nov,48,29,4,29A7,FALSE
20071130,2007-11-30,2007,4,Q4,11,November,Nov,48,30,5,30A7,FALSE
20071201,2007-12-01,2007,4,Q4,12,December,Dec,48,1,6,1A7,TRUE
20071202,2007-12-02,2007,4,Q4,12,December,Dec,48,2,0,2A7,TRUE
20071203,2007-12-03,2007,4,Q4,12,December,Dec,49,3,1,3A7,FALSE
20071204,2007-12-04,2007,4,Q4,12,December,Dec,49,4,2,4A7,FALSE
20071205,2007-12-05,2007,4,Q4,12,December,Dec,49,5,3,5A7,FALSE
20071206,2007-12-06,2007,4,Q4,12,December,Dec,49,6,4,6A7,FALSE
20071207,2007-12-07,2007,4,Q4,12,December,Dec,49,7,5,7A7,FALSE
20071208,2007-12-08,2007,4,Q4,12,December,Dec,49,8,6,8A7,TRUE
20071209,2007-12-09,2007,4,Q4,12,December,Dec,49,9,0,9A7,TRUE
20071210,2007-12-10,2007,4,Q4,12,December,Dec,50,10,1,10A7,FALSE
20071211,2007-12-11,2007,4,Q4,12,December,Dec,50,11,2,11A7,FALSE
20071212,2007-12-12,2007,4,Q4,12,December,Dec,50,12,3,12A7,FALSE
20071213,2007-12-13,2007,4,Q4,12,December,Dec,50,13,4,13A7,FALSE
20071214,2007-12-14,2007,4,Q4,12,December,Dec,50,14,5,14A7,FALSE
20071215,2007-12-15,2007,4,Q4,12,December,Dec,50,15,6,15A7,TRUE
20071216,2007-12-16,2007,4,Q4,12,December,Dec,50,16,0,16A7,TRUE
20071217,2007-12-17,2007,4,Q4,12,December,Dec,51,17,1,17A7,FALSE
20071218,2007-12-18,2007,4,Q4,12,December,Dec,51,18,2,18A7,FALSE
20071219,2007-12-19,2007,4,Q4,12,December,Dec,51,19,3,19A7,FALSE
20071220,2007-12-20,2007,4,Q4,12,December,Dec,51,20,4,20A7,FALSE
20071221,2007-12-21,2007,4,Q4,12,December,Dec,51,21,5,21A7,FALSE
20071222,2007-12-22,2007,4,Q4,12,December,Dec,51,22,6,22A7,TRUE
20071223,2007-12-23,2007,4,Q4,12,December,Dec,51,23,0,23A7,TRUE
20071224,2007-12-24,2007,4,Q4,12,December,Dec,52,24,1,24A7,FALSE
20071225,2007-12-25,2007,4,Q4,12,December,Dec,52,25,2,25A7,FALSE
20071226,2007-12-26,2007,4,Q4,12,December,Dec,52,26,3,26A7,FALSE
20071227,2007-12-27,2007,4,Q4,12,December,Dec,52,27,4,27A7,FALSE
20071228,2007-12-28,2007,4,Q4,12,December,Dec,52,28,5,28A7,FALSE
20071229,2007-12-29,2007,4,Q4,12,December,Dec,52,29,6,29A7,TRUE
20071230,2007-12-30,2007,4,Q4,12,December,Dec,52,30,0,30A7,TRUE
20071231,2007-12-31,2007,4,Q4,12,December,Dec,1,31,1,31A7,FALSE
20080101,2008-01-01,2008,1,Q1,1,January,Jan,1,1,2,1A8,FALSE
20080102,2008-01-02,2008,1,Q1,1,January,Jan,1,2,3,2A8,FALSE
20080103,2008-01-03,2008,1,Q1,1,January,Jan,1,3,4,3A8,FALSE
20080104,2008-01-04,2008,1,Q1,1,January,Jan,1,4,5,4A8,FALSE
20080105,2008-01-05,2008,1,Q1,1,January,Jan,1,5,6,5A8,TRUE
20080106,2008-01-06,2008,1,Q1,1,January,Jan,1,6,0,6A8,TRUE
20080107,2008-01-07,2008,1,Q1,1,January,Jan,2,7,1,7A8,FALSE
20080108,2008-01-08,2008,1,Q1,1,January,Jan,2,8,2,8A8,FALSE
20080109,2008-01-09,2008,1,Q1,1,January,Jan,2,9,3,9A8,FALSE
20080110,2008-01-10,2008,1,Q1,1,January,Jan,2,10,4,10A8,FALSE
20080111,2008-01-11,2008,1,Q1,1,January,Jan,2,11,5,11A8,FALSE
20080112,2008-01-12,2008,1,Q1,1,January,Jan,2,12,6,12A8,TRUE
20080113,2008-01-13,2008,1,Q1,1,January,Jan,2,13,0,13A8,TRUE
20080114,2008-01-14,2008,1,Q1,1,January,Jan,3,14,1,14A8,FALSE
20080115,2008-01-15,2008,1,Q1,1,January,Jan,3,15,2,15A8,FALSE
20080116,2008-01-16,2008,1,Q1,1,January,Jan,3,16,3,16A8,FALSE
20080117,2008-01-17,2008,1,Q1,1,January,Jan,3,17,4,17A8,FALSE
20080118,2008-01-18,2008,1,Q1,1,January,Jan,3,18,5,18A8,FALSE
20080119,2008-01-19,2008,1,Q1,1,January,Jan,3,19,6,19A8,TRUE
20080120,2008-01-20,2008,1,Q1,1,January,Jan,3,20,0,20A8,TRUE
20080121,2008-01-21,2008,1,Q1,1,January,Jan,4,21,1,21A8,FALSE
20080122,2008-01-22,2008,1,Q1,1,January,Jan,4,22,2,22A8,FALSE
20080123,2008-01-23,2008,1,Q1,1,January,Jan,4,23,3,23A8,FALSE
20080124,2008-01-24,2008,1,Q1,1,January,Jan,4,24,4,24A8,FALSE
20080125,2008-01-25,2008,1,Q1,1,January,Jan,4,25,5,25A8,FALSE
20080126,2008-01-26,2008,1,Q1,1,January,Jan,4,26,6,26A8,TRUE
20080127,2008-01-27,2008,1,Q1,1,January,Jan,4,27,0,27A8,TRUE
20080128,2008-01-28,2008,1,Q1,1,January,Jan,5,28,1,28A8,FALSE
20080129,2008-01-29,2008,1,Q1,1,January,Jan,5,29,2,29A8,FALSE
20080130,2008-01-30,2008,1,Q1,1,January,Jan,5,30,3,30A8,FALSE
20080131,2008-01-31,2008,1,Q1,1,January,Jan,5,31,4,31A8,FALSE
20080201,2008-02-01,2008,1,Q1,2,February,Feb,5,1,5,1A8,FALSE
20080202,2008-02-02,2008,1,Q1,2,February,Feb,5,2,6,2A8,TRUE
20080203,2008-02-03,2008,1,Q1,2,February,Feb,5,3,0,3A8,TRUE
20080204,2008-02-04,2008,1,Q1,2,February,Feb,6,4,1,4A8,FALSE
20080205,2008-02-05,2008,1,Q1,2,February,Feb,6,5,2,5A8,FALSE
20080206,2008-02-06,2008,1,Q1,2,February,Feb,6,6,3,6A8,FALSE
20080207,2008-02-07,2008,1,Q1,2,February,Feb,6,7,4,7A8,FALSE
20080208,2008-02-08,2008,1,Q1,2,February,Feb,6,8,5,8A8,FALSE
20080209,2008-02-09,2008,1,Q1,2,February,Feb,6,9,6,9A8,TRUE
20080210,2008-02-10,2008,1,Q1,2,February,Feb,6,10,0,10A8,TRUE
20080211,2008-02-11,2008,1,Q1,2,February,Feb,7,11,1,11A8,FALSE
20080212,2008-02-12,2008,1,Q1,2,February,Feb,7,12,2,12A8,FALSE
20080213,2008-02-13,2008,1,Q1,2,February,Feb,7,13,3,13A8,FALSE
20080214,2008-02-14,2008,1,Q1,2,February,Feb,7,14,4,14A8,FALSE
20080215,2008-02-15,2008,1,Q1,2,February,Feb,7,15,5,15A8,FALSE
20080216,2008-02-16,2008,1,Q1,2,February,Feb,7,16,6,16A8,TRUE
20080217,2008-02-17,2008,1,Q1,2,February,Feb,7,17,0,17A8,TRUE
20080218,2008-02-18,2008,1,Q1,2,February,Feb,8,18,1,18A8,FALSE
20080219,2008-02-19,2008,1,Q1,2,February,Feb,8,19,2,19A8,FALSE
20080220,2008-02-20,2008,1,Q1,2,February,Feb,8,20,3,20A8,FALSE
20080221,2008-02-21,2008,1,Q1,2,February,Feb,8,21,4,21A8,FALSE
20080222,2008-02-22,2008,1,Q1,2,February,Feb,8,22,5,22A8,FALSE
20080223,2008-02-23,2008,1,Q1,2,February,Feb,8,23,6,23A8,TRUE
20080224,2008-02-24,2008,1,Q1,2,February,Feb,8,24,0,24A8,TRUE
20080225,2008-02-25,2008,1,Q1,2,February,Feb,9,25,1,25A8,FALSE
20080226,2008-02-26,2008,1,Q1,2,February,Feb,9,26,2,26A8,FALSE
20080227,2008-02-27,2008,1,Q1,2,February,Feb,9,27,3,27A8,FALSE
20080228,2008-02-28,2008,1,Q1,2,February,Feb,9,28,4,28A8,FALSE
20080229,2008-02-29,2008,1,Q1,2,February,Feb,9,29,5,29A8,FALSE
20080301,2008-03-01,2008,1,Q1,3,March,Mar,9,1,6,1A8,TRUE
20080302,2008-03-02,2008,1,Q1,3,March,Mar,9,2,0,2A8,TRUE
20080303,2008-03-03,2008,1,Q1,3,March,Mar,10,3,1,3A8,FALSE
20080304,2008-03-04,2008,1,Q1,3,March,Mar,10,4,2,4A8,FALSE
20080305,2008-03-05,2008,1,Q1,3,March,Mar,10,5,3,5A8,FALSE
20080306,2008-03-06,2008,1,Q1,3,March,Mar,10,6,4,6A8,FALSE
20080307,2008-03-07,2008,1,Q1,3,March,Mar,10,7,5,7A8,FALSE
20080308,2008-03-08,2008,1,Q1,3,March,Mar,10,8,6,8A8,TRUE
20080309,2008-03-09,2008,1,Q1,3,March,Mar,10,9,0,9A8,TRUE
20080310,2008-03-10,2008,1,Q1,3,March,Mar,11,10,1,10A8,FALSE
20080311,2008-03-11,2008,1,Q1,3,March,Mar,11,11,2,11A8,FALSE
20080312,2008-03-12,2008,1,Q1,3,March,Mar,11,12,3,12A8,FALSE
20080313,2008-03-13,2008,1,Q1,3,March,Mar,11,13,4,13A8,FALSE
20080314,2008-03-14,2008,1,Q1,3,March,Mar,11,14,5,14A8,FALSE
20080315,2008-03-15,2008,1,Q1,3,March,Mar,11,15,6,15A8,TRUE
20080316,2008-03-16,2008,1,Q1,3,March,Mar,11,16,0,16A8,TRUE
20080317,2008-03-17,2008,1,Q1,3,March,Mar,12,17,1,17A8,FALSE
20080318,2008-03-18,2008,1,Q1,3,March,Mar,12,18,2,18A8,FALSE
20080319,2008-03-19,2008,1,Q1,3,March,Mar,12,19,3,19A8,FALSE
20080320,2008-03-20,2008,1,Q1,3,March,Mar,12,20,4,20A8,FALSE
20080321,2008-03-21,2008,1,Q1,3,March,Mar,12,21,5,21A8,FALSE
20080322,2008-03-22,2008,1,Q1,3,March,Mar,12,22,6,22A8,TRUE
20080323,2008-03-23,2008,1,Q1,3,March,Mar,12,23,0,23A8,TRUE
20080324,2008-03-24,2008,1,Q1,3,March,Mar,13,24,1,24A8,FALSE
20080325,2008-03-25,2008,1,Q1,3,March,Mar,13,25,2,25A8,FALSE
20080326,2008-03-26,2008,1,Q1,3,March,Mar,13,26,3,26A8,FALSE
20080327,2008-03-27,2008,1,Q1,3,March,Mar,13,27,4,27A8,FALSE
20080328,2008-03-28,2008,1,Q1,3,March,Mar,13,28,5,28A8,FALSE
20080329,2008-03-29,2008,1,Q1,3,March,Mar,13,29,6,29A8,TRUE
20080330,2008-03-30,2008,1,Q1,3,March,Mar,13,30,0,30A8,TRUE
20080331,2008-03-31,2008,1,Q1,3,March,Mar,14,31,1,31A8,FALSE
20080401,2008-04-01,2008,2,Q2,4,April,Apr,14,1,2,1A8,FALSE
20080402,2008-04-02,2008,2,Q2,4,April,Apr,14,2,3,2A8,FALSE
20080403,2008-04-03,2008,2,Q2,4,April,Apr,14,3,4,3A8,FALSE
20080404,2008-04-04,2008,2,Q2,4,April,Apr,14,4,5,4A8,FALSE
20080405,2008-04-05,2008,2,Q2,4,April,Apr,14,5,6,5A8,TRUE
20080406,2008-04-06,2008,2,Q2,4,April,Apr,14,6,0,6A8,TRUE
20080407,2008-04-07,2008,2,Q2,4,April,Apr,15,7,1,7A8,FALSE
20080408,2008-04-08,2008,2,Q2,4,April,Apr,15,8,2,8A8,FALSE
20080409,2008-04-09,2008,2,Q2,4,April,Apr,15,9,3,9A8,FALSE
20080410,2008-04-10,2008,2,Q2,4,April,Apr,15,10,4,10A8,FALSE
20080411,2008-04-11,2008,2,Q2,4,April,Apr,15,11,5,11A8,FALSE
20080412,2008-04-12,2008,2,Q2,4,April,Apr,15,12,6,12A8,TRUE
20080413,2008-04-13,2008,2,Q2,4,April,Apr,15,13,0,13A8,TRUE
20080414,2008-04-14,2008,2,Q2,4,April,Apr,16,14,1,14A8,FALSE
20080415,2008-04-15,2008,2,Q2,4,April,Apr,16,15,2,15A8,FALSE
20080416,2008-04-16,2008,2,Q2,4,April,Apr,16,16,3,16A8,FALSE
20080417,2008-04-17,2008,2,Q2,4,April,Apr,16,17,4,17A8,FALSE
20080418,2008-04-18,2008,2,Q2,4,April,Apr,16,18,5,18A8,FALSE
20080419,2008-04-19,2008,2,Q2,4,April,Apr,16,19,6,19A8,TRUE
20080420,2008-04-20,2008,2,Q2,4,April,Apr,16,20,0,20A8,TRUE
20080421,2008-04-21,2008,2,Q2,4,April,Apr,17,21,1,21A8,FALSE
20080422,2008-04-22,2008,2,Q2,4,April,Apr,17,22,2,22A8,FALSE
20080423,2008-04-23,2008,2,Q2,4,April,Apr,17,23,3,23A8,FALSE
20080424,2008-04-24,2008,2,Q2,4,April,Apr,17,24,4,24A8,FALSE
20080425,2008-04-25,2008,2,Q2,4,April,Apr,17,25,5,25A8,FALSE
20080426,2008-04-26,2008,2,Q2,4,April,Apr,17,26,6,26A8,TRUE
20080427,2008-04-27,2008,2,Q2,4,April,Apr,17,27,0,27A8,TRUE
20080428,2008-04-28,2008,2,Q2,4,April,Apr,18,28,1,28A8,FALSE
20080429,2008-04-29,2008,2,Q2,4,April,Apr,18,29,2,29A8,FALSE
20080430,2008-04-30,2008,2,Q2,4,April,Apr,18,30,3,30A8,FALSE
20080501,2008-05-01,2008,2,Q2,5,May,May,18,1,4,1A8,FALSE
20080502,2008-05-02,2008,2,Q2,5,May,May,18,2,5,2A8,FALSE
20080503,2008-05-03,2008,2,Q2,5,May,May,18,3,6,3A8,TRUE
20080504,2008-05-04,2008,2,Q2,5,May,May,18,4,0,4A8,TRUE
20080505,2008-05-05,2008,2,Q2,5,May,May,19,5,1,5A8,FALSE
20080506,2008-05-06,2008,2,Q2,5,May,May,19,6,2,6A8,FALSE
20080507,2008-05-07,2008,2,Q2,5,May,May,19,7,3,7A8,FALSE
20080508,2008-05-08,2008,2,Q2,5,May,May,19,8,4,8A8,FALSE
20080509,2008-05-09,2008,2,Q2,5,May,May,19,9,5,9A8,FALSE
20080510,2008-05-10,2008,2,Q2,5,May,May,19,10,6,10A8,TRUE
20080511,2008-05-11,2008,2,Q2,5,May,May,19,11,0,11A8,TRUE
20080512,2008-05-12,2008,2,Q2,5,May,May,20,12,1,12A8,FALSE
20080513,2008-05-13,2008,2,Q2,5,May,May,20,13,2,13A8,FALSE
20080514,2008-05-14,2008,2,Q2,5,May,May,20,14,3,14A8,FALSE
20080515,2008-05-15,2008,2,Q2,5,May,May,20,15,4,15A8,FALSE
20080516,2008-05-16,2008,2,Q2,5,May,May,20,16,5,16A8,FALSE
20080517,2008-05-17,2008,2,Q2,5,May,May,20,17,6,17A8,TRUE
20080518,2008-05-18,2008,2,Q2,5,May,May,20,18,0,18A8,TRUE
20080519,2008-05-19,2008,2,Q2,5,May,May,21,19,1,19A8,FALSE
20080520,2008-05-20,2008,2,Q2,5,May,May,21,20,2,20A8,FALSE
20080521,2008-05-21,2008,2,Q2,5,May,May,21,21,3,21A8,FALSE
20080522,2008-05-22,2008,2,Q2,5,May,May,21,22,4,22A8,FALSE
20080523,2008-05-23,2008,2,Q2,5,May,May,21,23,5,23A8,FALSE
20080524,2008-05-24,2008,2,Q2,5,May,May,21,24,6,24A8,TRUE
20080525,2008-05-25,2008,2,Q2,5,May,May,21,25,0,25A8,TRUE
20080526,2008-05-26,2008,2,Q2,5,May,May,22,26,1,26A8,FALSE
20080527,2008-05-27,2008,2,Q2,5,May,May,22,27,2,27A8,FALSE
20080528,2008-05-28,2008,2,Q2,5,May,May,22,28,3,28A8,FALSE
20080529,2008-05-29,2008,2,Q2,5,May,May,22,29,4,29A8,FALSE
20080530,2008-05-30,2008,2,Q2,5,May,May,22,30,5,30A8,FALSE
20080531,2008-05-31,2008,2,Q2,5,May,May,22,31,6,31A8,TRUE
20080601,2008-06-01,2008,2,Q2,6,June,Jun,22,1,0,1A8,TRUE
20080602,2008-06-02,2008,2,Q2,6,June,Jun,23,2,1,2A8,FALSE
20080603,2008-06-03,2008,2,Q2,6,June,Jun,23,3,2,3A8,FALSE
20080604,2008-06-04,2008,2,Q2,6,June,Jun,23,4,3,4A8,FALSE
20080605,2008-06-05,2008,2,Q2,6,June,Jun,23,5,4,5A8,FALSE
20080606,2008-06-06,2008,2,Q2,6,June,Jun,23,6,5,6A8,FALSE
20080607,2008-06-07,2008,2,Q2,6,June,Jun,23,7,6,7A8,TRUE
20080608,2008-06-08,2008,2,Q2,6,June,Jun,23,8,0,8A8,TRUE
20080609,2008-06-09,2008,2,Q2,6,June,Jun,24,9,1,9A8,FALSE
20080610,2008-06-10,2008,2,Q2,6,June,Jun,24,10,2,10A8,FALSE
20080611,2008-06-11,2008,2,Q2,6,June,Jun,24,11,3,11A8,FALSE
20080612,2008-06-12,2008,2,Q2,6,June,Jun,24,12,4,12A8,FALSE
20080613,2008-06-13,2008,2,Q2,6,June,Jun,24,13,5,13A8,FALSE
20080614,2008-06-14,2008,2,Q2,6,June,Jun,24,14,6,14A8,TRUE
20080615,2008-06-15,2008,2,Q2,6,June,Jun,24,15,0,15A8,TRUE
20080616,2008-06-16,2008,2,Q2,6,June,Jun,25,16,1,16A8,FALSE
20080617,2008-06-17,2008,2,Q2,6,June,Jun,25,17,2,17A8,FALSE
20080618,2008-06-18,2008,2,Q2,6,June,Jun,25,18,3,18A8,FALSE
20080619,2008-06-19,2008,2,Q2,6,June,Jun,25,19,4,19A8,FALSE
20080620,2008-06-20,2008,2,Q2,6,June,Jun,25,20,5,20A8,FALSE
20080621,2008-06-21,2008,2,Q2,6,June,Jun,25,21,6,21A8,TRUE
20080622,2008-06-22,2008,2,Q2,6,June,Jun,25,22,0,22A8,TRUE
20080623,2008-06-23,2008,2,Q2,6,June,Jun,26,23,1,23A8,FALSE
20080624,2008-06-24,2008,2,Q2,6,June,Jun,26,24,2,24A8,FALSE
20080625,2008-06-25,2008,2,Q2,6,June,Jun,26,25,3,25A8,FALSE
20080626,2008-06-26,2008,2,Q2,6,June,Jun,26,26,4,26A8,FALSE
20080627,2008-06-27,2008,2,Q2,6,June,Jun,26,27,5,27A8,FALSE
20080628,2008-06-28,2008,2,Q2,6,June,Jun,26,28,6,28A8,TRUE
20080629,2008-06-29,2008,2,Q2,6,June,Jun,26,29,0,29A8,TRUE
20080630,2008-06-30,2008,2,Q2,6,June,Jun,27,30,1,30A8,FALSE
20080701,2008-07-01,2008,3,Q3,7,July,Jul,27,1,2,1A8,FALSE
20080702,2008-07-02,2008,3,Q3,7,July,Jul,27,2,3,2A8,FALSE
20080703,2008-07-03,2008,3,Q3,7,July,Jul,27,3,4,3A8,FALSE
20080704,2008-07-04,2008,3,Q3,7,July,Jul,27,4,5,4A8,FALSE
20080705,2008-07-05,2008,3,Q3,7,July,Jul,27,5,6,5A8,TRUE
20080706,2008-07-06,2008,3,Q3,7,July,Jul,27,6,0,6A8,TRUE
20080707,2008-07-07,2008,3,Q3,7,July,Jul,28,7,1,7A8,FALSE
20080708,2008-07-08,2008,3,Q3,7,July,Jul,28,8,2,8A8,FALSE
20080709,2008-07-09,2008,3,Q3,7,July,Jul,28,9,3,9A8,FALSE
20080710,2008-07-10,2008,3,Q3,7,July,Jul,28,10,4,10A8,FALSE
20080711,2008-07-11,2008,3,Q3,7,July,Jul,28,11,5,11A8,FALSE
20080712,2008-07-12,2008,3,Q3,7,July,Jul,28,12,6,12A8,TRUE
20080713,2008-07-13,2008,3,Q3,7,July,Jul,28,13,0,13A8,TRUE
20080714,2008-07-14,2008,3,Q3,7,July,Jul,29,14,1,14A8,FALSE
20080715,2008-07-15,2008,3,Q3,7,July,Jul,29,15,2,15A8,FALSE
20080716,2008-07-16,2008,3,Q3,7,July,Jul,29,16,3,16A8,FALSE
20080717,2008-07-17,2008,3,Q3,7,July,Jul,29,17,4,17A8,FALSE
20080718,2008-07-18,2008,3,Q3,7,July,Jul,29,18,5,18A8,FALSE
20080719,2008-07-19,2008,3,Q3,7,July,Jul,29,19,6,19A8,TRUE
20080720,2008-07-20,2008,3,Q3,7,July,Jul,29,20,0,20A8,TRUE
20080721,2008-07-21,2008,3,Q3,7,July,Jul,30,21,1,21A8,FALSE
20080722,2008-07-22,2008,3,Q3,7,July,Jul,30,22,2,22A8,FALSE
20080723,2008-07-23,2008,3,Q3,7,July,Jul,30,23,3,23A8,FALSE
20080724,2008-07-24,2008,3,Q3,7,July,Jul,30,24,4,24A8,FALSE
20080725,2008-07-25,2008,3,Q3,7,July,Jul,30,25,5,25A8,FALSE
20080726,2008-07-26,2008,3,Q3,7,July,Jul,30,26,6,26A8,TRUE
20080727,2008-07-27,2008,3,Q3,7,July,Jul,30,27,0,27A8,TRUE
20080728,2008-07-28,2008,3,Q3,7,July,Jul,31,28,1,28A8,FALSE
20080729,2008-07-29,2008,3,Q3,7,July,Jul,31,29,2,29A8,FALSE
20080730,2008-07-30,2008,3,Q3,7,July,Jul,31,30,3,30A8,FALSE
20080731,2008-07-31,2008,3,Q3,7,July,Jul,31,31,4,31A8,FALSE
20080801,2008-08-01,2008,3,Q3,8,August,Aug,31,1,5,1A8,FALSE
20080802,2008-08-02,2008,3,Q3,8,August,Aug,31,2,6,2A8,TRUE
20080803,2008-08-03,2008,3,Q3,8,August,Aug,31,3,0,3A8,TRUE
20080804,2008-08-04,2008,3,Q3,8,August,Aug,32,4,1,4A8,FALSE
20080805,2008-08-05,2008,3,Q3,8,August,Aug,32,5,2,5A8,FALSE
20080806,2008-08-06,2008,3,Q3,8,August,Aug,32,6,3,6A8,FALSE
20080807,2008-08-07,2008,3,Q3,8,August,Aug,32,7,4,7A8,FALSE
20080808,2008-08-08,2008,3,Q3,8,August,Aug,32,8,5,8A8,FALSE
20080809,2008-08-09,2008,3,Q3,8,August,Aug,32,9,6,9A8,TRUE
20080810,2008-08-10,2008,3,Q3,8,August,Aug,32,10,0,10A8,TRUE
20080811,2008-08-11,2008,3,Q3,8,August,Aug,33,11,1,11A8,FALSE
20080812,2008-08-12,2008,3,Q3,8,August,Aug,33,12,2,12A8,FALSE
20080813,2008-08-13,2008,3,Q3,8,August,Aug,33,13,3,13A8,FALSE
20080814,2008-08-14,2008,3,Q3,8,August,Aug,33,14,4,14A8,FALSE
20080815,2008-08-15,2008,3,Q3,8,August,Aug,33,15,5,15A8,FALSE
20080816,2008-08-16,2008,3,Q3,8,August,Aug,33,16,6,16A8,TRUE
20080817,2008-08-17,2008,3,Q3,8,August,Aug,33,17,0,17A8,TRUE
20080818,2008-08-18,2008,3,Q3,8,August,Aug,34,18,1,18A8,FALSE
20080819,2008-08-19,2008,3,Q3,8,August,Aug,34,19,2,19A8,FALSE
20080820,2008-08-20,2008,3,Q3,8,August,Aug,34,20,3,20A8,FALSE
20080821,2008-08-21,2008,3,Q3,8,August,Aug,34,21,4,21A8,FALSE
20080822,2008-08-22,2008,3,Q3,8,August,Aug,34,22,5,22A8,FALSE
20080823,2008-08-23,2008,3,Q3,8,August,Aug,34,23,6,23A8,TRUE
20080824,2008-08-24,2008,3,Q3,8,August,Aug,34,24,0,24A8,TRUE
20080825,2008-08-25,2008,3,Q3,8,August,Aug,35,25,1,25A8,FALSE
20080826,2008-08-26,2008,3,Q3,8,August,Aug,35,26,2,26A8,FALSE
20080827,2008-08-27,2008,3,Q3,8,August,Aug,35,27,3,27A8,FALSE
20080828,2008-08-28,2008,3,Q3,8,August,Aug,35,28,4,28A8,FALSE
20080829,2008-08-29,2008,3,Q3,8,August,Aug,35,29,5,29A8,FALSE
20080830,2008-08-30,2008,3,Q3,8,August,Aug,35,30,6,30A8,TRUE
20080831,2008-08-31,2008,3,Q3,8,August,Aug,35,31,0,31A8,TRUE
20080901,2008-09-01,2008,3,Q3,9,September,Sep,36,1,1,1A8,FALSE
20080902,2008-09-02,2008,3,Q3,9,September,Sep,36,2,2,2A8,FALSE
20080903,2008-09-03,2008,3,Q3,9,September,Sep,36,3,3,3A8,FALSE
20080904,2008-09-04,2008,3,Q3,9,September,Sep,36,4,4,4A8,FALSE
20080905,2008-09-05,2008,3,Q3,9,September,Sep,36,5,5,5A8,FALSE
20080906,2008-09-06,2008,3,Q3,9,September,Sep,36,6,6,6A8,TRUE
20080907,2008-09-07,2008,3,Q3,9,September,Sep,36,7,0,7A8,TRUE
20080908,2008-09-08,2008,3,Q3,9,September,Sep,37,8,1,8A8,FALSE
20080909,2008-09-09,2008,3,Q3,9,September,Sep,37,9,2,9A8,FALSE
20080910,2008-09-10,2008,3,Q3,9,September,Sep,37,10,3,10A8,FALSE
20080911,2008-09-11,2008,3,Q3,9,September,Sep,37,11,4,11A8,FALSE
20080912,2008-09-12,2008,3,Q3,9,September,Sep,37,12,5,12A8,FALSE
20080913,2008-09-13,2008,3,Q3,9,September,Sep,37,13,6,13A8,TRUE
20080914,2008-09-14,2008,3,Q3,9,September,Sep,37,14,0,14A8,TRUE
20080915,2008-09-15,2008,3,Q3,9,September,Sep,38,15,1,15A8,FALSE
20080916,2008-09-16,2008,3,Q3,9,September,Sep,38,16,2,16A8,FALSE
20080917,2008-09-17,2008,3,Q3,9,September,Sep,38,17,3,17A8,FALSE
20080918,2008-09-18,2008,3,Q3,9,September,Sep,38,18,4,18A8,FALSE
20080919,2008-09-19,2008,3,Q3,9,September,Sep,38,19,5,19A8,FALSE
20080920,2008-09-20,2008,3,Q3,9,September,Sep,38,20,6,20A8,TRUE
20080921,2008-09-21,2008,3,Q3,9,September,Sep,38,21,0,21A8,TRUE
20080922,2008-09-22,2008,3,Q3,9,September,Sep,39,22,1,22A8,FALSE
20080923,2008-09-23,2008,3,Q3,9,September,Sep,39,23,2,23A8,FALSE
20080924,2008-09-24,2008,3,Q3,9,September,Sep,39,24,3,24A8,FALSE
20080925,2008-09-25,2008,3,Q3,9,September,Sep,39,25,4,25A8,FALSE
20080926,2008-09-26,2008,3,Q3,9,September,Sep,39,26,5,26A8,FALSE
20080927,2008-09-27,2008,3,Q3,9,September,Sep,39,27,6,27A8,TRUE
20080928,2008-09-28,2008,3,Q3,9,September,Sep,39,28,0,28A8,TRUE
20080929,2008-09-29,2008,3,Q3,9,September,Sep,40,29,1,29A8,FALSE
20080930,2008-09-30,2008,3,Q3,9,September,Sep,40,30,2,30A8,FALSE
20081001,2008-10-01,2008,4,Q4,10,October,Oct,40,1,3,1A8,FALSE
20081002,2008-10-02,2008,4,Q4,10,October,Oct,40,2,4,2A8,FALSE
20081003,2008-10-03,2008,4,Q4,10,October,Oct,40,3,5,3A8,FALSE
20081004,2008-10-04,2008,4,Q4,10,October,Oct,40,4,6,4A8,TRUE
20081005,2008-10-05,2008,4,Q4,10,October,Oct,40,5,0,5A8,TRUE
20081006,2008-10-06,2008,4,Q4,10,October,Oct,41,6,1,6A8,FALSE
20081007,2008-10-07,2008,4,Q4,10,October,Oct,41,7,2,7A8,FALSE
20081008,2008-10-08,2008,4,Q4,10,October,Oct,41,8,3,8A8,FALSE
20081009,2008-10-09,2008,4,Q4,10,October,Oct,41,9,4,9A8,FALSE
20081010,2008-10-10,2008,4,Q4,10,October,Oct,41,10,5,10A8,FALSE
20081011,2008-10-11,2008,4,Q4,10,October,Oct,41,11,6,11A8,TRUE
20081012,2008-10-12,2008,4,Q4,10,October,Oct,41,12,0,12A8,TRUE
20081013,2008-10-13,2008,4,Q4,10,October,Oct,42,13,1,13A8,FALSE
20081014,2008-10-14,2008,4,Q4,10,October,Oct,42,14,2,14A8,FALSE
20081015,2008-10-15,2008,4,Q4,10,October,Oct,42,15,3,15A8,FALSE
20081016,2008-10-16,2008,4,Q4,10,October,Oct,42,16,4,16A8,FALSE
20081017,2008-10-17,2008,4,Q4,10,October,Oct,42,17,5,17A8,FALSE
20081018,2008-10-18,2008,4,Q4,10,October,Oct,42,18,6,18A8,TRUE
20081019,2008-10-19,2008,4,Q4,10,October,Oct,42,19,0,19A8,TRUE
20081020,2008-10-20,2008,4,Q4,10,October,Oct,43,20,1,20A8,FALSE
20081021,2008-10-21,2008,4,Q4,10,October,Oct,43,21,2,21A8,FALSE
20081022,2008-10-22,2008,4,Q4,10,October,Oct,43,22,3,22A8,FALSE
20081023,2008-10-23,2008,4,Q4,10,October,Oct,43,23,4,23A8,FALSE
20081024,2008-10-24,2008,4,Q4,10,October,Oct,43,24,5,24A8,FALSE
20081025,2008-10-25,2008,4,Q4,10,October,Oct,43,25,6,25A8,TRUE
20081026,2008-10-26,2008,4,Q4,10,October,Oct,43,26,0,26A8,TRUE
20081027,2008-10-27,2008,4,Q4,10,October,Oct,44,27,1,27A8,FALSE
20081028,2008-10-28,2008,4,Q4,10,October,Oct,44,28,2,28A8,FALSE
20081029,2008-10-29,2008,4,Q4,10,October,Oct,44,29,3,29A8,FALSE
20081030,2008-10-30,2008,4,Q4,10,October,Oct,44,30,4,30A8,FALSE
20081031,2008-10-31,2008,4,Q4,10,October,Oct,44,31,5,31A8,FALSE
20081101,2008-11-01,2008,4,Q4,11,November,Nov,44,1,6,1A8,TRUE
20081102,2008-11-02,2008,4,Q4,11,November,Nov,44,2,0,2A8,TRUE
20081103,2008-11-03,2008,4,Q4,11,November,Nov,45,3,1,3A8,FALSE
20081104,2008-11-04,2008,4,Q4,11,November,Nov,45,4,2,4A8,FALSE
20081105,2008-11-05,2008,4,Q4,11,November,Nov,45,5,3,5A8,FALSE
20081106,2008-11-06,2008,4,Q4,11,November,Nov,45,6,4,6A8,FALSE
20081107,2008-11-07,2008,4,Q4,11,November,Nov,45,7,5,7A8,FALSE
20081108,2008-11-08,2008,4,Q4,11,November,Nov,45,8,6,8A8,TRUE
20081109,2008-11-09,2008,4,Q4,11,November,Nov,45,9,0,9A8,TRUE
20081110,2008-11-10,2008,4,Q4,11,November,Nov,46,10,1,10A8,FALSE
20081111,2008-11-11,2008,4,Q4,11,November,Nov,46,11,2,11A8,FALSE
20081112,2008-11-12,2008,4,Q4,11,November,Nov,46,12,3,12A8,FALSE
20081113,2008-11-13,2008,4,Q4,11,November,Nov,46,13,4,13A8,FALSE
20081114,2008-11-14,2008,4,Q4,11,November,Nov,46,14,5,14A8,FALSE
20081115,2008-11-15,2008,4,Q4,11,November,Nov,46,15,6,15A8,TRUE
20081116,2008-11-16,2008,4,Q4,11,November,Nov,46,16,0,16A8,TRUE
20081117,2008-11-17,2008,4,Q4,11,November,Nov,47,17,1,17A8,FALSE
20081118,2008-11-18,2008,4,Q4,11,November,Nov,47,18,2,18A8,FALSE
20081119,2008-11-19,2008,4,Q4,11,November,Nov,47,19,3,19A8,FALSE
20081120,2008-11-20,2008,4,Q4,11,November,Nov,47,20,4,20A8,FALSE
20081121,2008-11-21,2008,4,Q4,11,November,Nov,47,21,5,21A8,FALSE
20081122,2008-11-22,2008,4,Q4,11,November,Nov,47,22,6,22A8,TRUE
20081123,2008-11-23,2008,4,Q4,11,November,Nov,47,23,0,23A8,TRUE
20081124,2008-11-24,2008,4,Q4,11,November,Nov,48,24,1,24A8,FALSE
20081125,2008-11-25,2008,4,Q4,11,November,Nov,48,25,2,25A8,FALSE
20081126,2008-11-26,2008,4,Q4,11,November,Nov,48,26,3,26A8,FALSE
20081127,2008-11-27,2008,4,Q4,11,November,Nov,48,27,4,27A8,FALSE
20081128,2008-11-28,2008,4,Q4,11,November,Nov,48,28,5,28A8,FALSE
20081129,2008-11-29,2008,4,Q4,11,November,Nov,48,29,6,29A8,TRUE
20081130,2008-11-30,2008,4,Q4,11,November,Nov,48,30,0,30A8,TRUE
20081201,2008-12-01,2008,4,Q4,12,December,Dec,49,1,1,1A8,FALSE
20081202,2008-12-02,2008,4,Q4,12,December,Dec,49,2,2,2A8,FALSE
20081203,2008-12-03,2008,4,Q4,12,December,Dec,49,3,3,3A8,FALSE
20081204,2008-12-04,2008,4,Q4,12,December,Dec,49,4,4,4A8,FALSE
20081205,2008-12-05,2008,4,Q4,12,December,Dec,49,5,5,5A8,FALSE
20081206,2008-12-06,2008,4,Q4,12,December,Dec,49,6,6,6A8,TRUE
20081207,2008-12-07,2008,4,Q4,12,December,Dec,49,7,0,7A8,TRUE
20081208,2008-12-08,2008,4,Q4,12,December,Dec,50,8,1,8A8,FALSE
20081209,2008-12-09,2008,4,Q4,12,December,Dec,50,9,2,9A8,FALSE
20081210,2008-12-10,2008,4,Q4,12,December,Dec,50,10,3,10A8,FALSE
20081211,2008-12-11,2008,4,Q4,12,December,Dec,50,11,4,11A8,FALSE
20081212,2008-12-12,2008,4,Q4,12,December,Dec,50,12,5,12A8,FALSE
20081213,2008-12-13,2008,4,Q4,12,December,Dec,50,13,6,13A8,TRUE
20081214,2008-12-14,2008,4,Q4,12,December,Dec,50,14,0,14A8,TRUE
20081215,2008-12-15,2008,4,Q4,12,December,Dec,51,15,1,15A8,FALSE
20081216,2008-12-16,2008,4,Q4,12,December,Dec,51,16,2,16A8,FALSE
20081217,2008-12-17,2008,4,Q4,12,December,Dec,51,17,3,17A8,FALSE
20081218,2008-12-18,2008,4,Q4,12,December,Dec,51,18,4,18A8,FALSE
20081219,2008-12-19,2008,4,Q4,12,December,Dec,51,19,5,19A8,FALSE
20081220,2008-12-20,2008,4,Q4,12,December,Dec,51,20,6,20A8,TRUE
20081221,2008-12-21,2008,4,Q4,12,December,Dec,51,21,0,21A8,TRUE
20081222,2008-12-22,2008,4,Q4,12,December,Dec,52,22,1,22A8,FALSE
20081223,2008-12-23,2008,4,Q4,12,December,Dec,52,23,2,23A8,FALSE
20081224,2008-12-24,2008,4,Q4,12,December,Dec,52,24,3,24A8,FALSE
20081225,2008-12-25,2008,4,Q4,12,December,Dec,52,25,4,25A8,FALSE
20081226,2008-12-26,2008,4,Q4,12,December,Dec,52,26,5,26A8,FALSE
20081227,2008-12-27,2008,4,Q4,12,December,Dec,52,27,6,27A8,TRUE
20081228,2008-12-28,2008,4,Q4,12,December,Dec,52,28,0,28A8,TRUE
20081229,2008-12-29,2008,4,Q4,12,December,Dec,1,29,1,29A8,FALSE
20081230,2008-12-30,2008,4,Q4,12,December,Dec,1,30,2,30A8,FALSE
20081231,2008-12-31,2008,4,Q4,12,December,Dec,1,31,3,31A8,FALSE
20090101,2009-01-01,2009,1,Q1,1,January,Jan,1,1,4,1A9,FALSE
20090102,2009-01-02,2009,1,Q1,1,January,Jan,1,2,5,2A9,FALSE
20090103,2009-01-03,2009,1,Q1,1,January,Jan,1,3,6,3A9,TRUE
20090104,2009-01-04,2009,1,Q1,1,January,Jan,1,4,0,4A9,TRUE
20090105,2009-01-05,2009,1,Q1,1,January,Jan,2,5,1,5A9,FALSE
20090106,2009-01-06,2009,1,Q1,1,January,Jan,2,6,2,6A9,FALSE
20090107,2009-01-07,2009,1,Q1,1,January,Jan,2,7,3,7A9,FALSE
20090108,2009-01-08,2009,1,Q1,1,January,Jan,2,8,4,8A9,FALSE
20090109,2009-01-09,2009,1,Q1,1,January,Jan,2,9,5,9A9,FALSE
20090110,2009-01-10,2009,1,Q1,1,January,Jan,2,10,6,10A9,TRUE
20090111,2009-01-11,2009,1,Q1,1,January,Jan,2,11,0,11A9,TRUE
20090112,2009-01-12,2009,1,Q1,1,January,Jan,3,12,1,12A9,FALSE
20090113,2009-01-13,2009,1,Q1,1,January,Jan,3,13,2,13A9,FALSE
20090114,2009-01-14,2009,1,Q1,1,January,Jan,3,14,3,14A9,FALSE
20090115,2009-01-15,2009,1,Q1,1,January,Jan,3,15,4,15A9,FALSE
20090116,2009-01-16,2009,1,Q1,1,January,Jan,3,16,5,16A9,FALSE
20090117,2009-01-17,2009,1,Q1,1,January,Jan,3,17,6,17A9,TRUE
20090118,2009-01-18,2009,1,Q1,1,January,Jan,3,18,0,18A9,TRUE
20090119,2009-01-19,2009,1,Q1,1,January,Jan,4,19,1,19A9,FALSE
20090120,2009-01-20,2009,1,Q1,1,January,Jan,4,20,2,20A9,FALSE
20090121,2009-01-21,2009,1,Q1,1,January,Jan,4,21,3,21A9,FALSE
20090122,2009-01-22,2009,1,Q1,1,January,Jan,4,22,4,22A9,FALSE
20090123,2009-01-23,2009,1,Q1,1,January,Jan,4,23,5,23A9,FALSE
20090124,2009-01-24,2009,1,Q1,1,January,Jan,4,24,6,24A9,TRUE
20090125,2009-01-25,2009,1,Q1,1,January,Jan,4,25,0,25A9,TRUE
20090126,2009-01-26,2009,1,Q1,1,January,Jan,5,26,1,26A9,FALSE
20090127,2009-01-27,2009,1,Q1,1,January,Jan,5,27,2,27A9,FALSE
20090128,2009-01-28,2009,1,Q1,1,January,Jan,5,28,3,28A9,FALSE
20090129,2009-01-29,2009,1,Q1,1,January,Jan,5,29,4,29A9,FALSE
20090130,2009-01-30,2009,1,Q1,1,January,Jan,5,30,5,30A9,FALSE
20090131,2009-01-31,2009,1,Q1,1,January,Jan,5,31,6,31A9,TRUE
20090201,2009-02-01,2009,1,Q1,2,February,Feb,5,1,0,1A9,TRUE
20090202,2009-02-02,2009,1,Q1,2,February,Feb,6,2,1,2A9,FALSE
20090203,2009-02-03,2009,1,Q1,2,February,Feb,6,3,2,3A9,FALSE
20090204,2009-02-04,2009,1,Q1,2,February,Feb,6,4,3,4A9,FALSE
20090205,2009-02-05,2009,1,Q1,2,February,Feb,6,5,4,5A9,FALSE
20090206,2009-02-06,2009,1,Q1,2,February,Feb,6,6,5,6A9,FALSE
20090207,2009-02-07,2009,1,Q1,2,February,Feb,6,7,6,7A9,TRUE
20090208,2009-02-08,2009,1,Q1,2,February,Feb,6,8,0,8A9,TRUE
20090209,2009-02-09,2009,1,Q1,2,February,Feb,7,9,1,9A9,FALSE
20090210,2009-02-10,2009,1,Q1,2,February,Feb,7,10,2,10A9,FALSE
20090211,2009-02-11,2009,1,Q1,2,February,Feb,7,11,3,11A9,FALSE
20090212,2009-02-12,2009,1,Q1,2,February,Feb,7,12,4,12A9,FALSE
20090213,2009-02-13,2009,1,Q1,2,February,Feb,7,13,5,13A9,FALSE
20090214,2009-02-14,2009,1,Q1,2,February,Feb,7,14,6,14A9,TRUE
20090215,2009-02-15,2009,1,Q1,2,February,Feb,7,15,0,15A9,TRUE
20090216,2009-02-16,2009,1,Q1,2,February,Feb,8,16,1,16A9,FALSE
20090217,2009-02-17,2009,1,Q1,2,February,Feb,8,17,2,17A9,FALSE
20090218,2009-02-18,2009,1,Q1,2,February,Feb,8,18,3,18A9,FALSE
20090219,2009-02-19,2009,1,Q1,2,February,Feb,8,19,4,19A9,FALSE
20090220,2009-02-20,2009,1,Q1,2,February,Feb,8,20,5,20A9,FALSE
20090221,2009-02-21,2009,1,Q1,2,February,Feb,8,21,6,21A9,TRUE
20090222,2009-02-22,2009,1,Q1,2,February,Feb,8,22,0,22A9,TRUE
20090223,2009-02-23,2009,1,Q1,2,February,Feb,9,23,1,23A9,FALSE
20090224,2009-02-24,2009,1,Q1,2,February,Feb,9,24,2,24A9,FALSE
20090225,2009-02-25,2009,1,Q1,2,February,Feb,9,25,3,25A9,FALSE
20090226,2009-02-26,2009,1,Q1,2,February,Feb,9,26,4,26A9,FALSE
20090227,2009-02-27,2009,1,Q1,2,February,Feb,9,27,5,27A9,FALSE
20090228,2009-02-28,2009,1,Q1,2,February,Feb,9,28,6,28A9,TRUE
20090301,2009-03-01,2009,1,Q1,3,March,Mar,9,1,0,1A9,TRUE
20090302,2009-03-02,2009,1,Q1,3,March,Mar,10,2,1,2A9,FALSE
20090303,2009-03-03,2009,1,Q1,3,March,Mar,10,3,2,3A9,FALSE
20090304,2009-03-04,2009,1,Q1,3,March,Mar,10,4,3,4A9,FALSE
20090305,2009-03-05,2009,1,Q1,3,March,Mar,10,5,4,5A9,FALSE
20090306,2009-03-06,2009,1,Q1,3,March,Mar,10,6,5,6A9,FALSE
20090307,2009-03-07,2009,1,Q1,3,March,Mar,10,7,6,7A9,TRUE
20090308,2009-03-08,2009,1,Q1,3,March,Mar,10,8,0,8A9,TRUE
20090309,2009-03-09,2009,1,Q1,3,March,Mar,11,9,1,9A9,FALSE
20090310,2009-03-10,2009,1,Q1,3,March,Mar,11,10,2,10A9,FALSE
20090311,2009-03-11,2009,1,Q1,3,March,Mar,11,11,3,11A9,FALSE
20090312,2009-03-12,2009,1,Q1,3,March,Mar,11,12,4,12A9,FALSE
20090313,2009-03-13,2009,1,Q1,3,March,Mar,11,13,5,13A9,FALSE
20090314,2009-03-14,2009,1,Q1,3,March,Mar,11,14,6,14A9,TRUE
20090315,2009-03-15,2009,1,Q1,3,March,Mar,11,15,0,15A9,TRUE
20090316,2009-03-16,2009,1,Q1,3,March,Mar,12,16,1,16A9,FALSE
20090317,2009-03-17,2009,1,Q1,3,March,Mar,12,17,2,17A9,FALSE
20090318,2009-03-18,2009,1,Q1,3,March,Mar,12,18,3,18A9,FALSE
20090319,2009-03-19,2009,1,Q1,3,March,Mar,12,19,4,19A9,FALSE
20090320,2009-03-20,2009,1,Q1,3,March,Mar,12,20,5,20A9,FALSE
20090321,2009-03-21,2009,1,Q1,3,March,Mar,12,21,6,21A9,TRUE
20090322,2009-03-22,2009,1,Q1,3,March,Mar,12,22,0,22A9,TRUE
20090323,2009-03-23,2009,1,Q1,3,March,Mar,13,23,1,23A9,FALSE
20090324,2009-03-24,2009,1,Q1,3,March,Mar,13,24,2,24A9,FALSE
20090325,2009-03-25,2009,1,Q1,3,March,Mar,13,25,3,25A9,FALSE
20090326,2009-03-26,2009,1,Q1,3,March,Mar,13,26,4,26A9,FALSE
20090327,2009-03-27,2009,1,Q1,3,March,Mar,13,27,5,27A9,FALSE
20090328,2009-03-28,2009,1,Q1,3,March,Mar,13,28,6,28A9,TRUE
20090329,2009-03-29,2009,1,Q1,3,March,Mar,13,29,0,29A9,TRUE
20090330,2009-03-30,2009,1,Q1,3,March,Mar,14,30,1,30A9,FALSE
20090331,2009-03-31,2009,1,Q1,3,March,Mar,14,31,2,31A9,FALSE
20090401,2009-04-01,2009,2,Q2,4,April,Apr,14,1,3,1A9,FALSE
20090402,2009-04-02,2009,2,Q2,4,April,Apr,14,2,4,2A9,FALSE
20090403,2009-04-03,2009,2,Q2,4,April,Apr,14,3,5,3A9,FALSE
20090404,2009-04-04,2009,2,Q2,4,April,Apr,14,4,6,4A9,TRUE
20090405,2009-04-05,2009,2,Q2,4,April,Apr,14,5,0,5A9,TRUE
20090406,2009-04-06,2009,2,Q2,4,April,Apr,15,6,1,6A9,FALSE
20090407,2009-04-07,2009,2,Q2,4,April,Apr,15,7,2,7A9,FALSE
20090408,2009-04-08,2009,2,Q2,4,April,Apr,15,8,3,8A9,FALSE
20090409,2009-04-09,2009,2,Q2,4,April,Apr,15,9,4,9A9,FALSE
20090410,2009-04-10,2009,2,Q2,4,April,Apr,15,10,5,10A9,FALSE
20090411,2009-04-11,2009,2,Q2,4,April,Apr,15,11,6,11A9,TRUE
20090412,2009-04-12,2009,2,Q2,4,April,Apr,15,12,0,12A9,TRUE
20090413,2009-04-13,2009,2,Q2,4,April,Apr,16,13,1,13A9,FALSE
20090414,2009-04-14,2009,2,Q2,4,April,Apr,16,14,2,14A9,FALSE
20090415,2009-04-15,2009,2,Q2,4,April,Apr,16,15,3,15A9,FALSE
20090416,2009-04-16,2009,2,Q2,4,April,Apr,16,16,4,16A9,FALSE
20090417,2009-04-17,2009,2,Q2,4,April,Apr,16,17,5,17A9,FALSE
20090418,2009-04-18,2009,2,Q2,4,April,Apr,16,18,6,18A9,TRUE
20090419,2009-04-19,2009,2,Q2,4,April,Apr,16,19,0,19A9,TRUE
20090420,2009-04-20,2009,2,Q2,4,April,Apr,17,20,1,20A9,FALSE
20090421,2009-04-21,2009,2,Q2,4,April,Apr,17,21,2,21A9,FALSE
20090422,2009-04-22,2009,2,Q2,4,April,Apr,17,22,3,22A9,FALSE
20090423,2009-04-23,2009,2,Q2,4,April,Apr,17,23,4,23A9,FALSE
20090424,2009-04-24,2009,2,Q2,4,April,Apr,17,24,5,24A9,FALSE
20090425,2009-04-25,2009,2,Q2,4,April,Apr,17,25,6,25A9,TRUE
20090426,2009-04-26,2009,2,Q2,4,April,Apr,17,26,0,26A9,TRUE
20090427,2009-04-27,2009,2,Q2,4,April,Apr,18,27,1,27A9,FALSE
20090428,2009-04-28,2009,2,Q2,4,April,Apr,18,28,2,28A9,FALSE
20090429,2009-04-29,2009,2,Q2,4,April,Apr,18,29,3,29A9,FALSE
20090430,2009-04-30,2009,2,Q2,4,April,Apr,18,30,4,30A9,FALSE
20090501,2009-05-01,2009,2,Q2,5,May,May,18,1,5,1A9,FALSE
20090502,2009-05-02,2009,2,Q2,5,May,May,18,2,6,2A9,TRUE
20090503,2009-05-03,2009,2,Q2,5,May,May,18,3,0,3A9,TRUE
20090504,2009-05-04,2009,2,Q2,5,May,May,19,4,1,4A9,FALSE
20090505,2009-05-05,2009,2,Q2,5,May,May,19,5,2,5A9,FALSE
20090506,2009-05-06,2009,2,Q2,5,May,May,19,6,3,6A9,FALSE
20090507,2009-05-07,2009,2,Q2,5,May,May,19,7,4,7A9,FALSE
20090508,2009-05-08,2009,2,Q2,5,May,May,19,8,5,8A9,FALSE
20090509,2009-05-09,2009,2,Q2,5,May,May,19,9,6,9A9,TRUE
20090510,2009-05-10,2009,2,Q2,5,May,May,19,10,0,10A9,TRUE
20090511,2009-05-11,2009,2,Q2,5,May,May,20,11,1,11A9,FALSE
20090512,2009-05-12,2009,2,Q2,5,May,May,20,12,2,12A9,FALSE
20090513,2009-05-13,2009,2,Q2,5,May,May,20,13,3,13A9,FALSE
20090514,2009-05-14,2009,2,Q2,5,May,May,20,14,4,14A9,FALSE
20090515,2009-05-15,2009,2,Q2,5,May,May,20,15,5,15A9,FALSE
20090516,2009-05-16,2009,2,Q2,5,May,May,20,16,6,16A9,TRUE
20090517,2009-05-17,2009,2,Q2,5,May,May,20,17,0,17A9,TRUE
20090518,2009-05-18,2009,2,Q2,5,May,May,21,18,1,18A9,FALSE
20090519,2009-05-19,2009,2,Q2,5,May,May,21,19,2,19A9,FALSE
20090520,2009-05-20,2009,2,Q2,5,May,May,21,20,3,20A9,FALSE
20090521,2009-05-21,2009,2,Q2,5,May,May,21,21,4,21A9,FALSE
20090522,2009-05-22,2009,2,Q2,5,May,May,21,22,5,22A9,FALSE
20090523,2009-05-23,2009,2,Q2,5,May,May,21,23,6,23A9,TRUE
20090524,2009-05-24,2009,2,Q2,5,May,May,21,24,0,24A9,TRUE
20090525,2009-05-25,2009,2,Q2,5,May,May,22,25,1,25A9,FALSE
20090526,2009-05-26,2009,2,Q2,5,May,May,22,26,2,26A9,FALSE
20090527,2009-05-27,2009,2,Q2,5,May,May,22,27,3,27A9,FALSE
20090528,2009-05-28,2009,2,Q2,5,May,May,22,28,4,28A9,FALSE
20090529,2009-05-29,2009,2,Q2,5,May,May,22,29,5,29A9,FALSE
20090530,2009-05-30,2009,2,Q2,5,May,May,22,30,6,30A9,TRUE
20090531,2009-05-31,2009,2,Q2,5,May,May,22,31,0,31A9,TRUE
20090601,2009-06-01,2009,2,Q2,6,June,Jun,23,1,1,1A9,FALSE
20090602,2009-06-02,2009,2,Q2,6,June,Jun,23,2,2,2A9,FALSE
20090603,2009-06-03,2009,2,Q2,6,June,Jun,23,3,3,3A9,FALSE
20090604,2009-06-04,2009,2,Q2,6,June,Jun,23,4,4,4A9,FALSE
20090605,2009-06-05,2009,2,Q2,6,June,Jun,23,5,5,5A9,FALSE
20090606,2009-06-06,2009,2,Q2,6,June,Jun,23,6,6,6A9,TRUE
20090607,2009-06-07,2009,2,Q2,6,June,Jun,23,7,0,7A9,TRUE
20090608,2009-06-08,2009,2,Q2,6,June,Jun,24,8,1,8A9,FALSE
20090609,2009-06-09,2009,2,Q2,6,June,Jun,24,9,2,9A9,FALSE
20090610,2009-06-10,2009,2,Q2,6,June,Jun,24,10,3,10A9,FALSE
20090611,2009-06-11,2009,2,Q2,6,June,Jun,24,11,4,11A9,FALSE
20090612,2009-06-12,2009,2,Q2,6,June,Jun,24,12,5,12A9,FALSE
20090613,2009-06-13,2009,2,Q2,6,June,Jun,24,13,6,13A9,TRUE
20090614,2009-06-14,2009,2,Q2,6,June,Jun,24,14,0,14A9,TRUE
20090615,2009-06-15,2009,2,Q2,6,June,Jun,25,15,1,15A9,FALSE
20090616,2009-06-16,2009,2,Q2,6,June,Jun,25,16,2,16A9,FALSE
20090617,2009-06-17,2009,2,Q2,6,June,Jun,25,17,3,17A9,FALSE
20090618,2009-06-18,2009,2,Q2,6,June,Jun,25,18,4,18A9,FALSE
20090619,2009-06-19,2009,2,Q2,6,June,Jun,25,19,5,19A9,FALSE
20090620,2009-06-20,2009,2,Q2,6,June,Jun,25,20,6,20A9,TRUE
20090621,2009-06-21,2009,2,Q2,6,June,Jun,25,21,0,21A9,TRUE
20090622,2009-06-22,2009,2,Q2,6,June,Jun,26,22,1,22A9,FALSE
20090623,2009-06-23,2009,2,Q2,6,June,Jun,26,23,2,23A9,FALSE
20090624,2009-06-24,2009,2,Q2,6,June,Jun,26,24,3,24A9,FALSE
20090625,2009-06-25,2009,2,Q2,6,June,Jun,26,25,4,25A9,FALSE
20090626,2009-06-26,2009,2,Q2,6,June,Jun,26,26,5,26A9,FALSE
20090627,2009-06-27,2009,2,Q2,6,June,Jun,26,27,6,27A9,TRUE
20090628,2009-06-28,2009,2,Q2,6,June,Jun,26,28,0,28A9,TRUE
20090629,2009-06-29,2009,2,Q2,6,June,Jun,27,29,1,29A9,FALSE
20090630,2009-06-30,2009,2,Q2,6,June,Jun,27,30,2,30A9,FALSE
20090701,2009-07-01,2009,3,Q3,7,July,Jul,27,1,3,1A9,FALSE
20090702,2009-07-02,2009,3,Q3,7,July,Jul,27,2,4,2A9,FALSE
20090703,2009-07-03,2009,3,Q3,7,July,Jul,27,3,5,3A9,FALSE
20090704,2009-07-04,2009,3,Q3,7,July,Jul,27,4,6,4A9,TRUE
20090705,2009-07-05,2009,3,Q3,7,July,Jul,27,5,0,5A9,TRUE
20090706,2009-07-06,2009,3,Q3,7,July,Jul,28,6,1,6A9,FALSE
20090707,2009-07-07,2009,3,Q3,7,July,Jul,28,7,2,7A9,FALSE
20090708,2009-07-08,2009,3,Q3,7,July,Jul,28,8,3,8A9,FALSE
20090709,2009-07-09,2009,3,Q3,7,July,Jul,28,9,4,9A9,FALSE
20090710,2009-07-10,2009,3,Q3,7,July,Jul,28,10,5,10A9,FALSE
20090711,2009-07-11,2009,3,Q3,7,July,Jul,28,11,6,11A9,TRUE
20090712,2009-07-12,2009,3,Q3,7,July,Jul,28,12,0,12A9,TRUE
20090713,2009-07-13,2009,3,Q3,7,July,Jul,29,13,1,13A9,FALSE
20090714,2009-07-14,2009,3,Q3,7,July,Jul,29,14,2,14A9,FALSE
20090715,2009-07-15,2009,3,Q3,7,July,Jul,29,15,3,15A9,FALSE
20090716,2009-07-16,2009,3,Q3,7,July,Jul,29,16,4,16A9,FALSE
20090717,2009-07-17,2009,3,Q3,7,July,Jul,29,17,5,17A9,FALSE
20090718,2009-07-18,2009,3,Q3,7,July,Jul,29,18,6,18A9,TRUE
20090719,2009-07-19,2009,3,Q3,7,July,Jul,29,19,0,19A9,TRUE
20090720,2009-07-20,2009,3,Q3,7,July,Jul,30,20,1,20A9,FALSE
20090721,2009-07-21,2009,3,Q3,7,July,Jul,30,21,2,21A9,FALSE
20090722,2009-07-22,2009,3,Q3,7,July,Jul,30,22,3,22A9,FALSE
20090723,2009-07-23,2009,3,Q3,7,July,Jul,30,23,4,23A9,FALSE
20090724,2009-07-24,2009,3,Q3,7,July,Jul,30,24,5,24A9,FALSE
20090725,2009-07-25,2009,3,Q3,7,July,Jul,30,25,6,25A9,TRUE
20090726,2009-07-26,2009,3,Q3,7,July,Jul,30,26,0,26A9,TRUE
20090727,2009-07-27,2009,3,Q3,7,July,Jul,31,27,1,27A9,FALSE
20090728,2009-07-28,2009,3,Q3,7,July,Jul,31,28,2,28A9,FALSE
20090729,2009-07-29,2009,3,Q3,7,July,Jul,31,29,3,29A9,FALSE
20090730,2009-07-30,2009,3,Q3,7,July,Jul,31,30,4,30A9,FALSE
20090731,2009-07-31,2009,3,Q3,7,July,Jul,31,31,5,31A9,FALSE
20090801,2009-08-01,2009,3,Q3,8,August,Aug,31,1,6,1A9,TRUE
20090802,2009-08-02,2009,3,Q3,8,August,Aug,31,2,0,2A9,TRUE
20090803,2009-08-03,2009,3,Q3,8,August,Aug,32,3,1,3A9,FALSE
20090804,2009-08-04,2009,3,Q3,8,August,Aug,32,4,2,4A9,FALSE
20090805,2009-08-05,2009,3,Q3,8,August,Aug,32,5,3,5A9,FALSE
20090806,2009-08-06,2009,3,Q3,8,August,Aug,32,6,4,6A9,FALSE
20090807,2009-08-07,2009,3,Q3,8,August,Aug,32,7,5,7A9,FALSE
20090808,2009-08-08,2009,3,Q3,8,August,Aug,32,8,6,8A9,TRUE
20090809,2009-08-09,2009,3,Q3,8,August,Aug,32,9,0,9A9,TRUE
20090810,2009-08-10,2009,3,Q3,8,August,Aug,33,10,1,10A9,FALSE
20090811,2009-08-11,2009,3,Q3,8,August,Aug,33,11,2,11A9,FALSE
20090812,2009-08-12,2009,3,Q3,8,August,Aug,33,12,3,12A9,FALSE
20090813,2009-08-13,2009,3,Q3,8,August,Aug,33,13,4,13A9,FALSE
20090814,2009-08-14,2009,3,Q3,8,August,Aug,33,14,5,14A9,FALSE
20090815,2009-08-15,2009,3,Q3,8,August,Aug,33,15,6,15A9,TRUE
20090816,2009-08-16,2009,3,Q3,8,August,Aug,33,16,0,16A9,TRUE
20090817,2009-08-17,2009,3,Q3,8,August,Aug,34,17,1,17A9,FALSE
20090818,2009-08-18,2009,3,Q3,8,August,Aug,34,18,2,18A9,FALSE
20090819,2009-08-19,2009,3,Q3,8,August,Aug,34,19,3,19A9,FALSE
20090820,2009-08-20,2009,3,Q3,8,August,Aug,34,20,4,20A9,FALSE
20090821,2009-08-21,2009,3,Q3,8,August,Aug,34,21,5,21A9,FALSE
20090822,2009-08-22,2009,3,Q3,8,August,Aug,34,22,6,22A9,TRUE
20090823,2009-08-23,2009,3,Q3,8,August,Aug,34,23,0,23A9,TRUE
20090824,2009-08-24,2009,3,Q3,8,August,Aug,35,24,1,24A9,FALSE
20090825,2009-08-25,2009,3,Q3,8,August,Aug,35,25,2,25A9,FALSE
20090826,2009-08-26,2009,3,Q3,8,August,Aug,35,26,3,26A9,FALSE
20090827,2009-08-27,2009,3,Q3,8,August,Aug,35,27,4,27A9,FALSE
20090828,2009-08-28,2009,3,Q3,8,August,Aug,35,28,5,28A9,FALSE
20090829,2009-08-29,2009,3,Q3,8,August,Aug,35,29,6,29A9,TRUE
20090830,2009-08-30,2009,3,Q3,8,August,Aug,35,30,0,30A9,TRUE
20090831,2009-08-31,2009,3,Q3,8,August,Aug,36,31,1,31A9,FALSE
20090901,2009-09-01,2009,3,Q3,9,September,Sep,36,1,2,1A9,FALSE
20090902,2009-09-02,2009,3,Q3,9,September,Sep,36,2,3,2A9,FALSE
20090903,2009-09-03,2009,3,Q3,9,September,Sep,36,3,4,3A9,FALSE
20090904,2009-09-04,2009,3,Q3,9,September,Sep,36,4,5,4A9,FALSE
20090905,2009-09-05,2009,3,Q3,9,September,Sep,36,5,6,5A9,TRUE
20090906,2009-09-06,2009,3,Q3,9,September,Sep,36,6,0,6A9,TRUE
20090907,2009-09-07,2009,3,Q3,9,September,Sep,37,7,1,7A9,FALSE
20090908,2009-09-08,2009,3,Q3,9,September,Sep,37,8,2,8A9,FALSE
20090909,2009-09-09,2009,3,Q3,9,September,Sep,37,9,3,9A9,FALSE
20090910,2009-09-10,2009,3,Q3,9,September,Sep,37,10,4,10A9,FALSE
20090911,2009-09-11,2009,3,Q3,9,September,Sep,37,11,5,11A9,FALSE
20090912,2009-09-12,2009,3,Q3,9,September,Sep,37,12,6,12A9,TRUE
20090913,2009-09-13,2009,3,Q3,9,September,Sep,37,13,0,13A9,TRUE
20090914,2009-09-14,2009,3,Q3,9,September,Sep,38,14,1,14A9,FALSE
20090915,2009-09-15,2009,3,Q3,9,September,Sep,38,15,2,15A9,FALSE
20090916,2009-09-16,2009,3,Q3,9,September,Sep,38,16,3,16A9,FALSE
20090917,2009-09-17,2009,3,Q3,9,September,Sep,38,17,4,17A9,FALSE
20090918,2009-09-18,2009,3,Q3,9,September,Sep,38,18,5,18A9,FALSE
20090919,2009-09-19,2009,3,Q3,9,September,Sep,38,19,6,19A9,TRUE
20090920,2009-09-20,2009,3,Q3,9,September,Sep,38,20,0,20A9,TRUE
20090921,2009-09-21,2009,3,Q3,9,September,Sep,39,21,1,21A9,FALSE
20090922,2009-09-22,2009,3,Q3,9,September,Sep,39,22,2,22A9,FALSE
20090923,2009-09-23,2009,3,Q3,9,September,Sep,39,23,3,23A9,FALSE
20090924,2009-09-24,2009,3,Q3,9,September,Sep,39,24,4,24A9,FALSE
20090925,2009-09-25,2009,3,Q3,9,September,Sep,39,25,5,25A9,FALSE
20090926,2009-09-26,2009,3,Q3,9,September,Sep,39,26,6,26A9,TRUE
20090927,2009-09-27,2009,3,Q3,9,September,Sep,39,27,0,27A9,TRUE
20090928,2009-09-28,2009,3,Q3,9,September,Sep,40,28,1,28A9,FALSE
20090929,2009-09-29,2009,3,Q3,9,September,Sep,40,29,2,29A9,FALSE
20090930,2009-09-30,2009,3,Q3,9,September,Sep,40,30,3,30A9,FALSE
20091001,2009-10-01,2009,4,Q4,10,October,Oct,40,1,4,1A9,FALSE
20091002,2009-10-02,2009,4,Q4,10,October,Oct,40,2,5,2A9,FALSE
20091003,2009-10-03,2009,4,Q4,10,October,Oct,40,3,6,3A9,TRUE
20091004,2009-10-04,2009,4,Q4,10,October,Oct,40,4,0,4A9,TRUE
20091005,2009-10-05,2009,4,Q4,10,October,Oct,41,5,1,5A9,FALSE
20091006,2009-10-06,2009,4,Q4,10,October,Oct,41,6,2,6A9,FALSE
20091007,2009-10-07,2009,4,Q4,10,October,Oct,41,7,3,7A9,FALSE
20091008,2009-10-08,2009,4,Q4,10,October,Oct,41,8,4,8A9,FALSE
20091009,2009-10-09,2009,4,Q4,10,October,Oct,41,9,5,9A9,FALSE
20091010,2009-10-10,2009,4,Q4,10,October,Oct,41,10,6,10A9,TRUE
20091011,2009-10-11,2009,4,Q4,10,October,Oct,41,11,0,11A9,TRUE
20091012,2009-10-12,2009,4,Q4,10,October,Oct,42,12,1,12A9,FALSE
20091013,2009-10-13,2009,4,Q4,10,October,Oct,42,13,2,13A9,FALSE
20091014,2009-10-14,2009,4,Q4,10,October,Oct,42,14,3,14A9,FALSE
20091015,2009-10-15,2009,4,Q4,10,October,Oct,42,15,4,15A9,FALSE
20091016,2009-10-16,2009,4,Q4,10,October,Oct,42,16,5,16A9,FALSE
20091017,2009-10-17,2009,4,Q4,10,October,Oct,42,17,6,17A9,TRUE
20091018,2009-10-18,2009,4,Q4,10,October,Oct,42,18,0,18A9,TRUE
20091019,2009-10-19,2009,4,Q4,10,October,Oct,43,19,1,19A9,FALSE
20091020,2009-10-20,2009,4,Q4,10,October,Oct,43,20,2,20A9,FALSE
20091021,2009-10-21,2009,4,Q4,10,October,Oct,43,21,3,21A9,FALSE
20091022,2009-10-22,2009,4,Q4,10,October,Oct,43,22,4,22A9,FALSE
20091023,2009-10-23,2009,4,Q4,10,October,Oct,43,23,5,23A9,FALSE
20091024,2009-10-24,2009,4,Q4,10,October,Oct,43,24,6,24A9,TRUE
20091025,2009-10-25,2009,4,Q4,10,October,Oct,43,25,0,25A9,TRUE
20091026,2009-10-26,2009,4,Q4,10,October,Oct,44,26,1,26A9,FALSE
20091027,2009-10-27,2009,4,Q4,10,October,Oct,44,27,2,27A9,FALSE
20091028,2009-10-28,2009,4,Q4,10,October,Oct,44,28,3,28A9,FALSE
20091029,2009-10-29,2009,4,Q4,10,October,Oct,44,29,4,29A9,FALSE
20091030,2009-10-30,2009,4,Q4,10,October,Oct,44,30,5,30A9,FALSE
20091031,2009-10-31,2009,4,Q4,10,October,Oct,44,31,6,31A9,TRUE
20091101,2009-11-01,2009,4,Q4,11,November,Nov,44,1,0,1A9,TRUE
20091102,2009-11-02,2009,4,Q4,11,November,Nov,45,2,1,2A9,FALSE
20091103,2009-11-03,2009,4,Q4,11,November,Nov,45,3,2,3A9,FALSE
20091104,2009-11-04,2009,4,Q4,11,November,Nov,45,4,3,4A9,FALSE
20091105,2009-11-05,2009,4,Q4,11,November,Nov,45,5,4,5A9,FALSE
20091106,2009-11-06,2009,4,Q4,11,November,Nov,45,6,5,6A9,FALSE
20091107,2009-11-07,2009,4,Q4,11,November,Nov,45,7,6,7A9,TRUE
20091108,2009-11-08,2009,4,Q4,11,November,Nov,45,8,0,8A9,TRUE
20091109,2009-11-09,2009,4,Q4,11,November,Nov,46,9,1,9A9,FALSE
20091110,2009-11-10,2009,4,Q4,11,November,Nov,46,10,2,10A9,FALSE
20091111,2009-11-11,2009,4,Q4,11,November,Nov,46,11,3,11A9,FALSE
20091112,2009-11-12,2009,4,Q4,11,November,Nov,46,12,4,12A9,FALSE
20091113,2009-11-13,2009,4,Q4,11,November,Nov,46,13,5,13A9,FALSE
20091114,2009-11-14,2009,4,Q4,11,November,Nov,46,14,6,14A9,TRUE
20091115,2009-11-15,2009,4,Q4,11,November,Nov,46,15,0,15A9,TRUE
20091116,2009-11-16,2009,4,Q4,11,November,Nov,47,16,1,16A9,FALSE
20091117,2009-11-17,2009,4,Q4,11,November,Nov,47,17,2,17A9,FALSE
20091118,2009-11-18,2009,4,Q4,11,November,Nov,47,18,3,18A9,FALSE
20091119,2009-11-19,2009,4,Q4,11,November,Nov,47,19,4,19A9,FALSE
20091120,2009-11-20,2009,4,Q4,11,November,Nov,47,20,5,20A9,FALSE
20091121,2009-11-21,2009,4,Q4,11,November,Nov,47,21,6,21A9,TRUE
20091122,2009-11-22,2009,4,Q4,11,November,Nov,47,22,0,22A9,TRUE
20091123,2009-11-23,2009,4,Q4,11,November,Nov,48,23,1,23A9,FALSE
20091124,2009-11-24,2009,4,Q4,11,November,Nov,48,24,2,24A9,FALSE
20091125,2009-11-25,2009,4,Q4,11,November,Nov,48,25,3,25A9,FALSE
20091126,2009-11-26,2009,4,Q4,11,November,Nov,48,26,4,26A9,FALSE
20091127,2009-11-27,2009,4,Q4,11,November,Nov,48,27,5,27A9,FALSE
20091128,2009-11-28,2009,4,Q4,11,November,Nov,48,28,6,28A9,TRUE
20091129,2009-11-29,2009,4,Q4,11,November,Nov,48,29,0,29A9,TRUE
20091130,2009-11-30,2009,4,Q4,11,November,Nov,49,30,1,30A9,FALSE
20091201,2009-12-01,2009,4,Q4,12,December,Dec,49,1,2,1A9,FALSE
20091202,2009-12-02,2009,4,Q4,12,December,Dec,49,2,3,2A9,FALSE
20091203,2009-12-03,2009,4,Q4,12,December,Dec,49,3,4,3A9,FALSE
20091204,2009-12-04,2009,4,Q4,12,December,Dec,49,4,5,4A9,FALSE
20091205,2009-12-05,2009,4,Q4,12,December,Dec,49,5,6,5A9,TRUE
20091206,2009-12-06,2009,4,Q4,12,December,Dec,49,6,0,6A9,TRUE
20091207,2009-12-07,2009,4,Q4,12,December,Dec,50,7,1,7A9,FALSE
20091208,2009-12-08,2009,4,Q4,12,December,Dec,50,8,2,8A9,FALSE
20091209,2009-12-09,2009,4,Q4,12,December,Dec,50,9,3,9A9,FALSE
20091210,2009-12-10,2009,4,Q4,12,December,Dec,50,10,4,10A9,FALSE
20091211,2009-12-11,2009,4,Q4,12,December,Dec,50,11,5,11A9,FALSE
20091212,2009-12-12,2009,4,Q4,12,December,Dec,50,12,6,12A9,TRUE
20091213,2009-12-13,2009,4,Q4,12,December,Dec,50,13,0,13A9,TRUE
20091214,2009-12-14,2009,4,Q4,12,December,Dec,51,14,1,14A9,FALSE
20091215,2009-12-15,2009,4,Q4,12,December,Dec,51,15,2,15A9,FALSE
20091216,2009-12-16,2009,4,Q4,12,December,Dec,51,16,3,16A9,FALSE
20091217,2009-12-17,2009,4,Q4,12,December,Dec,51,17,4,17A9,FALSE
20091218,2009-12-18,2009,4,Q4,12,December,Dec,51,18,5,18A9,FALSE
20091219,2009-12-19,2009,4,Q4,12,December,Dec,51,19,6,19A9,TRUE
20091220,2009-12-20,2009,4,Q4,12,December,Dec,51,20,0,20A9,TRUE
20091221,2009-12-21,2009,4,Q4,12,December,Dec,52,21,1,21A9,FALSE
20091222,2009-12-22,2009,4,Q4,12,December,Dec,52,22,2,22A9,FALSE
20091223,2009-12-23,2009,4,Q4,12,December,Dec,52,23,3,23A9,FALSE
20091224,2009-12-24,2009,4,Q4,12,December,Dec,52,24,4,24A9,FALSE
20091225,2009-12-25,2009,4,Q4,12,December,Dec,52,25,5,25A9,FALSE
20091226,2009-12-26,2009,4,Q4,12,December,Dec,52,26,6,26A9,TRUE
20091227,2009-12-27,2009,4,Q4,12,December,Dec,52,27,0,27A9,TRUE
20091228,2009-12-28,2009,4,Q4,12,December,Dec,53,28,1,28A9,FALSE
20091229,2009-12-29,2009,4,Q4,12,December,Dec,53,29,2,29A9,FALSE
20091230,2009-12-30,2009,4,Q4,12,December,Dec,53,30,3,30A9,FALSE
20091231,2009-12-31,2009,4,Q4,12,December,Dec,53,31,4,31A9,FALSE
20100101,2010-01-01,2010,1,Q1,1,January,Jan,53,1,5,1A10,FALSE
20100102,2010-01-02,2010,1,Q1,1,January,Jan,53,2,6,2A10,TRUE
20100103,2010-01-03,2010,1,Q1,1,January,Jan,53,3,0,3A10,TRUE
20100104,2010-01-04,2010,1,Q1,1,January,Jan,1,4,1,4A10,FALSE
20100105,2010-01-05,2010,1,Q1,1,January,Jan,1,5,2,5A10,FALSE
20100106,2010-01-06,2010,1,Q1,1,January,Jan,1,6,3,6A10,FALSE
20100107,2010-01-07,2010,1,Q1,1,January,Jan,1,7,4,7A10,FALSE
20100108,2010-01-08,2010,1,Q1,1,January,Jan,1,8,5,8A10,FALSE
20100109,2010-01-09,2010,1,Q1,1,January,Jan,1,9,6,9A10,TRUE
20100110,2010-01-10,2010,1,Q1,1,January,Jan,1,10,0,10A10,TRUE
20100111,2010-01-11,2010,1,Q1,1,January,Jan,2,11,1,11A10,FALSE
20100112,2010-01-12,2010,1,Q1,1,January,Jan,2,12,2,12A10,FALSE
20100113,2010-01-13,2010,1,Q1,1,January,Jan,2,13,3,13A10,FALSE
20100114,2010-01-14,2010,1,Q1,1,January,Jan,2,14,4,14A10,FALSE
20100115,2010-01-15,2010,1,Q1,1,January,Jan,2,15,5,15A10,FALSE
20100116,2010-01-16,2010,1,Q1,1,January,Jan,2,16,6,16A10,TRUE
20100117,2010-01-17,2010,1,Q1,1,January,Jan,2,17,0,17A10,TRUE
20100118,2010-01-18,2010,1,Q1,1,January,Jan,3,18,1,18A10,FALSE
20100119,2010-01-19,2010,1,Q1,1,January,Jan,3,19,2,19A10,FALSE
20100120,2010-01-20,2010,1,Q1,1,January,Jan,3,20,3,20A10,FALSE
20100121,2010-01-21,2010,1,Q1,1,January,Jan,3,21,4,21A10,FALSE
20100122,2010-01-22,2010,1,Q1,1,January,Jan,3,22,5,22A10,FALSE
20100123,2010-01-23,2010,1,Q1,1,January,Jan,3,23,6,23A10,TRUE
20100124,2010-01-24,2010,1,Q1,1,January,Jan,3,24,0,24A10,TRUE
20100125,2010-01-25,2010,1,Q1,1,January,Jan,4,25,1,25A10,FALSE
20100126,2010-01-26,2010,1,Q1,1,January,Jan,4,26,2,26A10,FALSE
20100127,2010-01-27,2010,1,Q1,1,January,Jan,4,27,3,27A10,FALSE
20100128,2010-01-28,2010,1,Q1,1,January,Jan,4,28,4,28A10,FALSE
20100129,2010-01-29,2010,1,Q1,1,January,Jan,4,29,5,29A10,FALSE
20100130,2010-01-30,2010,1,Q1,1,January,Jan,4,30,6,30A10,TRUE
20100131,2010-01-31,2010,1,Q1,1,January,Jan,4,31,0,31A10,TRUE
20100201,2010-02-01,2010,1,Q1,2,February,Feb,5,1,1,1A10,FALSE
20100202,2010-02-02,2010,1,Q1,2,February,Feb,5,2,2,2A10,FALSE
20100203,2010-02-03,2010,1,Q1,2,February,Feb,5,3,3,3A10,FALSE
20100204,2010-02-04,2010,1,Q1,2,February,Feb,5,4,4,4A10,FALSE
20100205,2010-02-05,2010,1,Q1,2,February,Feb,5,5,5,5A10,FALSE
20100206,2010-02-06,2010,1,Q1,2,February,Feb,5,6,6,6A10,TRUE
20100207,2010-02-07,2010,1,Q1,2,February,Feb,5,7,0,7A10,TRUE
20100208,2010-02-08,2010,1,Q1,2,February,Feb,6,8,1,8A10,FALSE
20100209,2010-02-09,2010,1,Q1,2,February,Feb,6,9,2,9A10,FALSE
20100210,2010-02-10,2010,1,Q1,2,February,Feb,6,10,3,10A10,FALSE
20100211,2010-02-11,2010,1,Q1,2,February,Feb,6,11,4,11A10,FALSE
20100212,2010-02-12,2010,1,Q1,2,February,Feb,6,12,5,12A10,FALSE
20100213,2010-02-13,2010,1,Q1,2,February,Feb,6,13,6,13A10,TRUE
20100214,2010-02-14,2010,1,Q1,2,February,Feb,6,14,0,14A10,TRUE
20100215,2010-02-15,2010,1,Q1,2,February,Feb,7,15,1,15A10,FALSE
20100216,2010-02-16,2010,1,Q1,2,February,Feb,7,16,2,16A10,FALSE
20100217,2010-02-17,2010,1,Q1,2,February,Feb,7,17,3,17A10,FALSE
20100218,2010-02-18,2010,1,Q1,2,February,Feb,7,18,4,18A10,FALSE
20100219,2010-02-19,2010,1,Q1,2,February,Feb,7,19,5,19A10,FALSE
20100220,2010-02-20,2010,1,Q1,2,February,Feb,7,20,6,20A10,TRUE
20100221,2010-02-21,2010,1,Q1,2,February,Feb,7,21,0,21A10,TRUE
20100222,2010-02-22,2010,1,Q1,2,February,Feb,8,22,1,22A10,FALSE
20100223,2010-02-23,2010,1,Q1,2,February,Feb,8,23,2,23A10,FALSE
20100224,2010-02-24,2010,1,Q1,2,February,Feb,8,24,3,24A10,FALSE
20100225,2010-02-25,2010,1,Q1,2,February,Feb,8,25,4,25A10,FALSE
20100226,2010-02-26,2010,1,Q1,2,February,Feb,8,26,5,26A10,FALSE
20100227,2010-02-27,2010,1,Q1,2,February,Feb,8,27,6,27A10,TRUE
20100228,2010-02-28,2010,1,Q1,2,February,Feb,8,28,0,28A10,TRUE
20100301,2010-03-01,2010,1,Q1,3,March,Mar,9,1,1,1A10,FALSE
20100302,2010-03-02,2010,1,Q1,3,March,Mar,9,2,2,2A10,FALSE
20100303,2010-03-03,2010,1,Q1,3,March,Mar,9,3,3,3A10,FALSE
20100304,2010-03-04,2010,1,Q1,3,March,Mar,9,4,4,4A10,FALSE
20100305,2010-03-05,2010,1,Q1,3,March,Mar,9,5,5,5A10,FALSE
20100306,2010-03-06,2010,1,Q1,3,March,Mar,9,6,6,6A10,TRUE
20100307,2010-03-07,2010,1,Q1,3,March,Mar,9,7,0,7A10,TRUE
20100308,2010-03-08,2010,1,Q1,3,March,Mar,10,8,1,8A10,FALSE
20100309,2010-03-09,2010,1,Q1,3,March,Mar,10,9,2,9A10,FALSE
20100310,2010-03-10,2010,1,Q1,3,March,Mar,10,10,3,10A10,FALSE
20100311,2010-03-11,2010,1,Q1,3,March,Mar,10,11,4,11A10,FALSE
20100312,2010-03-12,2010,1,Q1,3,March,Mar,10,12,5,12A10,FALSE
20100313,2010-03-13,2010,1,Q1,3,March,Mar,10,13,6,13A10,TRUE
20100314,2010-03-14,2010,1,Q1,3,March,Mar,10,14,0,14A10,TRUE
20100315,2010-03-15,2010,1,Q1,3,March,Mar,11,15,1,15A10,FALSE
20100316,2010-03-16,2010,1,Q1,3,March,Mar,11,16,2,16A10,FALSE
20100317,2010-03-17,2010,1,Q1,3,March,Mar,11,17,3,17A10,FALSE
20100318,2010-03-18,2010,1,Q1,3,March,Mar,11,18,4,18A10,FALSE
20100319,2010-03-19,2010,1,Q1,3,March,Mar,11,19,5,19A10,FALSE
20100320,2010-03-20,2010,1,Q1,3,March,Mar,11,20,6,20A10,TRUE
20100321,2010-03-21,2010,1,Q1,3,March,Mar,11,21,0,21A10,TRUE
20100322,2010-03-22,2010,1,Q1,3,March,Mar,12,22,1,22A10,FALSE
20100323,2010-03-23,2010,1,Q1,3,March,Mar,12,23,2,23A10,FALSE
20100324,2010-03-24,2010,1,Q1,3,March,Mar,12,24,3,24A10,FALSE
20100325,2010-03-25,2010,1,Q1,3,March,Mar,12,25,4,25A10,FALSE
20100326,2010-03-26,2010,1,Q1,3,March,Mar,12,26,5,26A10,FALSE
20100327,2010-03-27,2010,1,Q1,3,March,Mar,12,27,6,27A10,TRUE
20100328,2010-03-28,2010,1,Q1,3,March,Mar,12,28,0,28A10,TRUE
20100329,2010-03-29,2010,1,Q1,3,March,Mar,13,29,1,29A10,FALSE
20100330,2010-03-30,2010,1,Q1,3,March,Mar,13,30,2,30A10,FALSE
20100331,2010-03-31,2010,1,Q1,3,March,Mar,13,31,3,31A10,FALSE
20100401,2010-04-01,2010,2,Q2,4,April,Apr,13,1,4,1A10,FALSE
20100402,2010-04-02,2010,2,Q2,4,April,Apr,13,2,5,2A10,FALSE
20100403,2010-04-03,2010,2,Q2,4,April,Apr,13,3,6,3A10,TRUE
20100404,2010-04-04,2010,2,Q2,4,April,Apr,13,4,0,4A10,TRUE
20100405,2010-04-05,2010,2,Q2,4,April,Apr,14,5,1,5A10,FALSE
20100406,2010-04-06,2010,2,Q2,4,April,Apr,14,6,2,6A10,FALSE
20100407,2010-04-07,2010,2,Q2,4,April,Apr,14,7,3,7A10,FALSE
20100408,2010-04-08,2010,2,Q2,4,April,Apr,14,8,4,8A10,FALSE
20100409,2010-04-09,2010,2,Q2,4,April,Apr,14,9,5,9A10,FALSE
20100410,2010-04-10,2010,2,Q2,4,April,Apr,14,10,6,10A10,TRUE
20100411,2010-04-11,2010,2,Q2,4,April,Apr,14,11,0,11A10,TRUE
20100412,2010-04-12,2010,2,Q2,4,April,Apr,15,12,1,12A10,FALSE
20100413,2010-04-13,2010,2,Q2,4,April,Apr,15,13,2,13A10,FALSE
20100414,2010-04-14,2010,2,Q2,4,April,Apr,15,14,3,14A10,FALSE
20100415,2010-04-15,2010,2,Q2,4,April,Apr,15,15,4,15A10,FALSE
20100416,2010-04-16,2010,2,Q2,4,April,Apr,15,16,5,16A10,FALSE
20100417,2010-04-17,2010,2,Q2,4,April,Apr,15,17,6,17A10,TRUE
20100418,2010-04-18,2010,2,Q2,4,April,Apr,15,18,0,18A10,TRUE
20100419,2010-04-19,2010,2,Q2,4,April,Apr,16,19,1,19A10,FALSE
20100420,2010-04-20,2010,2,Q2,4,April,Apr,16,20,2,20A10,FALSE
20100421,2010-04-21,2010,2,Q2,4,April,Apr,16,21,3,21A10,FALSE
20100422,2010-04-22,2010,2,Q2,4,April,Apr,16,22,4,22A10,FALSE
20100423,2010-04-23,2010,2,Q2,4,April,Apr,16,23,5,23A10,FALSE
20100424,2010-04-24,2010,2,Q2,4,April,Apr,16,24,6,24A10,TRUE
20100425,2010-04-25,2010,2,Q2,4,April,Apr,16,25,0,25A10,TRUE
20100426,2010-04-26,2010,2,Q2,4,April,Apr,17,26,1,26A10,FALSE
20100427,2010-04-27,2010,2,Q2,4,April,Apr,17,27,2,27A10,FALSE
20100428,2010-04-28,2010,2,Q2,4,April,Apr,17,28,3,28A10,FALSE
20100429,2010-04-29,2010,2,Q2,4,April,Apr,17,29,4,29A10,FALSE
20100430,2010-04-30,2010,2,Q2,4,April,Apr,17,30,5,30A10,FALSE
20100501,2010-05-01,2010,2,Q2,5,May,May,17,1,6,1A10,TRUE
20100502,2010-05-02,2010,2,Q2,5,May,May,17,2,0,2A10,TRUE
20100503,2010-05-03,2010,2,Q2,5,May,May,18,3,1,3A10,FALSE
20100504,2010-05-04,2010,2,Q2,5,May,May,18,4,2,4A10,FALSE
20100505,2010-05-05,2010,2,Q2,5,May,May,18,5,3,5A10,FALSE
20100506,2010-05-06,2010,2,Q2,5,May,May,18,6,4,6A10,FALSE
20100507,2010-05-07,2010,2,Q2,5,May,May,18,7,5,7A10,FALSE
20100508,2010-05-08,2010,2,Q2,5,May,May,18,8,6,8A10,TRUE
20100509,2010-05-09,2010,2,Q2,5,May,May,18,9,0,9A10,TRUE
20100510,2010-05-10,2010,2,Q2,5,May,May,19,10,1,10A10,FALSE
20100511,2010-05-11,2010,2,Q2,5,May,May,19,11,2,11A10,FALSE
20100512,2010-05-12,2010,2,Q2,5,May,May,19,12,3,12A10,FALSE
20100513,2010-05-13,2010,2,Q2,5,May,May,19,13,4,13A10,FALSE
20100514,2010-05-14,2010,2,Q2,5,May,May,19,14,5,14A10,FALSE
20100515,2010-05-15,2010,2,Q2,5,May,May,19,15,6,15A10,TRUE
20100516,2010-05-16,2010,2,Q2,5,May,May,19,16,0,16A10,TRUE
20100517,2010-05-17,2010,2,Q2,5,May,May,20,17,1,17A10,FALSE
20100518,2010-05-18,2010,2,Q2,5,May,May,20,18,2,18A10,FALSE
20100519,2010-05-19,2010,2,Q2,5,May,May,20,19,3,19A10,FALSE
20100520,2010-05-20,2010,2,Q2,5,May,May,20,20,4,20A10,FALSE
20100521,2010-05-21,2010,2,Q2,5,May,May,20,21,5,21A10,FALSE
20100522,2010-05-22,2010,2,Q2,5,May,May,20,22,6,22A10,TRUE
20100523,2010-05-23,2010,2,Q2,5,May,May,20,23,0,23A10,TRUE
20100524,2010-05-24,2010,2,Q2,5,May,May,21,24,1,24A10,FALSE
20100525,2010-05-25,2010,2,Q2,5,May,May,21,25,2,25A10,FALSE
20100526,2010-05-26,2010,2,Q2,5,May,May,21,26,3,26A10,FALSE
20100527,2010-05-27,2010,2,Q2,5,May,May,21,27,4,27A10,FALSE
20100528,2010-05-28,2010,2,Q2,5,May,May,21,28,5,28A10,FALSE
20100529,2010-05-29,2010,2,Q2,5,May,May,21,29,6,29A10,TRUE
20100530,2010-05-30,2010,2,Q2,5,May,May,21,30,0,30A10,TRUE
20100531,2010-05-31,2010,2,Q2,5,May,May,22,31,1,31A10,FALSE
20100601,2010-06-01,2010,2,Q2,6,June,Jun,22,1,2,1A10,FALSE
20100602,2010-06-02,2010,2,Q2,6,June,Jun,22,2,3,2A10,FALSE
20100603,2010-06-03,2010,2,Q2,6,June,Jun,22,3,4,3A10,FALSE
20100604,2010-06-04,2010,2,Q2,6,June,Jun,22,4,5,4A10,FALSE
20100605,2010-06-05,2010,2,Q2,6,June,Jun,22,5,6,5A10,TRUE
20100606,2010-06-06,2010,2,Q2,6,June,Jun,22,6,0,6A10,TRUE
20100607,2010-06-07,2010,2,Q2,6,June,Jun,23,7,1,7A10,FALSE
20100608,2010-06-08,2010,2,Q2,6,June,Jun,23,8,2,8A10,FALSE
20100609,2010-06-09,2010,2,Q2,6,June,Jun,23,9,3,9A10,FALSE
20100610,2010-06-10,2010,2,Q2,6,June,Jun,23,10,4,10A10,FALSE
20100611,2010-06-11,2010,2,Q2,6,June,Jun,23,11,5,11A10,FALSE
20100612,2010-06-12,2010,2,Q2,6,June,Jun,23,12,6,12A10,TRUE
20100613,2010-06-13,2010,2,Q2,6,June,Jun,23,13,0,13A10,TRUE
20100614,2010-06-14,2010,2,Q2,6,June,Jun,24,14,1,14A10,FALSE
20100615,2010-06-15,2010,2,Q2,6,June,Jun,24,15,2,15A10,FALSE
20100616,2010-06-16,2010,2,Q2,6,June,Jun,24,16,3,16A10,FALSE
20100617,2010-06-17,2010,2,Q2,6,June,Jun,24,17,4,17A10,FALSE
20100618,2010-06-18,2010,2,Q2,6,June,Jun,24,18,5,18A10,FALSE
20100619,2010-06-19,2010,2,Q2,6,June,Jun,24,19,6,19A10,TRUE
20100620,2010-06-20,2010,2,Q2,6,June,Jun,24,20,0,20A10,TRUE
20100621,2010-06-21,2010,2,Q2,6,June,Jun,25,21,1,21A10,FALSE
20100622,2010-06-22,2010,2,Q2,6,June,Jun,25,22,2,22A10,FALSE
20100623,2010-06-23,2010,2,Q2,6,June,Jun,25,23,3,23A10,FALSE
20100624,2010-06-24,2010,2,Q2,6,June,Jun,25,24,4,24A10,FALSE
20100625,2010-06-25,2010,2,Q2,6,June,Jun,25,25,5,25A10,FALSE
20100626,2010-06-26,2010,2,Q2,6,June,Jun,25,26,6,26A10,TRUE
20100627,2010-06-27,2010,2,Q2,6,June,Jun,25,27,0,27A10,TRUE
20100628,2010-06-28,2010,2,Q2,6,June,Jun,26,28,1,28A10,FALSE
20100629,2010-06-29,2010,2,Q2,6,June,Jun,26,29,2,29A10,FALSE
20100630,2010-06-30,2010,2,Q2,6,June,Jun,26,30,3,30A10,FALSE
20100701,2010-07-01,2010,3,Q3,7,July,Jul,26,1,4,1A10,FALSE
20100702,2010-07-02,2010,3,Q3,7,July,Jul,26,2,5,2A10,FALSE
20100703,2010-07-03,2010,3,Q3,7,July,Jul,26,3,6,3A10,TRUE
20100704,2010-07-04,2010,3,Q3,7,July,Jul,26,4,0,4A10,TRUE
20100705,2010-07-05,2010,3,Q3,7,July,Jul,27,5,1,5A10,FALSE
20100706,2010-07-06,2010,3,Q3,7,July,Jul,27,6,2,6A10,FALSE
20100707,2010-07-07,2010,3,Q3,7,July,Jul,27,7,3,7A10,FALSE
20100708,2010-07-08,2010,3,Q3,7,July,Jul,27,8,4,8A10,FALSE
20100709,2010-07-09,2010,3,Q3,7,July,Jul,27,9,5,9A10,FALSE
20100710,2010-07-10,2010,3,Q3,7,July,Jul,27,10,6,10A10,TRUE
20100711,2010-07-11,2010,3,Q3,7,July,Jul,27,11,0,11A10,TRUE
20100712,2010-07-12,2010,3,Q3,7,July,Jul,28,12,1,12A10,FALSE
20100713,2010-07-13,2010,3,Q3,7,July,Jul,28,13,2,13A10,FALSE
20100714,2010-07-14,2010,3,Q3,7,July,Jul,28,14,3,14A10,FALSE
20100715,2010-07-15,2010,3,Q3,7,July,Jul,28,15,4,15A10,FALSE
20100716,2010-07-16,2010,3,Q3,7,July,Jul,28,16,5,16A10,FALSE
20100717,2010-07-17,2010,3,Q3,7,July,Jul,28,17,6,17A10,TRUE
20100718,2010-07-18,2010,3,Q3,7,July,Jul,28,18,0,18A10,TRUE
20100719,2010-07-19,2010,3,Q3,7,July,Jul,29,19,1,19A10,FALSE
20100720,2010-07-20,2010,3,Q3,7,July,Jul,29,20,2,20A10,FALSE
20100721,2010-07-21,2010,3,Q3,7,July,Jul,29,21,3,21A10,FALSE
20100722,2010-07-22,2010,3,Q3,7,July,Jul,29,22,4,22A10,FALSE
20100723,2010-07-23,2010,3,Q3,7,July,Jul,29,23,5,23A10,FALSE
20100724,2010-07-24,2010,3,Q3,7,July,Jul,29,24,6,24A10,TRUE
20100725,2010-07-25,2010,3,Q3,7,July,Jul,29,25,0,25A10,TRUE
20100726,2010-07-26,2010,3,Q3,7,July,Jul,30,26,1,26A10,FALSE
20100727,2010-07-27,2010,3,Q3,7,July,Jul,30,27,2,27A10,FALSE
20100728,2010-07-28,2010,3,Q3,7,July,Jul,30,28,3,28A10,FALSE
20100729,2010-07-29,2010,3,Q3,7,July,Jul,30,29,4,29A10,FALSE
20100730,2010-07-30,2010,3,Q3,7,July,Jul,30,30,5,30A10,FALSE
20100731,2010-07-31,2010,3,Q3,7,July,Jul,30,31,6,31A10,TRUE
20100801,2010-08-01,2010,3,Q3,8,August,Aug,30,1,0,1A10,TRUE
20100802,2010-08-02,2010,3,Q3,8,August,Aug,31,2,1,2A10,FALSE
20100803,2010-08-03,2010,3,Q3,8,August,Aug,31,3,2,3A10,FALSE
20100804,2010-08-04,2010,3,Q3,8,August,Aug,31,4,3,4A10,FALSE
20100805,2010-08-05,2010,3,Q3,8,August,Aug,31,5,4,5A10,FALSE
20100806,2010-08-06,2010,3,Q3,8,August,Aug,31,6,5,6A10,FALSE
20100807,2010-08-07,2010,3,Q3,8,August,Aug,31,7,6,7A10,TRUE
20100808,2010-08-08,2010,3,Q3,8,August,Aug,31,8,0,8A10,TRUE
20100809,2010-08-09,2010,3,Q3,8,August,Aug,32,9,1,9A10,FALSE
20100810,2010-08-10,2010,3,Q3,8,August,Aug,32,10,2,10A10,FALSE
20100811,2010-08-11,2010,3,Q3,8,August,Aug,32,11,3,11A10,FALSE
20100812,2010-08-12,2010,3,Q3,8,August,Aug,32,12,4,12A10,FALSE
20100813,2010-08-13,2010,3,Q3,8,August,Aug,32,13,5,13A10,FALSE
20100814,2010-08-14,2010,3,Q3,8,August,Aug,32,14,6,14A10,TRUE
20100815,2010-08-15,2010,3,Q3,8,August,Aug,32,15,0,15A10,TRUE
20100816,2010-08-16,2010,3,Q3,8,August,Aug,33,16,1,16A10,FALSE
20100817,2010-08-17,2010,3,Q3,8,August,Aug,33,17,2,17A10,FALSE
20100818,2010-08-18,2010,3,Q3,8,August,Aug,33,18,3,18A10,FALSE
20100819,2010-08-19,2010,3,Q3,8,August,Aug,33,19,4,19A10,FALSE
20100820,2010-08-20,2010,3,Q3,8,August,Aug,33,20,5,20A10,FALSE
20100821,2010-08-21,2010,3,Q3,8,August,Aug,33,21,6,21A10,TRUE
20100822,2010-08-22,2010,3,Q3,8,August,Aug,33,22,0,22A10,TRUE
20100823,2010-08-23,2010,3,Q3,8,August,Aug,34,23,1,23A10,FALSE
20100824,2010-08-24,2010,3,Q3,8,August,Aug,34,24,2,24A10,FALSE
20100825,2010-08-25,2010,3,Q3,8,August,Aug,34,25,3,25A10,FALSE
20100826,2010-08-26,2010,3,Q3,8,August,Aug,34,26,4,26A10,FALSE
20100827,2010-08-27,2010,3,Q3,8,August,Aug,34,27,5,27A10,FALSE
20100828,2010-08-28,2010,3,Q3,8,August,Aug,34,28,6,28A10,TRUE
20100829,2010-08-29,2010,3,Q3,8,August,Aug,34,29,0,29A10,TRUE
20100830,2010-08-30,2010,3,Q3,8,August,Aug,35,30,1,30A10,FALSE
20100831,2010-08-31,2010,3,Q3,8,August,Aug,35,31,2,31A10,FALSE
20100901,2010-09-01,2010,3,Q3,9,September,Sep,35,1,3,1A10,FALSE
20100902,2010-09-02,2010,3,Q3,9,September,Sep,35,2,4,2A10,FALSE
20100903,2010-09-03,2010,3,Q3,9,September,Sep,35,3,5,3A10,FALSE
20100904,2010-09-04,2010,3,Q3,9,September,Sep,35,4,6,4A10,TRUE
20100905,2010-09-05,2010,3,Q3,9,September,Sep,35,5,0,5A10,TRUE
20100906,2010-09-06,2010,3,Q3,9,September,Sep,36,6,1,6A10,FALSE
20100907,2010-09-07,2010,3,Q3,9,September,Sep,36,7,2,7A10,FALSE
20100908,2010-09-08,2010,3,Q3,9,September,Sep,36,8,3,8A10,FALSE
20100909,2010-09-09,2010,3,Q3,9,September,Sep,36,9,4,9A10,FALSE
20100910,2010-09-10,2010,3,Q3,9,September,Sep,36,10,5,10A10,FALSE
20100911,2010-09-11,2010,3,Q3,9,September,Sep,36,11,6,11A10,TRUE
20100912,2010-09-12,2010,3,Q3,9,September,Sep,36,12,0,12A10,TRUE
20100913,2010-09-13,2010,3,Q3,9,September,Sep,37,13,1,13A10,FALSE
20100914,2010-09-14,2010,3,Q3,9,September,Sep,37,14,2,14A10,FALSE
20100915,2010-09-15,2010,3,Q3,9,September,Sep,37,15,3,15A10,FALSE
20100916,2010-09-16,2010,3,Q3,9,September,Sep,37,16,4,16A10,FALSE
20100917,2010-09-17,2010,3,Q3,9,September,Sep,37,17,5,17A10,FALSE
20100918,2010-09-18,2010,3,Q3,9,September,Sep,37,18,6,18A10,TRUE
20100919,2010-09-19,2010,3,Q3,9,September,Sep,37,19,0,19A10,TRUE
20100920,2010-09-20,2010,3,Q3,9,September,Sep,38,20,1,20A10,FALSE
20100921,2010-09-21,2010,3,Q3,9,September,Sep,38,21,2,21A10,FALSE
20100922,2010-09-22,2010,3,Q3,9,September,Sep,38,22,3,22A10,FALSE
20100923,2010-09-23,2010,3,Q3,9,September,Sep,38,23,4,23A10,FALSE
20100924,2010-09-24,2010,3,Q3,9,September,Sep,38,24,5,24A10,FALSE
20100925,2010-09-25,2010,3,Q3,9,September,Sep,38,25,6,25A10,TRUE
20100926,2010-09-26,2010,3,Q3,9,September,Sep,38,26,0,26A10,TRUE
20100927,2010-09-27,2010,3,Q3,9,September,Sep,39,27,1,27A10,FALSE
20100928,2010-09-28,2010,3,Q3,9,September,Sep,39,28,2,28A10,FALSE
20100929,2010-09-29,2010,3,Q3,9,September,Sep,39,29,3,29A10,FALSE
20100930,2010-09-30,2010,3,Q3,9,September,Sep,39,30,4,30A10,FALSE
20101001,2010-10-01,2010,4,Q4,10,October,Oct,39,1,5,1A10,FALSE
20101002,2010-10-02,2010,4,Q4,10,October,Oct,39,2,6,2A10,TRUE
20101003,2010-10-03,2010,4,Q4,10,October,Oct,39,3,0,3A10,TRUE
20101004,2010-10-04,2010,4,Q4,10,October,Oct,40,4,1,4A10,FALSE
20101005,2010-10-05,2010,4,Q4,10,October,Oct,40,5,2,5A10,FALSE
20101006,2010-10-06,2010,4,Q4,10,October,Oct,40,6,3,6A10,FALSE
20101007,2010-10-07,2010,4,Q4,10,October,Oct,40,7,4,7A10,FALSE
20101008,2010-10-08,2010,4,Q4,10,October,Oct,40,8,5,8A10,FALSE
20101009,2010-10-09,2010,4,Q4,10,October,Oct,40,9,6,9A10,TRUE
20101010,2010-10-10,2010,4,Q4,10,October,Oct,40,10,0,10A10,TRUE
20101011,2010-10-11,2010,4,Q4,10,October,Oct,41,11,1,11A10,FALSE
20101012,2010-10-12,2010,4,Q4,10,October,Oct,41,12,2,12A10,FALSE
20101013,2010-10-13,2010,4,Q4,10,October,Oct,41,13,3,13A10,FALSE
20101014,2010-10-14,2010,4,Q4,10,October,Oct,41,14,4,14A10,FALSE
20101015,2010-10-15,2010,4,Q4,10,October,Oct,41,15,5,15A10,FALSE
20101016,2010-10-16,2010,4,Q4,10,October,Oct,41,16,6,16A10,TRUE
20101017,2010-10-17,2010,4,Q4,10,October,Oct,41,17,0,17A10,TRUE
20101018,2010-10-18,2010,4,Q4,10,October,Oct,42,18,1,18A10,FALSE
20101019,2010-10-19,2010,4,Q4,10,October,Oct,42,19,2,19A10,FALSE
20101020,2010-10-20,2010,4,Q4,10,October,Oct,42,20,3,20A10,FALSE
20101021,2010-10-21,2010,4,Q4,10,October,Oct,42,21,4,21A10,FALSE
20101022,2010-10-22,2010,4,Q4,10,October,Oct,42,22,5,22A10,FALSE
20101023,2010-10-23,2010,4,Q4,10,October,Oct,42,23,6,23A10,TRUE
20101024,2010-10-24,2010,4,Q4,10,October,Oct,42,24,0,24A10,TRUE
20101025,2010-10-25,2010,4,Q4,10,October,Oct,43,25,1,25A10,FALSE
20101026,2010-10-26,2010,4,Q4,10,October,Oct,43,26,2,26A10,FALSE
20101027,2010-10-27,2010,4,Q4,10,October,Oct,43,27,3,27A10,FALSE
20101028,2010-10-28,2010,4,Q4,10,October,Oct,43,28,4,28A10,FALSE
20101029,2010-10-29,2010,4,Q4,10,October,Oct,43,29,5,29A10,FALSE
20101030,2010-10-30,2010,4,Q4,10,October,Oct,43,30,6,30A10,TRUE
20101031,2010-10-31,2010,4,Q4,10,October,Oct,43,31,0,31A10,TRUE
20101101,2010-11-01,2010,4,Q4,11,November,Nov,44,1,1,1A10,FALSE
20101102,2010-11-02,2010,4,Q4,11,November,Nov,44,2,2,2A10,FALSE
20101103,2010-11-03,2010,4,Q4,11,November,Nov,44,3,3,3A10,FALSE
20101104,2010-11-04,2010,4,Q4,11,November,Nov,44,4,4,4A10,FALSE
20101105,2010-11-05,2010,4,Q4,11,November,Nov,44,5,5,5A10,FALSE
20101106,2010-11-06,2010,4,Q4,11,November,Nov,44,6,6,6A10,TRUE
20101107,2010-11-07,2010,4,Q4,11,November,Nov,44,7,0,7A10,TRUE
20101108,2010-11-08,2010,4,Q4,11,November,Nov,45,8,1,8A10,FALSE
20101109,2010-11-09,2010,4,Q4,11,November,Nov,45,9,2,9A10,FALSE
20101110,2010-11-10,2010,4,Q4,11,November,Nov,45,10,3,10A10,FALSE
20101111,2010-11-11,2010,4,Q4,11,November,Nov,45,11,4,11A10,FALSE
20101112,2010-11-12,2010,4,Q4,11,November,Nov,45,12,5,12A10,FALSE
20101113,2010-11-13,2010,4,Q4,11,November,Nov,45,13,6,13A10,TRUE
20101114,2010-11-14,2010,4,Q4,11,November,Nov,45,14,0,14A10,TRUE
20101115,2010-11-15,2010,4,Q4,11,November,Nov,46,15,1,15A10,FALSE
20101116,2010-11-16,2010,4,Q4,11,November,Nov,46,16,2,16A10,FALSE
20101117,2010-11-17,2010,4,Q4,11,November,Nov,46,17,3,17A10,FALSE
20101118,2010-11-18,2010,4,Q4,11,November,Nov,46,18,4,18A10,FALSE
20101119,2010-11-19,2010,4,Q4,11,November,Nov,46,19,5,19A10,FALSE
20101120,2010-11-20,2010,4,Q4,11,November,Nov,46,20,6,20A10,TRUE
20101121,2010-11-21,2010,4,Q4,11,November,Nov,46,21,0,21A10,TRUE
20101122,2010-11-22,2010,4,Q4,11,November,Nov,47,22,1,22A10,FALSE
20101123,2010-11-23,2010,4,Q4,11,November,Nov,47,23,2,23A10,FALSE
20101124,2010-11-24,2010,4,Q4,11,November,Nov,47,24,3,24A10,FALSE
20101125,2010-11-25,2010,4,Q4,11,November,Nov,47,25,4,25A10,FALSE
20101126,2010-11-26,2010,4,Q4,11,November,Nov,47,26,5,26A10,FALSE
20101127,2010-11-27,2010,4,Q4,11,November,Nov,47,27,6,27A10,TRUE
20101128,2010-11-28,2010,4,Q4,11,November,Nov,47,28,0,28A10,TRUE
20101129,2010-11-29,2010,4,Q4,11,November,Nov,48,29,1,29A10,FALSE
20101130,2010-11-30,2010,4,Q4,11,November,Nov,48,30,2,30A10,FALSE
20101201,2010-12-01,2010,4,Q4,12,December,Dec,48,1,3,1A10,FALSE
20101202,2010-12-02,2010,4,Q4,12,December,Dec,48,2,4,2A10,FALSE
20101203,2010-12-03,2010,4,Q4,12,December,Dec,48,3,5,3A10,FALSE
20101204,2010-12-04,2010,4,Q4,12,December,Dec,48,4,6,4A10,TRUE
20101205,2010-12-05,2010,4,Q4,12,December,Dec,48,5,0,5A10,TRUE
20101206,2010-12-06,2010,4,Q4,12,December,Dec,49,6,1,6A10,FALSE
20101207,2010-12-07,2010,4,Q4,12,December,Dec,49,7,2,7A10,FALSE
20101208,2010-12-08,2010,4,Q4,12,December,Dec,49,8,3,8A10,FALSE
20101209,2010-12-09,2010,4,Q4,12,December,Dec,49,9,4,9A10,FALSE
20101210,2010-12-10,2010,4,Q4,12,December,Dec,49,10,5,10A10,FALSE
20101211,2010-12-11,2010,4,Q4,12,December,Dec,49,11,6,11A10,TRUE
20101212,2010-12-12,2010,4,Q4,12,December,Dec,49,12,0,12A10,TRUE
20101213,2010-12-13,2010,4,Q4,12,December,Dec,50,13,1,13A10,FALSE
20101214,2010-12-14,2010,4,Q4,12,December,Dec,50,14,2,14A10,FALSE
20101215,2010-12-15,2010,4,Q4,12,December,Dec,50,15,3,15A10,FALSE
20101216,2010-12-16,2010,4,Q4,12,December,Dec,50,16,4,16A10,FALSE
20101217,2010-12-17,2010,4,Q4,12,December,Dec,50,17,5,17A10,FALSE
20101218,2010-12-18,2010,4,Q4,12,December,Dec,50,18,6,18A10,TRUE
20101219,2010-12-19,2010,4,Q4,12,December,Dec,50,19,0,19A10,TRUE
20101220,2010-12-20,2010,4,Q4,12,December,Dec,51,20,1,20A10,FALSE
20101221,2010-12-21,2010,4,Q4,12,December,Dec,51,21,2,21A10,FALSE
20101222,2010-12-22,2010,4,Q4,12,December,Dec,51,22,3,22A10,FALSE
20101223,2010-12-23,2010,4,Q4,12,December,Dec,51,23,4,23A10,FALSE
20101224,2010-12-24,2010,4,Q4,12,December,Dec,51,24,5,24A10,FALSE
20101225,2010-12-25,2010,4,Q4,12,December,Dec,51,25,6,25A10,TRUE
20101226,2010-12-26,2010,4,Q4,12,December,Dec,51,26,0,26A10,TRUE
20101227,2010-12-27,2010,4,Q4,12,December,Dec,52,27,1,27A10,FALSE
20101228,2010-12-28,2010,4,Q4,12,December,Dec,52,28,2,28A10,FALSE
20101229,2010-12-29,2010,4,Q4,12,December,Dec,52,29,3,29A10,FALSE
20101230,2010-12-30,2010,4,Q4,12,December,Dec,52,30,4,30A10,FALSE
20101231,2010-12-31,2010,4,Q4,12,December,Dec,52,31,5,31A10,FALSE
20110101,2011-01-01,2011,1,Q1,1,January,Jan,52,1,6,1A11,TRUE
20110102,2011-01-02,2011,1,Q1,1,January,Jan,52,2,0,2A11,TRUE
20110103,2011-01-03,2011,1,Q1,1,January,Jan,1,3,1,3A11,FALSE
20110104,2011-01-04,2011,1,Q1,1,January,Jan,1,4,2,4A11,FALSE
20110105,2011-01-05,2011,1,Q1,1,January,Jan,1,5,3,5A11,FALSE
20110106,2011-01-06,2011,1,Q1,1,January,Jan,1,6,4,6A11,FALSE
20110107,2011-01-07,2011,1,Q1,1,January,Jan,1,7,5,7A11,FALSE
20110108,2011-01-08,2011,1,Q1,1,January,Jan,1,8,6,8A11,TRUE
20110109,2011-01-09,2011,1,Q1,1,January,Jan,1,9,0,9A11,TRUE
20110110,2011-01-10,2011,1,Q1,1,January,Jan,2,10,1,10A11,FALSE
20110111,2011-01-11,2011,1,Q1,1,January,Jan,2,11,2,11A11,FALSE
20110112,2011-01-12,2011,1,Q1,1,January,Jan,2,12,3,12A11,FALSE
20110113,2011-01-13,2011,1,Q1,1,January,Jan,2,13,4,13A11,FALSE
20110114,2011-01-14,2011,1,Q1,1,January,Jan,2,14,5,14A11,FALSE
20110115,2011-01-15,2011,1,Q1,1,January,Jan,2,15,6,15A11,TRUE
20110116,2011-01-16,2011,1,Q1,1,January,Jan,2,16,0,16A11,TRUE
20110117,2011-01-17,2011,1,Q1,1,January,Jan,3,17,1,17A11,FALSE
20110118,2011-01-18,2011,1,Q1,1,January,Jan,3,18,2,18A11,FALSE
20110119,2011-01-19,2011,1,Q1,1,January,Jan,3,19,3,19A11,FALSE
20110120,2011-01-20,2011,1,Q1,1,January,Jan,3,20,4,20A11,FALSE
20110121,2011-01-21,2011,1,Q1,1,January,Jan,3,21,5,21A11,FALSE
20110122,2011-01-22,2011,1,Q1,1,January,Jan,3,22,6,22A11,TRUE
20110123,2011-01-23,2011,1,Q1,1,January,Jan,3,23,0,23A11,TRUE
20110124,2011-01-24,2011,1,Q1,1,January,Jan,4,24,1,24A11,FALSE
20110125,2011-01-25,2011,1,Q1,1,January,Jan,4,25,2,25A11,FALSE
20110126,2011-01-26,2011,1,Q1,1,January,Jan,4,26,3,26A11,FALSE
20110127,2011-01-27,2011,1,Q1,1,January,Jan,4,27,4,27A11,FALSE
20110128,2011-01-28,2011,1,Q1,1,January,Jan,4,28,5,28A11,FALSE
20110129,2011-01-29,2011,1,Q1,1,January,Jan,4,29,6,29A11,TRUE
20110130,2011-01-30,2011,1,Q1,1,January,Jan,4,30,0,30A11,TRUE
20110131,2011-01-31,2011,1,Q1,1,January,Jan,5,31,1,31A11,FALSE
20110201,2011-02-01,2011,1,Q1,2,February,Feb,5,1,2,1A11,FALSE
20110202,2011-02-02,2011,1,Q1,2,February,Feb,5,2,3,2A11,FALSE
20110203,2011-02-03,2011,1,Q1,2,February,Feb,5,3,4,3A11,FALSE
20110204,2011-02-04,2011,1,Q1,2,February,Feb,5,4,5,4A11,FALSE
20110205,2011-02-05,2011,1,Q1,2,February,Feb,5,5,6,5A11,TRUE
20110206,2011-02-06,2011,1,Q1,2,February,Feb,5,6,0,6A11,TRUE
20110207,2011-02-07,2011,1,Q1,2,February,Feb,6,7,1,7A11,FALSE
20110208,2011-02-08,2011,1,Q1,2,February,Feb,6,8,2,8A11,FALSE
20110209,2011-02-09,2011,1,Q1,2,February,Feb,6,9,3,9A11,FALSE
20110210,2011-02-10,2011,1,Q1,2,February,Feb,6,10,4,10A11,FALSE
20110211,2011-02-11,2011,1,Q1,2,February,Feb,6,11,5,11A11,FALSE
20110212,2011-02-12,2011,1,Q1,2,February,Feb,6,12,6,12A11,TRUE
20110213,2011-02-13,2011,1,Q1,2,February,Feb,6,13,0,13A11,TRUE
20110214,2011-02-14,2011,1,Q1,2,February,Feb,7,14,1,14A11,FALSE
20110215,2011-02-15,2011,1,Q1,2,February,Feb,7,15,2,15A11,FALSE
20110216,2011-02-16,2011,1,Q1,2,February,Feb,7,16,3,16A11,FALSE
20110217,2011-02-17,2011,1,Q1,2,February,Feb,7,17,4,17A11,FALSE
20110218,2011-02-18,2011,1,Q1,2,February,Feb,7,18,5,18A11,FALSE
20110219,2011-02-19,2011,1,Q1,2,February,Feb,7,19,6,19A11,TRUE
20110220,2011-02-20,2011,1,Q1,2,February,Feb,7,20,0,20A11,TRUE
20110221,2011-02-21,2011,1,Q1,2,February,Feb,8,21,1,21A11,FALSE
20110222,2011-02-22,2011,1,Q1,2,February,Feb,8,22,2,22A11,FALSE
20110223,2011-02-23,2011,1,Q1,2,February,Feb,8,23,3,23A11,FALSE
20110224,2011-02-24,2011,1,Q1,2,February,Feb,8,24,4,24A11,FALSE
20110225,2011-02-25,2011,1,Q1,2,February,Feb,8,25,5,25A11,FALSE
20110226,2011-02-26,2011,1,Q1,2,February,Feb,8,26,6,26A11,TRUE
20110227,2011-02-27,2011,1,Q1,2,February,Feb,8,27,0,27A11,TRUE
20110228,2011-02-28,2011,1,Q1,2,February,Feb,9,28,1,28A11,FALSE
20110301,2011-03-01,2011,1,Q1,3,March,Mar,9,1,2,1A11,FALSE
20110302,2011-03-02,2011,1,Q1,3,March,Mar,9,2,3,2A11,FALSE
20110303,2011-03-03,2011,1,Q1,3,March,Mar,9,3,4,3A11,FALSE
20110304,2011-03-04,2011,1,Q1,3,March,Mar,9,4,5,4A11,FALSE
20110305,2011-03-05,2011,1,Q1,3,March,Mar,9,5,6,5A11,TRUE
20110306,2011-03-06,2011,1,Q1,3,March,Mar,9,6,0,6A11,TRUE
20110307,2011-03-07,2011,1,Q1,3,March,Mar,10,7,1,7A11,FALSE
20110308,2011-03-08,2011,1,Q1,3,March,Mar,10,8,2,8A11,FALSE
20110309,2011-03-09,2011,1,Q1,3,March,Mar,10,9,3,9A11,FALSE
20110310,2011-03-10,2011,1,Q1,3,March,Mar,10,10,4,10A11,FALSE
20110311,2011-03-11,2011,1,Q1,3,March,Mar,10,11,5,11A11,FALSE
20110312,2011-03-12,2011,1,Q1,3,March,Mar,10,12,6,12A11,TRUE
20110313,2011-03-13,2011,1,Q1,3,March,Mar,10,13,0,13A11,TRUE
20110314,2011-03-14,2011,1,Q1,3,March,Mar,11,14,1,14A11,FALSE
20110315,2011-03-15,2011,1,Q1,3,March,Mar,11,15,2,15A11,FALSE
20110316,2011-03-16,2011,1,Q1,3,March,Mar,11,16,3,16A11,FALSE
20110317,2011-03-17,2011,1,Q1,3,March,Mar,11,17,4,17A11,FALSE
20110318,2011-03-18,2011,1,Q1,3,March,Mar,11,18,5,18A11,FALSE
20110319,2011-03-19,2011,1,Q1,3,March,Mar,11,19,6,19A11,TRUE
20110320,2011-03-20,2011,1,Q1,3,March,Mar,11,20,0,20A11,TRUE
20110321,2011-03-21,2011,1,Q1,3,March,Mar,12,21,1,21A11,FALSE
20110322,2011-03-22,2011,1,Q1,3,March,Mar,12,22,2,22A11,FALSE
20110323,2011-03-23,2011,1,Q1,3,March,Mar,12,23,3,23A11,FALSE
20110324,2011-03-24,2011,1,Q1,3,March,Mar,12,24,4,24A11,FALSE
20110325,2011-03-25,2011,1,Q1,3,March,Mar,12,25,5,25A11,FALSE
20110326,2011-03-26,2011,1,Q1,3,March,Mar,12,26,6,26A11,TRUE
20110327,2011-03-27,2011,1,Q1,3,March,Mar,12,27,0,27A11,TRUE
20110328,2011-03-28,2011,1,Q1,3,March,Mar,13,28,1,28A11,FALSE
20110329,2011-03-29,2011,1,Q1,3,March,Mar,13,29,2,29A11,FALSE
20110330,2011-03-30,2011,1,Q1,3,March,Mar,13,30,3,30A11,FALSE
20110331,2011-03-31,2011,1,Q1,3,March,Mar,13,31,4,31A11,FALSE
20110401,2011-04-01,2011,2,Q2,4,April,Apr,13,1,5,1A11,FALSE
20110402,2011-04-02,2011,2,Q2,4,April,Apr,13,2,6,2A11,TRUE
20110403,2011-04-03,2011,2,Q2,4,April,Apr,13,3,0,3A11,TRUE
20110404,2011-04-04,2011,2,Q2,4,April,Apr,14,4,1,4A11,FALSE
20110405,2011-04-05,2011,2,Q2,4,April,Apr,14,5,2,5A11,FALSE
20110406,2011-04-06,2011,2,Q2,4,April,Apr,14,6,3,6A11,FALSE
20110407,2011-04-07,2011,2,Q2,4,April,Apr,14,7,4,7A11,FALSE
20110408,2011-04-08,2011,2,Q2,4,April,Apr,14,8,5,8A11,FALSE
20110409,2011-04-09,2011,2,Q2,4,April,Apr,14,9,6,9A11,TRUE
20110410,2011-04-10,2011,2,Q2,4,April,Apr,14,10,0,10A11,TRUE
20110411,2011-04-11,2011,2,Q2,4,April,Apr,15,11,1,11A11,FALSE
20110412,2011-04-12,2011,2,Q2,4,April,Apr,15,12,2,12A11,FALSE
20110413,2011-04-13,2011,2,Q2,4,April,Apr,15,13,3,13A11,FALSE
20110414,2011-04-14,2011,2,Q2,4,April,Apr,15,14,4,14A11,FALSE
20110415,2011-04-15,2011,2,Q2,4,April,Apr,15,15,5,15A11,FALSE
20110416,2011-04-16,2011,2,Q2,4,April,Apr,15,16,6,16A11,TRUE
20110417,2011-04-17,2011,2,Q2,4,April,Apr,15,17,0,17A11,TRUE
20110418,2011-04-18,2011,2,Q2,4,April,Apr,16,18,1,18A11,FALSE
20110419,2011-04-19,2011,2,Q2,4,April,Apr,16,19,2,19A11,FALSE
20110420,2011-04-20,2011,2,Q2,4,April,Apr,16,20,3,20A11,FALSE
20110421,2011-04-21,2011,2,Q2,4,April,Apr,16,21,4,21A11,FALSE
20110422,2011-04-22,2011,2,Q2,4,April,Apr,16,22,5,22A11,FALSE
20110423,2011-04-23,2011,2,Q2,4,April,Apr,16,23,6,23A11,TRUE
20110424,2011-04-24,2011,2,Q2,4,April,Apr,16,24,0,24A11,TRUE
20110425,2011-04-25,2011,2,Q2,4,April,Apr,17,25,1,25A11,FALSE
20110426,2011-04-26,2011,2,Q2,4,April,Apr,17,26,2,26A11,FALSE
20110427,2011-04-27,2011,2,Q2,4,April,Apr,17,27,3,27A11,FALSE
20110428,2011-04-28,2011,2,Q2,4,April,Apr,17,28,4,28A11,FALSE
20110429,2011-04-29,2011,2,Q2,4,April,Apr,17,29,5,29A11,FALSE
20110430,2011-04-30,2011,2,Q2,4,April,Apr,17,30,6,30A11,TRUE
20110501,2011-05-01,2011,2,Q2,5,May,May,17,1,0,1A11,TRUE
20110502,2011-05-02,2011,2,Q2,5,May,May,18,2,1,2A11,FALSE
20110503,2011-05-03,2011,2,Q2,5,May,May,18,3,2,3A11,FALSE
20110504,2011-05-04,2011,2,Q2,5,May,May,18,4,3,4A11,FALSE
20110505,2011-05-05,2011,2,Q2,5,May,May,18,5,4,5A11,FALSE
20110506,2011-05-06,2011,2,Q2,5,May,May,18,6,5,6A11,FALSE
20110507,2011-05-07,2011,2,Q2,5,May,May,18,7,6,7A11,TRUE
20110508,2011-05-08,2011,2,Q2,5,May,May,18,8,0,8A11,TRUE
20110509,2011-05-09,2011,2,Q2,5,May,May,19,9,1,9A11,FALSE
20110510,2011-05-10,2011,2,Q2,5,May,May,19,10,2,10A11,FALSE
20110511,2011-05-11,2011,2,Q2,5,May,May,19,11,3,11A11,FALSE
20110512,2011-05-12,2011,2,Q2,5,May,May,19,12,4,12A11,FALSE
20110513,2011-05-13,2011,2,Q2,5,May,May,19,13,5,13A11,FALSE
20110514,2011-05-14,2011,2,Q2,5,May,May,19,14,6,14A11,TRUE
20110515,2011-05-15,2011,2,Q2,5,May,May,19,15,0,15A11,TRUE
20110516,2011-05-16,2011,2,Q2,5,May,May,20,16,1,16A11,FALSE
20110517,2011-05-17,2011,2,Q2,5,May,May,20,17,2,17A11,FALSE
20110518,2011-05-18,2011,2,Q2,5,May,May,20,18,3,18A11,FALSE
20110519,2011-05-19,2011,2,Q2,5,May,May,20,19,4,19A11,FALSE
20110520,2011-05-20,2011,2,Q2,5,May,May,20,20,5,20A11,FALSE
20110521,2011-05-21,2011,2,Q2,5,May,May,20,21,6,21A11,TRUE
20110522,2011-05-22,2011,2,Q2,5,May,May,20,22,0,22A11,TRUE
20110523,2011-05-23,2011,2,Q2,5,May,May,21,23,1,23A11,FALSE
20110524,2011-05-24,2011,2,Q2,5,May,May,21,24,2,24A11,FALSE
20110525,2011-05-25,2011,2,Q2,5,May,May,21,25,3,25A11,FALSE
20110526,2011-05-26,2011,2,Q2,5,May,May,21,26,4,26A11,FALSE
20110527,2011-05-27,2011,2,Q2,5,May,May,21,27,5,27A11,FALSE
20110528,2011-05-28,2011,2,Q2,5,May,May,21,28,6,28A11,TRUE
20110529,2011-05-29,2011,2,Q2,5,May,May,21,29,0,29A11,TRUE
20110530,2011-05-30,2011,2,Q2,5,May,May,22,30,1,30A11,FALSE
20110531,2011-05-31,2011,2,Q2,5,May,May,22,31,2,31A11,FALSE
20110601,2011-06-01,2011,2,Q2,6,June,Jun,22,1,3,1A11,FALSE
20110602,2011-06-02,2011,2,Q2,6,June,Jun,22,2,4,2A11,FALSE
20110603,2011-06-03,2011,2,Q2,6,June,Jun,22,3,5,3A11,FALSE
20110604,2011-06-04,2011,2,Q2,6,June,Jun,22,4,6,4A11,TRUE
20110605,2011-06-05,2011,2,Q2,6,June,Jun,22,5,0,5A11,TRUE
20110606,2011-06-06,2011,2,Q2,6,June,Jun,23,6,1,6A11,FALSE
20110607,2011-06-07,2011,2,Q2,6,June,Jun,23,7,2,7A11,FALSE
20110608,2011-06-08,2011,2,Q2,6,June,Jun,23,8,3,8A11,FALSE
20110609,2011-06-09,2011,2,Q2,6,June,Jun,23,9,4,9A11,FALSE
20110610,2011-06-10,2011,2,Q2,6,June,Jun,23,10,5,10A11,FALSE
20110611,2011-06-11,2011,2,Q2,6,June,Jun,23,11,6,11A11,TRUE
20110612,2011-06-12,2011,2,Q2,6,June,Jun,23,12,0,12A11,TRUE
20110613,2011-06-13,2011,2,Q2,6,June,Jun,24,13,1,13A11,FALSE
20110614,2011-06-14,2011,2,Q2,6,June,Jun,24,14,2,14A11,FALSE
20110615,2011-06-15,2011,2,Q2,6,June,Jun,24,15,3,15A11,FALSE
20110616,2011-06-16,2011,2,Q2,6,June,Jun,24,16,4,16A11,FALSE
20110617,2011-06-17,2011,2,Q2,6,June,Jun,24,17,5,17A11,FALSE
20110618,2011-06-18,2011,2,Q2,6,June,Jun,24,18,6,18A11,TRUE
20110619,2011-06-19,2011,2,Q2,6,June,Jun,24,19,0,19A11,TRUE
20110620,2011-06-20,2011,2,Q2,6,June,Jun,25,20,1,20A11,FALSE
20110621,2011-06-21,2011,2,Q2,6,June,Jun,25,21,2,21A11,FALSE
20110622,2011-06-22,2011,2,Q2,6,June,Jun,25,22,3,22A11,FALSE
20110623,2011-06-23,2011,2,Q2,6,June,Jun,25,23,4,23A11,FALSE
20110624,2011-06-24,2011,2,Q2,6,June,Jun,25,24,5,24A11,FALSE
20110625,2011-06-25,2011,2,Q2,6,June,Jun,25,25,6,25A11,TRUE
20110626,2011-06-26,2011,2,Q2,6,June,Jun,25,26,0,26A11,TRUE
20110627,2011-06-27,2011,2,Q2,6,June,Jun,26,27,1,27A11,FALSE
20110628,2011-06-28,2011,2,Q2,6,June,Jun,26,28,2,28A11,FALSE
20110629,2011-06-29,2011,2,Q2,6,June,Jun,26,29,3,29A11,FALSE
20110630,2011-06-30,2011,2,Q2,6,June,Jun,26,30,4,30A11,FALSE
20110701,2011-07-01,2011,3,Q3,7,July,Jul,26,1,5,1A11,FALSE
20110702,2011-07-02,2011,3,Q3,7,July,Jul,26,2,6,2A11,TRUE
20110703,2011-07-03,2011,3,Q3,7,July,Jul,26,3,0,3A11,TRUE
20110704,2011-07-04,2011,3,Q3,7,July,Jul,27,4,1,4A11,FALSE
20110705,2011-07-05,2011,3,Q3,7,July,Jul,27,5,2,5A11,FALSE
20110706,2011-07-06,2011,3,Q3,7,July,Jul,27,6,3,6A11,FALSE
20110707,2011-07-07,2011,3,Q3,7,July,Jul,27,7,4,7A11,FALSE
20110708,2011-07-08,2011,3,Q3,7,July,Jul,27,8,5,8A11,FALSE
20110709,2011-07-09,2011,3,Q3,7,July,Jul,27,9,6,9A11,TRUE
20110710,2011-07-10,2011,3,Q3,7,July,Jul,27,10,0,10A11,TRUE
20110711,2011-07-11,2011,3,Q3,7,July,Jul,28,11,1,11A11,FALSE
20110712,2011-07-12,2011,3,Q3,7,July,Jul,28,12,2,12A11,FALSE
20110713,2011-07-13,2011,3,Q3,7,July,Jul,28,13,3,13A11,FALSE
20110714,2011-07-14,2011,3,Q3,7,July,Jul,28,14,4,14A11,FALSE
20110715,2011-07-15,2011,3,Q3,7,July,Jul,28,15,5,15A11,FALSE
20110716,2011-07-16,2011,3,Q3,7,July,Jul,28,16,6,16A11,TRUE
20110717,2011-07-17,2011,3,Q3,7,July,Jul,28,17,0,17A11,TRUE
20110718,2011-07-18,2011,3,Q3,7,July,Jul,29,18,1,18A11,FALSE
20110719,2011-07-19,2011,3,Q3,7,July,Jul,29,19,2,19A11,FALSE
20110720,2011-07-20,2011,3,Q3,7,July,Jul,29,20,3,20A11,FALSE
20110721,2011-07-21,2011,3,Q3,7,July,Jul,29,21,4,21A11,FALSE
20110722,2011-07-22,2011,3,Q3,7,July,Jul,29,22,5,22A11,FALSE
20110723,2011-07-23,2011,3,Q3,7,July,Jul,29,23,6,23A11,TRUE
20110724,2011-07-24,2011,3,Q3,7,July,Jul,29,24,0,24A11,TRUE
20110725,2011-07-25,2011,3,Q3,7,July,Jul,30,25,1,25A11,FALSE
20110726,2011-07-26,2011,3,Q3,7,July,Jul,30,26,2,26A11,FALSE
20110727,2011-07-27,2011,3,Q3,7,July,Jul,30,27,3,27A11,FALSE
20110728,2011-07-28,2011,3,Q3,7,July,Jul,30,28,4,28A11,FALSE
20110729,2011-07-29,2011,3,Q3,7,July,Jul,30,29,5,29A11,FALSE
20110730,2011-07-30,2011,3,Q3,7,July,Jul,30,30,6,30A11,TRUE
20110731,2011-07-31,2011,3,Q3,7,July,Jul,30,31,0,31A11,TRUE
20110801,2011-08-01,2011,3,Q3,8,August,Aug,31,1,1,1A11,FALSE
20110802,2011-08-02,2011,3,Q3,8,August,Aug,31,2,2,2A11,FALSE
20110803,2011-08-03,2011,3,Q3,8,August,Aug,31,3,3,3A11,FALSE
20110804,2011-08-04,2011,3,Q3,8,August,Aug,31,4,4,4A11,FALSE
20110805,2011-08-05,2011,3,Q3,8,August,Aug,31,5,5,5A11,FALSE
20110806,2011-08-06,2011,3,Q3,8,August,Aug,31,6,6,6A11,TRUE
20110807,2011-08-07,2011,3,Q3,8,August,Aug,31,7,0,7A11,TRUE
20110808,2011-08-08,2011,3,Q3,8,August,Aug,32,8,1,8A11,FALSE
20110809,2011-08-09,2011,3,Q3,8,August,Aug,32,9,2,9A11,FALSE
20110810,2011-08-10,2011,3,Q3,8,August,Aug,32,10,3,10A11,FALSE
20110811,2011-08-11,2011,3,Q3,8,August,Aug,32,11,4,11A11,FALSE
20110812,2011-08-12,2011,3,Q3,8,August,Aug,32,12,5,12A11,FALSE
20110813,2011-08-13,2011,3,Q3,8,August,Aug,32,13,6,13A11,TRUE
20110814,2011-08-14,2011,3,Q3,8,August,Aug,32,14,0,14A11,TRUE
20110815,2011-08-15,2011,3,Q3,8,August,Aug,33,15,1,15A11,FALSE
20110816,2011-08-16,2011,3,Q3,8,August,Aug,33,16,2,16A11,FALSE
20110817,2011-08-17,2011,3,Q3,8,August,Aug,33,17,3,17A11,FALSE
20110818,2011-08-18,2011,3,Q3,8,August,Aug,33,18,4,18A11,FALSE
20110819,2011-08-19,2011,3,Q3,8,August,Aug,33,19,5,19A11,FALSE
20110820,2011-08-20,2011,3,Q3,8,August,Aug,33,20,6,20A11,TRUE
20110821,2011-08-21,2011,3,Q3,8,August,Aug,33,21,0,21A11,TRUE
20110822,2011-08-22,2011,3,Q3,8,August,Aug,34,22,1,22A11,FALSE
20110823,2011-08-23,2011,3,Q3,8,August,Aug,34,23,2,23A11,FALSE
20110824,2011-08-24,2011,3,Q3,8,August,Aug,34,24,3,24A11,FALSE
20110825,2011-08-25,2011,3,Q3,8,August,Aug,34,25,4,25A11,FALSE
20110826,2011-08-26,2011,3,Q3,8,August,Aug,34,26,5,26A11,FALSE
20110827,2011-08-27,2011,3,Q3,8,August,Aug,34,27,6,27A11,TRUE
20110828,2011-08-28,2011,3,Q3,8,August,Aug,34,28,0,28A11,TRUE
20110829,2011-08-29,2011,3,Q3,8,August,Aug,35,29,1,29A11,FALSE
20110830,2011-08-30,2011,3,Q3,8,August,Aug,35,30,2,30A11,FALSE
20110831,2011-08-31,2011,3,Q3,8,August,Aug,35,31,3,31A11,FALSE
20110901,2011-09-01,2011,3,Q3,9,September,Sep,35,1,4,1A11,FALSE
20110902,2011-09-02,2011,3,Q3,9,September,Sep,35,2,5,2A11,FALSE
20110903,2011-09-03,2011,3,Q3,9,September,Sep,35,3,6,3A11,TRUE
20110904,2011-09-04,2011,3,Q3,9,September,Sep,35,4,0,4A11,TRUE
20110905,2011-09-05,2011,3,Q3,9,September,Sep,36,5,1,5A11,FALSE
20110906,2011-09-06,2011,3,Q3,9,September,Sep,36,6,2,6A11,FALSE
20110907,2011-09-07,2011,3,Q3,9,September,Sep,36,7,3,7A11,FALSE
20110908,2011-09-08,2011,3,Q3,9,September,Sep,36,8,4,8A11,FALSE
20110909,2011-09-09,2011,3,Q3,9,September,Sep,36,9,5,9A11,FALSE
20110910,2011-09-10,2011,3,Q3,9,September,Sep,36,10,6,10A11,TRUE
20110911,2011-09-11,2011,3,Q3,9,September,Sep,36,11,0,11A11,TRUE
20110912,2011-09-12,2011,3,Q3,9,September,Sep,37,12,1,12A11,FALSE
20110913,2011-09-13,2011,3,Q3,9,September,Sep,37,13,2,13A11,FALSE
20110914,2011-09-14,2011,3,Q3,9,September,Sep,37,14,3,14A11,FALSE
20110915,2011-09-15,2011,3,Q3,9,September,Sep,37,15,4,15A11,FALSE
20110916,2011-09-16,2011,3,Q3,9,September,Sep,37,16,5,16A11,FALSE
20110917,2011-09-17,2011,3,Q3,9,September,Sep,37,17,6,17A11,TRUE
20110918,2011-09-18,2011,3,Q3,9,September,Sep,37,18,0,18A11,TRUE
20110919,2011-09-19,2011,3,Q3,9,September,Sep,38,19,1,19A11,FALSE
20110920,2011-09-20,2011,3,Q3,9,September,Sep,38,20,2,20A11,FALSE
20110921,2011-09-21,2011,3,Q3,9,September,Sep,38,21,3,21A11,FALSE
20110922,2011-09-22,2011,3,Q3,9,September,Sep,38,22,4,22A11,FALSE
20110923,2011-09-23,2011,3,Q3,9,September,Sep,38,23,5,23A11,FALSE
20110924,2011-09-24,2011,3,Q3,9,September,Sep,38,24,6,24A11,TRUE
20110925,2011-09-25,2011,3,Q3,9,September,Sep,38,25,0,25A11,TRUE
20110926,2011-09-26,2011,3,Q3,9,September,Sep,39,26,1,26A11,FALSE
20110927,2011-09-27,2011,3,Q3,9,September,Sep,39,27,2,27A11,FALSE
20110928,2011-09-28,2011,3,Q3,9,September,Sep,39,28,3,28A11,FALSE
20110929,2011-09-29,2011,3,Q3,9,September,Sep,39,29,4,29A11,FALSE
20110930,2011-09-30,2011,3,Q3,9,September,Sep,39,30,5,30A11,FALSE
20111001,2011-10-01,2011,4,Q4,10,October,Oct,39,1,6,1A11,TRUE
20111002,2011-10-02,2011,4,Q4,10,October,Oct,39,2,0,2A11,TRUE
20111003,2011-10-03,2011,4,Q4,10,October,Oct,40,3,1,3A11,FALSE
20111004,2011-10-04,2011,4,Q4,10,October,Oct,40,4,2,4A11,FALSE
20111005,2011-10-05,2011,4,Q4,10,October,Oct,40,5,3,5A11,FALSE
20111006,2011-10-06,2011,4,Q4,10,October,Oct,40,6,4,6A11,FALSE
20111007,2011-10-07,2011,4,Q4,10,October,Oct,40,7,5,7A11,FALSE
20111008,2011-10-08,2011,4,Q4,10,October,Oct,40,8,6,8A11,TRUE
20111009,2011-10-09,2011,4,Q4,10,October,Oct,40,9,0,9A11,TRUE
20111010,2011-10-10,2011,4,Q4,10,October,Oct,41,10,1,10A11,FALSE
20111011,2011-10-11,2011,4,Q4,10,October,Oct,41,11,2,11A11,FALSE
20111012,2011-10-12,2011,4,Q4,10,October,Oct,41,12,3,12A11,FALSE
20111013,2011-10-13,2011,4,Q4,10,October,Oct,41,13,4,13A11,FALSE
20111014,2011-10-14,2011,4,Q4,10,October,Oct,41,14,5,14A11,FALSE
20111015,2011-10-15,2011,4,Q4,10,October,Oct,41,15,6,15A11,TRUE
20111016,2011-10-16,2011,4,Q4,10,October,Oct,41,16,0,16A11,TRUE
20111017,2011-10-17,2011,4,Q4,10,October,Oct,42,17,1,17A11,FALSE
20111018,2011-10-18,2011,4,Q4,10,October,Oct,42,18,2,18A11,FALSE
20111019,2011-10-19,2011,4,Q4,10,October,Oct,42,19,3,19A11,FALSE
20111020,2011-10-20,2011,4,Q4,10,October,Oct,42,20,4,20A11,FALSE
20111021,2011-10-21,2011,4,Q4,10,October,Oct,42,21,5,21A11,FALSE
20111022,2011-10-22,2011,4,Q4,10,October,Oct,42,22,6,22A11,TRUE
20111023,2011-10-23,2011,4,Q4,10,October,Oct,42,23,0,23A11,TRUE
20111024,2011-10-24,2011,4,Q4,10,October,Oct,43,24,1,24A11,FALSE
20111025,2011-10-25,2011,4,Q4,10,October,Oct,43,25,2,25A11,FALSE
20111026,2011-10-26,2011,4,Q4,10,October,Oct,43,26,3,26A11,FALSE
20111027,2011-10-27,2011,4,Q4,10,October,Oct,43,27,4,27A11,FALSE
20111028,2011-10-28,2011,4,Q4,10,October,Oct,43,28,5,28A11,FALSE
20111029,2011-10-29,2011,4,Q4,10,October,Oct,43,29,6,29A11,TRUE
20111030,2011-10-30,2011,4,Q4,10,October,Oct,43,30,0,30A11,TRUE
20111031,2011-10-31,2011,4,Q4,10,October,Oct,44,31,1,31A11,FALSE
20111101,2011-11-01,2011,4,Q4,11,November,Nov,44,1,2,1A11,FALSE
20111102,2011-11-02,2011,4,Q4,11,November,Nov,44,2,3,2A11,FALSE
20111103,2011-11-03,2011,4,Q4,11,November,Nov,44,3,4,3A11,FALSE
20111104,2011-11-04,2011,4,Q4,11,November,Nov,44,4,5,4A11,FALSE
20111105,2011-11-05,2011,4,Q4,11,November,Nov,44,5,6,5A11,TRUE
20111106,2011-11-06,2011,4,Q4,11,November,Nov,44,6,0,6A11,TRUE
20111107,2011-11-07,2011,4,Q4,11,November,Nov,45,7,1,7A11,FALSE
20111108,2011-11-08,2011,4,Q4,11,November,Nov,45,8,2,8A11,FALSE
20111109,2011-11-09,2011,4,Q4,11,November,Nov,45,9,3,9A11,FALSE
20111110,2011-11-10,2011,4,Q4,11,November,Nov,45,10,4,10A11,FALSE
20111111,2011-11-11,2011,4,Q4,11,November,Nov,45,11,5,11A11,FALSE
20111112,2011-11-12,2011,4,Q4,11,November,Nov,45,12,6,12A11,TRUE
20111113,2011-11-13,2011,4,Q4,11,November,Nov,45,13,0,13A11,TRUE
20111114,2011-11-14,2011,4,Q4,11,November,Nov,46,14,1,14A11,FALSE
20111115,2011-11-15,2011,4,Q4,11,November,Nov,46,15,2,15A11,FALSE
20111116,2011-11-16,2011,4,Q4,11,November,Nov,46,16,3,16A11,FALSE
20111117,2011-11-17,2011,4,Q4,11,November,Nov,46,17,4,17A11,FALSE
20111118,2011-11-18,2011,4,Q4,11,November,Nov,46,18,5,18A11,FALSE
20111119,2011-11-19,2011,4,Q4,11,November,Nov,46,19,6,19A11,TRUE
20111120,2011-11-20,2011,4,Q4,11,November,Nov,46,20,0,20A11,TRUE
20111121,2011-11-21,2011,4,Q4,11,November,Nov,47,21,1,21A11,FALSE
20111122,2011-11-22,2011,4,Q4,11,November,Nov,47,22,2,22A11,FALSE
20111123,2011-11-23,2011,4,Q4,11,November,Nov,47,23,3,23A11,FALSE
20111124,2011-11-24,2011,4,Q4,11,November,Nov,47,24,4,24A11,FALSE
20111125,2011-11-25,2011,4,Q4,11,November,Nov,47,25,5,25A11,FALSE
20111126,2011-11-26,2011,4,Q4,11,November,Nov,47,26,6,26A11,TRUE
20111127,2011-11-27,2011,4,Q4,11,November,Nov,47,27,0,27A11,TRUE
20111128,2011-11-28,2011,4,Q4,11,November,Nov,48,28,1,28A11,FALSE
20111129,2011-11-29,2011,4,Q4,11,November,Nov,48,29,2,29A11,FALSE
20111130,2011-11-30,2011,4,Q4,11,November,Nov,48,30,3,30A11,FALSE
20111201,2011-12-01,2011,4,Q4,12,December,Dec,48,1,4,1A11,FALSE
20111202,2011-12-02,2011,4,Q4,12,December,Dec,48,2,5,2A11,FALSE
20111203,2011-12-03,2011,4,Q4,12,December,Dec,48,3,6,3A11,TRUE
20111204,2011-12-04,2011,4,Q4,12,December,Dec,48,4,0,4A11,TRUE
20111205,2011-12-05,2011,4,Q4,12,December,Dec,49,5,1,5A11,FALSE
20111206,2011-12-06,2011,4,Q4,12,December,Dec,49,6,2,6A11,FALSE
20111207,2011-12-07,2011,4,Q4,12,December,Dec,49,7,3,7A11,FALSE
20111208,2011-12-08,2011,4,Q4,12,December,Dec,49,8,4,8A11,FALSE
20111209,2011-12-09,2011,4,Q4,12,December,Dec,49,9,5,9A11,FALSE
20111210,2011-12-10,2011,4,Q4,12,December,Dec,49,10,6,10A11,TRUE
20111211,2011-12-11,2011,4,Q4,12,December,Dec,49,11,0,11A11,TRUE
20111212,2011-12-12,2011,4,Q4,12,December,Dec,50,12,1,12A11,FALSE
20111213,2011-12-13,2011,4,Q4,12,December,Dec,50,13,2,13A11,FALSE
20111214,2011-12-14,2011,4,Q4,12,December,Dec,50,14,3,14A11,FALSE
20111215,2011-12-15,2011,4,Q4,12,December,Dec,50,15,4,15A11,FALSE
20111216,2011-12-16,2011,4,Q4,12,December,Dec,50,16,5,16A11,FALSE
20111217,2011-12-17,2011,4,Q4,12,December,Dec,50,17,6,17A11,TRUE
20111218,2011-12-18,2011,4,Q4,12,December,Dec,50,18,0,18A11,TRUE
20111219,2011-12-19,2011,4,Q4,12,December,Dec,51,19,1,19A11,FALSE
20111220,2011-12-20,2011,4,Q4,12,December,Dec,51,20,2,20A11,FALSE
20111221,2011-12-21,2011,4,Q4,12,December,Dec,51,21,3,21A11,FALSE
20111222,2011-12-22,2011,4,Q4,12,December,Dec,51,22,4,22A11,FALSE
20111223,2011-12-23,2011,4,Q4,12,December,Dec,51,23,5,23A11,FALSE
20111224,2011-12-24,2011,4,Q4,12,December,Dec,51,24,6,24A11,TRUE
20111225,2011-12-25,2011,4,Q4,12,December,Dec,51,25,0,25A11,TRUE
20111226,2011-12-26,2011,4,Q4,12,December,Dec,52,26,1,26A11,FALSE
20111227,2011-12-27,2011,4,Q4,12,December,Dec,52,27,2,27A11,FALSE
20111228,2011-12-28,2011,4,Q4,12,December,Dec,52,28,3,28A11,FALSE
20111229,2011-12-29,2011,4,Q4,12,December,Dec,52,29,4,29A11,FALSE
20111230,2011-12-30,2011,4,Q4,12,December,Dec,52,30,5,30A11,FALSE
20111231,2011-12-31,2011,4,Q4,12,December,Dec,52,31,6,31A11,TRUE
20120101,2012-01-01,2012,1,Q1,1,January,Jan,52,1,0,1A12,TRUE
20120102,2012-01-02,2012,1,Q1,1,January,Jan,1,2,1,2A12,FALSE
20120103,2012-01-03,2012,1,Q1,1,January,Jan,1,3,2,3A12,FALSE
20120104,2012-01-04,2012,1,Q1,1,January,Jan,1,4,3,4A12,FALSE
20120105,2012-01-05,2012,1,Q1,1,January,Jan,1,5,4,5A12,FALSE
20120106,2012-01-06,2012,1,Q1,1,January,Jan,1,6,5,6A12,FALSE
20120107,2012-01-07,2012,1,Q1,1,January,Jan,1,7,6,7A12,TRUE
20120108,2012-01-08,2012,1,Q1,1,January,Jan,1,8,0,8A12,TRUE
20120109,2012-01-09,2012,1,Q1,1,January,Jan,2,9,1,9A12,FALSE
20120110,2012-01-10,2012,1,Q1,1,January,Jan,2,10,2,10A12,FALSE
20120111,2012-01-11,2012,1,Q1,1,January,Jan,2,11,3,11A12,FALSE
20120112,2012-01-12,2012,1,Q1,1,January,Jan,2,12,4,12A12,FALSE
20120113,2012-01-13,2012,1,Q1,1,January,Jan,2,13,5,13A12,FALSE
20120114,2012-01-14,2012,1,Q1,1,January,Jan,2,14,6,14A12,TRUE
20120115,2012-01-15,2012,1,Q1,1,January,Jan,2,15,0,15A12,TRUE
20120116,2012-01-16,2012,1,Q1,1,January,Jan,3,16,1,16A12,FALSE
20120117,2012-01-17,2012,1,Q1,1,January,Jan,3,17,2,17A12,FALSE
20120118,2012-01-18,2012,1,Q1,1,January,Jan,3,18,3,18A12,FALSE
20120119,2012-01-19,2012,1,Q1,1,January,Jan,3,19,4,19A12,FALSE
20120120,2012-01-20,2012,1,Q1,1,January,Jan,3,20,5,20A12,FALSE
20120121,2012-01-21,2012,1,Q1,1,January,Jan,3,21,6,21A12,TRUE
20120122,2012-01-22,2012,1,Q1,1,January,Jan,3,22,0,22A12,TRUE
20120123,2012-01-23,2012,1,Q1,1,January,Jan,4,23,1,23A12,FALSE
20120124,2012-01-24,2012,1,Q1,1,January,Jan,4,24,2,24A12,FALSE
20120125,2012-01-25,2012,1,Q1,1,January,Jan,4,25,3,25A12,FALSE
20120126,2012-01-26,2012,1,Q1,1,January,Jan,4,26,4,26A12,FALSE
20120127,2012-01-27,2012,1,Q1,1,January,Jan,4,27,5,27A12,FALSE
20120128,2012-01-28,2012,1,Q1,1,January,Jan,4,28,6,28A12,TRUE
20120129,2012-01-29,2012,1,Q1,1,January,Jan,4,29,0,29A12,TRUE
20120130,2012-01-30,2012,1,Q1,1,January,Jan,5,30,1,30A12,FALSE
20120131,2012-01-31,2012,1,Q1,1,January,Jan,5,31,2,31A12,FALSE
20120201,2012-02-01,2012,1,Q1,2,February,Feb,5,1,3,1A12,FALSE
20120202,2012-02-02,2012,1,Q1,2,February,Feb,5,2,4,2A12,FALSE
20120203,2012-02-03,2012,1,Q1,2,February,Feb,5,3,5,3A12,FALSE
20120204,2012-02-04,2012,1,Q1,2,February,Feb,5,4,6,4A12,TRUE
20120205,2012-02-05,2012,1,Q1,2,February,Feb,5,5,0,5A12,TRUE
20120206,2012-02-06,2012,1,Q1,2,February,Feb,6,6,1,6A12,FALSE
20120207,2012-02-07,2012,1,Q1,2,February,Feb,6,7,2,7A12,FALSE
20120208,2012-02-08,2012,1,Q1,2,February,Feb,6,8,3,8A12,FALSE
20120209,2012-02-09,2012,1,Q1,2,February,Feb,6,9,4,9A12,FALSE
20120210,2012-02-10,2012,1,Q1,2,February,Feb,6,10,5,10A12,FALSE
20120211,2012-02-11,2012,1,Q1,2,February,Feb,6,11,6,11A12,TRUE
20120212,2012-02-12,2012,1,Q1,2,February,Feb,6,12,0,12A12,TRUE
20120213,2012-02-13,2012,1,Q1,2,February,Feb,7,13,1,13A12,FALSE
20120214,2012-02-14,2012,1,Q1,2,February,Feb,7,14,2,14A12,FALSE
20120215,2012-02-15,2012,1,Q1,2,February,Feb,7,15,3,15A12,FALSE
20120216,2012-02-16,2012,1,Q1,2,February,Feb,7,16,4,16A12,FALSE
20120217,2012-02-17,2012,1,Q1,2,February,Feb,7,17,5,17A12,FALSE
20120218,2012-02-18,2012,1,Q1,2,February,Feb,7,18,6,18A12,TRUE
20120219,2012-02-19,2012,1,Q1,2,February,Feb,7,19,0,19A12,TRUE
20120220,2012-02-20,2012,1,Q1,2,February,Feb,8,20,1,20A12,FALSE
20120221,2012-02-21,2012,1,Q1,2,February,Feb,8,21,2,21A12,FALSE
20120222,2012-02-22,2012,1,Q1,2,February,Feb,8,22,3,22A12,FALSE
20120223,2012-02-23,2012,1,Q1,2,February,Feb,8,23,4,23A12,FALSE
20120224,2012-02-24,2012,1,Q1,2,February,Feb,8,24,5,24A12,FALSE
20120225,2012-02-25,2012,1,Q1,2,February,Feb,8,25,6,25A12,TRUE
20120226,2012-02-26,2012,1,Q1,2,February,Feb,8,26,0,26A12,TRUE
20120227,2012-02-27,2012,1,Q1,2,February,Feb,9,27,1,27A12,FALSE
20120228,2012-02-28,2012,1,Q1,2,February,Feb,9,28,2,28A12,FALSE
20120229,2012-02-29,2012,1,Q1,2,February,Feb,9,29,3,29A12,FALSE
20120301,2012-03-01,2012,1,Q1,3,March,Mar,9,1,4,1A12,FALSE
20120302,2012-03-02,2012,1,Q1,3,March,Mar,9,2,5,2A12,FALSE
20120303,2012-03-03,2012,1,Q1,3,March,Mar,9,3,6,3A12,TRUE
20120304,2012-03-04,2012,1,Q1,3,March,Mar,9,4,0,4A12,TRUE
20120305,2012-03-05,2012,1,Q1,3,March,Mar,10,5,1,5A12,FALSE
20120306,2012-03-06,2012,1,Q1,3,March,Mar,10,6,2,6A12,FALSE
20120307,2012-03-07,2012,1,Q1,3,March,Mar,10,7,3,7A12,FALSE
20120308,2012-03-08,2012,1,Q1,3,March,Mar,10,8,4,8A12,FALSE
20120309,2012-03-09,2012,1,Q1,3,March,Mar,10,9,5,9A12,FALSE
20120310,2012-03-10,2012,1,Q1,3,March,Mar,10,10,6,10A12,TRUE
20120311,2012-03-11,2012,1,Q1,3,March,Mar,10,11,0,11A12,TRUE
20120312,2012-03-12,2012,1,Q1,3,March,Mar,11,12,1,12A12,FALSE
20120313,2012-03-13,2012,1,Q1,3,March,Mar,11,13,2,13A12,FALSE
20120314,2012-03-14,2012,1,Q1,3,March,Mar,11,14,3,14A12,FALSE
20120315,2012-03-15,2012,1,Q1,3,March,Mar,11,15,4,15A12,FALSE
20120316,2012-03-16,2012,1,Q1,3,March,Mar,11,16,5,16A12,FALSE
20120317,2012-03-17,2012,1,Q1,3,March,Mar,11,17,6,17A12,TRUE
20120318,2012-03-18,2012,1,Q1,3,March,Mar,11,18,0,18A12,TRUE
20120319,2012-03-19,2012,1,Q1,3,March,Mar,12,19,1,19A12,FALSE
20120320,2012-03-20,2012,1,Q1,3,March,Mar,12,20,2,20A12,FALSE
20120321,2012-03-21,2012,1,Q1,3,March,Mar,12,21,3,21A12,FALSE
20120322,2012-03-22,2012,1,Q1,3,March,Mar,12,22,4,22A12,FALSE
20120323,2012-03-23,2012,1,Q1,3,March,Mar,12,23,5,23A12,FALSE
20120324,2012-03-24,2012,1,Q1,3,March,Mar,12,24,6,24A12,TRUE
20120325,2012-03-25,2012,1,Q1,3,March,Mar,12,25,0,25A12,TRUE
20120326,2012-03-26,2012,1,Q1,3,March,Mar,13,26,1,26A12,FALSE
20120327,2012-03-27,2012,1,Q1,3,March,Mar,13,27,2,27A12,FALSE
20120328,2012-03-28,2012,1,Q1,3,March,Mar,13,28,3,28A12,FALSE
20120329,2012-03-29,2012,1,Q1,3,March,Mar,13,29,4,29A12,FALSE
20120330,2012-03-30,2012,1,Q1,3,March,Mar,13,30,5,30A12,FALSE
20120331,2012-03-31,2012,1,Q1,3,March,Mar,13,31,6,31A12,TRUE
20120401,2012-04-01,2012,2,Q2,4,April,Apr,13,1,0,1A12,TRUE
20120402,2012-04-02,2012,2,Q2,4,April,Apr,14,2,1,2A12,FALSE
20120403,2012-04-03,2012,2,Q2,4,April,Apr,14,3,2,3A12,FALSE
20120404,2012-04-04,2012,2,Q2,4,April,Apr,14,4,3,4A12,FALSE
20120405,2012-04-05,2012,2,Q2,4,April,Apr,14,5,4,5A12,FALSE
20120406,2012-04-06,2012,2,Q2,4,April,Apr,14,6,5,6A12,FALSE
20120407,2012-04-07,2012,2,Q2,4,April,Apr,14,7,6,7A12,TRUE
20120408,2012-04-08,2012,2,Q2,4,April,Apr,14,8,0,8A12,TRUE
20120409,2012-04-09,2012,2,Q2,4,April,Apr,15,9,1,9A12,FALSE
20120410,2012-04-10,2012,2,Q2,4,April,Apr,15,10,2,10A12,FALSE
20120411,2012-04-11,2012,2,Q2,4,April,Apr,15,11,3,11A12,FALSE
20120412,2012-04-12,2012,2,Q2,4,April,Apr,15,12,4,12A12,FALSE
20120413,2012-04-13,2012,2,Q2,4,April,Apr,15,13,5,13A12,FALSE
20120414,2012-04-14,2012,2,Q2,4,April,Apr,15,14,6,14A12,TRUE
20120415,2012-04-15,2012,2,Q2,4,April,Apr,15,15,0,15A12,TRUE
20120416,2012-04-16,2012,2,Q2,4,April,Apr,16,16,1,16A12,FALSE
20120417,2012-04-17,2012,2,Q2,4,April,Apr,16,17,2,17A12,FALSE
20120418,2012-04-18,2012,2,Q2,4,April,Apr,16,18,3,18A12,FALSE
20120419,2012-04-19,2012,2,Q2,4,April,Apr,16,19,4,19A12,FALSE
20120420,2012-04-20,2012,2,Q2,4,April,Apr,16,20,5,20A12,FALSE
20120421,2012-04-21,2012,2,Q2,4,April,Apr,16,21,6,21A12,TRUE
20120422,2012-04-22,2012,2,Q2,4,April,Apr,16,22,0,22A12,TRUE
20120423,2012-04-23,2012,2,Q2,4,April,Apr,17,23,1,23A12,FALSE
20120424,2012-04-24,2012,2,Q2,4,April,Apr,17,24,2,24A12,FALSE
20120425,2012-04-25,2012,2,Q2,4,April,Apr,17,25,3,25A12,FALSE
20120426,2012-04-26,2012,2,Q2,4,April,Apr,17,26,4,26A12,FALSE
20120427,2012-04-27,2012,2,Q2,4,April,Apr,17,27,5,27A12,FALSE
20120428,2012-04-28,2012,2,Q2,4,April,Apr,17,28,6,28A12,TRUE
20120429,2012-04-29,2012,2,Q2,4,April,Apr,17,29,0,29A12,TRUE
20120430,2012-04-30,2012,2,Q2,4,April,Apr,18,30,1,30A12,FALSE
20120501,2012-05-01,2012,2,Q2,5,May,May,18,1,2,1A12,FALSE
20120502,2012-05-02,2012,2,Q2,5,May,May,18,2,3,2A12,FALSE
20120503,2012-05-03,2012,2,Q2,5,May,May,18,3,4,3A12,FALSE
20120504,2012-05-04,2012,2,Q2,5,May,May,18,4,5,4A12,FALSE
20120505,2012-05-05,2012,2,Q2,5,May,May,18,5,6,5A12,TRUE
20120506,2012-05-06,2012,2,Q2,5,May,May,18,6,0,6A12,TRUE
20120507,2012-05-07,2012,2,Q2,5,May,May,19,7,1,7A12,FALSE
20120508,2012-05-08,2012,2,Q2,5,May,May,19,8,2,8A12,FALSE
20120509,2012-05-09,2012,2,Q2,5,May,May,19,9,3,9A12,FALSE
20120510,2012-05-10,2012,2,Q2,5,May,May,19,10,4,10A12,FALSE
20120511,2012-05-11,2012,2,Q2,5,May,May,19,11,5,11A12,FALSE
20120512,2012-05-12,2012,2,Q2,5,May,May,19,12,6,12A12,TRUE
20120513,2012-05-13,2012,2,Q2,5,May,May,19,13,0,13A12,TRUE
20120514,2012-05-14,2012,2,Q2,5,May,May,20,14,1,14A12,FALSE
20120515,2012-05-15,2012,2,Q2,5,May,May,20,15,2,15A12,FALSE
20120516,2012-05-16,2012,2,Q2,5,May,May,20,16,3,16A12,FALSE
20120517,2012-05-17,2012,2,Q2,5,May,May,20,17,4,17A12,FALSE
20120518,2012-05-18,2012,2,Q2,5,May,May,20,18,5,18A12,FALSE
20120519,2012-05-19,2012,2,Q2,5,May,May,20,19,6,19A12,TRUE
20120520,2012-05-20,2012,2,Q2,5,May,May,20,20,0,20A12,TRUE
20120521,2012-05-21,2012,2,Q2,5,May,May,21,21,1,21A12,FALSE
20120522,2012-05-22,2012,2,Q2,5,May,May,21,22,2,22A12,FALSE
20120523,2012-05-23,2012,2,Q2,5,May,May,21,23,3,23A12,FALSE
20120524,2012-05-24,2012,2,Q2,5,May,May,21,24,4,24A12,FALSE
20120525,2012-05-25,2012,2,Q2,5,May,May,21,25,5,25A12,FALSE
20120526,2012-05-26,2012,2,Q2,5,May,May,21,26,6,26A12,TRUE
20120527,2012-05-27,2012,2,Q2,5,May,May,21,27,0,27A12,TRUE
20120528,2012-05-28,2012,2,Q2,5,May,May,22,28,1,28A12,FALSE
20120529,2012-05-29,2012,2,Q2,5,May,May,22,29,2,29A12,FALSE
20120530,2012-05-30,2012,2,Q2,5,May,May,22,30,3,30A12,FALSE
20120531,2012-05-31,2012,2,Q2,5,May,May,22,31,4,31A12,FALSE
20120601,2012-06-01,2012,2,Q2,6,June,Jun,22,1,5,1A12,FALSE
20120602,2012-06-02,2012,2,Q2,6,June,Jun,22,2,6,2A12,TRUE
20120603,2012-06-03,2012,2,Q2,6,June,Jun,22,3,0,3A12,TRUE
20120604,2012-06-04,2012,2,Q2,6,June,Jun,23,4,1,4A12,FALSE
20120605,2012-06-05,2012,2,Q2,6,June,Jun,23,5,2,5A12,FALSE
20120606,2012-06-06,2012,2,Q2,6,June,Jun,23,6,3,6A12,FALSE
20120607,2012-06-07,2012,2,Q2,6,June,Jun,23,7,4,7A12,FALSE
20120608,2012-06-08,2012,2,Q2,6,June,Jun,23,8,5,8A12,FALSE
20120609,2012-06-09,2012,2,Q2,6,June,Jun,23,9,6,9A12,TRUE
20120610,2012-06-10,2012,2,Q2,6,June,Jun,23,10,0,10A12,TRUE
20120611,2012-06-11,2012,2,Q2,6,June,Jun,24,11,1,11A12,FALSE
20120612,2012-06-12,2012,2,Q2,6,June,Jun,24,12,2,12A12,FALSE
20120613,2012-06-13,2012,2,Q2,6,June,Jun,24,13,3,13A12,FALSE
20120614,2012-06-14,2012,2,Q2,6,June,Jun,24,14,4,14A12,FALSE
20120615,2012-06-15,2012,2,Q2,6,June,Jun,24,15,5,15A12,FALSE
20120616,2012-06-16,2012,2,Q2,6,June,Jun,24,16,6,16A12,TRUE
20120617,2012-06-17,2012,2,Q2,6,June,Jun,24,17,0,17A12,TRUE
20120618,2012-06-18,2012,2,Q2,6,June,Jun,25,18,1,18A12,FALSE
20120619,2012-06-19,2012,2,Q2,6,June,Jun,25,19,2,19A12,FALSE
20120620,2012-06-20,2012,2,Q2,6,June,Jun,25,20,3,20A12,FALSE
20120621,2012-06-21,2012,2,Q2,6,June,Jun,25,21,4,21A12,FALSE
20120622,2012-06-22,2012,2,Q2,6,June,Jun,25,22,5,22A12,FALSE
20120623,2012-06-23,2012,2,Q2,6,June,Jun,25,23,6,23A12,TRUE
20120624,2012-06-24,2012,2,Q2,6,June,Jun,25,24,0,24A12,TRUE
20120625,2012-06-25,2012,2,Q2,6,June,Jun,26,25,1,25A12,FALSE
20120626,2012-06-26,2012,2,Q2,6,June,Jun,26,26,2,26A12,FALSE
20120627,2012-06-27,2012,2,Q2,6,June,Jun,26,27,3,27A12,FALSE
20120628,2012-06-28,2012,2,Q2,6,June,Jun,26,28,4,28A12,FALSE
20120629,2012-06-29,2012,2,Q2,6,June,Jun,26,29,5,29A12,FALSE
20120630,2012-06-30,2012,2,Q2,6,June,Jun,26,30,6,30A12,TRUE
20120701,2012-07-01,2012,3,Q3,7,July,Jul,26,1,0,1A12,TRUE
20120702,2012-07-02,2012,3,Q3,7,July,Jul,27,2,1,2A12,FALSE
20120703,2012-07-03,2012,3,Q3,7,July,Jul,27,3,2,3A12,FALSE
20120704,2012-07-04,2012,3,Q3,7,July,Jul,27,4,3,4A12,FALSE
20120705,2012-07-05,2012,3,Q3,7,July,Jul,27,5,4,5A12,FALSE
20120706,2012-07-06,2012,3,Q3,7,July,Jul,27,6,5,6A12,FALSE
20120707,2012-07-07,2012,3,Q3,7,July,Jul,27,7,6,7A12,TRUE
20120708,2012-07-08,2012,3,Q3,7,July,Jul,27,8,0,8A12,TRUE
20120709,2012-07-09,2012,3,Q3,7,July,Jul,28,9,1,9A12,FALSE
20120710,2012-07-10,2012,3,Q3,7,July,Jul,28,10,2,10A12,FALSE
20120711,2012-07-11,2012,3,Q3,7,July,Jul,28,11,3,11A12,FALSE
20120712,2012-07-12,2012,3,Q3,7,July,Jul,28,12,4,12A12,FALSE
20120713,2012-07-13,2012,3,Q3,7,July,Jul,28,13,5,13A12,FALSE
20120714,2012-07-14,2012,3,Q3,7,July,Jul,28,14,6,14A12,TRUE
20120715,2012-07-15,2012,3,Q3,7,July,Jul,28,15,0,15A12,TRUE
20120716,2012-07-16,2012,3,Q3,7,July,Jul,29,16,1,16A12,FALSE
20120717,2012-07-17,2012,3,Q3,7,July,Jul,29,17,2,17A12,FALSE
20120718,2012-07-18,2012,3,Q3,7,July,Jul,29,18,3,18A12,FALSE
20120719,2012-07-19,2012,3,Q3,7,July,Jul,29,19,4,19A12,FALSE
20120720,2012-07-20,2012,3,Q3,7,July,Jul,29,20,5,20A12,FALSE
20120721,2012-07-21,2012,3,Q3,7,July,Jul,29,21,6,21A12,TRUE
20120722,2012-07-22,2012,3,Q3,7,July,Jul,29,22,0,22A12,TRUE
20120723,2012-07-23,2012,3,Q3,7,July,Jul,30,23,1,23A12,FALSE
20120724,2012-07-24,2012,3,Q3,7,July,Jul,30,24,2,24A12,FALSE
20120725,2012-07-25,2012,3,Q3,7,July,Jul,30,25,3,25A12,FALSE
20120726,2012-07-26,2012,3,Q3,7,July,Jul,30,26,4,26A12,FALSE
20120727,2012-07-27,2012,3,Q3,7,July,Jul,30,27,5,27A12,FALSE
20120728,2012-07-28,2012,3,Q3,7,July,Jul,30,28,6,28A12,TRUE
20120729,2012-07-29,2012,3,Q3,7,July,Jul,30,29,0,29A12,TRUE
20120730,2012-07-30,2012,3,Q3,7,July,Jul,31,30,1,30A12,FALSE
20120731,2012-07-31,2012,3,Q3,7,July,Jul,31,31,2,31A12,FALSE
20120801,2012-08-01,2012,3,Q3,8,August,Aug,31,1,3,1A12,FALSE
20120802,2012-08-02,2012,3,Q3,8,August,Aug,31,2,4,2A12,FALSE
20120803,2012-08-03,2012,3,Q3,8,August,Aug,31,3,5,3A12,FALSE
20120804,2012-08-04,2012,3,Q3,8,August,Aug,31,4,6,4A12,TRUE
20120805,2012-08-05,2012,3,Q3,8,August,Aug,31,5,0,5A12,TRUE
20120806,2012-08-06,2012,3,Q3,8,August,Aug,32,6,1,6A12,FALSE
20120807,2012-08-07,2012,3,Q3,8,August,Aug,32,7,2,7A12,FALSE
20120808,2012-08-08,2012,3,Q3,8,August,Aug,32,8,3,8A12,FALSE
20120809,2012-08-09,2012,3,Q3,8,August,Aug,32,9,4,9A12,FALSE
20120810,2012-08-10,2012,3,Q3,8,August,Aug,32,10,5,10A12,FALSE
20120811,2012-08-11,2012,3,Q3,8,August,Aug,32,11,6,11A12,TRUE
20120812,2012-08-12,2012,3,Q3,8,August,Aug,32,12,0,12A12,TRUE
20120813,2012-08-13,2012,3,Q3,8,August,Aug,33,13,1,13A12,FALSE
20120814,2012-08-14,2012,3,Q3,8,August,Aug,33,14,2,14A12,FALSE
20120815,2012-08-15,2012,3,Q3,8,August,Aug,33,15,3,15A12,FALSE
20120816,2012-08-16,2012,3,Q3,8,August,Aug,33,16,4,16A12,FALSE
20120817,2012-08-17,2012,3,Q3,8,August,Aug,33,17,5,17A12,FALSE
20120818,2012-08-18,2012,3,Q3,8,August,Aug,33,18,6,18A12,TRUE
20120819,2012-08-19,2012,3,Q3,8,August,Aug,33,19,0,19A12,TRUE
20120820,2012-08-20,2012,3,Q3,8,August,Aug,34,20,1,20A12,FALSE
20120821,2012-08-21,2012,3,Q3,8,August,Aug,34,21,2,21A12,FALSE
20120822,2012-08-22,2012,3,Q3,8,August,Aug,34,22,3,22A12,FALSE
20120823,2012-08-23,2012,3,Q3,8,August,Aug,34,23,4,23A12,FALSE
20120824,2012-08-24,2012,3,Q3,8,August,Aug,34,24,5,24A12,FALSE
20120825,2012-08-25,2012,3,Q3,8,August,Aug,34,25,6,25A12,TRUE
20120826,2012-08-26,2012,3,Q3,8,August,Aug,34,26,0,26A12,TRUE
20120827,2012-08-27,2012,3,Q3,8,August,Aug,35,27,1,27A12,FALSE
20120828,2012-08-28,2012,3,Q3,8,August,Aug,35,28,2,28A12,FALSE
20120829,2012-08-29,2012,3,Q3,8,August,Aug,35,29,3,29A12,FALSE
20120830,2012-08-30,2012,3,Q3,8,August,Aug,35,30,4,30A12,FALSE
20120831,2012-08-31,2012,3,Q3,8,August,Aug,35,31,5,31A12,FALSE
20120901,2012-09-01,2012,3,Q3,9,September,Sep,35,1,6,1A12,TRUE
20120902,2012-09-02,2012,3,Q3,9,September,Sep,35,2,0,2A12,TRUE
20120903,2012-09-03,2012,3,Q3,9,September,Sep,36,3,1,3A12,FALSE
20120904,2012-09-04,2012,3,Q3,9,September,Sep,36,4,2,4A12,FALSE
20120905,2012-09-05,2012,3,Q3,9,September,Sep,36,5,3,5A12,FALSE
20120906,2012-09-06,2012,3,Q3,9,September,Sep,36,6,4,6A12,FALSE
20120907,2012-09-07,2012,3,Q3,9,September,Sep,36,7,5,7A12,FALSE
20120908,2012-09-08,2012,3,Q3,9,September,Sep,36,8,6,8A12,TRUE
20120909,2012-09-09,2012,3,Q3,9,September,Sep,36,9,0,9A12,TRUE
20120910,2012-09-10,2012,3,Q3,9,September,Sep,37,10,1,10A12,FALSE
20120911,2012-09-11,2012,3,Q3,9,September,Sep,37,11,2,11A12,FALSE
20120912,2012-09-12,2012,3,Q3,9,September,Sep,37,12,3,12A12,FALSE
20120913,2012-09-13,2012,3,Q3,9,September,Sep,37,13,4,13A12,FALSE
20120914,2012-09-14,2012,3,Q3,9,September,Sep,37,14,5,14A12,FALSE
20120915,2012-09-15,2012,3,Q3,9,September,Sep,37,15,6,15A12,TRUE
20120916,2012-09-16,2012,3,Q3,9,September,Sep,37,16,0,16A12,TRUE
20120917,2012-09-17,2012,3,Q3,9,September,Sep,38,17,1,17A12,FALSE
20120918,2012-09-18,2012,3,Q3,9,September,Sep,38,18,2,18A12,FALSE
20120919,2012-09-19,2012,3,Q3,9,September,Sep,38,19,3,19A12,FALSE
20120920,2012-09-20,2012,3,Q3,9,September,Sep,38,20,4,20A12,FALSE
20120921,2012-09-21,2012,3,Q3,9,September,Sep,38,21,5,21A12,FALSE
20120922,2012-09-22,2012,3,Q3,9,September,Sep,38,22,6,22A12,TRUE
20120923,2012-09-23,2012,3,Q3,9,September,Sep,38,23,0,23A12,TRUE
20120924,2012-09-24,2012,3,Q3,9,September,Sep,39,24,1,24A12,FALSE
20120925,2012-09-25,2012,3,Q3,9,September,Sep,39,25,2,25A12,FALSE
20120926,2012-09-26,2012,3,Q3,9,September,Sep,39,26,3,26A12,FALSE
20120927,2012-09-27,2012,3,Q3,9,September,Sep,39,27,4,27A12,FALSE
20120928,2012-09-28,2012,3,Q3,9,September,Sep,39,28,5,28A12,FALSE
20120929,2012-09-29,2012,3,Q3,9,September,Sep,39,29,6,29A12,TRUE
20120930,2012-09-30,2012,3,Q3,9,September,Sep,39,30,0,30A12,TRUE
20121001,2012-10-01,2012,4,Q4,10,October,Oct,40,1,1,1A12,FALSE
20121002,2012-10-02,2012,4,Q4,10,October,Oct,40,2,2,2A12,FALSE
20121003,2012-10-03,2012,4,Q4,10,October,Oct,40,3,3,3A12,FALSE
20121004,2012-10-04,2012,4,Q4,10,October,Oct,40,4,4,4A12,FALSE
20121005,2012-10-05,2012,4,Q4,10,October,Oct,40,5,5,5A12,FALSE
20121006,2012-10-06,2012,4,Q4,10,October,Oct,40,6,6,6A12,TRUE
20121007,2012-10-07,2012,4,Q4,10,October,Oct,40,7,0,7A12,TRUE
20121008,2012-10-08,2012,4,Q4,10,October,Oct,41,8,1,8A12,FALSE
20121009,2012-10-09,2012,4,Q4,10,October,Oct,41,9,2,9A12,FALSE
20121010,2012-10-10,2012,4,Q4,10,October,Oct,41,10,3,10A12,FALSE
20121011,2012-10-11,2012,4,Q4,10,October,Oct,41,11,4,11A12,FALSE
20121012,2012-10-12,2012,4,Q4,10,October,Oct,41,12,5,12A12,FALSE
20121013,2012-10-13,2012,4,Q4,10,October,Oct,41,13,6,13A12,TRUE
20121014,2012-10-14,2012,4,Q4,10,October,Oct,41,14,0,14A12,TRUE
20121015,2012-10-15,2012,4,Q4,10,October,Oct,42,15,1,15A12,FALSE
20121016,2012-10-16,2012,4,Q4,10,October,Oct,42,16,2,16A12,FALSE
20121017,2012-10-17,2012,4,Q4,10,October,Oct,42,17,3,17A12,FALSE
20121018,2012-10-18,2012,4,Q4,10,October,Oct,42,18,4,18A12,FALSE
20121019,2012-10-19,2012,4,Q4,10,October,Oct,42,19,5,19A12,FALSE
20121020,2012-10-20,2012,4,Q4,10,October,Oct,42,20,6,20A12,TRUE
20121021,2012-10-21,2012,4,Q4,10,October,Oct,42,21,0,21A12,TRUE
20121022,2012-10-22,2012,4,Q4,10,October,Oct,43,22,1,22A12,FALSE
20121023,2012-10-23,2012,4,Q4,10,October,Oct,43,23,2,23A12,FALSE
20121024,2012-10-24,2012,4,Q4,10,October,Oct,43,24,3,24A12,FALSE
20121025,2012-10-25,2012,4,Q4,10,October,Oct,43,25,4,25A12,FALSE
20121026,2012-10-26,2012,4,Q4,10,October,Oct,43,26,5,26A12,FALSE
20121027,2012-10-27,2012,4,Q4,10,October,Oct,43,27,6,27A12,TRUE
20121028,2012-10-28,2012,4,Q4,10,October,Oct,43,28,0,28A12,TRUE
20121029,2012-10-29,2012,4,Q4,10,October,Oct,44,29,1,29A12,FALSE
20121030,2012-10-30,2012,4,Q4,10,October,Oct,44,30,2,30A12,FALSE
20121031,2012-10-31,2012,4,Q4,10,October,Oct,44,31,3,31A12,FALSE
20121101,2012-11-01,2012,4,Q4,11,November,Nov,44,1,4,1A12,FALSE
20121102,2012-11-02,2012,4,Q4,11,November,Nov,44,2,5,2A12,FALSE
20121103,2012-11-03,2012,4,Q4,11,November,Nov,44,3,6,3A12,TRUE
20121104,2012-11-04,2012,4,Q4,11,November,Nov,44,4,0,4A12,TRUE
20121105,2012-11-05,2012,4,Q4,11,November,Nov,45,5,1,5A12,FALSE
20121106,2012-11-06,2012,4,Q4,11,November,Nov,45,6,2,6A12,FALSE
20121107,2012-11-07,2012,4,Q4,11,November,Nov,45,7,3,7A12,FALSE
20121108,2012-11-08,2012,4,Q4,11,November,Nov,45,8,4,8A12,FALSE
20121109,2012-11-09,2012,4,Q4,11,November,Nov,45,9,5,9A12,FALSE
20121110,2012-11-10,2012,4,Q4,11,November,Nov,45,10,6,10A12,TRUE
20121111,2012-11-11,2012,4,Q4,11,November,Nov,45,11,0,11A12,TRUE
20121112,2012-11-12,2012,4,Q4,11,November,Nov,46,12,1,12A12,FALSE
20121113,2012-11-13,2012,4,Q4,11,November,Nov,46,13,2,13A12,FALSE
20121114,2012-11-14,2012,4,Q4,11,November,Nov,46,14,3,14A12,FALSE
20121115,2012-11-15,2012,4,Q4,11,November,Nov,46,15,4,15A12,FALSE
20121116,2012-11-16,2012,4,Q4,11,November,Nov,46,16,5,16A12,FALSE
20121117,2012-11-17,2012,4,Q4,11,November,Nov,46,17,6,17A12,TRUE
20121118,2012-11-18,2012,4,Q4,11,November,Nov,46,18,0,18A12,TRUE
20121119,2012-11-19,2012,4,Q4,11,November,Nov,47,19,1,19A12,FALSE
20121120,2012-11-20,2012,4,Q4,11,November,Nov,47,20,2,20A12,FALSE
20121121,2012-11-21,2012,4,Q4,11,November,Nov,47,21,3,21A12,FALSE
20121122,2012-11-22,2012,4,Q4,11,November,Nov,47,22,4,22A12,FALSE
20121123,2012-11-23,2012,4,Q4,11,November,Nov,47,23,5,23A12,FALSE
20121124,2012-11-24,2012,4,Q4,11,November,Nov,47,24,6,24A12,TRUE
20121125,2012-11-25,2012,4,Q4,11,November,Nov,47,25,0,25A12,TRUE
20121126,2012-11-26,2012,4,Q4,11,November,Nov,48,26,1,26A12,FALSE
20121127,2012-11-27,2012,4,Q4,11,November,Nov,48,27,2,27A12,FALSE
20121128,2012-11-28,2012,4,Q4,11,November,Nov,48,28,3,28A12,FALSE
20121129,2012-11-29,2012,4,Q4,11,November,Nov,48,29,4,29A12,FALSE
20121130,2012-11-30,2012,4,Q4,11,November,Nov,48,30,5,30A12,FALSE
20121201,2012-12-01,2012,4,Q4,12,December,Dec,48,1,6,1A12,TRUE
20121202,2012-12-02,2012,4,Q4,12,December,Dec,48,2,0,2A12,TRUE
20121203,2012-12-03,2012,4,Q4,12,December,Dec,49,3,1,3A12,FALSE
20121204,2012-12-04,2012,4,Q4,12,December,Dec,49,4,2,4A12,FALSE
20121205,2012-12-05,2012,4,Q4,12,December,Dec,49,5,3,5A12,FALSE
20121206,2012-12-06,2012,4,Q4,12,December,Dec,49,6,4,6A12,FALSE
20121207,2012-12-07,2012,4,Q4,12,December,Dec,49,7,5,7A12,FALSE
20121208,2012-12-08,2012,4,Q4,12,December,Dec,49,8,6,8A12,TRUE
20121209,2012-12-09,2012,4,Q4,12,December,Dec,49,9,0,9A12,TRUE
20121210,2012-12-10,2012,4,Q4,12,December,Dec,50,10,1,10A12,FALSE
20121211,2012-12-11,2012,4,Q4,12,December,Dec,50,11,2,11A12,FALSE
20121212,2012-12-12,2012,4,Q4,12,December,Dec,50,12,3,12A12,FALSE
20121213,2012-12-13,2012,4,Q4,12,December,Dec,50,13,4,13A12,FALSE
20121214,2012-12-14,2012,4,Q4,12,December,Dec,50,14,5,14A12,FALSE
20121215,2012-12-15,2012,4,Q4,12,December,Dec,50,15,6,15A12,TRUE
20121216,2012-12-16,2012,4,Q4,12,December,Dec,50,16,0,16A12,TRUE
20121217,2012-12-17,2012,4,Q4,12,December,Dec,51,17,1,17A12,FALSE
20121218,2012-12-18,2012,4,Q4,12,December,Dec,51,18,2,18A12,FALSE
20121219,2012-12-19,2012,4,Q4,12,December,Dec,51,19,3,19A12,FALSE
20121220,2012-12-20,2012,4,Q4,12,December,Dec,51,20,4,20A12,FALSE
20121221,2012-12-21,2012,4,Q4,12,December,Dec,51,21,5,21A12,FALSE
20121222,2012-12-22,2012,4,Q4,12,December,Dec,51,22,6,22A12,TRUE
20121223,2012-12-23,2012,4,Q4,12,December,Dec,51,23,0,23A12,TRUE
20121224,2012-12-24,2012,4,Q4,12,December,Dec,52,24,1,24A12,FALSE
20121225,2012-12-25,2012,4,Q4,12,December,Dec,52,25,2,25A12,FALSE
20121226,2012-12-26,2012,4,Q4,12,December,Dec,52,26,3,26A12,FALSE
20121227,2012-12-27,2012,4,Q4,12,December,Dec,52,27,4,27A12,FALSE
20121228,2012-12-28,2012,4,Q4,12,December,Dec,52,28,5,28A12,FALSE
20121229,2012-12-29,2012,4,Q4,12,December,Dec,52,29,6,29A12,TRUE
20121230,2012-12-30,2012,4,Q4,12,December,Dec,52,30,0,30A12,TRUE
20121231,2012-12-31,2012,4,Q4,12,December,Dec,1,31,1,31A12,FALSE
20130101,2013-01-01,2013,1,Q1,1,January,Jan,1,1,2,1A13,FALSE
20130102,2013-01-02,2013,1,Q1,1,January,Jan,1,2,3,2A13,FALSE
20130103,2013-01-03,2013,1,Q1,1,January,Jan,1,3,4,3A13,FALSE
20130104,2013-01-04,2013,1,Q1,1,January,Jan,1,4,5,4A13,FALSE
20130105,2013-01-05,2013,1,Q1,1,January,Jan,1,5,6,5A13,TRUE
20130106,2013-01-06,2013,1,Q1,1,January,Jan,1,6,0,6A13,TRUE
20130107,2013-01-07,2013,1,Q1,1,January,Jan,2,7,1,7A13,FALSE
20130108,2013-01-08,2013,1,Q1,1,January,Jan,2,8,2,8A13,FALSE
20130109,2013-01-09,2013,1,Q1,1,January,Jan,2,9,3,9A13,FALSE
20130110,2013-01-10,2013,1,Q1,1,January,Jan,2,10,4,10A13,FALSE
20130111,2013-01-11,2013,1,Q1,1,January,Jan,2,11,5,11A13,FALSE
20130112,2013-01-12,2013,1,Q1,1,January,Jan,2,12,6,12A13,TRUE
20130113,2013-01-13,2013,1,Q1,1,January,Jan,2,13,0,13A13,TRUE
20130114,2013-01-14,2013,1,Q1,1,January,Jan,3,14,1,14A13,FALSE
20130115,2013-01-15,2013,1,Q1,1,January,Jan,3,15,2,15A13,FALSE
20130116,2013-01-16,2013,1,Q1,1,January,Jan,3,16,3,16A13,FALSE
20130117,2013-01-17,2013,1,Q1,1,January,Jan,3,17,4,17A13,FALSE
20130118,2013-01-18,2013,1,Q1,1,January,Jan,3,18,5,18A13,FALSE
20130119,2013-01-19,2013,1,Q1,1,January,Jan,3,19,6,19A13,TRUE
20130120,2013-01-20,2013,1,Q1,1,January,Jan,3,20,0,20A13,TRUE
20130121,2013-01-21,2013,1,Q1,1,January,Jan,4,21,1,21A13,FALSE
20130122,2013-01-22,2013,1,Q1,1,January,Jan,4,22,2,22A13,FALSE
20130123,2013-01-23,2013,1,Q1,1,January,Jan,4,23,3,23A13,FALSE
20130124,2013-01-24,2013,1,Q1,1,January,Jan,4,24,4,24A13,FALSE
20130125,2013-01-25,2013,1,Q1,1,January,Jan,4,25,5,25A13,FALSE
20130126,2013-01-26,2013,1,Q1,1,January,Jan,4,26,6,26A13,TRUE
20130127,2013-01-27,2013,1,Q1,1,January,Jan,4,27,0,27A13,TRUE
20130128,2013-01-28,2013,1,Q1,1,January,Jan,5,28,1,28A13,FALSE
20130129,2013-01-29,2013,1,Q1,1,January,Jan,5,29,2,29A13,FALSE
20130130,2013-01-30,2013,1,Q1,1,January,Jan,5,30,3,30A13,FALSE
20130131,2013-01-31,2013,1,Q1,1,January,Jan,5,31,4,31A13,FALSE
20130201,2013-02-01,2013,1,Q1,2,February,Feb,5,1,5,1A13,FALSE
20130202,2013-02-02,2013,1,Q1,2,February,Feb,5,2,6,2A13,TRUE
20130203,2013-02-03,2013,1,Q1,2,February,Feb,5,3,0,3A13,TRUE
20130204,2013-02-04,2013,1,Q1,2,February,Feb,6,4,1,4A13,FALSE
20130205,2013-02-05,2013,1,Q1,2,February,Feb,6,5,2,5A13,FALSE
20130206,2013-02-06,2013,1,Q1,2,February,Feb,6,6,3,6A13,FALSE
20130207,2013-02-07,2013,1,Q1,2,February,Feb,6,7,4,7A13,FALSE
20130208,2013-02-08,2013,1,Q1,2,February,Feb,6,8,5,8A13,FALSE
20130209,2013-02-09,2013,1,Q1,2,February,Feb,6,9,6,9A13,TRUE
20130210,2013-02-10,2013,1,Q1,2,February,Feb,6,10,0,10A13,TRUE
20130211,2013-02-11,2013,1,Q1,2,February,Feb,7,11,1,11A13,FALSE
20130212,2013-02-12,2013,1,Q1,2,February,Feb,7,12,2,12A13,FALSE
20130213,2013-02-13,2013,1,Q1,2,February,Feb,7,13,3,13A13,FALSE
20130214,2013-02-14,2013,1,Q1,2,February,Feb,7,14,4,14A13,FALSE
20130215,2013-02-15,2013,1,Q1,2,February,Feb,7,15,5,15A13,FALSE
20130216,2013-02-16,2013,1,Q1,2,February,Feb,7,16,6,16A13,TRUE
20130217,2013-02-17,2013,1,Q1,2,February,Feb,7,17,0,17A13,TRUE
20130218,2013-02-18,2013,1,Q1,2,February,Feb,8,18,1,18A13,FALSE
20130219,2013-02-19,2013,1,Q1,2,February,Feb,8,19,2,19A13,FALSE
20130220,2013-02-20,2013,1,Q1,2,February,Feb,8,20,3,20A13,FALSE
20130221,2013-02-21,2013,1,Q1,2,February,Feb,8,21,4,21A13,FALSE
20130222,2013-02-22,2013,1,Q1,2,February,Feb,8,22,5,22A13,FALSE
20130223,2013-02-23,2013,1,Q1,2,February,Feb,8,23,6,23A13,TRUE
20130224,2013-02-24,2013,1,Q1,2,February,Feb,8,24,0,24A13,TRUE
20130225,2013-02-25,2013,1,Q1,2,February,Feb,9,25,1,25A13,FALSE
20130226,2013-02-26,2013,1,Q1,2,February,Feb,9,26,2,26A13,FALSE
20130227,2013-02-27,2013,1,Q1,2,February,Feb,9,27,3,27A13,FALSE
20130228,2013-02-28,2013,1,Q1,2,February,Feb,9,28,4,28A13,FALSE
20130301,2013-03-01,2013,1,Q1,3,March,Mar,9,1,5,1A13,FALSE
20130302,2013-03-02,2013,1,Q1,3,March,Mar,9,2,6,2A13,TRUE
20130303,2013-03-03,2013,1,Q1,3,March,Mar,9,3,0,3A13,TRUE
20130304,2013-03-04,2013,1,Q1,3,March,Mar,10,4,1,4A13,FALSE
20130305,2013-03-05,2013,1,Q1,3,March,Mar,10,5,2,5A13,FALSE
20130306,2013-03-06,2013,1,Q1,3,March,Mar,10,6,3,6A13,FALSE
20130307,2013-03-07,2013,1,Q1,3,March,Mar,10,7,4,7A13,FALSE
20130308,2013-03-08,2013,1,Q1,3,March,Mar,10,8,5,8A13,FALSE
20130309,2013-03-09,2013,1,Q1,3,March,Mar,10,9,6,9A13,TRUE
20130310,2013-03-10,2013,1,Q1,3,March,Mar,10,10,0,10A13,TRUE
20130311,2013-03-11,2013,1,Q1,3,March,Mar,11,11,1,11A13,FALSE
20130312,2013-03-12,2013,1,Q1,3,March,Mar,11,12,2,12A13,FALSE
20130313,2013-03-13,2013,1,Q1,3,March,Mar,11,13,3,13A13,FALSE
20130314,2013-03-14,2013,1,Q1,3,March,Mar,11,14,4,14A13,FALSE
20130315,2013-03-15,2013,1,Q1,3,March,Mar,11,15,5,15A13,FALSE
20130316,2013-03-16,2013,1,Q1,3,March,Mar,11,16,6,16A13,TRUE
20130317,2013-03-17,2013,1,Q1,3,March,Mar,11,17,0,17A13,TRUE
20130318,2013-03-18,2013,1,Q1,3,March,Mar,12,18,1,18A13,FALSE
20130319,2013-03-19,2013,1,Q1,3,March,Mar,12,19,2,19A13,FALSE
20130320,2013-03-20,2013,1,Q1,3,March,Mar,12,20,3,20A13,FALSE
20130321,2013-03-21,2013,1,Q1,3,March,Mar,12,21,4,21A13,FALSE
20130322,2013-03-22,2013,1,Q1,3,March,Mar,12,22,5,22A13,FALSE
20130323,2013-03-23,2013,1,Q1,3,March,Mar,12,23,6,23A13,TRUE
20130324,2013-03-24,2013,1,Q1,3,March,Mar,12,24,0,24A13,TRUE
20130325,2013-03-25,2013,1,Q1,3,March,Mar,13,25,1,25A13,FALSE
20130326,2013-03-26,2013,1,Q1,3,March,Mar,13,26,2,26A13,FALSE
20130327,2013-03-27,2013,1,Q1,3,March,Mar,13,27,3,27A13,FALSE
20130328,2013-03-28,2013,1,Q1,3,March,Mar,13,28,4,28A13,FALSE
20130329,2013-03-29,2013,1,Q1,3,March,Mar,13,29,5,29A13,FALSE
20130330,2013-03-30,2013,1,Q1,3,March,Mar,13,30,6,30A13,TRUE
20130331,2013-03-31,2013,1,Q1,3,March,Mar,13,31,0,31A13,TRUE
20130401,2013-04-01,2013,2,Q2,4,April,Apr,14,1,1,1A13,FALSE
20130402,2013-04-02,2013,2,Q2,4,April,Apr,14,2,2,2A13,FALSE
20130403,2013-04-03,2013,2,Q2,4,April,Apr,14,3,3,3A13,FALSE
20130404,2013-04-04,2013,2,Q2,4,April,Apr,14,4,4,4A13,FALSE
20130405,2013-04-05,2013,2,Q2,4,April,Apr,14,5,5,5A13,FALSE
20130406,2013-04-06,2013,2,Q2,4,April,Apr,14,6,6,6A13,TRUE
20130407,2013-04-07,2013,2,Q2,4,April,Apr,14,7,0,7A13,TRUE
20130408,2013-04-08,2013,2,Q2,4,April,Apr,15,8,1,8A13,FALSE
20130409,2013-04-09,2013,2,Q2,4,April,Apr,15,9,2,9A13,FALSE
20130410,2013-04-10,2013,2,Q2,4,April,Apr,15,10,3,10A13,FALSE
20130411,2013-04-11,2013,2,Q2,4,April,Apr,15,11,4,11A13,FALSE
20130412,2013-04-12,2013,2,Q2,4,April,Apr,15,12,5,12A13,FALSE
20130413,2013-04-13,2013,2,Q2,4,April,Apr,15,13,6,13A13,TRUE
20130414,2013-04-14,2013,2,Q2,4,April,Apr,15,14,0,14A13,TRUE
20130415,2013-04-15,2013,2,Q2,4,April,Apr,16,15,1,15A13,FALSE
20130416,2013-04-16,2013,2,Q2,4,April,Apr,16,16,2,16A13,FALSE
20130417,2013-04-17,2013,2,Q2,4,April,Apr,16,17,3,17A13,FALSE
20130418,2013-04-18,2013,2,Q2,4,April,Apr,16,18,4,18A13,FALSE
20130419,2013-04-19,2013,2,Q2,4,April,Apr,16,19,5,19A13,FALSE
20130420,2013-04-20,2013,2,Q2,4,April,Apr,16,20,6,20A13,TRUE
20130421,2013-04-21,2013,2,Q2,4,April,Apr,16,21,0,21A13,TRUE
20130422,2013-04-22,2013,2,Q2,4,April,Apr,17,22,1,22A13,FALSE
20130423,2013-04-23,2013,2,Q2,4,April,Apr,17,23,2,23A13,FALSE
20130424,2013-04-24,2013,2,Q2,4,April,Apr,17,24,3,24A13,FALSE
20130425,2013-04-25,2013,2,Q2,4,April,Apr,17,25,4,25A13,FALSE
20130426,2013-04-26,2013,2,Q2,4,April,Apr,17,26,5,26A13,FALSE
20130427,2013-04-27,2013,2,Q2,4,April,Apr,17,27,6,27A13,TRUE
20130428,2013-04-28,2013,2,Q2,4,April,Apr,17,28,0,28A13,TRUE
20130429,2013-04-29,2013,2,Q2,4,April,Apr,18,29,1,29A13,FALSE
20130430,2013-04-30,2013,2,Q2,4,April,Apr,18,30,2,30A13,FALSE
20130501,2013-05-01,2013,2,Q2,5,May,May,18,1,3,1A13,FALSE
20130502,2013-05-02,2013,2,Q2,5,May,May,18,2,4,2A13,FALSE
20130503,2013-05-03,2013,2,Q2,5,May,May,18,3,5,3A13,FALSE
20130504,2013-05-04,2013,2,Q2,5,May,May,18,4,6,4A13,TRUE
20130505,2013-05-05,2013,2,Q2,5,May,May,18,5,0,5A13,TRUE
20130506,2013-05-06,2013,2,Q2,5,May,May,19,6,1,6A13,FALSE
20130507,2013-05-07,2013,2,Q2,5,May,May,19,7,2,7A13,FALSE
20130508,2013-05-08,2013,2,Q2,5,May,May,19,8,3,8A13,FALSE
20130509,2013-05-09,2013,2,Q2,5,May,May,19,9,4,9A13,FALSE
20130510,2013-05-10,2013,2,Q2,5,May,May,19,10,5,10A13,FALSE
20130511,2013-05-11,2013,2,Q2,5,May,May,19,11,6,11A13,TRUE
20130512,2013-05-12,2013,2,Q2,5,May,May,19,12,0,12A13,TRUE
20130513,2013-05-13,2013,2,Q2,5,May,May,20,13,1,13A13,FALSE
20130514,2013-05-14,2013,2,Q2,5,May,May,20,14,2,14A13,FALSE
20130515,2013-05-15,2013,2,Q2,5,May,May,20,15,3,15A13,FALSE
20130516,2013-05-16,2013,2,Q2,5,May,May,20,16,4,16A13,FALSE
20130517,2013-05-17,2013,2,Q2,5,May,May,20,17,5,17A13,FALSE
20130518,2013-05-18,2013,2,Q2,5,May,May,20,18,6,18A13,TRUE
20130519,2013-05-19,2013,2,Q2,5,May,May,20,19,0,19A13,TRUE
20130520,2013-05-20,2013,2,Q2,5,May,May,21,20,1,20A13,FALSE
20130521,2013-05-21,2013,2,Q2,5,May,May,21,21,2,21A13,FALSE
20130522,2013-05-22,2013,2,Q2,5,May,May,21,22,3,22A13,FALSE
20130523,2013-05-23,2013,2,Q2,5,May,May,21,23,4,23A13,FALSE
20130524,2013-05-24,2013,2,Q2,5,May,May,21,24,5,24A13,FALSE
20130525,2013-05-25,2013,2,Q2,5,May,May,21,25,6,25A13,TRUE
20130526,2013-05-26,2013,2,Q2,5,May,May,21,26,0,26A13,TRUE
20130527,2013-05-27,2013,2,Q2,5,May,May,22,27,1,27A13,FALSE
20130528,2013-05-28,2013,2,Q2,5,May,May,22,28,2,28A13,FALSE
20130529,2013-05-29,2013,2,Q2,5,May,May,22,29,3,29A13,FALSE
20130530,2013-05-30,2013,2,Q2,5,May,May,22,30,4,30A13,FALSE
20130531,2013-05-31,2013,2,Q2,5,May,May,22,31,5,31A13,FALSE
20130601,2013-06-01,2013,2,Q2,6,June,Jun,22,1,6,1A13,TRUE
20130602,2013-06-02,2013,2,Q2,6,June,Jun,22,2,0,2A13,TRUE
20130603,2013-06-03,2013,2,Q2,6,June,Jun,23,3,1,3A13,FALSE
20130604,2013-06-04,2013,2,Q2,6,June,Jun,23,4,2,4A13,FALSE
20130605,2013-06-05,2013,2,Q2,6,June,Jun,23,5,3,5A13,FALSE
20130606,2013-06-06,2013,2,Q2,6,June,Jun,23,6,4,6A13,FALSE
20130607,2013-06-07,2013,2,Q2,6,June,Jun,23,7,5,7A13,FALSE
20130608,2013-06-08,2013,2,Q2,6,June,Jun,23,8,6,8A13,TRUE
20130609,2013-06-09,2013,2,Q2,6,June,Jun,23,9,0,9A13,TRUE
20130610,2013-06-10,2013,2,Q2,6,June,Jun,24,10,1,10A13,FALSE
20130611,2013-06-11,2013,2,Q2,6,June,Jun,24,11,2,11A13,FALSE
20130612,2013-06-12,2013,2,Q2,6,June,Jun,24,12,3,12A13,FALSE
20130613,2013-06-13,2013,2,Q2,6,June,Jun,24,13,4,13A13,FALSE
20130614,2013-06-14,2013,2,Q2,6,June,Jun,24,14,5,14A13,FALSE
20130615,2013-06-15,2013,2,Q2,6,June,Jun,24,15,6,15A13,TRUE
20130616,2013-06-16,2013,2,Q2,6,June,Jun,24,16,0,16A13,TRUE
20130617,2013-06-17,2013,2,Q2,6,June,Jun,25,17,1,17A13,FALSE
20130618,2013-06-18,2013,2,Q2,6,June,Jun,25,18,2,18A13,FALSE
20130619,2013-06-19,2013,2,Q2,6,June,Jun,25,19,3,19A13,FALSE
20130620,2013-06-20,2013,2,Q2,6,June,Jun,25,20,4,20A13,FALSE
20130621,2013-06-21,2013,2,Q2,6,June,Jun,25,21,5,21A13,FALSE
20130622,2013-06-22,2013,2,Q2,6,June,Jun,25,22,6,22A13,TRUE
20130623,2013-06-23,2013,2,Q2,6,June,Jun,25,23,0,23A13,TRUE
20130624,2013-06-24,2013,2,Q2,6,June,Jun,26,24,1,24A13,FALSE
20130625,2013-06-25,2013,2,Q2,6,June,Jun,26,25,2,25A13,FALSE
20130626,2013-06-26,2013,2,Q2,6,June,Jun,26,26,3,26A13,FALSE
20130627,2013-06-27,2013,2,Q2,6,June,Jun,26,27,4,27A13,FALSE
20130628,2013-06-28,2013,2,Q2,6,June,Jun,26,28,5,28A13,FALSE
20130629,2013-06-29,2013,2,Q2,6,June,Jun,26,29,6,29A13,TRUE
20130630,2013-06-30,2013,2,Q2,6,June,Jun,26,30,0,30A13,TRUE
20130701,2013-07-01,2013,3,Q3,7,July,Jul,27,1,1,1A13,FALSE
20130702,2013-07-02,2013,3,Q3,7,July,Jul,27,2,2,2A13,FALSE
20130703,2013-07-03,2013,3,Q3,7,July,Jul,27,3,3,3A13,FALSE
20130704,2013-07-04,2013,3,Q3,7,July,Jul,27,4,4,4A13,FALSE
20130705,2013-07-05,2013,3,Q3,7,July,Jul,27,5,5,5A13,FALSE
20130706,2013-07-06,2013,3,Q3,7,July,Jul,27,6,6,6A13,TRUE
20130707,2013-07-07,2013,3,Q3,7,July,Jul,27,7,0,7A13,TRUE
20130708,2013-07-08,2013,3,Q3,7,July,Jul,28,8,1,8A13,FALSE
20130709,2013-07-09,2013,3,Q3,7,July,Jul,28,9,2,9A13,FALSE
20130710,2013-07-10,2013,3,Q3,7,July,Jul,28,10,3,10A13,FALSE
20130711,2013-07-11,2013,3,Q3,7,July,Jul,28,11,4,11A13,FALSE
20130712,2013-07-12,2013,3,Q3,7,July,Jul,28,12,5,12A13,FALSE
20130713,2013-07-13,2013,3,Q3,7,July,Jul,28,13,6,13A13,TRUE
20130714,2013-07-14,2013,3,Q3,7,July,Jul,28,14,0,14A13,TRUE
20130715,2013-07-15,2013,3,Q3,7,July,Jul,29,15,1,15A13,FALSE
20130716,2013-07-16,2013,3,Q3,7,July,Jul,29,16,2,16A13,FALSE
20130717,2013-07-17,2013,3,Q3,7,July,Jul,29,17,3,17A13,FALSE
20130718,2013-07-18,2013,3,Q3,7,July,Jul,29,18,4,18A13,FALSE
20130719,2013-07-19,2013,3,Q3,7,July,Jul,29,19,5,19A13,FALSE
20130720,2013-07-20,2013,3,Q3,7,July,Jul,29,20,6,20A13,TRUE
20130721,2013-07-21,2013,3,Q3,7,July,Jul,29,21,0,21A13,TRUE
20130722,2013-07-22,2013,3,Q3,7,July,Jul,30,22,1,22A13,FALSE
20130723,2013-07-23,2013,3,Q3,7,July,Jul,30,23,2,23A13,FALSE
20130724,2013-07-24,2013,3,Q3,7,July,Jul,30,24,3,24A13,FALSE
20130725,2013-07-25,2013,3,Q3,7,July,Jul,30,25,4,25A13,FALSE
20130726,2013-07-26,2013,3,Q3,7,July,Jul,30,26,5,26A13,FALSE
20130727,2013-07-27,2013,3,Q3,7,July,Jul,30,27,6,27A13,TRUE
20130728,2013-07-28,2013,3,Q3,7,July,Jul,30,28,0,28A13,TRUE
20130729,2013-07-29,2013,3,Q3,7,July,Jul,31,29,1,29A13,FALSE
20130730,2013-07-30,2013,3,Q3,7,July,Jul,31,30,2,30A13,FALSE
20130731,2013-07-31,2013,3,Q3,7,July,Jul,31,31,3,31A13,FALSE
20130801,2013-08-01,2013,3,Q3,8,August,Aug,31,1,4,1A13,FALSE
20130802,2013-08-02,2013,3,Q3,8,August,Aug,31,2,5,2A13,FALSE
20130803,2013-08-03,2013,3,Q3,8,August,Aug,31,3,6,3A13,TRUE
20130804,2013-08-04,2013,3,Q3,8,August,Aug,31,4,0,4A13,TRUE
20130805,2013-08-05,2013,3,Q3,8,August,Aug,32,5,1,5A13,FALSE
20130806,2013-08-06,2013,3,Q3,8,August,Aug,32,6,2,6A13,FALSE
20130807,2013-08-07,2013,3,Q3,8,August,Aug,32,7,3,7A13,FALSE
20130808,2013-08-08,2013,3,Q3,8,August,Aug,32,8,4,8A13,FALSE
20130809,2013-08-09,2013,3,Q3,8,August,Aug,32,9,5,9A13,FALSE
20130810,2013-08-10,2013,3,Q3,8,August,Aug,32,10,6,10A13,TRUE
20130811,2013-08-11,2013,3,Q3,8,August,Aug,32,11,0,11A13,TRUE
20130812,2013-08-12,2013,3,Q3,8,August,Aug,33,12,1,12A13,FALSE
20130813,2013-08-13,2013,3,Q3,8,August,Aug,33,13,2,13A13,FALSE
20130814,2013-08-14,2013,3,Q3,8,August,Aug,33,14,3,14A13,FALSE
20130815,2013-08-15,2013,3,Q3,8,August,Aug,33,15,4,15A13,FALSE
20130816,2013-08-16,2013,3,Q3,8,August,Aug,33,16,5,16A13,FALSE
20130817,2013-08-17,2013,3,Q3,8,August,Aug,33,17,6,17A13,TRUE
20130818,2013-08-18,2013,3,Q3,8,August,Aug,33,18,0,18A13,TRUE
20130819,2013-08-19,2013,3,Q3,8,August,Aug,34,19,1,19A13,FALSE
20130820,2013-08-20,2013,3,Q3,8,August,Aug,34,20,2,20A13,FALSE
20130821,2013-08-21,2013,3,Q3,8,August,Aug,34,21,3,21A13,FALSE
20130822,2013-08-22,2013,3,Q3,8,August,Aug,34,22,4,22A13,FALSE
20130823,2013-08-23,2013,3,Q3,8,August,Aug,34,23,5,23A13,FALSE
20130824,2013-08-24,2013,3,Q3,8,August,Aug,34,24,6,24A13,TRUE
20130825,2013-08-25,2013,3,Q3,8,August,Aug,34,25,0,25A13,TRUE
20130826,2013-08-26,2013,3,Q3,8,August,Aug,35,26,1,26A13,FALSE
20130827,2013-08-27,2013,3,Q3,8,August,Aug,35,27,2,27A13,FALSE
20130828,2013-08-28,2013,3,Q3,8,August,Aug,35,28,3,28A13,FALSE
20130829,2013-08-29,2013,3,Q3,8,August,Aug,35,29,4,29A13,FALSE
20130830,2013-08-30,2013,3,Q3,8,August,Aug,35,30,5,30A13,FALSE
20130831,2013-08-31,2013,3,Q3,8,August,Aug,35,31,6,31A13,TRUE
20130901,2013-09-01,2013,3,Q3,9,September,Sep,35,1,0,1A13,TRUE
20130902,2013-09-02,2013,3,Q3,9,September,Sep,36,2,1,2A13,FALSE
20130903,2013-09-03,2013,3,Q3,9,September,Sep,36,3,2,3A13,FALSE
20130904,2013-09-04,2013,3,Q3,9,September,Sep,36,4,3,4A13,FALSE
20130905,2013-09-05,2013,3,Q3,9,September,Sep,36,5,4,5A13,FALSE
20130906,2013-09-06,2013,3,Q3,9,September,Sep,36,6,5,6A13,FALSE
20130907,2013-09-07,2013,3,Q3,9,September,Sep,36,7,6,7A13,TRUE
20130908,2013-09-08,2013,3,Q3,9,September,Sep,36,8,0,8A13,TRUE
20130909,2013-09-09,2013,3,Q3,9,September,Sep,37,9,1,9A13,FALSE
20130910,2013-09-10,2013,3,Q3,9,September,Sep,37,10,2,10A13,FALSE
20130911,2013-09-11,2013,3,Q3,9,September,Sep,37,11,3,11A13,FALSE
20130912,2013-09-12,2013,3,Q3,9,September,Sep,37,12,4,12A13,FALSE
20130913,2013-09-13,2013,3,Q3,9,September,Sep,37,13,5,13A13,FALSE
20130914,2013-09-14,2013,3,Q3,9,September,Sep,37,14,6,14A13,TRUE
20130915,2013-09-15,2013,3,Q3,9,September,Sep,37,15,0,15A13,TRUE
20130916,2013-09-16,2013,3,Q3,9,September,Sep,38,16,1,16A13,FALSE
20130917,2013-09-17,2013,3,Q3,9,September,Sep,38,17,2,17A13,FALSE
20130918,2013-09-18,2013,3,Q3,9,September,Sep,38,18,3,18A13,FALSE
20130919,2013-09-19,2013,3,Q3,9,September,Sep,38,19,4,19A13,FALSE
20130920,2013-09-20,2013,3,Q3,9,September,Sep,38,20,5,20A13,FALSE
20130921,2013-09-21,2013,3,Q3,9,September,Sep,38,21,6,21A13,TRUE
20130922,2013-09-22,2013,3,Q3,9,September,Sep,38,22,0,22A13,TRUE
20130923,2013-09-23,2013,3,Q3,9,September,Sep,39,23,1,23A13,FALSE
20130924,2013-09-24,2013,3,Q3,9,September,Sep,39,24,2,24A13,FALSE
20130925,2013-09-25,2013,3,Q3,9,September,Sep,39,25,3,25A13,FALSE
20130926,2013-09-26,2013,3,Q3,9,September,Sep,39,26,4,26A13,FALSE
20130927,2013-09-27,2013,3,Q3,9,September,Sep,39,27,5,27A13,FALSE
20130928,2013-09-28,2013,3,Q3,9,September,Sep,39,28,6,28A13,TRUE
20130929,2013-09-29,2013,3,Q3,9,September,Sep,39,29,0,29A13,TRUE
20130930,2013-09-30,2013,3,Q3,9,September,Sep,40,30,1,30A13,FALSE
20131001,2013-10-01,2013,4,Q4,10,October,Oct,40,1,2,1A13,FALSE
20131002,2013-10-02,2013,4,Q4,10,October,Oct,40,2,3,2A13,FALSE
20131003,2013-10-03,2013,4,Q4,10,October,Oct,40,3,4,3A13,FALSE
20131004,2013-10-04,2013,4,Q4,10,October,Oct,40,4,5,4A13,FALSE
20131005,2013-10-05,2013,4,Q4,10,October,Oct,40,5,6,5A13,TRUE
20131006,2013-10-06,2013,4,Q4,10,October,Oct,40,6,0,6A13,TRUE
20131007,2013-10-07,2013,4,Q4,10,October,Oct,41,7,1,7A13,FALSE
20131008,2013-10-08,2013,4,Q4,10,October,Oct,41,8,2,8A13,FALSE
20131009,2013-10-09,2013,4,Q4,10,October,Oct,41,9,3,9A13,FALSE
20131010,2013-10-10,2013,4,Q4,10,October,Oct,41,10,4,10A13,FALSE
20131011,2013-10-11,2013,4,Q4,10,October,Oct,41,11,5,11A13,FALSE
20131012,2013-10-12,2013,4,Q4,10,October,Oct,41,12,6,12A13,TRUE
20131013,2013-10-13,2013,4,Q4,10,October,Oct,41,13,0,13A13,TRUE
20131014,2013-10-14,2013,4,Q4,10,October,Oct,42,14,1,14A13,FALSE
20131015,2013-10-15,2013,4,Q4,10,October,Oct,42,15,2,15A13,FALSE
20131016,2013-10-16,2013,4,Q4,10,October,Oct,42,16,3,16A13,FALSE
20131017,2013-10-17,2013,4,Q4,10,October,Oct,42,17,4,17A13,FALSE
20131018,2013-10-18,2013,4,Q4,10,October,Oct,42,18,5,18A13,FALSE
20131019,2013-10-19,2013,4,Q4,10,October,Oct,42,19,6,19A13,TRUE
20131020,2013-10-20,2013,4,Q4,10,October,Oct,42,20,0,20A13,TRUE
20131021,2013-10-21,2013,4,Q4,10,October,Oct,43,21,1,21A13,FALSE
20131022,2013-10-22,2013,4,Q4,10,October,Oct,43,22,2,22A13,FALSE
20131023,2013-10-23,2013,4,Q4,10,October,Oct,43,23,3,23A13,FALSE
20131024,2013-10-24,2013,4,Q4,10,October,Oct,43,24,4,24A13,FALSE
20131025,2013-10-25,2013,4,Q4,10,October,Oct,43,25,5,25A13,FALSE
20131026,2013-10-26,2013,4,Q4,10,October,Oct,43,26,6,26A13,TRUE
20131027,2013-10-27,2013,4,Q4,10,October,Oct,43,27,0,27A13,TRUE
20131028,2013-10-28,2013,4,Q4,10,October,Oct,44,28,1,28A13,FALSE
20131029,2013-10-29,2013,4,Q4,10,October,Oct,44,29,2,29A13,FALSE
20131030,2013-10-30,2013,4,Q4,10,October,Oct,44,30,3,30A13,FALSE
20131031,2013-10-31,2013,4,Q4,10,October,Oct,44,31,4,31A13,FALSE
20131101,2013-11-01,2013,4,Q4,11,November,Nov,44,1,5,1A13,FALSE
20131102,2013-11-02,2013,4,Q4,11,November,Nov,44,2,6,2A13,TRUE
20131103,2013-11-03,2013,4,Q4,11,November,Nov,44,3,0,3A13,TRUE
20131104,2013-11-04,2013,4,Q4,11,November,Nov,45,4,1,4A13,FALSE
20131105,2013-11-05,2013,4,Q4,11,November,Nov,45,5,2,5A13,FALSE
20131106,2013-11-06,2013,4,Q4,11,November,Nov,45,6,3,6A13,FALSE
20131107,2013-11-07,2013,4,Q4,11,November,Nov,45,7,4,7A13,FALSE
20131108,2013-11-08,2013,4,Q4,11,November,Nov,45,8,5,8A13,FALSE
20131109,2013-11-09,2013,4,Q4,11,November,Nov,45,9,6,9A13,TRUE
20131110,2013-11-10,2013,4,Q4,11,November,Nov,45,10,0,10A13,TRUE
20131111,2013-11-11,2013,4,Q4,11,November,Nov,46,11,1,11A13,FALSE
20131112,2013-11-12,2013,4,Q4,11,November,Nov,46,12,2,12A13,FALSE
20131113,2013-11-13,2013,4,Q4,11,November,Nov,46,13,3,13A13,FALSE
20131114,2013-11-14,2013,4,Q4,11,November,Nov,46,14,4,14A13,FALSE
20131115,2013-11-15,2013,4,Q4,11,November,Nov,46,15,5,15A13,FALSE
20131116,2013-11-16,2013,4,Q4,11,November,Nov,46,16,6,16A13,TRUE
20131117,2013-11-17,2013,4,Q4,11,November,Nov,46,17,0,17A13,TRUE
20131118,2013-11-18,2013,4,Q4,11,November,Nov,47,18,1,18A13,FALSE
20131119,2013-11-19,2013,4,Q4,11,November,Nov,47,19,2,19A13,FALSE
20131120,2013-11-20,2013,4,Q4,11,November,Nov,47,20,3,20A13,FALSE
20131121,2013-11-21,2013,4,Q4,11,November,Nov,47,21,4,21A13,FALSE
20131122,2013-11-22,2013,4,Q4,11,November,Nov,47,22,5,22A13,FALSE
20131123,2013-11-23,2013,4,Q4,11,November,Nov,47,23,6,23A13,TRUE
20131124,2013-11-24,2013,4,Q4,11,November,Nov,47,24,0,24A13,TRUE
20131125,2013-11-25,2013,4,Q4,11,November,Nov,48,25,1,25A13,FALSE
20131126,2013-11-26,2013,4,Q4,11,November,Nov,48,26,2,26A13,FALSE
20131127,2013-11-27,2013,4,Q4,11,November,Nov,48,27,3,27A13,FALSE
20131128,2013-11-28,2013,4,Q4,11,November,Nov,48,28,4,28A13,FALSE
20131129,2013-11-29,2013,4,Q4,11,November,Nov,48,29,5,29A13,FALSE
20131130,2013-11-30,2013,4,Q4,11,November,Nov,48,30,6,30A13,TRUE
20131201,2013-12-01,2013,4,Q4,12,December,Dec,48,1,0,1A13,TRUE
20131202,2013-12-02,2013,4,Q4,12,December,Dec,49,2,1,2A13,FALSE
20131203,2013-12-03,2013,4,Q4,12,December,Dec,49,3,2,3A13,FALSE
20131204,2013-12-04,2013,4,Q4,12,December,Dec,49,4,3,4A13,FALSE
20131205,2013-12-05,2013,4,Q4,12,December,Dec,49,5,4,5A13,FALSE
20131206,2013-12-06,2013,4,Q4,12,December,Dec,49,6,5,6A13,FALSE
20131207,2013-12-07,2013,4,Q4,12,December,Dec,49,7,6,7A13,TRUE
20131208,2013-12-08,2013,4,Q4,12,December,Dec,49,8,0,8A13,TRUE
20131209,2013-12-09,2013,4,Q4,12,December,Dec,50,9,1,9A13,FALSE
20131210,2013-12-10,2013,4,Q4,12,December,Dec,50,10,2,10A13,FALSE
20131211,2013-12-11,2013,4,Q4,12,December,Dec,50,11,3,11A13,FALSE
20131212,2013-12-12,2013,4,Q4,12,December,Dec,50,12,4,12A13,FALSE
20131213,2013-12-13,2013,4,Q4,12,December,Dec,50,13,5,13A13,FALSE
20131214,2013-12-14,2013,4,Q4,12,December,Dec,50,14,6,14A13,TRUE
20131215,2013-12-15,2013,4,Q4,12,December,Dec,50,15,0,15A13,TRUE
20131216,2013-12-16,2013,4,Q4,12,December,Dec,51,16,1,16A13,FALSE
20131217,2013-12-17,2013,4,Q4,12,December,Dec,51,17,2,17A13,FALSE
20131218,2013-12-18,2013,4,Q4,12,December,Dec,51,18,3,18A13,FALSE
20131219,2013-12-19,2013,4,Q4,12,December,Dec,51,19,4,19A13,FALSE
20131220,2013-12-20,2013,4,Q4,12,December,Dec,51,20,5,20A13,FALSE
20131221,2013-12-21,2013,4,Q4,12,December,Dec,51,21,6,21A13,TRUE
20131222,2013-12-22,2013,4,Q4,12,December,Dec,51,22,0,22A13,TRUE
20131223,2013-12-23,2013,4,Q4,12,December,Dec,52,23,1,23A13,FALSE
20131224,2013-12-24,2013,4,Q4,12,December,Dec,52,24,2,24A13,FALSE
20131225,2013-12-25,2013,4,Q4,12,December,Dec,52,25,3,25A13,FALSE
20131226,2013-12-26,2013,4,Q4,12,December,Dec,52,26,4,26A13,FALSE
20131227,2013-12-27,2013,4,Q4,12,December,Dec,52,27,5,27A13,FALSE
20131228,2013-12-28,2013,4,Q4,12,December,Dec,52,28,6,28A13,TRUE
20131229,2013-12-29,2013,4,Q4,12,December,Dec,52,29,0,29A13,TRUE
20131230,2013-12-30,2013,4,Q4,12,December,Dec,1,30,1,30A13,FALSE
20131231,2013-12-31,2013,4,Q4,12,December,Dec,1,31,2,31A13,FALSE
20140101,2014-01-01,2014,1,Q1,1,January,Jan,1,1,3,1A14,FALSE
20140102,2014-01-02,2014,1,Q1,1,January,Jan,1,2,4,2A14,FALSE
20140103,2014-01-03,2014,1,Q1,1,January,Jan,1,3,5,3A14,FALSE
20140104,2014-01-04,2014,1,Q1,1,January,Jan,1,4,6,4A14,TRUE
20140105,2014-01-05,2014,1,Q1,1,January,Jan,1,5,0,5A14,TRUE
20140106,2014-01-06,2014,1,Q1,1,January,Jan,2,6,1,6A14,FALSE
20140107,2014-01-07,2014,1,Q1,1,January,Jan,2,7,2,7A14,FALSE
20140108,2014-01-08,2014,1,Q1,1,January,Jan,2,8,3,8A14,FALSE
20140109,2014-01-09,2014,1,Q1,1,January,Jan,2,9,4,9A14,FALSE
20140110,2014-01-10,2014,1,Q1,1,January,Jan,2,10,5,10A14,FALSE
20140111,2014-01-11,2014,1,Q1,1,January,Jan,2,11,6,11A14,TRUE
20140112,2014-01-12,2014,1,Q1,1,January,Jan,2,12,0,12A14,TRUE
20140113,2014-01-13,2014,1,Q1,1,January,Jan,3,13,1,13A14,FALSE
20140114,2014-01-14,2014,1,Q1,1,January,Jan,3,14,2,14A14,FALSE
20140115,2014-01-15,2014,1,Q1,1,January,Jan,3,15,3,15A14,FALSE
20140116,2014-01-16,2014,1,Q1,1,January,Jan,3,16,4,16A14,FALSE
20140117,2014-01-17,2014,1,Q1,1,January,Jan,3,17,5,17A14,FALSE
20140118,2014-01-18,2014,1,Q1,1,January,Jan,3,18,6,18A14,TRUE
20140119,2014-01-19,2014,1,Q1,1,January,Jan,3,19,0,19A14,TRUE
20140120,2014-01-20,2014,1,Q1,1,January,Jan,4,20,1,20A14,FALSE
20140121,2014-01-21,2014,1,Q1,1,January,Jan,4,21,2,21A14,FALSE
20140122,2014-01-22,2014,1,Q1,1,January,Jan,4,22,3,22A14,FALSE
20140123,2014-01-23,2014,1,Q1,1,January,Jan,4,23,4,23A14,FALSE
20140124,2014-01-24,2014,1,Q1,1,January,Jan,4,24,5,24A14,FALSE
20140125,2014-01-25,2014,1,Q1,1,January,Jan,4,25,6,25A14,TRUE
20140126,2014-01-26,2014,1,Q1,1,January,Jan,4,26,0,26A14,TRUE
20140127,2014-01-27,2014,1,Q1,1,January,Jan,5,27,1,27A14,FALSE
20140128,2014-01-28,2014,1,Q1,1,January,Jan,5,28,2,28A14,FALSE
20140129,2014-01-29,2014,1,Q1,1,January,Jan,5,29,3,29A14,FALSE
20140130,2014-01-30,2014,1,Q1,1,January,Jan,5,30,4,30A14,FALSE
20140131,2014-01-31,2014,1,Q1,1,January,Jan,5,31,5,31A14,FALSE
20140201,2014-02-01,2014,1,Q1,2,February,Feb,5,1,6,1A14,TRUE
20140202,2014-02-02,2014,1,Q1,2,February,Feb,5,2,0,2A14,TRUE
20140203,2014-02-03,2014,1,Q1,2,February,Feb,6,3,1,3A14,FALSE
20140204,2014-02-04,2014,1,Q1,2,February,Feb,6,4,2,4A14,FALSE
20140205,2014-02-05,2014,1,Q1,2,February,Feb,6,5,3,5A14,FALSE
20140206,2014-02-06,2014,1,Q1,2,February,Feb,6,6,4,6A14,FALSE
20140207,2014-02-07,2014,1,Q1,2,February,Feb,6,7,5,7A14,FALSE
20140208,2014-02-08,2014,1,Q1,2,February,Feb,6,8,6,8A14,TRUE
20140209,2014-02-09,2014,1,Q1,2,February,Feb,6,9,0,9A14,TRUE
20140210,2014-02-10,2014,1,Q1,2,February,Feb,7,10,1,10A14,FALSE
20140211,2014-02-11,2014,1,Q1,2,February,Feb,7,11,2,11A14,FALSE
20140212,2014-02-12,2014,1,Q1,2,February,Feb,7,12,3,12A14,FALSE
20140213,2014-02-13,2014,1,Q1,2,February,Feb,7,13,4,13A14,FALSE
20140214,2014-02-14,2014,1,Q1,2,February,Feb,7,14,5,14A14,FALSE
20140215,2014-02-15,2014,1,Q1,2,February,Feb,7,15,6,15A14,TRUE
20140216,2014-02-16,2014,1,Q1,2,February,Feb,7,16,0,16A14,TRUE
20140217,2014-02-17,2014,1,Q1,2,February,Feb,8,17,1,17A14,FALSE
20140218,2014-02-18,2014,1,Q1,2,February,Feb,8,18,2,18A14,FALSE
20140219,2014-02-19,2014,1,Q1,2,February,Feb,8,19,3,19A14,FALSE
20140220,2014-02-20,2014,1,Q1,2,February,Feb,8,20,4,20A14,FALSE
20140221,2014-02-21,2014,1,Q1,2,February,Feb,8,21,5,21A14,FALSE
20140222,2014-02-22,2014,1,Q1,2,February,Feb,8,22,6,22A14,TRUE
20140223,2014-02-23,2014,1,Q1,2,February,Feb,8,23,0,23A14,TRUE
20140224,2014-02-24,2014,1,Q1,2,February,Feb,9,24,1,24A14,FALSE
20140225,2014-02-25,2014,1,Q1,2,February,Feb,9,25,2,25A14,FALSE
20140226,2014-02-26,2014,1,Q1,2,February,Feb,9,26,3,26A14,FALSE
20140227,2014-02-27,2014,1,Q1,2,February,Feb,9,27,4,27A14,FALSE
20140228,2014-02-28,2014,1,Q1,2,February,Feb,9,28,5,28A14,FALSE
20140301,2014-03-01,2014,1,Q1,3,March,Mar,9,1,6,1A14,TRUE
20140302,2014-03-02,2014,1,Q1,3,March,Mar,9,2,0,2A14,TRUE
20140303,2014-03-03,2014,1,Q1,3,March,Mar,10,3,1,3A14,FALSE
20140304,2014-03-04,2014,1,Q1,3,March,Mar,10,4,2,4A14,FALSE
20140305,2014-03-05,2014,1,Q1,3,March,Mar,10,5,3,5A14,FALSE
20140306,2014-03-06,2014,1,Q1,3,March,Mar,10,6,4,6A14,FALSE
20140307,2014-03-07,2014,1,Q1,3,March,Mar,10,7,5,7A14,FALSE
20140308,2014-03-08,2014,1,Q1,3,March,Mar,10,8,6,8A14,TRUE
20140309,2014-03-09,2014,1,Q1,3,March,Mar,10,9,0,9A14,TRUE
20140310,2014-03-10,2014,1,Q1,3,March,Mar,11,10,1,10A14,FALSE
20140311,2014-03-11,2014,1,Q1,3,March,Mar,11,11,2,11A14,FALSE
20140312,2014-03-12,2014,1,Q1,3,March,Mar,11,12,3,12A14,FALSE
20140313,2014-03-13,2014,1,Q1,3,March,Mar,11,13,4,13A14,FALSE
20140314,2014-03-14,2014,1,Q1,3,March,Mar,11,14,5,14A14,FALSE
20140315,2014-03-15,2014,1,Q1,3,March,Mar,11,15,6,15A14,TRUE
20140316,2014-03-16,2014,1,Q1,3,March,Mar,11,16,0,16A14,TRUE
20140317,2014-03-17,2014,1,Q1,3,March,Mar,12,17,1,17A14,FALSE
20140318,2014-03-18,2014,1,Q1,3,March,Mar,12,18,2,18A14,FALSE
20140319,2014-03-19,2014,1,Q1,3,March,Mar,12,19,3,19A14,FALSE
20140320,2014-03-20,2014,1,Q1,3,March,Mar,12,20,4,20A14,FALSE
20140321,2014-03-21,2014,1,Q1,3,March,Mar,12,21,5,21A14,FALSE
20140322,2014-03-22,2014,1,Q1,3,March,Mar,12,22,6,22A14,TRUE
20140323,2014-03-23,2014,1,Q1,3,March,Mar,12,23,0,23A14,TRUE
20140324,2014-03-24,2014,1,Q1,3,March,Mar,13,24,1,24A14,FALSE
20140325,2014-03-25,2014,1,Q1,3,March,Mar,13,25,2,25A14,FALSE
20140326,2014-03-26,2014,1,Q1,3,March,Mar,13,26,3,26A14,FALSE
20140327,2014-03-27,2014,1,Q1,3,March,Mar,13,27,4,27A14,FALSE
20140328,2014-03-28,2014,1,Q1,3,March,Mar,13,28,5,28A14,FALSE
20140329,2014-03-29,2014,1,Q1,3,March,Mar,13,29,6,29A14,TRUE
20140330,2014-03-30,2014,1,Q1,3,March,Mar,13,30,0,30A14,TRUE
20140331,2014-03-31,2014,1,Q1,3,March,Mar,14,31,1,31A14,FALSE
20140401,2014-04-01,2014,2,Q2,4,April,Apr,14,1,2,1A14,FALSE
20140402,2014-04-02,2014,2,Q2,4,April,Apr,14,2,3,2A14,FALSE
20140403,2014-04-03,2014,2,Q2,4,April,Apr,14,3,4,3A14,FALSE
20140404,2014-04-04,2014,2,Q2,4,April,Apr,14,4,5,4A14,FALSE
20140405,2014-04-05,2014,2,Q2,4,April,Apr,14,5,6,5A14,TRUE
20140406,2014-04-06,2014,2,Q2,4,April,Apr,14,6,0,6A14,TRUE
20140407,2014-04-07,2014,2,Q2,4,April,Apr,15,7,1,7A14,FALSE
20140408,2014-04-08,2014,2,Q2,4,April,Apr,15,8,2,8A14,FALSE
20140409,2014-04-09,2014,2,Q2,4,April,Apr,15,9,3,9A14,FALSE
20140410,2014-04-10,2014,2,Q2,4,April,Apr,15,10,4,10A14,FALSE
20140411,2014-04-11,2014,2,Q2,4,April,Apr,15,11,5,11A14,FALSE
20140412,2014-04-12,2014,2,Q2,4,April,Apr,15,12,6,12A14,TRUE
20140413,2014-04-13,2014,2,Q2,4,April,Apr,15,13,0,13A14,TRUE
20140414,2014-04-14,2014,2,Q2,4,April,Apr,16,14,1,14A14,FALSE
20140415,2014-04-15,2014,2,Q2,4,April,Apr,16,15,2,15A14,FALSE
20140416,2014-04-16,2014,2,Q2,4,April,Apr,16,16,3,16A14,FALSE
20140417,2014-04-17,2014,2,Q2,4,April,Apr,16,17,4,17A14,FALSE
20140418,2014-04-18,2014,2,Q2,4,April,Apr,16,18,5,18A14,FALSE
20140419,2014-04-19,2014,2,Q2,4,April,Apr,16,19,6,19A14,TRUE
20140420,2014-04-20,2014,2,Q2,4,April,Apr,16,20,0,20A14,TRUE
20140421,2014-04-21,2014,2,Q2,4,April,Apr,17,21,1,21A14,FALSE
20140422,2014-04-22,2014,2,Q2,4,April,Apr,17,22,2,22A14,FALSE
20140423,2014-04-23,2014,2,Q2,4,April,Apr,17,23,3,23A14,FALSE
20140424,2014-04-24,2014,2,Q2,4,April,Apr,17,24,4,24A14,FALSE
20140425,2014-04-25,2014,2,Q2,4,April,Apr,17,25,5,25A14,FALSE
20140426,2014-04-26,2014,2,Q2,4,April,Apr,17,26,6,26A14,TRUE
20140427,2014-04-27,2014,2,Q2,4,April,Apr,17,27,0,27A14,TRUE
20140428,2014-04-28,2014,2,Q2,4,April,Apr,18,28,1,28A14,FALSE
20140429,2014-04-29,2014,2,Q2,4,April,Apr,18,29,2,29A14,FALSE
20140430,2014-04-30,2014,2,Q2,4,April,Apr,18,30,3,30A14,FALSE
20140501,2014-05-01,2014,2,Q2,5,May,May,18,1,4,1A14,FALSE
20140502,2014-05-02,2014,2,Q2,5,May,May,18,2,5,2A14,FALSE
20140503,2014-05-03,2014,2,Q2,5,May,May,18,3,6,3A14,TRUE
20140504,2014-05-04,2014,2,Q2,5,May,May,18,4,0,4A14,TRUE
20140505,2014-05-05,2014,2,Q2,5,May,May,19,5,1,5A14,FALSE
20140506,2014-05-06,2014,2,Q2,5,May,May,19,6,2,6A14,FALSE
20140507,2014-05-07,2014,2,Q2,5,May,May,19,7,3,7A14,FALSE
20140508,2014-05-08,2014,2,Q2,5,May,May,19,8,4,8A14,FALSE
20140509,2014-05-09,2014,2,Q2,5,May,May,19,9,5,9A14,FALSE
20140510,2014-05-10,2014,2,Q2,5,May,May,19,10,6,10A14,TRUE
20140511,2014-05-11,2014,2,Q2,5,May,May,19,11,0,11A14,TRUE
20140512,2014-05-12,2014,2,Q2,5,May,May,20,12,1,12A14,FALSE
20140513,2014-05-13,2014,2,Q2,5,May,May,20,13,2,13A14,FALSE
20140514,2014-05-14,2014,2,Q2,5,May,May,20,14,3,14A14,FALSE
20140515,2014-05-15,2014,2,Q2,5,May,May,20,15,4,15A14,FALSE
20140516,2014-05-16,2014,2,Q2,5,May,May,20,16,5,16A14,FALSE
20140517,2014-05-17,2014,2,Q2,5,May,May,20,17,6,17A14,TRUE
20140518,2014-05-18,2014,2,Q2,5,May,May,20,18,0,18A14,TRUE
20140519,2014-05-19,2014,2,Q2,5,May,May,21,19,1,19A14,FALSE
20140520,2014-05-20,2014,2,Q2,5,May,May,21,20,2,20A14,FALSE
20140521,2014-05-21,2014,2,Q2,5,May,May,21,21,3,21A14,FALSE
20140522,2014-05-22,2014,2,Q2,5,May,May,21,22,4,22A14,FALSE
20140523,2014-05-23,2014,2,Q2,5,May,May,21,23,5,23A14,FALSE
20140524,2014-05-24,2014,2,Q2,5,May,May,21,24,6,24A14,TRUE
20140525,2014-05-25,2014,2,Q2,5,May,May,21,25,0,25A14,TRUE
20140526,2014-05-26,2014,2,Q2,5,May,May,22,26,1,26A14,FALSE
20140527,2014-05-27,2014,2,Q2,5,May,May,22,27,2,27A14,FALSE
20140528,2014-05-28,2014,2,Q2,5,May,May,22,28,3,28A14,FALSE
20140529,2014-05-29,2014,2,Q2,5,May,May,22,29,4,29A14,FALSE
20140530,2014-05-30,2014,2,Q2,5,May,May,22,30,5,30A14,FALSE
20140531,2014-05-31,2014,2,Q2,5,May,May,22,31,6,31A14,TRUE
20140601,2014-06-01,2014,2,Q2,6,June,Jun,22,1,0,1A14,TRUE
20140602,2014-06-02,2014,2,Q2,6,June,Jun,23,2,1,2A14,FALSE
20140603,2014-06-03,2014,2,Q2,6,June,Jun,23,3,2,3A14,FALSE
20140604,2014-06-04,2014,2,Q2,6,June,Jun,23,4,3,4A14,FALSE
20140605,2014-06-05,2014,2,Q2,6,June,Jun,23,5,4,5A14,FALSE
20140606,2014-06-06,2014,2,Q2,6,June,Jun,23,6,5,6A14,FALSE
20140607,2014-06-07,2014,2,Q2,6,June,Jun,23,7,6,7A14,TRUE
20140608,2014-06-08,2014,2,Q2,6,June,Jun,23,8,0,8A14,TRUE
20140609,2014-06-09,2014,2,Q2,6,June,Jun,24,9,1,9A14,FALSE
20140610,2014-06-10,2014,2,Q2,6,June,Jun,24,10,2,10A14,FALSE
20140611,2014-06-11,2014,2,Q2,6,June,Jun,24,11,3,11A14,FALSE
20140612,2014-06-12,2014,2,Q2,6,June,Jun,24,12,4,12A14,FALSE
20140613,2014-06-13,2014,2,Q2,6,June,Jun,24,13,5,13A14,FALSE
20140614,2014-06-14,2014,2,Q2,6,June,Jun,24,14,6,14A14,TRUE
20140615,2014-06-15,2014,2,Q2,6,June,Jun,24,15,0,15A14,TRUE
20140616,2014-06-16,2014,2,Q2,6,June,Jun,25,16,1,16A14,FALSE
20140617,2014-06-17,2014,2,Q2,6,June,Jun,25,17,2,17A14,FALSE
20140618,2014-06-18,2014,2,Q2,6,June,Jun,25,18,3,18A14,FALSE
20140619,2014-06-19,2014,2,Q2,6,June,Jun,25,19,4,19A14,FALSE
20140620,2014-06-20,2014,2,Q2,6,June,Jun,25,20,5,20A14,FALSE
20140621,2014-06-21,2014,2,Q2,6,June,Jun,25,21,6,21A14,TRUE
20140622,2014-06-22,2014,2,Q2,6,June,Jun,25,22,0,22A14,TRUE
20140623,2014-06-23,2014,2,Q2,6,June,Jun,26,23,1,23A14,FALSE
20140624,2014-06-24,2014,2,Q2,6,June,Jun,26,24,2,24A14,FALSE
20140625,2014-06-25,2014,2,Q2,6,June,Jun,26,25,3,25A14,FALSE
20140626,2014-06-26,2014,2,Q2,6,June,Jun,26,26,4,26A14,FALSE
20140627,2014-06-27,2014,2,Q2,6,June,Jun,26,27,5,27A14,FALSE
20140628,2014-06-28,2014,2,Q2,6,June,Jun,26,28,6,28A14,TRUE
20140629,2014-06-29,2014,2,Q2,6,June,Jun,26,29,0,29A14,TRUE
20140630,2014-06-30,2014,2,Q2,6,June,Jun,27,30,1,30A14,FALSE
20140701,2014-07-01,2014,3,Q3,7,July,Jul,27,1,2,1A14,FALSE
20140702,2014-07-02,2014,3,Q3,7,July,Jul,27,2,3,2A14,FALSE
20140703,2014-07-03,2014,3,Q3,7,July,Jul,27,3,4,3A14,FALSE
20140704,2014-07-04,2014,3,Q3,7,July,Jul,27,4,5,4A14,FALSE
20140705,2014-07-05,2014,3,Q3,7,July,Jul,27,5,6,5A14,TRUE
20140706,2014-07-06,2014,3,Q3,7,July,Jul,27,6,0,6A14,TRUE
20140707,2014-07-07,2014,3,Q3,7,July,Jul,28,7,1,7A14,FALSE
20140708,2014-07-08,2014,3,Q3,7,July,Jul,28,8,2,8A14,FALSE
20140709,2014-07-09,2014,3,Q3,7,July,Jul,28,9,3,9A14,FALSE
20140710,2014-07-10,2014,3,Q3,7,July,Jul,28,10,4,10A14,FALSE
20140711,2014-07-11,2014,3,Q3,7,July,Jul,28,11,5,11A14,FALSE
20140712,2014-07-12,2014,3,Q3,7,July,Jul,28,12,6,12A14,TRUE
20140713,2014-07-13,2014,3,Q3,7,July,Jul,28,13,0,13A14,TRUE
20140714,2014-07-14,2014,3,Q3,7,July,Jul,29,14,1,14A14,FALSE
20140715,2014-07-15,2014,3,Q3,7,July,Jul,29,15,2,15A14,FALSE
20140716,2014-07-16,2014,3,Q3,7,July,Jul,29,16,3,16A14,FALSE
20140717,2014-07-17,2014,3,Q3,7,July,Jul,29,17,4,17A14,FALSE
20140718,2014-07-18,2014,3,Q3,7,July,Jul,29,18,5,18A14,FALSE
20140719,2014-07-19,2014,3,Q3,7,July,Jul,29,19,6,19A14,TRUE
20140720,2014-07-20,2014,3,Q3,7,July,Jul,29,20,0,20A14,TRUE
20140721,2014-07-21,2014,3,Q3,7,July,Jul,30,21,1,21A14,FALSE
20140722,2014-07-22,2014,3,Q3,7,July,Jul,30,22,2,22A14,FALSE
20140723,2014-07-23,2014,3,Q3,7,July,Jul,30,23,3,23A14,FALSE
20140724,2014-07-24,2014,3,Q3,7,July,Jul,30,24,4,24A14,FALSE
20140725,2014-07-25,2014,3,Q3,7,July,Jul,30,25,5,25A14,FALSE
20140726,2014-07-26,2014,3,Q3,7,July,Jul,30,26,6,26A14,TRUE
20140727,2014-07-27,2014,3,Q3,7,July,Jul,30,27,0,27A14,TRUE
20140728,2014-07-28,2014,3,Q3,7,July,Jul,31,28,1,28A14,FALSE
20140729,2014-07-29,2014,3,Q3,7,July,Jul,31,29,2,29A14,FALSE
20140730,2014-07-30,2014,3,Q3,7,July,Jul,31,30,3,30A14,FALSE
20140731,2014-07-31,2014,3,Q3,7,July,Jul,31,31,4,31A14,FALSE
20140801,2014-08-01,2014,3,Q3,8,August,Aug,31,1,5,1A14,FALSE
20140802,2014-08-02,2014,3,Q3,8,August,Aug,31,2,6,2A14,TRUE
20140803,2014-08-03,2014,3,Q3,8,August,Aug,31,3,0,3A14,TRUE
20140804,2014-08-04,2014,3,Q3,8,August,Aug,32,4,1,4A14,FALSE
20140805,2014-08-05,2014,3,Q3,8,August,Aug,32,5,2,5A14,FALSE
20140806,2014-08-06,2014,3,Q3,8,August,Aug,32,6,3,6A14,FALSE
20140807,2014-08-07,2014,3,Q3,8,August,Aug,32,7,4,7A14,FALSE
20140808,2014-08-08,2014,3,Q3,8,August,Aug,32,8,5,8A14,FALSE
20140809,2014-08-09,2014,3,Q3,8,August,Aug,32,9,6,9A14,TRUE
20140810,2014-08-10,2014,3,Q3,8,August,Aug,32,10,0,10A14,TRUE
20140811,2014-08-11,2014,3,Q3,8,August,Aug,33,11,1,11A14,FALSE
20140812,2014-08-12,2014,3,Q3,8,August,Aug,33,12,2,12A14,FALSE
20140813,2014-08-13,2014,3,Q3,8,August,Aug,33,13,3,13A14,FALSE
20140814,2014-08-14,2014,3,Q3,8,August,Aug,33,14,4,14A14,FALSE
20140815,2014-08-15,2014,3,Q3,8,August,Aug,33,15,5,15A14,FALSE
20140816,2014-08-16,2014,3,Q3,8,August,Aug,33,16,6,16A14,TRUE
20140817,2014-08-17,2014,3,Q3,8,August,Aug,33,17,0,17A14,TRUE
20140818,2014-08-18,2014,3,Q3,8,August,Aug,34,18,1,18A14,FALSE
20140819,2014-08-19,2014,3,Q3,8,August,Aug,34,19,2,19A14,FALSE
20140820,2014-08-20,2014,3,Q3,8,August,Aug,34,20,3,20A14,FALSE
20140821,2014-08-21,2014,3,Q3,8,August,Aug,34,21,4,21A14,FALSE
20140822,2014-08-22,2014,3,Q3,8,August,Aug,34,22,5,22A14,FALSE
20140823,2014-08-23,2014,3,Q3,8,August,Aug,34,23,6,23A14,TRUE
20140824,2014-08-24,2014,3,Q3,8,August,Aug,34,24,0,24A14,TRUE
20140825,2014-08-25,2014,3,Q3,8,August,Aug,35,25,1,25A14,FALSE
20140826,2014-08-26,2014,3,Q3,8,August,Aug,35,26,2,26A14,FALSE
20140827,2014-08-27,2014,3,Q3,8,August,Aug,35,27,3,27A14,FALSE
20140828,2014-08-28,2014,3,Q3,8,August,Aug,35,28,4,28A14,FALSE
20140829,2014-08-29,2014,3,Q3,8,August,Aug,35,29,5,29A14,FALSE
20140830,2014-08-30,2014,3,Q3,8,August,Aug,35,30,6,30A14,TRUE
20140831,2014-08-31,2014,3,Q3,8,August,Aug,35,31,0,31A14,TRUE
20140901,2014-09-01,2014,3,Q3,9,September,Sep,36,1,1,1A14,FALSE
20140902,2014-09-02,2014,3,Q3,9,September,Sep,36,2,2,2A14,FALSE
20140903,2014-09-03,2014,3,Q3,9,September,Sep,36,3,3,3A14,FALSE
20140904,2014-09-04,2014,3,Q3,9,September,Sep,36,4,4,4A14,FALSE
20140905,2014-09-05,2014,3,Q3,9,September,Sep,36,5,5,5A14,FALSE
20140906,2014-09-06,2014,3,Q3,9,September,Sep,36,6,6,6A14,TRUE
20140907,2014-09-07,2014,3,Q3,9,September,Sep,36,7,0,7A14,TRUE
20140908,2014-09-08,2014,3,Q3,9,September,Sep,37,8,1,8A14,FALSE
20140909,2014-09-09,2014,3,Q3,9,September,Sep,37,9,2,9A14,FALSE
20140910,2014-09-10,2014,3,Q3,9,September,Sep,37,10,3,10A14,FALSE
20140911,2014-09-11,2014,3,Q3,9,September,Sep,37,11,4,11A14,FALSE
20140912,2014-09-12,2014,3,Q3,9,September,Sep,37,12,5,12A14,FALSE
20140913,2014-09-13,2014,3,Q3,9,September,Sep,37,13,6,13A14,TRUE
20140914,2014-09-14,2014,3,Q3,9,September,Sep,37,14,0,14A14,TRUE
20140915,2014-09-15,2014,3,Q3,9,September,Sep,38,15,1,15A14,FALSE
20140916,2014-09-16,2014,3,Q3,9,September,Sep,38,16,2,16A14,FALSE
20140917,2014-09-17,2014,3,Q3,9,September,Sep,38,17,3,17A14,FALSE
20140918,2014-09-18,2014,3,Q3,9,September,Sep,38,18,4,18A14,FALSE
20140919,2014-09-19,2014,3,Q3,9,September,Sep,38,19,5,19A14,FALSE
20140920,2014-09-20,2014,3,Q3,9,September,Sep,38,20,6,20A14,TRUE
20140921,2014-09-21,2014,3,Q3,9,September,Sep,38,21,0,21A14,TRUE
20140922,2014-09-22,2014,3,Q3,9,September,Sep,39,22,1,22A14,FALSE
20140923,2014-09-23,2014,3,Q3,9,September,Sep,39,23,2,23A14,FALSE
20140924,2014-09-24,2014,3,Q3,9,September,Sep,39,24,3,24A14,FALSE
20140925,2014-09-25,2014,3,Q3,9,September,Sep,39,25,4,25A14,FALSE
20140926,2014-09-26,2014,3,Q3,9,September,Sep,39,26,5,26A14,FALSE
20140927,2014-09-27,2014,3,Q3,9,September,Sep,39,27,6,27A14,TRUE
20140928,2014-09-28,2014,3,Q3,9,September,Sep,39,28,0,28A14,TRUE
20140929,2014-09-29,2014,3,Q3,9,September,Sep,40,29,1,29A14,FALSE
20140930,2014-09-30,2014,3,Q3,9,September,Sep,40,30,2,30A14,FALSE
20141001,2014-10-01,2014,4,Q4,10,October,Oct,40,1,3,1A14,FALSE
20141002,2014-10-02,2014,4,Q4,10,October,Oct,40,2,4,2A14,FALSE
20141003,2014-10-03,2014,4,Q4,10,October,Oct,40,3,5,3A14,FALSE
20141004,2014-10-04,2014,4,Q4,10,October,Oct,40,4,6,4A14,TRUE
20141005,2014-10-05,2014,4,Q4,10,October,Oct,40,5,0,5A14,TRUE
20141006,2014-10-06,2014,4,Q4,10,October,Oct,41,6,1,6A14,FALSE
20141007,2014-10-07,2014,4,Q4,10,October,Oct,41,7,2,7A14,FALSE
20141008,2014-10-08,2014,4,Q4,10,October,Oct,41,8,3,8A14,FALSE
20141009,2014-10-09,2014,4,Q4,10,October,Oct,41,9,4,9A14,FALSE
20141010,2014-10-10,2014,4,Q4,10,October,Oct,41,10,5,10A14,FALSE
20141011,2014-10-11,2014,4,Q4,10,October,Oct,41,11,6,11A14,TRUE
20141012,2014-10-12,2014,4,Q4,10,October,Oct,41,12,0,12A14,TRUE
20141013,2014-10-13,2014,4,Q4,10,October,Oct,42,13,1,13A14,FALSE
20141014,2014-10-14,2014,4,Q4,10,October,Oct,42,14,2,14A14,FALSE
20141015,2014-10-15,2014,4,Q4,10,October,Oct,42,15,3,15A14,FALSE
20141016,2014-10-16,2014,4,Q4,10,October,Oct,42,16,4,16A14,FALSE
20141017,2014-10-17,2014,4,Q4,10,October,Oct,42,17,5,17A14,FALSE
20141018,2014-10-18,2014,4,Q4,10,October,Oct,42,18,6,18A14,TRUE
20141019,2014-10-19,2014,4,Q4,10,October,Oct,42,19,0,19A14,TRUE
20141020,2014-10-20,2014,4,Q4,10,October,Oct,43,20,1,20A14,FALSE
20141021,2014-10-21,2014,4,Q4,10,October,Oct,43,21,2,21A14,FALSE
20141022,2014-10-22,2014,4,Q4,10,October,Oct,43,22,3,22A14,FALSE
20141023,2014-10-23,2014,4,Q4,10,October,Oct,43,23,4,23A14,FALSE
20141024,2014-10-24,2014,4,Q4,10,October,Oct,43,24,5,24A14,FALSE
20141025,2014-10-25,2014,4,Q4,10,October,Oct,43,25,6,25A14,TRUE
20141026,2014-10-26,2014,4,Q4,10,October,Oct,43,26,0,26A14,TRUE
20141027,2014-10-27,2014,4,Q4,10,October,Oct,44,27,1,27A14,FALSE
20141028,2014-10-28,2014,4,Q4,10,October,Oct,44,28,2,28A14,FALSE
20141029,2014-10-29,2014,4,Q4,10,October,Oct,44,29,3,29A14,FALSE
20141030,2014-10-30,2014,4,Q4,10,October,Oct,44,30,4,30A14,FALSE
20141031,2014-10-31,2014,4,Q4,10,October,Oct,44,31,5,31A14,FALSE
20141101,2014-11-01,2014,4,Q4,11,November,Nov,44,1,6,1A14,TRUE
20141102,2014-11-02,2014,4,Q4,11,November,Nov,44,2,0,2A14,TRUE
20141103,2014-11-03,2014,4,Q4,11,November,Nov,45,3,1,3A14,FALSE
20141104,2014-11-04,2014,4,Q4,11,November,Nov,45,4,2,4A14,FALSE
20141105,2014-11-05,2014,4,Q4,11,November,Nov,45,5,3,5A14,FALSE
20141106,2014-11-06,2014,4,Q4,11,November,Nov,45,6,4,6A14,FALSE
20141107,2014-11-07,2014,4,Q4,11,November,Nov,45,7,5,7A14,FALSE
20141108,2014-11-08,2014,4,Q4,11,November,Nov,45,8,6,8A14,TRUE
20141109,2014-11-09,2014,4,Q4,11,November,Nov,45,9,0,9A14,TRUE
20141110,2014-11-10,2014,4,Q4,11,November,Nov,46,10,1,10A14,FALSE
20141111,2014-11-11,2014,4,Q4,11,November,Nov,46,11,2,11A14,FALSE
20141112,2014-11-12,2014,4,Q4,11,November,Nov,46,12,3,12A14,FALSE
20141113,2014-11-13,2014,4,Q4,11,November,Nov,46,13,4,13A14,FALSE
20141114,2014-11-14,2014,4,Q4,11,November,Nov,46,14,5,14A14,FALSE
20141115,2014-11-15,2014,4,Q4,11,November,Nov,46,15,6,15A14,TRUE
20141116,2014-11-16,2014,4,Q4,11,November,Nov,46,16,0,16A14,TRUE
20141117,2014-11-17,2014,4,Q4,11,November,Nov,47,17,1,17A14,FALSE
20141118,2014-11-18,2014,4,Q4,11,November,Nov,47,18,2,18A14,FALSE
20141119,2014-11-19,2014,4,Q4,11,November,Nov,47,19,3,19A14,FALSE
20141120,2014-11-20,2014,4,Q4,11,November,Nov,47,20,4,20A14,FALSE
20141121,2014-11-21,2014,4,Q4,11,November,Nov,47,21,5,21A14,FALSE
20141122,2014-11-22,2014,4,Q4,11,November,Nov,47,22,6,22A14,TRUE
20141123,2014-11-23,2014,4,Q4,11,November,Nov,47,23,0,23A14,TRUE
20141124,2014-11-24,2014,4,Q4,11,November,Nov,48,24,1,24A14,FALSE
20141125,2014-11-25,2014,4,Q4,11,November,Nov,48,25,2,25A14,FALSE
20141126,2014-11-26,2014,4,Q4,11,November,Nov,48,26,3,26A14,FALSE
20141127,2014-11-27,2014,4,Q4,11,November,Nov,48,27,4,27A14,FALSE
20141128,2014-11-28,2014,4,Q4,11,November,Nov,48,28,5,28A14,FALSE
20141129,2014-11-29,2014,4,Q4,11,November,Nov,48,29,6,29A14,TRUE
20141130,2014-11-30,2014,4,Q4,11,November,Nov,48,30,0,30A14,TRUE
20141201,2014-12-01,2014,4,Q4,12,December,Dec,49,1,1,1A14,FALSE
20141202,2014-12-02,2014,4,Q4,12,December,Dec,49,2,2,2A14,FALSE
20141203,2014-12-03,2014,4,Q4,12,December,Dec,49,3,3,3A14,FALSE
20141204,2014-12-04,2014,4,Q4,12,December,Dec,49,4,4,4A14,FALSE
20141205,2014-12-05,2014,4,Q4,12,December,Dec,49,5,5,5A14,FALSE
20141206,2014-12-06,2014,4,Q4,12,December,Dec,49,6,6,6A14,TRUE
20141207,2014-12-07,2014,4,Q4,12,December,Dec,49,7,0,7A14,TRUE
20141208,2014-12-08,2014,4,Q4,12,December,Dec,50,8,1,8A14,FALSE
20141209,2014-12-09,2014,4,Q4,12,December,Dec,50,9,2,9A14,FALSE
20141210,2014-12-10,2014,4,Q4,12,December,Dec,50,10,3,10A14,FALSE
20141211,2014-12-11,2014,4,Q4,12,December,Dec,50,11,4,11A14,FALSE
20141212,2014-12-12,2014,4,Q4,12,December,Dec,50,12,5,12A14,FALSE
20141213,2014-12-13,2014,4,Q4,12,December,Dec,50,13,6,13A14,TRUE
20141214,2014-12-14,2014,4,Q4,12,December,Dec,50,14,0,14A14,TRUE
20141215,2014-12-15,2014,4,Q4,12,December,Dec,51,15,1,15A14,FALSE
20141216,2014-12-16,2014,4,Q4,12,December,Dec,51,16,2,16A14,FALSE
20141217,2014-12-17,2014,4,Q4,12,December,Dec,51,17,3,17A14,FALSE
20141218,2014-12-18,2014,4,Q4,12,December,Dec,51,18,4,18A14,FALSE
20141219,2014-12-19,2014,4,Q4,12,December,Dec,51,19,5,19A14,FALSE
20141220,2014-12-20,2014,4,Q4,12,December,Dec,51,20,6,20A14,TRUE
20141221,2014-12-21,2014,4,Q4,12,December,Dec,51,21,0,21A14,TRUE
20141222,2014-12-22,2014,4,Q4,12,December,Dec,52,22,1,22A14,FALSE
20141223,2014-12-23,2014,4,Q4,12,December,Dec,52,23,2,23A14,FALSE
20141224,2014-12-24,2014,4,Q4,12,December,Dec,52,24,3,24A14,FALSE
20141225,2014-12-25,2014,4,Q4,12,December,Dec,52,25,4,25A14,FALSE
20141226,2014-12-26,2014,4,Q4,12,December,Dec,52,26,5,26A14,FALSE
20141227,2014-12-27,2014,4,Q4,12,December,Dec,52,27,6,27A14,TRUE
20141228,2014-12-28,2014,4,Q4,12,December,Dec,52,28,0,28A14,TRUE
20141229,2014-12-29,2014,4,Q4,12,December,Dec,1,29,1,29A14,FALSE
20141230,2014-12-30,2014,4,Q4,12,December,Dec,1,30,2,30A14,FALSE
20141231,2014-12-31,2014,4,Q4,12,December,Dec,1,31,3,31A14,FALSE
20150101,2015-01-01,2015,1,Q1,1,January,Jan,1,1,4,1A15,FALSE
20150102,2015-01-02,2015,1,Q1,1,January,Jan,1,2,5,2A15,FALSE
20150103,2015-01-03,2015,1,Q1,1,January,Jan,1,3,6,3A15,TRUE
20150104,2015-01-04,2015,1,Q1,1,January,Jan,1,4,0,4A15,TRUE
20150105,2015-01-05,2015,1,Q1,1,January,Jan,2,5,1,5A15,FALSE
20150106,2015-01-06,2015,1,Q1,1,January,Jan,2,6,2,6A15,FALSE
20150107,2015-01-07,2015,1,Q1,1,January,Jan,2,7,3,7A15,FALSE
20150108,2015-01-08,2015,1,Q1,1,January,Jan,2,8,4,8A15,FALSE
20150109,2015-01-09,2015,1,Q1,1,January,Jan,2,9,5,9A15,FALSE
20150110,2015-01-10,2015,1,Q1,1,January,Jan,2,10,6,10A15,TRUE
20150111,2015-01-11,2015,1,Q1,1,January,Jan,2,11,0,11A15,TRUE
20150112,2015-01-12,2015,1,Q1,1,January,Jan,3,12,1,12A15,FALSE
20150113,2015-01-13,2015,1,Q1,1,January,Jan,3,13,2,13A15,FALSE
20150114,2015-01-14,2015,1,Q1,1,January,Jan,3,14,3,14A15,FALSE
20150115,2015-01-15,2015,1,Q1,1,January,Jan,3,15,4,15A15,FALSE
20150116,2015-01-16,2015,1,Q1,1,January,Jan,3,16,5,16A15,FALSE
20150117,2015-01-17,2015,1,Q1,1,January,Jan,3,17,6,17A15,TRUE
20150118,2015-01-18,2015,1,Q1,1,January,Jan,3,18,0,18A15,TRUE
20150119,2015-01-19,2015,1,Q1,1,January,Jan,4,19,1,19A15,FALSE
20150120,2015-01-20,2015,1,Q1,1,January,Jan,4,20,2,20A15,FALSE
20150121,2015-01-21,2015,1,Q1,1,January,Jan,4,21,3,21A15,FALSE
20150122,2015-01-22,2015,1,Q1,1,January,Jan,4,22,4,22A15,FALSE
20150123,2015-01-23,2015,1,Q1,1,January,Jan,4,23,5,23A15,FALSE
20150124,2015-01-24,2015,1,Q1,1,January,Jan,4,24,6,24A15,TRUE
20150125,2015-01-25,2015,1,Q1,1,January,Jan,4,25,0,25A15,TRUE
20150126,2015-01-26,2015,1,Q1,1,January,Jan,5,26,1,26A15,FALSE
20150127,2015-01-27,2015,1,Q1,1,January,Jan,5,27,2,27A15,FALSE
20150128,2015-01-28,2015,1,Q1,1,January,Jan,5,28,3,28A15,FALSE
20150129,2015-01-29,2015,1,Q1,1,January,Jan,5,29,4,29A15,FALSE
20150130,2015-01-30,2015,1,Q1,1,January,Jan,5,30,5,30A15,FALSE
20150131,2015-01-31,2015,1,Q1,1,January,Jan,5,31,6,31A15,TRUE
20150201,2015-02-01,2015,1,Q1,2,February,Feb,5,1,0,1A15,TRUE
20150202,2015-02-02,2015,1,Q1,2,February,Feb,6,2,1,2A15,FALSE
20150203,2015-02-03,2015,1,Q1,2,February,Feb,6,3,2,3A15,FALSE
20150204,2015-02-04,2015,1,Q1,2,February,Feb,6,4,3,4A15,FALSE
20150205,2015-02-05,2015,1,Q1,2,February,Feb,6,5,4,5A15,FALSE
20150206,2015-02-06,2015,1,Q1,2,February,Feb,6,6,5,6A15,FALSE
20150207,2015-02-07,2015,1,Q1,2,February,Feb,6,7,6,7A15,TRUE
20150208,2015-02-08,2015,1,Q1,2,February,Feb,6,8,0,8A15,TRUE
20150209,2015-02-09,2015,1,Q1,2,February,Feb,7,9,1,9A15,FALSE
20150210,2015-02-10,2015,1,Q1,2,February,Feb,7,10,2,10A15,FALSE
20150211,2015-02-11,2015,1,Q1,2,February,Feb,7,11,3,11A15,FALSE
20150212,2015-02-12,2015,1,Q1,2,February,Feb,7,12,4,12A15,FALSE
20150213,2015-02-13,2015,1,Q1,2,February,Feb,7,13,5,13A15,FALSE
20150214,2015-02-14,2015,1,Q1,2,February,Feb,7,14,6,14A15,TRUE
20150215,2015-02-15,2015,1,Q1,2,February,Feb,7,15,0,15A15,TRUE
20150216,2015-02-16,2015,1,Q1,2,February,Feb,8,16,1,16A15,FALSE
20150217,2015-02-17,2015,1,Q1,2,February,Feb,8,17,2,17A15,FALSE
20150218,2015-02-18,2015,1,Q1,2,February,Feb,8,18,3,18A15,FALSE
20150219,2015-02-19,2015,1,Q1,2,February,Feb,8,19,4,19A15,FALSE
20150220,2015-02-20,2015,1,Q1,2,February,Feb,8,20,5,20A15,FALSE
20150221,2015-02-21,2015,1,Q1,2,February,Feb,8,21,6,21A15,TRUE
20150222,2015-02-22,2015,1,Q1,2,February,Feb,8,22,0,22A15,TRUE
20150223,2015-02-23,2015,1,Q1,2,February,Feb,9,23,1,23A15,FALSE
20150224,2015-02-24,2015,1,Q1,2,February,Feb,9,24,2,24A15,FALSE
20150225,2015-02-25,2015,1,Q1,2,February,Feb,9,25,3,25A15,FALSE
20150226,2015-02-26,2015,1,Q1,2,February,Feb,9,26,4,26A15,FALSE
20150227,2015-02-27,2015,1,Q1,2,February,Feb,9,27,5,27A15,FALSE
20150228,2015-02-28,2015,1,Q1,2,February,Feb,9,28,6,28A15,TRUE
20150301,2015-03-01,2015,1,Q1,3,March,Mar,9,1,0,1A15,TRUE
20150302,2015-03-02,2015,1,Q1,3,March,Mar,10,2,1,2A15,FALSE
20150303,2015-03-03,2015,1,Q1,3,March,Mar,10,3,2,3A15,FALSE
20150304,2015-03-04,2015,1,Q1,3,March,Mar,10,4,3,4A15,FALSE
20150305,2015-03-05,2015,1,Q1,3,March,Mar,10,5,4,5A15,FALSE
20150306,2015-03-06,2015,1,Q1,3,March,Mar,10,6,5,6A15,FALSE
20150307,2015-03-07,2015,1,Q1,3,March,Mar,10,7,6,7A15,TRUE
20150308,2015-03-08,2015,1,Q1,3,March,Mar,10,8,0,8A15,TRUE
20150309,2015-03-09,2015,1,Q1,3,March,Mar,11,9,1,9A15,FALSE
20150310,2015-03-10,2015,1,Q1,3,March,Mar,11,10,2,10A15,FALSE
20150311,2015-03-11,2015,1,Q1,3,March,Mar,11,11,3,11A15,FALSE
20150312,2015-03-12,2015,1,Q1,3,March,Mar,11,12,4,12A15,FALSE
20150313,2015-03-13,2015,1,Q1,3,March,Mar,11,13,5,13A15,FALSE
20150314,2015-03-14,2015,1,Q1,3,March,Mar,11,14,6,14A15,TRUE
20150315,2015-03-15,2015,1,Q1,3,March,Mar,11,15,0,15A15,TRUE
20150316,2015-03-16,2015,1,Q1,3,March,Mar,12,16,1,16A15,FALSE
20150317,2015-03-17,2015,1,Q1,3,March,Mar,12,17,2,17A15,FALSE
20150318,2015-03-18,2015,1,Q1,3,March,Mar,12,18,3,18A15,FALSE
20150319,2015-03-19,2015,1,Q1,3,March,Mar,12,19,4,19A15,FALSE
20150320,2015-03-20,2015,1,Q1,3,March,Mar,12,20,5,20A15,FALSE
20150321,2015-03-21,2015,1,Q1,3,March,Mar,12,21,6,21A15,TRUE
20150322,2015-03-22,2015,1,Q1,3,March,Mar,12,22,0,22A15,TRUE
20150323,2015-03-23,2015,1,Q1,3,March,Mar,13,23,1,23A15,FALSE
20150324,2015-03-24,2015,1,Q1,3,March,Mar,13,24,2,24A15,FALSE
20150325,2015-03-25,2015,1,Q1,3,March,Mar,13,25,3,25A15,FALSE
20150326,2015-03-26,2015,1,Q1,3,March,Mar,13,26,4,26A15,FALSE
20150327,2015-03-27,2015,1,Q1,3,March,Mar,13,27,5,27A15,FALSE
20150328,2015-03-28,2015,1,Q1,3,March,Mar,13,28,6,28A15,TRUE
20150329,2015-03-29,2015,1,Q1,3,March,Mar,13,29,0,29A15,TRUE
20150330,2015-03-30,2015,1,Q1,3,March,Mar,14,30,1,30A15,FALSE
20150331,2015-03-31,2015,1,Q1,3,March,Mar,14,31,2,31A15,FALSE
20150401,2015-04-01,2015,2,Q2,4,April,Apr,14,1,3,1A15,FALSE
20150402,2015-04-02,2015,2,Q2,4,April,Apr,14,2,4,2A15,FALSE
20150403,2015-04-03,2015,2,Q2,4,April,Apr,14,3,5,3A15,FALSE
20150404,2015-04-04,2015,2,Q2,4,April,Apr,14,4,6,4A15,TRUE
20150405,2015-04-05,2015,2,Q2,4,April,Apr,14,5,0,5A15,TRUE
20150406,2015-04-06,2015,2,Q2,4,April,Apr,15,6,1,6A15,FALSE
20150407,2015-04-07,2015,2,Q2,4,April,Apr,15,7,2,7A15,FALSE
20150408,2015-04-08,2015,2,Q2,4,April,Apr,15,8,3,8A15,FALSE
20150409,2015-04-09,2015,2,Q2,4,April,Apr,15,9,4,9A15,FALSE
20150410,2015-04-10,2015,2,Q2,4,April,Apr,15,10,5,10A15,FALSE
20150411,2015-04-11,2015,2,Q2,4,April,Apr,15,11,6,11A15,TRUE
20150412,2015-04-12,2015,2,Q2,4,April,Apr,15,12,0,12A15,TRUE
20150413,2015-04-13,2015,2,Q2,4,April,Apr,16,13,1,13A15,FALSE
20150414,2015-04-14,2015,2,Q2,4,April,Apr,16,14,2,14A15,FALSE
20150415,2015-04-15,2015,2,Q2,4,April,Apr,16,15,3,15A15,FALSE
20150416,2015-04-16,2015,2,Q2,4,April,Apr,16,16,4,16A15,FALSE
20150417,2015-04-17,2015,2,Q2,4,April,Apr,16,17,5,17A15,FALSE
20150418,2015-04-18,2015,2,Q2,4,April,Apr,16,18,6,18A15,TRUE
20150419,2015-04-19,2015,2,Q2,4,April,Apr,16,19,0,19A15,TRUE
20150420,2015-04-20,2015,2,Q2,4,April,Apr,17,20,1,20A15,FALSE
20150421,2015-04-21,2015,2,Q2,4,April,Apr,17,21,2,21A15,FALSE
20150422,2015-04-22,2015,2,Q2,4,April,Apr,17,22,3,22A15,FALSE
20150423,2015-04-23,2015,2,Q2,4,April,Apr,17,23,4,23A15,FALSE
20150424,2015-04-24,2015,2,Q2,4,April,Apr,17,24,5,24A15,FALSE
20150425,2015-04-25,2015,2,Q2,4,April,Apr,17,25,6,25A15,TRUE
20150426,2015-04-26,2015,2,Q2,4,April,Apr,17,26,0,26A15,TRUE
20150427,2015-04-27,2015,2,Q2,4,April,Apr,18,27,1,27A15,FALSE
20150428,2015-04-28,2015,2,Q2,4,April,Apr,18,28,2,28A15,FALSE
20150429,2015-04-29,2015,2,Q2,4,April,Apr,18,29,3,29A15,FALSE
20150430,2015-04-30,2015,2,Q2,4,April,Apr,18,30,4,30A15,FALSE
20150501,2015-05-01,2015,2,Q2,5,May,May,18,1,5,1A15,FALSE
20150502,2015-05-02,2015,2,Q2,5,May,May,18,2,6,2A15,TRUE
20150503,2015-05-03,2015,2,Q2,5,May,May,18,3,0,3A15,TRUE
20150504,2015-05-04,2015,2,Q2,5,May,May,19,4,1,4A15,FALSE
20150505,2015-05-05,2015,2,Q2,5,May,May,19,5,2,5A15,FALSE
20150506,2015-05-06,2015,2,Q2,5,May,May,19,6,3,6A15,FALSE
20150507,2015-05-07,2015,2,Q2,5,May,May,19,7,4,7A15,FALSE
20150508,2015-05-08,2015,2,Q2,5,May,May,19,8,5,8A15,FALSE
20150509,2015-05-09,2015,2,Q2,5,May,May,19,9,6,9A15,TRUE
20150510,2015-05-10,2015,2,Q2,5,May,May,19,10,0,10A15,TRUE
20150511,2015-05-11,2015,2,Q2,5,May,May,20,11,1,11A15,FALSE
20150512,2015-05-12,2015,2,Q2,5,May,May,20,12,2,12A15,FALSE
20150513,2015-05-13,2015,2,Q2,5,May,May,20,13,3,13A15,FALSE
20150514,2015-05-14,2015,2,Q2,5,May,May,20,14,4,14A15,FALSE
20150515,2015-05-15,2015,2,Q2,5,May,May,20,15,5,15A15,FALSE
20150516,2015-05-16,2015,2,Q2,5,May,May,20,16,6,16A15,TRUE
20150517,2015-05-17,2015,2,Q2,5,May,May,20,17,0,17A15,TRUE
20150518,2015-05-18,2015,2,Q2,5,May,May,21,18,1,18A15,FALSE
20150519,2015-05-19,2015,2,Q2,5,May,May,21,19,2,19A15,FALSE
20150520,2015-05-20,2015,2,Q2,5,May,May,21,20,3,20A15,FALSE
20150521,2015-05-21,2015,2,Q2,5,May,May,21,21,4,21A15,FALSE
20150522,2015-05-22,2015,2,Q2,5,May,May,21,22,5,22A15,FALSE
20150523,2015-05-23,2015,2,Q2,5,May,May,21,23,6,23A15,TRUE
20150524,2015-05-24,2015,2,Q2,5,May,May,21,24,0,24A15,TRUE
20150525,2015-05-25,2015,2,Q2,5,May,May,22,25,1,25A15,FALSE
20150526,2015-05-26,2015,2,Q2,5,May,May,22,26,2,26A15,FALSE
20150527,2015-05-27,2015,2,Q2,5,May,May,22,27,3,27A15,FALSE
20150528,2015-05-28,2015,2,Q2,5,May,May,22,28,4,28A15,FALSE
20150529,2015-05-29,2015,2,Q2,5,May,May,22,29,5,29A15,FALSE
20150530,2015-05-30,2015,2,Q2,5,May,May,22,30,6,30A15,TRUE
20150531,2015-05-31,2015,2,Q2,5,May,May,22,31,0,31A15,TRUE
20150601,2015-06-01,2015,2,Q2,6,June,Jun,23,1,1,1A15,FALSE
20150602,2015-06-02,2015,2,Q2,6,June,Jun,23,2,2,2A15,FALSE
20150603,2015-06-03,2015,2,Q2,6,June,Jun,23,3,3,3A15,FALSE
20150604,2015-06-04,2015,2,Q2,6,June,Jun,23,4,4,4A15,FALSE
20150605,2015-06-05,2015,2,Q2,6,June,Jun,23,5,5,5A15,FALSE
20150606,2015-06-06,2015,2,Q2,6,June,Jun,23,6,6,6A15,TRUE
20150607,2015-06-07,2015,2,Q2,6,June,Jun,23,7,0,7A15,TRUE
20150608,2015-06-08,2015,2,Q2,6,June,Jun,24,8,1,8A15,FALSE
20150609,2015-06-09,2015,2,Q2,6,June,Jun,24,9,2,9A15,FALSE
20150610,2015-06-10,2015,2,Q2,6,June,Jun,24,10,3,10A15,FALSE
20150611,2015-06-11,2015,2,Q2,6,June,Jun,24,11,4,11A15,FALSE
20150612,2015-06-12,2015,2,Q2,6,June,Jun,24,12,5,12A15,FALSE
20150613,2015-06-13,2015,2,Q2,6,June,Jun,24,13,6,13A15,TRUE
20150614,2015-06-14,2015,2,Q2,6,June,Jun,24,14,0,14A15,TRUE
20150615,2015-06-15,2015,2,Q2,6,June,Jun,25,15,1,15A15,FALSE
20150616,2015-06-16,2015,2,Q2,6,June,Jun,25,16,2,16A15,FALSE
20150617,2015-06-17,2015,2,Q2,6,June,Jun,25,17,3,17A15,FALSE
20150618,2015-06-18,2015,2,Q2,6,June,Jun,25,18,4,18A15,FALSE
20150619,2015-06-19,2015,2,Q2,6,June,Jun,25,19,5,19A15,FALSE
20150620,2015-06-20,2015,2,Q2,6,June,Jun,25,20,6,20A15,TRUE
20150621,2015-06-21,2015,2,Q2,6,June,Jun,25,21,0,21A15,TRUE
20150622,2015-06-22,2015,2,Q2,6,June,Jun,26,22,1,22A15,FALSE
20150623,2015-06-23,2015,2,Q2,6,June,Jun,26,23,2,23A15,FALSE
20150624,2015-06-24,2015,2,Q2,6,June,Jun,26,24,3,24A15,FALSE
20150625,2015-06-25,2015,2,Q2,6,June,Jun,26,25,4,25A15,FALSE
20150626,2015-06-26,2015,2,Q2,6,June,Jun,26,26,5,26A15,FALSE
20150627,2015-06-27,2015,2,Q2,6,June,Jun,26,27,6,27A15,TRUE
20150628,2015-06-28,2015,2,Q2,6,June,Jun,26,28,0,28A15,TRUE
20150629,2015-06-29,2015,2,Q2,6,June,Jun,27,29,1,29A15,FALSE
20150630,2015-06-30,2015,2,Q2,6,June,Jun,27,30,2,30A15,FALSE
20150701,2015-07-01,2015,3,Q3,7,July,Jul,27,1,3,1A15,FALSE
20150702,2015-07-02,2015,3,Q3,7,July,Jul,27,2,4,2A15,FALSE
20150703,2015-07-03,2015,3,Q3,7,July,Jul,27,3,5,3A15,FALSE
20150704,2015-07-04,2015,3,Q3,7,July,Jul,27,4,6,4A15,TRUE
20150705,2015-07-05,2015,3,Q3,7,July,Jul,27,5,0,5A15,TRUE
20150706,2015-07-06,2015,3,Q3,7,July,Jul,28,6,1,6A15,FALSE
20150707,2015-07-07,2015,3,Q3,7,July,Jul,28,7,2,7A15,FALSE
20150708,2015-07-08,2015,3,Q3,7,July,Jul,28,8,3,8A15,FALSE
20150709,2015-07-09,2015,3,Q3,7,July,Jul,28,9,4,9A15,FALSE
20150710,2015-07-10,2015,3,Q3,7,July,Jul,28,10,5,10A15,FALSE
20150711,2015-07-11,2015,3,Q3,7,July,Jul,28,11,6,11A15,TRUE
20150712,2015-07-12,2015,3,Q3,7,July,Jul,28,12,0,12A15,TRUE
20150713,2015-07-13,2015,3,Q3,7,July,Jul,29,13,1,13A15,FALSE
20150714,2015-07-14,2015,3,Q3,7,July,Jul,29,14,2,14A15,FALSE
20150715,2015-07-15,2015,3,Q3,7,July,Jul,29,15,3,15A15,FALSE
20150716,2015-07-16,2015,3,Q3,7,July,Jul,29,16,4,16A15,FALSE
20150717,2015-07-17,2015,3,Q3,7,July,Jul,29,17,5,17A15,FALSE
20150718,2015-07-18,2015,3,Q3,7,July,Jul,29,18,6,18A15,TRUE
20150719,2015-07-19,2015,3,Q3,7,July,Jul,29,19,0,19A15,TRUE
20150720,2015-07-20,2015,3,Q3,7,July,Jul,30,20,1,20A15,FALSE
20150721,2015-07-21,2015,3,Q3,7,July,Jul,30,21,2,21A15,FALSE
20150722,2015-07-22,2015,3,Q3,7,July,Jul,30,22,3,22A15,FALSE
20150723,2015-07-23,2015,3,Q3,7,July,Jul,30,23,4,23A15,FALSE
20150724,2015-07-24,2015,3,Q3,7,July,Jul,30,24,5,24A15,FALSE
20150725,2015-07-25,2015,3,Q3,7,July,Jul,30,25,6,25A15,TRUE
20150726,2015-07-26,2015,3,Q3,7,July,Jul,30,26,0,26A15,TRUE
20150727,2015-07-27,2015,3,Q3,7,July,Jul,31,27,1,27A15,FALSE
20150728,2015-07-28,2015,3,Q3,7,July,Jul,31,28,2,28A15,FALSE
20150729,2015-07-29,2015,3,Q3,7,July,Jul,31,29,3,29A15,FALSE
20150730,2015-07-30,2015,3,Q3,7,July,Jul,31,30,4,30A15,FALSE
20150731,2015-07-31,2015,3,Q3,7,July,Jul,31,31,5,31A15,FALSE
20150801,2015-08-01,2015,3,Q3,8,August,Aug,31,1,6,1A15,TRUE
20150802,2015-08-02,2015,3,Q3,8,August,Aug,31,2,0,2A15,TRUE
20150803,2015-08-03,2015,3,Q3,8,August,Aug,32,3,1,3A15,FALSE
20150804,2015-08-04,2015,3,Q3,8,August,Aug,32,4,2,4A15,FALSE
20150805,2015-08-05,2015,3,Q3,8,August,Aug,32,5,3,5A15,FALSE
20150806,2015-08-06,2015,3,Q3,8,August,Aug,32,6,4,6A15,FALSE
20150807,2015-08-07,2015,3,Q3,8,August,Aug,32,7,5,7A15,FALSE
20150808,2015-08-08,2015,3,Q3,8,August,Aug,32,8,6,8A15,TRUE
20150809,2015-08-09,2015,3,Q3,8,August,Aug,32,9,0,9A15,TRUE
20150810,2015-08-10,2015,3,Q3,8,August,Aug,33,10,1,10A15,FALSE
20150811,2015-08-11,2015,3,Q3,8,August,Aug,33,11,2,11A15,FALSE
20150812,2015-08-12,2015,3,Q3,8,August,Aug,33,12,3,12A15,FALSE
20150813,2015-08-13,2015,3,Q3,8,August,Aug,33,13,4,13A15,FALSE
20150814,2015-08-14,2015,3,Q3,8,August,Aug,33,14,5,14A15,FALSE
20150815,2015-08-15,2015,3,Q3,8,August,Aug,33,15,6,15A15,TRUE
20150816,2015-08-16,2015,3,Q3,8,August,Aug,33,16,0,16A15,TRUE
20150817,2015-08-17,2015,3,Q3,8,August,Aug,34,17,1,17A15,FALSE
20150818,2015-08-18,2015,3,Q3,8,August,Aug,34,18,2,18A15,FALSE
20150819,2015-08-19,2015,3,Q3,8,August,Aug,34,19,3,19A15,FALSE
20150820,2015-08-20,2015,3,Q3,8,August,Aug,34,20,4,20A15,FALSE
20150821,2015-08-21,2015,3,Q3,8,August,Aug,34,21,5,21A15,FALSE
20150822,2015-08-22,2015,3,Q3,8,August,Aug,34,22,6,22A15,TRUE
20150823,2015-08-23,2015,3,Q3,8,August,Aug,34,23,0,23A15,TRUE
20150824,2015-08-24,2015,3,Q3,8,August,Aug,35,24,1,24A15,FALSE
20150825,2015-08-25,2015,3,Q3,8,August,Aug,35,25,2,25A15,FALSE
20150826,2015-08-26,2015,3,Q3,8,August,Aug,35,26,3,26A15,FALSE
20150827,2015-08-27,2015,3,Q3,8,August,Aug,35,27,4,27A15,FALSE
20150828,2015-08-28,2015,3,Q3,8,August,Aug,35,28,5,28A15,FALSE
20150829,2015-08-29,2015,3,Q3,8,August,Aug,35,29,6,29A15,TRUE
20150830,2015-08-30,2015,3,Q3,8,August,Aug,35,30,0,30A15,TRUE
20150831,2015-08-31,2015,3,Q3,8,August,Aug,36,31,1,31A15,FALSE
20150901,2015-09-01,2015,3,Q3,9,September,Sep,36,1,2,1A15,FALSE
20150902,2015-09-02,2015,3,Q3,9,September,Sep,36,2,3,2A15,FALSE
20150903,2015-09-03,2015,3,Q3,9,September,Sep,36,3,4,3A15,FALSE
20150904,2015-09-04,2015,3,Q3,9,September,Sep,36,4,5,4A15,FALSE
20150905,2015-09-05,2015,3,Q3,9,September,Sep,36,5,6,5A15,TRUE
20150906,2015-09-06,2015,3,Q3,9,September,Sep,36,6,0,6A15,TRUE
20150907,2015-09-07,2015,3,Q3,9,September,Sep,37,7,1,7A15,FALSE
20150908,2015-09-08,2015,3,Q3,9,September,Sep,37,8,2,8A15,FALSE
20150909,2015-09-09,2015,3,Q3,9,September,Sep,37,9,3,9A15,FALSE
20150910,2015-09-10,2015,3,Q3,9,September,Sep,37,10,4,10A15,FALSE
20150911,2015-09-11,2015,3,Q3,9,September,Sep,37,11,5,11A15,FALSE
20150912,2015-09-12,2015,3,Q3,9,September,Sep,37,12,6,12A15,TRUE
20150913,2015-09-13,2015,3,Q3,9,September,Sep,37,13,0,13A15,TRUE
20150914,2015-09-14,2015,3,Q3,9,September,Sep,38,14,1,14A15,FALSE
20150915,2015-09-15,2015,3,Q3,9,September,Sep,38,15,2,15A15,FALSE
20150916,2015-09-16,2015,3,Q3,9,September,Sep,38,16,3,16A15,FALSE
20150917,2015-09-17,2015,3,Q3,9,September,Sep,38,17,4,17A15,FALSE
20150918,2015-09-18,2015,3,Q3,9,September,Sep,38,18,5,18A15,FALSE
20150919,2015-09-19,2015,3,Q3,9,September,Sep,38,19,6,19A15,TRUE
20150920,2015-09-20,2015,3,Q3,9,September,Sep,38,20,0,20A15,TRUE
20150921,2015-09-21,2015,3,Q3,9,September,Sep,39,21,1,21A15,FALSE
20150922,2015-09-22,2015,3,Q3,9,September,Sep,39,22,2,22A15,FALSE
20150923,2015-09-23,2015,3,Q3,9,September,Sep,39,23,3,23A15,FALSE
20150924,2015-09-24,2015,3,Q3,9,September,Sep,39,24,4,24A15,FALSE
20150925,2015-09-25,2015,3,Q3,9,September,Sep,39,25,5,25A15,FALSE
20150926,2015-09-26,2015,3,Q3,9,September,Sep,39,26,6,26A15,TRUE
20150927,2015-09-27,2015,3,Q3,9,September,Sep,39,27,0,27A15,TRUE
20150928,2015-09-28,2015,3,Q3,9,September,Sep,40,28,1,28A15,FALSE
20150929,2015-09-29,2015,3,Q3,9,September,Sep,40,29,2,29A15,FALSE
20150930,2015-09-30,2015,3,Q3,9,September,Sep,40,30,3,30A15,FALSE
20151001,2015-10-01,2015,4,Q4,10,October,Oct,40,1,4,1A15,FALSE
20151002,2015-10-02,2015,4,Q4,10,October,Oct,40,2,5,2A15,FALSE
20151003,2015-10-03,2015,4,Q4,10,October,Oct,40,3,6,3A15,TRUE
20151004,2015-10-04,2015,4,Q4,10,October,Oct,40,4,0,4A15,TRUE
20151005,2015-10-05,2015,4,Q4,10,October,Oct,41,5,1,5A15,FALSE
20151006,2015-10-06,2015,4,Q4,10,October,Oct,41,6,2,6A15,FALSE
20151007,2015-10-07,2015,4,Q4,10,October,Oct,41,7,3,7A15,FALSE
20151008,2015-10-08,2015,4,Q4,10,October,Oct,41,8,4,8A15,FALSE
20151009,2015-10-09,2015,4,Q4,10,October,Oct,41,9,5,9A15,FALSE
20151010,2015-10-10,2015,4,Q4,10,October,Oct,41,10,6,10A15,TRUE
20151011,2015-10-11,2015,4,Q4,10,October,Oct,41,11,0,11A15,TRUE
20151012,2015-10-12,2015,4,Q4,10,October,Oct,42,12,1,12A15,FALSE
20151013,2015-10-13,2015,4,Q4,10,October,Oct,42,13,2,13A15,FALSE
20151014,2015-10-14,2015,4,Q4,10,October,Oct,42,14,3,14A15,FALSE
20151015,2015-10-15,2015,4,Q4,10,October,Oct,42,15,4,15A15,FALSE
20151016,2015-10-16,2015,4,Q4,10,October,Oct,42,16,5,16A15,FALSE
20151017,2015-10-17,2015,4,Q4,10,October,Oct,42,17,6,17A15,TRUE
20151018,2015-10-18,2015,4,Q4,10,October,Oct,42,18,0,18A15,TRUE
20151019,2015-10-19,2015,4,Q4,10,October,Oct,43,19,1,19A15,FALSE
20151020,2015-10-20,2015,4,Q4,10,October,Oct,43,20,2,20A15,FALSE
20151021,2015-10-21,2015,4,Q4,10,October,Oct,43,21,3,21A15,FALSE
20151022,2015-10-22,2015,4,Q4,10,October,Oct,43,22,4,22A15,FALSE
20151023,2015-10-23,2015,4,Q4,10,October,Oct,43,23,5,23A15,FALSE
20151024,2015-10-24,2015,4,Q4,10,October,Oct,43,24,6,24A15,TRUE
20151025,2015-10-25,2015,4,Q4,10,October,Oct,43,25,0,25A15,TRUE
20151026,2015-10-26,2015,4,Q4,10,October,Oct,44,26,1,26A15,FALSE
20151027,2015-10-27,2015,4,Q4,10,October,Oct,44,27,2,27A15,FALSE
20151028,2015-10-28,2015,4,Q4,10,October,Oct,44,28,3,28A15,FALSE
20151029,2015-10-29,2015,4,Q4,10,October,Oct,44,29,4,29A15,FALSE
20151030,2015-10-30,2015,4,Q4,10,October,Oct,44,30,5,30A15,FALSE
20151031,2015-10-31,2015,4,Q4,10,October,Oct,44,31,6,31A15,TRUE
20151101,2015-11-01,2015,4,Q4,11,November,Nov,44,1,0,1A15,TRUE
20151102,2015-11-02,2015,4,Q4,11,November,Nov,45,2,1,2A15,FALSE
20151103,2015-11-03,2015,4,Q4,11,November,Nov,45,3,2,3A15,FALSE
20151104,2015-11-04,2015,4,Q4,11,November,Nov,45,4,3,4A15,FALSE
20151105,2015-11-05,2015,4,Q4,11,November,Nov,45,5,4,5A15,FALSE
20151106,2015-11-06,2015,4,Q4,11,November,Nov,45,6,5,6A15,FALSE
20151107,2015-11-07,2015,4,Q4,11,November,Nov,45,7,6,7A15,TRUE
20151108,2015-11-08,2015,4,Q4,11,November,Nov,45,8,0,8A15,TRUE
20151109,2015-11-09,2015,4,Q4,11,November,Nov,46,9,1,9A15,FALSE
20151110,2015-11-10,2015,4,Q4,11,November,Nov,46,10,2,10A15,FALSE
20151111,2015-11-11,2015,4,Q4,11,November,Nov,46,11,3,11A15,FALSE
20151112,2015-11-12,2015,4,Q4,11,November,Nov,46,12,4,12A15,FALSE
20151113,2015-11-13,2015,4,Q4,11,November,Nov,46,13,5,13A15,FALSE
20151114,2015-11-14,2015,4,Q4,11,November,Nov,46,14,6,14A15,TRUE
20151115,2015-11-15,2015,4,Q4,11,November,Nov,46,15,0,15A15,TRUE
20151116,2015-11-16,2015,4,Q4,11,November,Nov,47,16,1,16A15,FALSE
20151117,2015-11-17,2015,4,Q4,11,November,Nov,47,17,2,17A15,FALSE
20151118,2015-11-18,2015,4,Q4,11,November,Nov,47,18,3,18A15,FALSE
20151119,2015-11-19,2015,4,Q4,11,November,Nov,47,19,4,19A15,FALSE
20151120,2015-11-20,2015,4,Q4,11,November,Nov,47,20,5,20A15,FALSE
20151121,2015-11-21,2015,4,Q4,11,November,Nov,47,21,6,21A15,TRUE
20151122,2015-11-22,2015,4,Q4,11,November,Nov,47,22,0,22A15,TRUE
20151123,2015-11-23,2015,4,Q4,11,November,Nov,48,23,1,23A15,FALSE
20151124,2015-11-24,2015,4,Q4,11,November,Nov,48,24,2,24A15,FALSE
20151125,2015-11-25,2015,4,Q4,11,November,Nov,48,25,3,25A15,FALSE
20151126,2015-11-26,2015,4,Q4,11,November,Nov,48,26,4,26A15,FALSE
20151127,2015-11-27,2015,4,Q4,11,November,Nov,48,27,5,27A15,FALSE
20151128,2015-11-28,2015,4,Q4,11,November,Nov,48,28,6,28A15,TRUE
20151129,2015-11-29,2015,4,Q4,11,November,Nov,48,29,0,29A15,TRUE
20151130,2015-11-30,2015,4,Q4,11,November,Nov,49,30,1,30A15,FALSE
20151201,2015-12-01,2015,4,Q4,12,December,Dec,49,1,2,1A15,FALSE
20151202,2015-12-02,2015,4,Q4,12,December,Dec,49,2,3,2A15,FALSE
20151203,2015-12-03,2015,4,Q4,12,December,Dec,49,3,4,3A15,FALSE
20151204,2015-12-04,2015,4,Q4,12,December,Dec,49,4,5,4A15,FALSE
20151205,2015-12-05,2015,4,Q4,12,December,Dec,49,5,6,5A15,TRUE
20151206,2015-12-06,2015,4,Q4,12,December,Dec,49,6,0,6A15,TRUE
20151207,2015-12-07,2015,4,Q4,12,December,Dec,50,7,1,7A15,FALSE
20151208,2015-12-08,2015,4,Q4,12,December,Dec,50,8,2,8A15,FALSE
20151209,2015-12-09,2015,4,Q4,12,December,Dec,50,9,3,9A15,FALSE
20151210,2015-12-10,2015,4,Q4,12,December,Dec,50,10,4,10A15,FALSE
20151211,2015-12-11,2015,4,Q4,12,December,Dec,50,11,5,11A15,FALSE
20151212,2015-12-12,2015,4,Q4,12,December,Dec,50,12,6,12A15,TRUE
20151213,2015-12-13,2015,4,Q4,12,December,Dec,50,13,0,13A15,TRUE
20151214,2015-12-14,2015,4,Q4,12,December,Dec,51,14,1,14A15,FALSE
20151215,2015-12-15,2015,4,Q4,12,December,Dec,51,15,2,15A15,FALSE
20151216,2015-12-16,2015,4,Q4,12,December,Dec,51,16,3,16A15,FALSE
20151217,2015-12-17,2015,4,Q4,12,December,Dec,51,17,4,17A15,FALSE
20151218,2015-12-18,2015,4,Q4,12,December,Dec,51,18,5,18A15,FALSE
20151219,2015-12-19,2015,4,Q4,12,December,Dec,51,19,6,19A15,TRUE
20151220,2015-12-20,2015,4,Q4,12,December,Dec,51,20,0,20A15,TRUE
20151221,2015-12-21,2015,4,Q4,12,December,Dec,52,21,1,21A15,FALSE
20151222,2015-12-22,2015,4,Q4,12,December,Dec,52,22,2,22A15,FALSE
20151223,2015-12-23,2015,4,Q4,12,December,Dec,52,23,3,23A15,FALSE
20151224,2015-12-24,2015,4,Q4,12,December,Dec,52,24,4,24A15,FALSE
20151225,2015-12-25,2015,4,Q4,12,December,Dec,52,25,5,25A15,FALSE
20151226,2015-12-26,2015,4,Q4,12,December,Dec,52,26,6,26A15,TRUE
20151227,2015-12-27,2015,4,Q4,12,December,Dec,52,27,0,27A15,TRUE
20151228,2015-12-28,2015,4,Q4,12,December,Dec,53,28,1,28A15,FALSE
20151229,2015-12-29,2015,4,Q4,12,December,Dec,53,29,2,29A15,FALSE
20151230,2015-12-30,2015,4,Q4,12,December,Dec,53,30,3,30A15,FALSE
20151231,2015-12-31,2015,4,Q4,12,December,Dec,53,31,4,31A15,FALSE
20160101,2016-01-01,2016,1,Q1,1,January,Jan,53,1,5,1A16,FALSE
20160102,2016-01-02,2016,1,Q1,1,January,Jan,53,2,6,2A16,TRUE
20160103,2016-01-03,2016,1,Q1,1,January,Jan,53,3,0,3A16,TRUE
20160104,2016-01-04,2016,1,Q1,1,January,Jan,1,4,1,4A16,FALSE
20160105,2016-01-05,2016,1,Q1,1,January,Jan,1,5,2,5A16,FALSE
20160106,2016-01-06,2016,1,Q1,1,January,Jan,1,6,3,6A16,FALSE
20160107,2016-01-07,2016,1,Q1,1,January,Jan,1,7,4,7A16,FALSE
20160108,2016-01-08,2016,1,Q1,1,January,Jan,1,8,5,8A16,FALSE
20160109,2016-01-09,2016,1,Q1,1,January,Jan,1,9,6,9A16,TRUE
20160110,2016-01-10,2016,1,Q1,1,January,Jan,1,10,0,10A16,TRUE
20160111,2016-01-11,2016,1,Q1,1,January,Jan,2,11,1,11A16,FALSE
20160112,2016-01-12,2016,1,Q1,1,January,Jan,2,12,2,12A16,FALSE
20160113,2016-01-13,2016,1,Q1,1,January,Jan,2,13,3,13A16,FALSE
20160114,2016-01-14,2016,1,Q1,1,January,Jan,2,14,4,14A16,FALSE
20160115,2016-01-15,2016,1,Q1,1,January,Jan,2,15,5,15A16,FALSE
20160116,2016-01-16,2016,1,Q1,1,January,Jan,2,16,6,16A16,TRUE
20160117,2016-01-17,2016,1,Q1,1,January,Jan,2,17,0,17A16,TRUE
20160118,2016-01-18,2016,1,Q1,1,January,Jan,3,18,1,18A16,FALSE
20160119,2016-01-19,2016,1,Q1,1,January,Jan,3,19,2,19A16,FALSE
20160120,2016-01-20,2016,1,Q1,1,January,Jan,3,20,3,20A16,FALSE
20160121,2016-01-21,2016,1,Q1,1,January,Jan,3,21,4,21A16,FALSE
20160122,2016-01-22,2016,1,Q1,1,January,Jan,3,22,5,22A16,FALSE
20160123,2016-01-23,2016,1,Q1,1,January,Jan,3,23,6,23A16,TRUE
20160124,2016-01-24,2016,1,Q1,1,January,Jan,3,24,0,24A16,TRUE
20160125,2016-01-25,2016,1,Q1,1,January,Jan,4,25,1,25A16,FALSE
20160126,2016-01-26,2016,1,Q1,1,January,Jan,4,26,2,26A16,FALSE
20160127,2016-01-27,2016,1,Q1,1,January,Jan,4,27,3,27A16,FALSE
20160128,2016-01-28,2016,1,Q1,1,January,Jan,4,28,4,28A16,FALSE
20160129,2016-01-29,2016,1,Q1,1,January,Jan,4,29,5,29A16,FALSE
20160130,2016-01-30,2016,1,Q1,1,January,Jan,4,30,6,30A16,TRUE
20160131,2016-01-31,2016,1,Q1,1,January,Jan,4,31,0,31A16,TRUE
20160201,2016-02-01,2016,1,Q1,2,February,Feb,5,1,1,1A16,FALSE
20160202,2016-02-02,2016,1,Q1,2,February,Feb,5,2,2,2A16,FALSE
20160203,2016-02-03,2016,1,Q1,2,February,Feb,5,3,3,3A16,FALSE
20160204,2016-02-04,2016,1,Q1,2,February,Feb,5,4,4,4A16,FALSE
20160205,2016-02-05,2016,1,Q1,2,February,Feb,5,5,5,5A16,FALSE
20160206,2016-02-06,2016,1,Q1,2,February,Feb,5,6,6,6A16,TRUE
20160207,2016-02-07,2016,1,Q1,2,February,Feb,5,7,0,7A16,TRUE
20160208,2016-02-08,2016,1,Q1,2,February,Feb,6,8,1,8A16,FALSE
20160209,2016-02-09,2016,1,Q1,2,February,Feb,6,9,2,9A16,FALSE
20160210,2016-02-10,2016,1,Q1,2,February,Feb,6,10,3,10A16,FALSE
20160211,2016-02-11,2016,1,Q1,2,February,Feb,6,11,4,11A16,FALSE
20160212,2016-02-12,2016,1,Q1,2,February,Feb,6,12,5,12A16,FALSE
20160213,2016-02-13,2016,1,Q1,2,February,Feb,6,13,6,13A16,TRUE
20160214,2016-02-14,2016,1,Q1,2,February,Feb,6,14,0,14A16,TRUE
20160215,2016-02-15,2016,1,Q1,2,February,Feb,7,15,1,15A16,FALSE
20160216,2016-02-16,2016,1,Q1,2,February,Feb,7,16,2,16A16,FALSE
20160217,2016-02-17,2016,1,Q1,2,February,Feb,7,17,3,17A16,FALSE
20160218,2016-02-18,2016,1,Q1,2,February,Feb,7,18,4,18A16,FALSE
20160219,2016-02-19,2016,1,Q1,2,February,Feb,7,19,5,19A16,FALSE
20160220,2016-02-20,2016,1,Q1,2,February,Feb,7,20,6,20A16,TRUE
20160221,2016-02-21,2016,1,Q1,2,February,Feb,7,21,0,21A16,TRUE
20160222,2016-02-22,2016,1,Q1,2,February,Feb,8,22,1,22A16,FALSE
20160223,2016-02-23,2016,1,Q1,2,February,Feb,8,23,2,23A16,FALSE
20160224,2016-02-24,2016,1,Q1,2,February,Feb,8,24,3,24A16,FALSE
20160225,2016-02-25,2016,1,Q1,2,February,Feb,8,25,4,25A16,FALSE
20160226,2016-02-26,2016,1,Q1,2,February,Feb,8,26,5,26A16,FALSE
20160227,2016-02-27,2016,1,Q1,2,February,Feb,8,27,6,27A16,TRUE
20160228,2016-02-28,2016,1,Q1,2,February,Feb,8,28,0,28A16,TRUE
20160229,2016-02-29,2016,1,Q1,2,February,Feb,9,29,1,29A16,FALSE
20160301,2016-03-01,2016,1,Q1,3,March,Mar,9,1,2,1A16,FALSE
20160302,2016-03-02,2016,1,Q1,3,March,Mar,9,2,3,2A16,FALSE
20160303,2016-03-03,2016,1,Q1,3,March,Mar,9,3,4,3A16,FALSE
20160304,2016-03-04,2016,1,Q1,3,March,Mar,9,4,5,4A16,FALSE
20160305,2016-03-05,2016,1,Q1,3,March,Mar,9,5,6,5A16,TRUE
20160306,2016-03-06,2016,1,Q1,3,March,Mar,9,6,0,6A16,TRUE
20160307,2016-03-07,2016,1,Q1,3,March,Mar,10,7,1,7A16,FALSE
20160308,2016-03-08,2016,1,Q1,3,March,Mar,10,8,2,8A16,FALSE
20160309,2016-03-09,2016,1,Q1,3,March,Mar,10,9,3,9A16,FALSE
20160310,2016-03-10,2016,1,Q1,3,March,Mar,10,10,4,10A16,FALSE
20160311,2016-03-11,2016,1,Q1,3,March,Mar,10,11,5,11A16,FALSE
20160312,2016-03-12,2016,1,Q1,3,March,Mar,10,12,6,12A16,TRUE
20160313,2016-03-13,2016,1,Q1,3,March,Mar,10,13,0,13A16,TRUE
20160314,2016-03-14,2016,1,Q1,3,March,Mar,11,14,1,14A16,FALSE
20160315,2016-03-15,2016,1,Q1,3,March,Mar,11,15,2,15A16,FALSE
20160316,2016-03-16,2016,1,Q1,3,March,Mar,11,16,3,16A16,FALSE
20160317,2016-03-17,2016,1,Q1,3,March,Mar,11,17,4,17A16,FALSE
20160318,2016-03-18,2016,1,Q1,3,March,Mar,11,18,5,18A16,FALSE
20160319,2016-03-19,2016,1,Q1,3,March,Mar,11,19,6,19A16,TRUE
20160320,2016-03-20,2016,1,Q1,3,March,Mar,11,20,0,20A16,TRUE
20160321,2016-03-21,2016,1,Q1,3,March,Mar,12,21,1,21A16,FALSE
20160322,2016-03-22,2016,1,Q1,3,March,Mar,12,22,2,22A16,FALSE
20160323,2016-03-23,2016,1,Q1,3,March,Mar,12,23,3,23A16,FALSE
20160324,2016-03-24,2016,1,Q1,3,March,Mar,12,24,4,24A16,FALSE
20160325,2016-03-25,2016,1,Q1,3,March,Mar,12,25,5,25A16,FALSE
20160326,2016-03-26,2016,1,Q1,3,March,Mar,12,26,6,26A16,TRUE
20160327,2016-03-27,2016,1,Q1,3,March,Mar,12,27,0,27A16,TRUE
20160328,2016-03-28,2016,1,Q1,3,March,Mar,13,28,1,28A16,FALSE
20160329,2016-03-29,2016,1,Q1,3,March,Mar,13,29,2,29A16,FALSE
20160330,2016-03-30,2016,1,Q1,3,March,Mar,13,30,3,30A16,FALSE
20160331,2016-03-31,2016,1,Q1,3,March,Mar,13,31,4,31A16,FALSE
20160401,2016-04-01,2016,2,Q2,4,April,Apr,13,1,5,1A16,FALSE
20160402,2016-04-02,2016,2,Q2,4,April,Apr,13,2,6,2A16,TRUE
20160403,2016-04-03,2016,2,Q2,4,April,Apr,13,3,0,3A16,TRUE
20160404,2016-04-04,2016,2,Q2,4,April,Apr,14,4,1,4A16,FALSE
20160405,2016-04-05,2016,2,Q2,4,April,Apr,14,5,2,5A16,FALSE
20160406,2016-04-06,2016,2,Q2,4,April,Apr,14,6,3,6A16,FALSE
20160407,2016-04-07,2016,2,Q2,4,April,Apr,14,7,4,7A16,FALSE
20160408,2016-04-08,2016,2,Q2,4,April,Apr,14,8,5,8A16,FALSE
20160409,2016-04-09,2016,2,Q2,4,April,Apr,14,9,6,9A16,TRUE
20160410,2016-04-10,2016,2,Q2,4,April,Apr,14,10,0,10A16,TRUE
20160411,2016-04-11,2016,2,Q2,4,April,Apr,15,11,1,11A16,FALSE
20160412,2016-04-12,2016,2,Q2,4,April,Apr,15,12,2,12A16,FALSE
20160413,2016-04-13,2016,2,Q2,4,April,Apr,15,13,3,13A16,FALSE
20160414,2016-04-14,2016,2,Q2,4,April,Apr,15,14,4,14A16,FALSE
20160415,2016-04-15,2016,2,Q2,4,April,Apr,15,15,5,15A16,FALSE
20160416,2016-04-16,2016,2,Q2,4,April,Apr,15,16,6,16A16,TRUE
20160417,2016-04-17,2016,2,Q2,4,April,Apr,15,17,0,17A16,TRUE
20160418,2016-04-18,2016,2,Q2,4,April,Apr,16,18,1,18A16,FALSE
20160419,2016-04-19,2016,2,Q2,4,April,Apr,16,19,2,19A16,FALSE
20160420,2016-04-20,2016,2,Q2,4,April,Apr,16,20,3,20A16,FALSE
20160421,2016-04-21,2016,2,Q2,4,April,Apr,16,21,4,21A16,FALSE
20160422,2016-04-22,2016,2,Q2,4,April,Apr,16,22,5,22A16,FALSE
20160423,2016-04-23,2016,2,Q2,4,April,Apr,16,23,6,23A16,TRUE
20160424,2016-04-24,2016,2,Q2,4,April,Apr,16,24,0,24A16,TRUE
20160425,2016-04-25,2016,2,Q2,4,April,Apr,17,25,1,25A16,FALSE
20160426,2016-04-26,2016,2,Q2,4,April,Apr,17,26,2,26A16,FALSE
20160427,2016-04-27,2016,2,Q2,4,April,Apr,17,27,3,27A16,FALSE
20160428,2016-04-28,2016,2,Q2,4,April,Apr,17,28,4,28A16,FALSE
20160429,2016-04-29,2016,2,Q2,4,April,Apr,17,29,5,29A16,FALSE
20160430,2016-04-30,2016,2,Q2,4,April,Apr,17,30,6,30A16,TRUE
20160501,2016-05-01,2016,2,Q2,5,May,May,17,1,0,1A16,TRUE
20160502,2016-05-02,2016,2,Q2,5,May,May,18,2,1,2A16,FALSE
20160503,2016-05-03,2016,2,Q2,5,May,May,18,3,2,3A16,FALSE
20160504,2016-05-04,2016,2,Q2,5,May,May,18,4,3,4A16,FALSE
20160505,2016-05-05,2016,2,Q2,5,May,May,18,5,4,5A16,FALSE
20160506,2016-05-06,2016,2,Q2,5,May,May,18,6,5,6A16,FALSE
20160507,2016-05-07,2016,2,Q2,5,May,May,18,7,6,7A16,TRUE
20160508,2016-05-08,2016,2,Q2,5,May,May,18,8,0,8A16,TRUE
20160509,2016-05-09,2016,2,Q2,5,May,May,19,9,1,9A16,FALSE
20160510,2016-05-10,2016,2,Q2,5,May,May,19,10,2,10A16,FALSE
20160511,2016-05-11,2016,2,Q2,5,May,May,19,11,3,11A16,FALSE
20160512,2016-05-12,2016,2,Q2,5,May,May,19,12,4,12A16,FALSE
20160513,2016-05-13,2016,2,Q2,5,May,May,19,13,5,13A16,FALSE
20160514,2016-05-14,2016,2,Q2,5,May,May,19,14,6,14A16,TRUE
20160515,2016-05-15,2016,2,Q2,5,May,May,19,15,0,15A16,TRUE
20160516,2016-05-16,2016,2,Q2,5,May,May,20,16,1,16A16,FALSE
20160517,2016-05-17,2016,2,Q2,5,May,May,20,17,2,17A16,FALSE
20160518,2016-05-18,2016,2,Q2,5,May,May,20,18,3,18A16,FALSE
20160519,2016-05-19,2016,2,Q2,5,May,May,20,19,4,19A16,FALSE
20160520,2016-05-20,2016,2,Q2,5,May,May,20,20,5,20A16,FALSE
20160521,2016-05-21,2016,2,Q2,5,May,May,20,21,6,21A16,TRUE
20160522,2016-05-22,2016,2,Q2,5,May,May,20,22,0,22A16,TRUE
20160523,2016-05-23,2016,2,Q2,5,May,May,21,23,1,23A16,FALSE
20160524,2016-05-24,2016,2,Q2,5,May,May,21,24,2,24A16,FALSE
20160525,2016-05-25,2016,2,Q2,5,May,May,21,25,3,25A16,FALSE
20160526,2016-05-26,2016,2,Q2,5,May,May,21,26,4,26A16,FALSE
20160527,2016-05-27,2016,2,Q2,5,May,May,21,27,5,27A16,FALSE
20160528,2016-05-28,2016,2,Q2,5,May,May,21,28,6,28A16,TRUE
20160529,2016-05-29,2016,2,Q2,5,May,May,21,29,0,29A16,TRUE
20160530,2016-05-30,2016,2,Q2,5,May,May,22,30,1,30A16,FALSE
20160531,2016-05-31,2016,2,Q2,5,May,May,22,31,2,31A16,FALSE
20160601,2016-06-01,2016,2,Q2,6,June,Jun,22,1,3,1A16,FALSE
20160602,2016-06-02,2016,2,Q2,6,June,Jun,22,2,4,2A16,FALSE
20160603,2016-06-03,2016,2,Q2,6,June,Jun,22,3,5,3A16,FALSE
20160604,2016-06-04,2016,2,Q2,6,June,Jun,22,4,6,4A16,TRUE
20160605,2016-06-05,2016,2,Q2,6,June,Jun,22,5,0,5A16,TRUE
20160606,2016-06-06,2016,2,Q2,6,June,Jun,23,6,1,6A16,FALSE
20160607,2016-06-07,2016,2,Q2,6,June,Jun,23,7,2,7A16,FALSE
20160608,2016-06-08,2016,2,Q2,6,June,Jun,23,8,3,8A16,FALSE
20160609,2016-06-09,2016,2,Q2,6,June,Jun,23,9,4,9A16,FALSE
20160610,2016-06-10,2016,2,Q2,6,June,Jun,23,10,5,10A16,FALSE
20160611,2016-06-11,2016,2,Q2,6,June,Jun,23,11,6,11A16,TRUE
20160612,2016-06-12,2016,2,Q2,6,June,Jun,23,12,0,12A16,TRUE
20160613,2016-06-13,2016,2,Q2,6,June,Jun,24,13,1,13A16,FALSE
20160614,2016-06-14,2016,2,Q2,6,June,Jun,24,14,2,14A16,FALSE
20160615,2016-06-15,2016,2,Q2,6,June,Jun,24,15,3,15A16,FALSE
20160616,2016-06-16,2016,2,Q2,6,June,Jun,24,16,4,16A16,FALSE
20160617,2016-06-17,2016,2,Q2,6,June,Jun,24,17,5,17A16,FALSE
20160618,2016-06-18,2016,2,Q2,6,June,Jun,24,18,6,18A16,TRUE
20160619,2016-06-19,2016,2,Q2,6,June,Jun,24,19,0,19A16,TRUE
20160620,2016-06-20,2016,2,Q2,6,June,Jun,25,20,1,20A16,FALSE
20160621,2016-06-21,2016,2,Q2,6,June,Jun,25,21,2,21A16,FALSE
20160622,2016-06-22,2016,2,Q2,6,June,Jun,25,22,3,22A16,FALSE
20160623,2016-06-23,2016,2,Q2,6,June,Jun,25,23,4,23A16,FALSE
20160624,2016-06-24,2016,2,Q2,6,June,Jun,25,24,5,24A16,FALSE
20160625,2016-06-25,2016,2,Q2,6,June,Jun,25,25,6,25A16,TRUE
20160626,2016-06-26,2016,2,Q2,6,June,Jun,25,26,0,26A16,TRUE
20160627,2016-06-27,2016,2,Q2,6,June,Jun,26,27,1,27A16,FALSE
20160628,2016-06-28,2016,2,Q2,6,June,Jun,26,28,2,28A16,FALSE
20160629,2016-06-29,2016,2,Q2,6,June,Jun,26,29,3,29A16,FALSE
20160630,2016-06-30,2016,2,Q2,6,June,Jun,26,30,4,30A16,FALSE
20160701,2016-07-01,2016,3,Q3,7,July,Jul,26,1,5,1A16,FALSE
20160702,2016-07-02,2016,3,Q3,7,July,Jul,26,2,6,2A16,TRUE
20160703,2016-07-03,2016,3,Q3,7,July,Jul,26,3,0,3A16,TRUE
20160704,2016-07-04,2016,3,Q3,7,July,Jul,27,4,1,4A16,FALSE
20160705,2016-07-05,2016,3,Q3,7,July,Jul,27,5,2,5A16,FALSE
20160706,2016-07-06,2016,3,Q3,7,July,Jul,27,6,3,6A16,FALSE
20160707,2016-07-07,2016,3,Q3,7,July,Jul,27,7,4,7A16,FALSE
20160708,2016-07-08,2016,3,Q3,7,July,Jul,27,8,5,8A16,FALSE
20160709,2016-07-09,2016,3,Q3,7,July,Jul,27,9,6,9A16,TRUE
20160710,2016-07-10,2016,3,Q3,7,July,Jul,27,10,0,10A16,TRUE
20160711,2016-07-11,2016,3,Q3,7,July,Jul,28,11,1,11A16,FALSE
20160712,2016-07-12,2016,3,Q3,7,July,Jul,28,12,2,12A16,FALSE
20160713,2016-07-13,2016,3,Q3,7,July,Jul,28,13,3,13A16,FALSE
20160714,2016-07-14,2016,3,Q3,7,July,Jul,28,14,4,14A16,FALSE
20160715,2016-07-15,2016,3,Q3,7,July,Jul,28,15,5,15A16,FALSE
20160716,2016-07-16,2016,3,Q3,7,July,Jul,28,16,6,16A16,TRUE
20160717,2016-07-17,2016,3,Q3,7,July,Jul,28,17,0,17A16,TRUE
20160718,2016-07-18,2016,3,Q3,7,July,Jul,29,18,1,18A16,FALSE
20160719,2016-07-19,2016,3,Q3,7,July,Jul,29,19,2,19A16,FALSE
20160720,2016-07-20,2016,3,Q3,7,July,Jul,29,20,3,20A16,FALSE
20160721,2016-07-21,2016,3,Q3,7,July,Jul,29,21,4,21A16,FALSE
20160722,2016-07-22,2016,3,Q3,7,July,Jul,29,22,5,22A16,FALSE
20160723,2016-07-23,2016,3,Q3,7,July,Jul,29,23,6,23A16,TRUE
20160724,2016-07-24,2016,3,Q3,7,July,Jul,29,24,0,24A16,TRUE
20160725,2016-07-25,2016,3,Q3,7,July,Jul,30,25,1,25A16,FALSE
20160726,2016-07-26,2016,3,Q3,7,July,Jul,30,26,2,26A16,FALSE
20160727,2016-07-27,2016,3,Q3,7,July,Jul,30,27,3,27A16,FALSE
20160728,2016-07-28,2016,3,Q3,7,July,Jul,30,28,4,28A16,FALSE
20160729,2016-07-29,2016,3,Q3,7,July,Jul,30,29,5,29A16,FALSE
20160730,2016-07-30,2016,3,Q3,7,July,Jul,30,30,6,30A16,TRUE
20160731,2016-07-31,2016,3,Q3,7,July,Jul,30,31,0,31A16,TRUE
20160801,2016-08-01,2016,3,Q3,8,August,Aug,31,1,1,1A16,FALSE
20160802,2016-08-02,2016,3,Q3,8,August,Aug,31,2,2,2A16,FALSE
20160803,2016-08-03,2016,3,Q3,8,August,Aug,31,3,3,3A16,FALSE
20160804,2016-08-04,2016,3,Q3,8,August,Aug,31,4,4,4A16,FALSE
20160805,2016-08-05,2016,3,Q3,8,August,Aug,31,5,5,5A16,FALSE
20160806,2016-08-06,2016,3,Q3,8,August,Aug,31,6,6,6A16,TRUE
20160807,2016-08-07,2016,3,Q3,8,August,Aug,31,7,0,7A16,TRUE
20160808,2016-08-08,2016,3,Q3,8,August,Aug,32,8,1,8A16,FALSE
20160809,2016-08-09,2016,3,Q3,8,August,Aug,32,9,2,9A16,FALSE
20160810,2016-08-10,2016,3,Q3,8,August,Aug,32,10,3,10A16,FALSE
20160811,2016-08-11,2016,3,Q3,8,August,Aug,32,11,4,11A16,FALSE
20160812,2016-08-12,2016,3,Q3,8,August,Aug,32,12,5,12A16,FALSE
20160813,2016-08-13,2016,3,Q3,8,August,Aug,32,13,6,13A16,TRUE
20160814,2016-08-14,2016,3,Q3,8,August,Aug,32,14,0,14A16,TRUE
20160815,2016-08-15,2016,3,Q3,8,August,Aug,33,15,1,15A16,FALSE
20160816,2016-08-16,2016,3,Q3,8,August,Aug,33,16,2,16A16,FALSE
20160817,2016-08-17,2016,3,Q3,8,August,Aug,33,17,3,17A16,FALSE
20160818,2016-08-18,2016,3,Q3,8,August,Aug,33,18,4,18A16,FALSE
20160819,2016-08-19,2016,3,Q3,8,August,Aug,33,19,5,19A16,FALSE
20160820,2016-08-20,2016,3,Q3,8,August,Aug,33,20,6,20A16,TRUE
20160821,2016-08-21,2016,3,Q3,8,August,Aug,33,21,0,21A16,TRUE
20160822,2016-08-22,2016,3,Q3,8,August,Aug,34,22,1,22A16,FALSE
20160823,2016-08-23,2016,3,Q3,8,August,Aug,34,23,2,23A16,FALSE
20160824,2016-08-24,2016,3,Q3,8,August,Aug,34,24,3,24A16,FALSE
20160825,2016-08-25,2016,3,Q3,8,August,Aug,34,25,4,25A16,FALSE
20160826,2016-08-26,2016,3,Q3,8,August,Aug,34,26,5,26A16,FALSE
20160827,2016-08-27,2016,3,Q3,8,August,Aug,34,27,6,27A16,TRUE
20160828,2016-08-28,2016,3,Q3,8,August,Aug,34,28,0,28A16,TRUE
20160829,2016-08-29,2016,3,Q3,8,August,Aug,35,29,1,29A16,FALSE
20160830,2016-08-30,2016,3,Q3,8,August,Aug,35,30,2,30A16,FALSE
20160831,2016-08-31,2016,3,Q3,8,August,Aug,35,31,3,31A16,FALSE
20160901,2016-09-01,2016,3,Q3,9,September,Sep,35,1,4,1A16,FALSE
20160902,2016-09-02,2016,3,Q3,9,September,Sep,35,2,5,2A16,FALSE
20160903,2016-09-03,2016,3,Q3,9,September,Sep,35,3,6,3A16,TRUE
20160904,2016-09-04,2016,3,Q3,9,September,Sep,35,4,0,4A16,TRUE
20160905,2016-09-05,2016,3,Q3,9,September,Sep,36,5,1,5A16,FALSE
20160906,2016-09-06,2016,3,Q3,9,September,Sep,36,6,2,6A16,FALSE
20160907,2016-09-07,2016,3,Q3,9,September,Sep,36,7,3,7A16,FALSE
20160908,2016-09-08,2016,3,Q3,9,September,Sep,36,8,4,8A16,FALSE
20160909,2016-09-09,2016,3,Q3,9,September,Sep,36,9,5,9A16,FALSE
20160910,2016-09-10,2016,3,Q3,9,September,Sep,36,10,6,10A16,TRUE
20160911,2016-09-11,2016,3,Q3,9,September,Sep,36,11,0,11A16,TRUE
20160912,2016-09-12,2016,3,Q3,9,September,Sep,37,12,1,12A16,FALSE
20160913,2016-09-13,2016,3,Q3,9,September,Sep,37,13,2,13A16,FALSE
20160914,2016-09-14,2016,3,Q3,9,September,Sep,37,14,3,14A16,FALSE
20160915,2016-09-15,2016,3,Q3,9,September,Sep,37,15,4,15A16,FALSE
20160916,2016-09-16,2016,3,Q3,9,September,Sep,37,16,5,16A16,FALSE
20160917,2016-09-17,2016,3,Q3,9,September,Sep,37,17,6,17A16,TRUE
20160918,2016-09-18,2016,3,Q3,9,September,Sep,37,18,0,18A16,TRUE
20160919,2016-09-19,2016,3,Q3,9,September,Sep,38,19,1,19A16,FALSE
20160920,2016-09-20,2016,3,Q3,9,September,Sep,38,20,2,20A16,FALSE
20160921,2016-09-21,2016,3,Q3,9,September,Sep,38,21,3,21A16,FALSE
20160922,2016-09-22,2016,3,Q3,9,September,Sep,38,22,4,22A16,FALSE
20160923,2016-09-23,2016,3,Q3,9,September,Sep,38,23,5,23A16,FALSE
20160924,2016-09-24,2016,3,Q3,9,September,Sep,38,24,6,24A16,TRUE
20160925,2016-09-25,2016,3,Q3,9,September,Sep,38,25,0,25A16,TRUE
20160926,2016-09-26,2016,3,Q3,9,September,Sep,39,26,1,26A16,FALSE
20160927,2016-09-27,2016,3,Q3,9,September,Sep,39,27,2,27A16,FALSE
20160928,2016-09-28,2016,3,Q3,9,September,Sep,39,28,3,28A16,FALSE
20160929,2016-09-29,2016,3,Q3,9,September,Sep,39,29,4,29A16,FALSE
20160930,2016-09-30,2016,3,Q3,9,September,Sep,39,30,5,30A16,FALSE
20161001,2016-10-01,2016,4,Q4,10,October,Oct,39,1,6,1A16,TRUE
20161002,2016-10-02,2016,4,Q4,10,October,Oct,39,2,0,2A16,TRUE
20161003,2016-10-03,2016,4,Q4,10,October,Oct,40,3,1,3A16,FALSE
20161004,2016-10-04,2016,4,Q4,10,October,Oct,40,4,2,4A16,FALSE
20161005,2016-10-05,2016,4,Q4,10,October,Oct,40,5,3,5A16,FALSE
20161006,2016-10-06,2016,4,Q4,10,October,Oct,40,6,4,6A16,FALSE
20161007,2016-10-07,2016,4,Q4,10,October,Oct,40,7,5,7A16,FALSE
20161008,2016-10-08,2016,4,Q4,10,October,Oct,40,8,6,8A16,TRUE
20161009,2016-10-09,2016,4,Q4,10,October,Oct,40,9,0,9A16,TRUE
20161010,2016-10-10,2016,4,Q4,10,October,Oct,41,10,1,10A16,FALSE
20161011,2016-10-11,2016,4,Q4,10,October,Oct,41,11,2,11A16,FALSE
20161012,2016-10-12,2016,4,Q4,10,October,Oct,41,12,3,12A16,FALSE
20161013,2016-10-13,2016,4,Q4,10,October,Oct,41,13,4,13A16,FALSE
20161014,2016-10-14,2016,4,Q4,10,October,Oct,41,14,5,14A16,FALSE
20161015,2016-10-15,2016,4,Q4,10,October,Oct,41,15,6,15A16,TRUE
20161016,2016-10-16,2016,4,Q4,10,October,Oct,41,16,0,16A16,TRUE
20161017,2016-10-17,2016,4,Q4,10,October,Oct,42,17,1,17A16,FALSE
20161018,2016-10-18,2016,4,Q4,10,October,Oct,42,18,2,18A16,FALSE
20161019,2016-10-19,2016,4,Q4,10,October,Oct,42,19,3,19A16,FALSE
20161020,2016-10-20,2016,4,Q4,10,October,Oct,42,20,4,20A16,FALSE
20161021,2016-10-21,2016,4,Q4,10,October,Oct,42,21,5,21A16,FALSE
20161022,2016-10-22,2016,4,Q4,10,October,Oct,42,22,6,22A16,TRUE
20161023,2016-10-23,2016,4,Q4,10,October,Oct,42,23,0,23A16,TRUE
20161024,2016-10-24,2016,4,Q4,10,October,Oct,43,24,1,24A16,FALSE
20161025,2016-10-25,2016,4,Q4,10,October,Oct,43,25,2,25A16,FALSE
20161026,2016-10-26,2016,4,Q4,10,October,Oct,43,26,3,26A16,FALSE
20161027,2016-10-27,2016,4,Q4,10,October,Oct,43,27,4,27A16,FALSE
20161028,2016-10-28,2016,4,Q4,10,October,Oct,43,28,5,28A16,FALSE
20161029,2016-10-29,2016,4,Q4,10,October,Oct,43,29,6,29A16,TRUE
20161030,2016-10-30,2016,4,Q4,10,October,Oct,43,30,0,30A16,TRUE
20161031,2016-10-31,2016,4,Q4,10,October,Oct,44,31,1,31A16,FALSE
20161101,2016-11-01,2016,4,Q4,11,November,Nov,44,1,2,1A16,FALSE
20161102,2016-11-02,2016,4,Q4,11,November,Nov,44,2,3,2A16,FALSE
20161103,2016-11-03,2016,4,Q4,11,November,Nov,44,3,4,3A16,FALSE
20161104,2016-11-04,2016,4,Q4,11,November,Nov,44,4,5,4A16,FALSE
20161105,2016-11-05,2016,4,Q4,11,November,Nov,44,5,6,5A16,TRUE
20161106,2016-11-06,2016,4,Q4,11,November,Nov,44,6,0,6A16,TRUE
20161107,2016-11-07,2016,4,Q4,11,November,Nov,45,7,1,7A16,FALSE
20161108,2016-11-08,2016,4,Q4,11,November,Nov,45,8,2,8A16,FALSE
20161109,2016-11-09,2016,4,Q4,11,November,Nov,45,9,3,9A16,FALSE
20161110,2016-11-10,2016,4,Q4,11,November,Nov,45,10,4,10A16,FALSE
20161111,2016-11-11,2016,4,Q4,11,November,Nov,45,11,5,11A16,FALSE
20161112,2016-11-12,2016,4,Q4,11,November,Nov,45,12,6,12A16,TRUE
20161113,2016-11-13,2016,4,Q4,11,November,Nov,45,13,0,13A16,TRUE
20161114,2016-11-14,2016,4,Q4,11,November,Nov,46,14,1,14A16,FALSE
20161115,2016-11-15,2016,4,Q4,11,November,Nov,46,15,2,15A16,FALSE
20161116,2016-11-16,2016,4,Q4,11,November,Nov,46,16,3,16A16,FALSE
20161117,2016-11-17,2016,4,Q4,11,November,Nov,46,17,4,17A16,FALSE
20161118,2016-11-18,2016,4,Q4,11,November,Nov,46,18,5,18A16,FALSE
20161119,2016-11-19,2016,4,Q4,11,November,Nov,46,19,6,19A16,TRUE
20161120,2016-11-20,2016,4,Q4,11,November,Nov,46,20,0,20A16,TRUE
20161121,2016-11-21,2016,4,Q4,11,November,Nov,47,21,1,21A16,FALSE
20161122,2016-11-22,2016,4,Q4,11,November,Nov,47,22,2,22A16,FALSE
20161123,2016-11-23,2016,4,Q4,11,November,Nov,47,23,3,23A16,FALSE
20161124,2016-11-24,2016,4,Q4,11,November,Nov,47,24,4,24A16,FALSE
20161125,2016-11-25,2016,4,Q4,11,November,Nov,47,25,5,25A16,FALSE
20161126,2016-11-26,2016,4,Q4,11,November,Nov,47,26,6,26A16,TRUE
20161127,2016-11-27,2016,4,Q4,11,November,Nov,47,27,0,27A16,TRUE
20161128,2016-11-28,2016,4,Q4,11,November,Nov,48,28,1,28A16,FALSE
20161129,2016-11-29,2016,4,Q4,11,November,Nov,48,29,2,29A16,FALSE
20161130,2016-11-30,2016,4,Q4,11,November,Nov,48,30,3,30A16,FALSE
20161201,2016-12-01,2016,4,Q4,12,December,Dec,48,1,4,1A16,FALSE
20161202,2016-12-02,2016,4,Q4,12,December,Dec,48,2,5,2A16,FALSE
20161203,2016-12-03,2016,4,Q4,12,December,Dec,48,3,6,3A16,TRUE
20161204,2016-12-04,2016,4,Q4,12,December,Dec,48,4,0,4A16,TRUE
20161205,2016-12-05,2016,4,Q4,12,December,Dec,49,5,1,5A16,FALSE
20161206,2016-12-06,2016,4,Q4,12,December,Dec,49,6,2,6A16,FALSE
20161207,2016-12-07,2016,4,Q4,12,December,Dec,49,7,3,7A16,FALSE
20161208,2016-12-08,2016,4,Q4,12,December,Dec,49,8,4,8A16,FALSE
20161209,2016-12-09,2016,4,Q4,12,December,Dec,49,9,5,9A16,FALSE
20161210,2016-12-10,2016,4,Q4,12,December,Dec,49,10,6,10A16,TRUE
20161211,2016-12-11,2016,4,Q4,12,December,Dec,49,11,0,11A16,TRUE
20161212,2016-12-12,2016,4,Q4,12,December,Dec,50,12,1,12A16,FALSE
20161213,2016-12-13,2016,4,Q4,12,December,Dec,50,13,2,13A16,FALSE
20161214,2016-12-14,2016,4,Q4,12,December,Dec,50,14,3,14A16,FALSE
20161215,2016-12-15,2016,4,Q4,12,December,Dec,50,15,4,15A16,FALSE
20161216,2016-12-16,2016,4,Q4,12,December,Dec,50,16,5,16A16,FALSE
20161217,2016-12-17,2016,4,Q4,12,December,Dec,50,17,6,17A16,TRUE
20161218,2016-12-18,2016,4,Q4,12,December,Dec,50,18,0,18A16,TRUE
20161219,2016-12-19,2016,4,Q4,12,December,Dec,51,19,1,19A16,FALSE
20161220,2016-12-20,2016,4,Q4,12,December,Dec,51,20,2,20A16,FALSE
20161221,2016-12-21,2016,4,Q4,12,December,Dec,51,21,3,21A16,FALSE
20161222,2016-12-22,2016,4,Q4,12,December,Dec,51,22,4,22A16,FALSE
20161223,2016-12-23,2016,4,Q4,12,December,Dec,51,23,5,23A16,FALSE
20161224,2016-12-24,2016,4,Q4,12,December,Dec,51,24,6,24A16,TRUE
20161225,2016-12-25,2016,4,Q4,12,December,Dec,51,25,0,25A16,TRUE
20161226,2016-12-26,2016,4,Q4,12,December,Dec,52,26,1,26A16,FALSE
20161227,2016-12-27,2016,4,Q4,12,December,Dec,52,27,2,27A16,FALSE
20161228,2016-12-28,2016,4,Q4,12,December,Dec,52,28,3,28A16,FALSE
20161229,2016-12-29,2016,4,Q4,12,December,Dec,52,29,4,29A16,FALSE
20161230,2016-12-30,2016,4,Q4,12,December,Dec,52,30,5,30A16,FALSE
20161231,2016-12-31,2016,4,Q4,12,December,Dec,52,31,6,31A16,TRUE
20170101,2017-01-01,2017,1,Q1,1,January,Jan,52,1,0,1A17,TRUE
20170102,2017-01-02,2017,1,Q1,1,January,Jan,1,2,1,2A17,FALSE
20170103,2017-01-03,2017,1,Q1,1,January,Jan,1,3,2,3A17,FALSE
20170104,2017-01-04,2017,1,Q1,1,January,Jan,1,4,3,4A17,FALSE
20170105,2017-01-05,2017,1,Q1,1,January,Jan,1,5,4,5A17,FALSE
20170106,2017-01-06,2017,1,Q1,1,January,Jan,1,6,5,6A17,FALSE
20170107,2017-01-07,2017,1,Q1,1,January,Jan,1,7,6,7A17,TRUE
20170108,2017-01-08,2017,1,Q1,1,January,Jan,1,8,0,8A17,TRUE
20170109,2017-01-09,2017,1,Q1,1,January,Jan,2,9,1,9A17,FALSE
20170110,2017-01-10,2017,1,Q1,1,January,Jan,2,10,2,10A17,FALSE
20170111,2017-01-11,2017,1,Q1,1,January,Jan,2,11,3,11A17,FALSE
20170112,2017-01-12,2017,1,Q1,1,January,Jan,2,12,4,12A17,FALSE
20170113,2017-01-13,2017,1,Q1,1,January,Jan,2,13,5,13A17,FALSE
20170114,2017-01-14,2017,1,Q1,1,January,Jan,2,14,6,14A17,TRUE
20170115,2017-01-15,2017,1,Q1,1,January,Jan,2,15,0,15A17,TRUE
20170116,2017-01-16,2017,1,Q1,1,January,Jan,3,16,1,16A17,FALSE
20170117,2017-01-17,2017,1,Q1,1,January,Jan,3,17,2,17A17,FALSE
20170118,2017-01-18,2017,1,Q1,1,January,Jan,3,18,3,18A17,FALSE
20170119,2017-01-19,2017,1,Q1,1,January,Jan,3,19,4,19A17,FALSE
20170120,2017-01-20,2017,1,Q1,1,January,Jan,3,20,5,20A17,FALSE
20170121,2017-01-21,2017,1,Q1,1,January,Jan,3,21,6,21A17,TRUE
20170122,2017-01-22,2017,1,Q1,1,January,Jan,3,22,0,22A17,TRUE
20170123,2017-01-23,2017,1,Q1,1,January,Jan,4,23,1,23A17,FALSE
20170124,2017-01-24,2017,1,Q1,1,January,Jan,4,24,2,24A17,FALSE
20170125,2017-01-25,2017,1,Q1,1,January,Jan,4,25,3,25A17,FALSE
20170126,2017-01-26,2017,1,Q1,1,January,Jan,4,26,4,26A17,FALSE
20170127,2017-01-27,2017,1,Q1,1,January,Jan,4,27,5,27A17,FALSE
20170128,2017-01-28,2017,1,Q1,1,January,Jan,4,28,6,28A17,TRUE
20170129,2017-01-29,2017,1,Q1,1,January,Jan,4,29,0,29A17,TRUE
20170130,2017-01-30,2017,1,Q1,1,January,Jan,5,30,1,30A17,FALSE
20170131,2017-01-31,2017,1,Q1,1,January,Jan,5,31,2,31A17,FALSE
20170201,2017-02-01,2017,1,Q1,2,February,Feb,5,1,3,1A17,FALSE
20170202,2017-02-02,2017,1,Q1,2,February,Feb,5,2,4,2A17,FALSE
20170203,2017-02-03,2017,1,Q1,2,February,Feb,5,3,5,3A17,FALSE
20170204,2017-02-04,2017,1,Q1,2,February,Feb,5,4,6,4A17,TRUE
20170205,2017-02-05,2017,1,Q1,2,February,Feb,5,5,0,5A17,TRUE
20170206,2017-02-06,2017,1,Q1,2,February,Feb,6,6,1,6A17,FALSE
20170207,2017-02-07,2017,1,Q1,2,February,Feb,6,7,2,7A17,FALSE
20170208,2017-02-08,2017,1,Q1,2,February,Feb,6,8,3,8A17,FALSE
20170209,2017-02-09,2017,1,Q1,2,February,Feb,6,9,4,9A17,FALSE
20170210,2017-02-10,2017,1,Q1,2,February,Feb,6,10,5,10A17,FALSE
20170211,2017-02-11,2017,1,Q1,2,February,Feb,6,11,6,11A17,TRUE
20170212,2017-02-12,2017,1,Q1,2,February,Feb,6,12,0,12A17,TRUE
20170213,2017-02-13,2017,1,Q1,2,February,Feb,7,13,1,13A17,FALSE
20170214,2017-02-14,2017,1,Q1,2,February,Feb,7,14,2,14A17,FALSE
20170215,2017-02-15,2017,1,Q1,2,February,Feb,7,15,3,15A17,FALSE
20170216,2017-02-16,2017,1,Q1,2,February,Feb,7,16,4,16A17,FALSE
20170217,2017-02-17,2017,1,Q1,2,February,Feb,7,17,5,17A17,FALSE
20170218,2017-02-18,2017,1,Q1,2,February,Feb,7,18,6,18A17,TRUE
20170219,2017-02-19,2017,1,Q1,2,February,Feb,7,19,0,19A17,TRUE
20170220,2017-02-20,2017,1,Q1,2,February,Feb,8,20,1,20A17,FALSE
20170221,2017-02-21,2017,1,Q1,2,February,Feb,8,21,2,21A17,FALSE
20170222,2017-02-22,2017,1,Q1,2,February,Feb,8,22,3,22A17,FALSE
20170223,2017-02-23,2017,1,Q1,2,February,Feb,8,23,4,23A17,FALSE
20170224,2017-02-24,2017,1,Q1,2,February,Feb,8,24,5,24A17,FALSE
20170225,2017-02-25,2017,1,Q1,2,February,Feb,8,25,6,25A17,TRUE
20170226,2017-02-26,2017,1,Q1,2,February,Feb,8,26,0,26A17,TRUE
20170227,2017-02-27,2017,1,Q1,2,February,Feb,9,27,1,27A17,FALSE
20170228,2017-02-28,2017,1,Q1,2,February,Feb,9,28,2,28A17,FALSE
20170301,2017-03-01,2017,1,Q1,3,March,Mar,9,1,3,1A17,FALSE
20170302,2017-03-02,2017,1,Q1,3,March,Mar,9,2,4,2A17,FALSE
20170303,2017-03-03,2017,1,Q1,3,March,Mar,9,3,5,3A17,FALSE
20170304,2017-03-04,2017,1,Q1,3,March,Mar,9,4,6,4A17,TRUE
20170305,2017-03-05,2017,1,Q1,3,March,Mar,9,5,0,5A17,TRUE
20170306,2017-03-06,2017,1,Q1,3,March,Mar,10,6,1,6A17,FALSE
20170307,2017-03-07,2017,1,Q1,3,March,Mar,10,7,2,7A17,FALSE
20170308,2017-03-08,2017,1,Q1,3,March,Mar,10,8,3,8A17,FALSE
20170309,2017-03-09,2017,1,Q1,3,March,Mar,10,9,4,9A17,FALSE
20170310,2017-03-10,2017,1,Q1,3,March,Mar,10,10,5,10A17,FALSE
20170311,2017-03-11,2017,1,Q1,3,March,Mar,10,11,6,11A17,TRUE
20170312,2017-03-12,2017,1,Q1,3,March,Mar,10,12,0,12A17,TRUE
20170313,2017-03-13,2017,1,Q1,3,March,Mar,11,13,1,13A17,FALSE
20170314,2017-03-14,2017,1,Q1,3,March,Mar,11,14,2,14A17,FALSE
20170315,2017-03-15,2017,1,Q1,3,March,Mar,11,15,3,15A17,FALSE
20170316,2017-03-16,2017,1,Q1,3,March,Mar,11,16,4,16A17,FALSE
20170317,2017-03-17,2017,1,Q1,3,March,Mar,11,17,5,17A17,FALSE
20170318,2017-03-18,2017,1,Q1,3,March,Mar,11,18,6,18A17,TRUE
20170319,2017-03-19,2017,1,Q1,3,March,Mar,11,19,0,19A17,TRUE
20170320,2017-03-20,2017,1,Q1,3,March,Mar,12,20,1,20A17,FALSE
20170321,2017-03-21,2017,1,Q1,3,March,Mar,12,21,2,21A17,FALSE
20170322,2017-03-22,2017,1,Q1,3,March,Mar,12,22,3,22A17,FALSE
20170323,2017-03-23,2017,1,Q1,3,March,Mar,12,23,4,23A17,FALSE
20170324,2017-03-24,2017,1,Q1,3,March,Mar,12,24,5,24A17,FALSE
20170325,2017-03-25,2017,1,Q1,3,March,Mar,12,25,6,25A17,TRUE
20170326,2017-03-26,2017,1,Q1,3,March,Mar,12,26,0,26A17,TRUE
20170327,2017-03-27,2017,1,Q1,3,March,Mar,13,27,1,27A17,FALSE
20170328,2017-03-28,2017,1,Q1,3,March,Mar,13,28,2,28A17,FALSE
20170329,2017-03-29,2017,1,Q1,3,March,Mar,13,29,3,29A17,FALSE
20170330,2017-03-30,2017,1,Q1,3,March,Mar,13,30,4,30A17,FALSE
20170331,2017-03-31,2017,1,Q1,3,March,Mar,13,31,5,31A17,FALSE
20170401,2017-04-01,2017,2,Q2,4,April,Apr,13,1,6,1A17,TRUE
20170402,2017-04-02,2017,2,Q2,4,April,Apr,13,2,0,2A17,TRUE
20170403,2017-04-03,2017,2,Q2,4,April,Apr,14,3,1,3A17,FALSE
20170404,2017-04-04,2017,2,Q2,4,April,Apr,14,4,2,4A17,FALSE
20170405,2017-04-05,2017,2,Q2,4,April,Apr,14,5,3,5A17,FALSE
20170406,2017-04-06,2017,2,Q2,4,April,Apr,14,6,4,6A17,FALSE
20170407,2017-04-07,2017,2,Q2,4,April,Apr,14,7,5,7A17,FALSE
20170408,2017-04-08,2017,2,Q2,4,April,Apr,14,8,6,8A17,TRUE
20170409,2017-04-09,2017,2,Q2,4,April,Apr,14,9,0,9A17,TRUE
20170410,2017-04-10,2017,2,Q2,4,April,Apr,15,10,1,10A17,FALSE
20170411,2017-04-11,2017,2,Q2,4,April,Apr,15,11,2,11A17,FALSE
20170412,2017-04-12,2017,2,Q2,4,April,Apr,15,12,3,12A17,FALSE
20170413,2017-04-13,2017,2,Q2,4,April,Apr,15,13,4,13A17,FALSE
20170414,2017-04-14,2017,2,Q2,4,April,Apr,15,14,5,14A17,FALSE
20170415,2017-04-15,2017,2,Q2,4,April,Apr,15,15,6,15A17,TRUE
20170416,2017-04-16,2017,2,Q2,4,April,Apr,15,16,0,16A17,TRUE
20170417,2017-04-17,2017,2,Q2,4,April,Apr,16,17,1,17A17,FALSE
20170418,2017-04-18,2017,2,Q2,4,April,Apr,16,18,2,18A17,FALSE
20170419,2017-04-19,2017,2,Q2,4,April,Apr,16,19,3,19A17,FALSE
20170420,2017-04-20,2017,2,Q2,4,April,Apr,16,20,4,20A17,FALSE
20170421,2017-04-21,2017,2,Q2,4,April,Apr,16,21,5,21A17,FALSE
20170422,2017-04-22,2017,2,Q2,4,April,Apr,16,22,6,22A17,TRUE
20170423,2017-04-23,2017,2,Q2,4,April,Apr,16,23,0,23A17,TRUE
20170424,2017-04-24,2017,2,Q2,4,April,Apr,17,24,1,24A17,FALSE
20170425,2017-04-25,2017,2,Q2,4,April,Apr,17,25,2,25A17,FALSE
20170426,2017-04-26,2017,2,Q2,4,April,Apr,17,26,3,26A17,FALSE
20170427,2017-04-27,2017,2,Q2,4,April,Apr,17,27,4,27A17,FALSE
20170428,2017-04-28,2017,2,Q2,4,April,Apr,17,28,5,28A17,FALSE
20170429,2017-04-29,2017,2,Q2,4,April,Apr,17,29,6,29A17,TRUE
20170430,2017-04-30,2017,2,Q2,4,April,Apr,17,30,0,30A17,TRUE
20170501,2017-05-01,2017,2,Q2,5,May,May,18,1,1,1A17,FALSE
20170502,2017-05-02,2017,2,Q2,5,May,May,18,2,2,2A17,FALSE
20170503,2017-05-03,2017,2,Q2,5,May,May,18,3,3,3A17,FALSE
20170504,2017-05-04,2017,2,Q2,5,May,May,18,4,4,4A17,FALSE
20170505,2017-05-05,2017,2,Q2,5,May,May,18,5,5,5A17,FALSE
20170506,2017-05-06,2017,2,Q2,5,May,May,18,6,6,6A17,TRUE
20170507,2017-05-07,2017,2,Q2,5,May,May,18,7,0,7A17,TRUE
20170508,2017-05-08,2017,2,Q2,5,May,May,19,8,1,8A17,FALSE
20170509,2017-05-09,2017,2,Q2,5,May,May,19,9,2,9A17,FALSE
20170510,2017-05-10,2017,2,Q2,5,May,May,19,10,3,10A17,FALSE
20170511,2017-05-11,2017,2,Q2,5,May,May,19,11,4,11A17,FALSE
20170512,2017-05-12,2017,2,Q2,5,May,May,19,12,5,12A17,FALSE
20170513,2017-05-13,2017,2,Q2,5,May,May,19,13,6,13A17,TRUE
20170514,2017-05-14,2017,2,Q2,5,May,May,19,14,0,14A17,TRUE
20170515,2017-05-15,2017,2,Q2,5,May,May,20,15,1,15A17,FALSE
20170516,2017-05-16,2017,2,Q2,5,May,May,20,16,2,16A17,FALSE
20170517,2017-05-17,2017,2,Q2,5,May,May,20,17,3,17A17,FALSE
20170518,2017-05-18,2017,2,Q2,5,May,May,20,18,4,18A17,FALSE
20170519,2017-05-19,2017,2,Q2,5,May,May,20,19,5,19A17,FALSE
20170520,2017-05-20,2017,2,Q2,5,May,May,20,20,6,20A17,TRUE
20170521,2017-05-21,2017,2,Q2,5,May,May,20,21,0,21A17,TRUE
20170522,2017-05-22,2017,2,Q2,5,May,May,21,22,1,22A17,FALSE
20170523,2017-05-23,2017,2,Q2,5,May,May,21,23,2,23A17,FALSE
20170524,2017-05-24,2017,2,Q2,5,May,May,21,24,3,24A17,FALSE
20170525,2017-05-25,2017,2,Q2,5,May,May,21,25,4,25A17,FALSE
20170526,2017-05-26,2017,2,Q2,5,May,May,21,26,5,26A17,FALSE
20170527,2017-05-27,2017,2,Q2,5,May,May,21,27,6,27A17,TRUE
20170528,2017-05-28,2017,2,Q2,5,May,May,21,28,0,28A17,TRUE
20170529,2017-05-29,2017,2,Q2,5,May,May,22,29,1,29A17,FALSE
20170530,2017-05-30,2017,2,Q2,5,May,May,22,30,2,30A17,FALSE
20170531,2017-05-31,2017,2,Q2,5,May,May,22,31,3,31A17,FALSE
20170601,2017-06-01,2017,2,Q2,6,June,Jun,22,1,4,1A17,FALSE
20170602,2017-06-02,2017,2,Q2,6,June,Jun,22,2,5,2A17,FALSE
20170603,2017-06-03,2017,2,Q2,6,June,Jun,22,3,6,3A17,TRUE
20170604,2017-06-04,2017,2,Q2,6,June,Jun,22,4,0,4A17,TRUE
20170605,2017-06-05,2017,2,Q2,6,June,Jun,23,5,1,5A17,FALSE
20170606,2017-06-06,2017,2,Q2,6,June,Jun,23,6,2,6A17,FALSE
20170607,2017-06-07,2017,2,Q2,6,June,Jun,23,7,3,7A17,FALSE
20170608,2017-06-08,2017,2,Q2,6,June,Jun,23,8,4,8A17,FALSE
20170609,2017-06-09,2017,2,Q2,6,June,Jun,23,9,5,9A17,FALSE
20170610,2017-06-10,2017,2,Q2,6,June,Jun,23,10,6,10A17,TRUE
20170611,2017-06-11,2017,2,Q2,6,June,Jun,23,11,0,11A17,TRUE
20170612,2017-06-12,2017,2,Q2,6,June,Jun,24,12,1,12A17,FALSE
20170613,2017-06-13,2017,2,Q2,6,June,Jun,24,13,2,13A17,FALSE
20170614,2017-06-14,2017,2,Q2,6,June,Jun,24,14,3,14A17,FALSE
20170615,2017-06-15,2017,2,Q2,6,June,Jun,24,15,4,15A17,FALSE
20170616,2017-06-16,2017,2,Q2,6,June,Jun,24,16,5,16A17,FALSE
20170617,2017-06-17,2017,2,Q2,6,June,Jun,24,17,6,17A17,TRUE
20170618,2017-06-18,2017,2,Q2,6,June,Jun,24,18,0,18A17,TRUE
20170619,2017-06-19,2017,2,Q2,6,June,Jun,25,19,1,19A17,FALSE
20170620,2017-06-20,2017,2,Q2,6,June,Jun,25,20,2,20A17,FALSE
20170621,2017-06-21,2017,2,Q2,6,June,Jun,25,21,3,21A17,FALSE
20170622,2017-06-22,2017,2,Q2,6,June,Jun,25,22,4,22A17,FALSE
20170623,2017-06-23,2017,2,Q2,6,June,Jun,25,23,5,23A17,FALSE
20170624,2017-06-24,2017,2,Q2,6,June,Jun,25,24,6,24A17,TRUE
20170625,2017-06-25,2017,2,Q2,6,June,Jun,25,25,0,25A17,TRUE
20170626,2017-06-26,2017,2,Q2,6,June,Jun,26,26,1,26A17,FALSE
20170627,2017-06-27,2017,2,Q2,6,June,Jun,26,27,2,27A17,FALSE
20170628,2017-06-28,2017,2,Q2,6,June,Jun,26,28,3,28A17,FALSE
20170629,2017-06-29,2017,2,Q2,6,June,Jun,26,29,4,29A17,FALSE
20170630,2017-06-30,2017,2,Q2,6,June,Jun,26,30,5,30A17,FALSE
20170701,2017-07-01,2017,3,Q3,7,July,Jul,26,1,6,1A17,TRUE
20170702,2017-07-02,2017,3,Q3,7,July,Jul,26,2,0,2A17,TRUE
20170703,2017-07-03,2017,3,Q3,7,July,Jul,27,3,1,3A17,FALSE
20170704,2017-07-04,2017,3,Q3,7,July,Jul,27,4,2,4A17,FALSE
20170705,2017-07-05,2017,3,Q3,7,July,Jul,27,5,3,5A17,FALSE
20170706,2017-07-06,2017,3,Q3,7,July,Jul,27,6,4,6A17,FALSE
20170707,2017-07-07,2017,3,Q3,7,July,Jul,27,7,5,7A17,FALSE
20170708,2017-07-08,2017,3,Q3,7,July,Jul,27,8,6,8A17,TRUE
20170709,2017-07-09,2017,3,Q3,7,July,Jul,27,9,0,9A17,TRUE
20170710,2017-07-10,2017,3,Q3,7,July,Jul,28,10,1,10A17,FALSE
20170711,2017-07-11,2017,3,Q3,7,July,Jul,28,11,2,11A17,FALSE
20170712,2017-07-12,2017,3,Q3,7,July,Jul,28,12,3,12A17,FALSE
20170713,2017-07-13,2017,3,Q3,7,July,Jul,28,13,4,13A17,FALSE
20170714,2017-07-14,2017,3,Q3,7,July,Jul,28,14,5,14A17,FALSE
20170715,2017-07-15,2017,3,Q3,7,July,Jul,28,15,6,15A17,TRUE
20170716,2017-07-16,2017,3,Q3,7,July,Jul,28,16,0,16A17,TRUE
20170717,2017-07-17,2017,3,Q3,7,July,Jul,29,17,1,17A17,FALSE
20170718,2017-07-18,2017,3,Q3,7,July,Jul,29,18,2,18A17,FALSE
20170719,2017-07-19,2017,3,Q3,7,July,Jul,29,19,3,19A17,FALSE
20170720,2017-07-20,2017,3,Q3,7,July,Jul,29,20,4,20A17,FALSE
20170721,2017-07-21,2017,3,Q3,7,July,Jul,29,21,5,21A17,FALSE
20170722,2017-07-22,2017,3,Q3,7,July,Jul,29,22,6,22A17,TRUE
20170723,2017-07-23,2017,3,Q3,7,July,Jul,29,23,0,23A17,TRUE
20170724,2017-07-24,2017,3,Q3,7,July,Jul,30,24,1,24A17,FALSE
20170725,2017-07-25,2017,3,Q3,7,July,Jul,30,25,2,25A17,FALSE
20170726,2017-07-26,2017,3,Q3,7,July,Jul,30,26,3,26A17,FALSE
20170727,2017-07-27,2017,3,Q3,7,July,Jul,30,27,4,27A17,FALSE
20170728,2017-07-28,2017,3,Q3,7,July,Jul,30,28,5,28A17,FALSE
20170729,2017-07-29,2017,3,Q3,7,July,Jul,30,29,6,29A17,TRUE
20170730,2017-07-30,2017,3,Q3,7,July,Jul,30,30,0,30A17,TRUE
20170731,2017-07-31,2017,3,Q3,7,July,Jul,31,31,1,31A17,FALSE
20170801,2017-08-01,2017,3,Q3,8,August,Aug,31,1,2,1A17,FALSE
20170802,2017-08-02,2017,3,Q3,8,August,Aug,31,2,3,2A17,FALSE
20170803,2017-08-03,2017,3,Q3,8,August,Aug,31,3,4,3A17,FALSE
20170804,2017-08-04,2017,3,Q3,8,August,Aug,31,4,5,4A17,FALSE
20170805,2017-08-05,2017,3,Q3,8,August,Aug,31,5,6,5A17,TRUE
20170806,2017-08-06,2017,3,Q3,8,August,Aug,31,6,0,6A17,TRUE
20170807,2017-08-07,2017,3,Q3,8,August,Aug,32,7,1,7A17,FALSE
20170808,2017-08-08,2017,3,Q3,8,August,Aug,32,8,2,8A17,FALSE
20170809,2017-08-09,2017,3,Q3,8,August,Aug,32,9,3,9A17,FALSE
20170810,2017-08-10,2017,3,Q3,8,August,Aug,32,10,4,10A17,FALSE
20170811,2017-08-11,2017,3,Q3,8,August,Aug,32,11,5,11A17,FALSE
20170812,2017-08-12,2017,3,Q3,8,August,Aug,32,12,6,12A17,TRUE
20170813,2017-08-13,2017,3,Q3,8,August,Aug,32,13,0,13A17,TRUE
20170814,2017-08-14,2017,3,Q3,8,August,Aug,33,14,1,14A17,FALSE
20170815,2017-08-15,2017,3,Q3,8,August,Aug,33,15,2,15A17,FALSE
20170816,2017-08-16,2017,3,Q3,8,August,Aug,33,16,3,16A17,FALSE
20170817,2017-08-17,2017,3,Q3,8,August,Aug,33,17,4,17A17,FALSE
20170818,2017-08-18,2017,3,Q3,8,August,Aug,33,18,5,18A17,FALSE
20170819,2017-08-19,2017,3,Q3,8,August,Aug,33,19,6,19A17,TRUE
20170820,2017-08-20,2017,3,Q3,8,August,Aug,33,20,0,20A17,TRUE
20170821,2017-08-21,2017,3,Q3,8,August,Aug,34,21,1,21A17,FALSE
20170822,2017-08-22,2017,3,Q3,8,August,Aug,34,22,2,22A17,FALSE
20170823,2017-08-23,2017,3,Q3,8,August,Aug,34,23,3,23A17,FALSE
20170824,2017-08-24,2017,3,Q3,8,August,Aug,34,24,4,24A17,FALSE
20170825,2017-08-25,2017,3,Q3,8,August,Aug,34,25,5,25A17,FALSE
20170826,2017-08-26,2017,3,Q3,8,August,Aug,34,26,6,26A17,TRUE
20170827,2017-08-27,2017,3,Q3,8,August,Aug,34,27,0,27A17,TRUE
20170828,2017-08-28,2017,3,Q3,8,August,Aug,35,28,1,28A17,FALSE
20170829,2017-08-29,2017,3,Q3,8,August,Aug,35,29,2,29A17,FALSE
20170830,2017-08-30,2017,3,Q3,8,August,Aug,35,30,3,30A17,FALSE
20170831,2017-08-31,2017,3,Q3,8,August,Aug,35,31,4,31A17,FALSE
20170901,2017-09-01,2017,3,Q3,9,September,Sep,35,1,5,1A17,FALSE
20170902,2017-09-02,2017,3,Q3,9,September,Sep,35,2,6,2A17,TRUE
20170903,2017-09-03,2017,3,Q3,9,September,Sep,35,3,0,3A17,TRUE
20170904,2017-09-04,2017,3,Q3,9,September,Sep,36,4,1,4A17,FALSE
20170905,2017-09-05,2017,3,Q3,9,September,Sep,36,5,2,5A17,FALSE
20170906,2017-09-06,2017,3,Q3,9,September,Sep,36,6,3,6A17,FALSE
20170907,2017-09-07,2017,3,Q3,9,September,Sep,36,7,4,7A17,FALSE
20170908,2017-09-08,2017,3,Q3,9,September,Sep,36,8,5,8A17,FALSE
20170909,2017-09-09,2017,3,Q3,9,September,Sep,36,9,6,9A17,TRUE
20170910,2017-09-10,2017,3,Q3,9,September,Sep,36,10,0,10A17,TRUE
20170911,2017-09-11,2017,3,Q3,9,September,Sep,37,11,1,11A17,FALSE
20170912,2017-09-12,2017,3,Q3,9,September,Sep,37,12,2,12A17,FALSE
20170913,2017-09-13,2017,3,Q3,9,September,Sep,37,13,3,13A17,FALSE
20170914,2017-09-14,2017,3,Q3,9,September,Sep,37,14,4,14A17,FALSE
20170915,2017-09-15,2017,3,Q3,9,September,Sep,37,15,5,15A17,FALSE
20170916,2017-09-16,2017,3,Q3,9,September,Sep,37,16,6,16A17,TRUE
20170917,2017-09-17,2017,3,Q3,9,September,Sep,37,17,0,17A17,TRUE
20170918,2017-09-18,2017,3,Q3,9,September,Sep,38,18,1,18A17,FALSE
20170919,2017-09-19,2017,3,Q3,9,September,Sep,38,19,2,19A17,FALSE
20170920,2017-09-20,2017,3,Q3,9,September,Sep,38,20,3,20A17,FALSE
20170921,2017-09-21,2017,3,Q3,9,September,Sep,38,21,4,21A17,FALSE
20170922,2017-09-22,2017,3,Q3,9,September,Sep,38,22,5,22A17,FALSE
20170923,2017-09-23,2017,3,Q3,9,September,Sep,38,23,6,23A17,TRUE
20170924,2017-09-24,2017,3,Q3,9,September,Sep,38,24,0,24A17,TRUE
20170925,2017-09-25,2017,3,Q3,9,September,Sep,39,25,1,25A17,FALSE
20170926,2017-09-26,2017,3,Q3,9,September,Sep,39,26,2,26A17,FALSE
20170927,2017-09-27,2017,3,Q3,9,September,Sep,39,27,3,27A17,FALSE
20170928,2017-09-28,2017,3,Q3,9,September,Sep,39,28,4,28A17,FALSE
20170929,2017-09-29,2017,3,Q3,9,September,Sep,39,29,5,29A17,FALSE
20170930,2017-09-30,2017,3,Q3,9,September,Sep,39,30,6,30A17,TRUE
20171001,2017-10-01,2017,4,Q4,10,October,Oct,39,1,0,1A17,TRUE
20171002,2017-10-02,2017,4,Q4,10,October,Oct,40,2,1,2A17,FALSE
20171003,2017-10-03,2017,4,Q4,10,October,Oct,40,3,2,3A17,FALSE
20171004,2017-10-04,2017,4,Q4,10,October,Oct,40,4,3,4A17,FALSE
20171005,2017-10-05,2017,4,Q4,10,October,Oct,40,5,4,5A17,FALSE
20171006,2017-10-06,2017,4,Q4,10,October,Oct,40,6,5,6A17,FALSE
20171007,2017-10-07,2017,4,Q4,10,October,Oct,40,7,6,7A17,TRUE
20171008,2017-10-08,2017,4,Q4,10,October,Oct,40,8,0,8A17,TRUE
20171009,2017-10-09,2017,4,Q4,10,October,Oct,41,9,1,9A17,FALSE
20171010,2017-10-10,2017,4,Q4,10,October,Oct,41,10,2,10A17,FALSE
20171011,2017-10-11,2017,4,Q4,10,October,Oct,41,11,3,11A17,FALSE
20171012,2017-10-12,2017,4,Q4,10,October,Oct,41,12,4,12A17,FALSE
20171013,2017-10-13,2017,4,Q4,10,October,Oct,41,13,5,13A17,FALSE
20171014,2017-10-14,2017,4,Q4,10,October,Oct,41,14,6,14A17,TRUE
20171015,2017-10-15,2017,4,Q4,10,October,Oct,41,15,0,15A17,TRUE
20171016,2017-10-16,2017,4,Q4,10,October,Oct,42,16,1,16A17,FALSE
20171017,2017-10-17,2017,4,Q4,10,October,Oct,42,17,2,17A17,FALSE
20171018,2017-10-18,2017,4,Q4,10,October,Oct,42,18,3,18A17,FALSE
20171019,2017-10-19,2017,4,Q4,10,October,Oct,42,19,4,19A17,FALSE
20171020,2017-10-20,2017,4,Q4,10,October,Oct,42,20,5,20A17,FALSE
20171021,2017-10-21,2017,4,Q4,10,October,Oct,42,21,6,21A17,TRUE
20171022,2017-10-22,2017,4,Q4,10,October,Oct,42,22,0,22A17,TRUE
20171023,2017-10-23,2017,4,Q4,10,October,Oct,43,23,1,23A17,FALSE
20171024,2017-10-24,2017,4,Q4,10,October,Oct,43,24,2,24A17,FALSE
20171025,2017-10-25,2017,4,Q4,10,October,Oct,43,25,3,25A17,FALSE
20171026,2017-10-26,2017,4,Q4,10,October,Oct,43,26,4,26A17,FALSE
20171027,2017-10-27,2017,4,Q4,10,October,Oct,43,27,5,27A17,FALSE
20171028,2017-10-28,2017,4,Q4,10,October,Oct,43,28,6,28A17,TRUE
20171029,2017-10-29,2017,4,Q4,10,October,Oct,43,29,0,29A17,TRUE
20171030,2017-10-30,2017,4,Q4,10,October,Oct,44,30,1,30A17,FALSE
20171031,2017-10-31,2017,4,Q4,10,October,Oct,44,31,2,31A17,FALSE
20171101,2017-11-01,2017,4,Q4,11,November,Nov,44,1,3,1A17,FALSE
20171102,2017-11-02,2017,4,Q4,11,November,Nov,44,2,4,2A17,FALSE
20171103,2017-11-03,2017,4,Q4,11,November,Nov,44,3,5,3A17,FALSE
20171104,2017-11-04,2017,4,Q4,11,November,Nov,44,4,6,4A17,TRUE
20171105,2017-11-05,2017,4,Q4,11,November,Nov,44,5,0,5A17,TRUE
20171106,2017-11-06,2017,4,Q4,11,November,Nov,45,6,1,6A17,FALSE
20171107,2017-11-07,2017,4,Q4,11,November,Nov,45,7,2,7A17,FALSE
20171108,2017-11-08,2017,4,Q4,11,November,Nov,45,8,3,8A17,FALSE
20171109,2017-11-09,2017,4,Q4,11,November,Nov,45,9,4,9A17,FALSE
20171110,2017-11-10,2017,4,Q4,11,November,Nov,45,10,5,10A17,FALSE
20171111,2017-11-11,2017,4,Q4,11,November,Nov,45,11,6,11A17,TRUE
20171112,2017-11-12,2017,4,Q4,11,November,Nov,45,12,0,12A17,TRUE
20171113,2017-11-13,2017,4,Q4,11,November,Nov,46,13,1,13A17,FALSE
20171114,2017-11-14,2017,4,Q4,11,November,Nov,46,14,2,14A17,FALSE
20171115,2017-11-15,2017,4,Q4,11,November,Nov,46,15,3,15A17,FALSE
20171116,2017-11-16,2017,4,Q4,11,November,Nov,46,16,4,16A17,FALSE
20171117,2017-11-17,2017,4,Q4,11,November,Nov,46,17,5,17A17,FALSE
20171118,2017-11-18,2017,4,Q4,11,November,Nov,46,18,6,18A17,TRUE
20171119,2017-11-19,2017,4,Q4,11,November,Nov,46,19,0,19A17,TRUE
20171120,2017-11-20,2017,4,Q4,11,November,Nov,47,20,1,20A17,FALSE
20171121,2017-11-21,2017,4,Q4,11,November,Nov,47,21,2,21A17,FALSE
20171122,2017-11-22,2017,4,Q4,11,November,Nov,47,22,3,22A17,FALSE
20171123,2017-11-23,2017,4,Q4,11,November,Nov,47,23,4,23A17,FALSE
20171124,2017-11-24,2017,4,Q4,11,November,Nov,47,24,5,24A17,FALSE
20171125,2017-11-25,2017,4,Q4,11,November,Nov,47,25,6,25A17,TRUE
20171126,2017-11-26,2017,4,Q4,11,November,Nov,47,26,0,26A17,TRUE
20171127,2017-11-27,2017,4,Q4,11,November,Nov,48,27,1,27A17,FALSE
20171128,2017-11-28,2017,4,Q4,11,November,Nov,48,28,2,28A17,FALSE
20171129,2017-11-29,2017,4,Q4,11,November,Nov,48,29,3,29A17,FALSE
20171130,2017-11-30,2017,4,Q4,11,November,Nov,48,30,4,30A17,FALSE
20171201,2017-12-01,2017,4,Q4,12,December,Dec,48,1,5,1A17,FALSE
20171202,2017-12-02,2017,4,Q4,12,December,Dec,48,2,6,2A17,TRUE
20171203,2017-12-03,2017,4,Q4,12,December,Dec,48,3,0,3A17,TRUE
20171204,2017-12-04,2017,4,Q4,12,December,Dec,49,4,1,4A17,FALSE
20171205,2017-12-05,2017,4,Q4,12,December,Dec,49,5,2,5A17,FALSE
20171206,2017-12-06,2017,4,Q4,12,December,Dec,49,6,3,6A17,FALSE
20171207,2017-12-07,2017,4,Q4,12,December,Dec,49,7,4,7A17,FALSE
20171208,2017-12-08,2017,4,Q4,12,December,Dec,49,8,5,8A17,FALSE
20171209,2017-12-09,2017,4,Q4,12,December,Dec,49,9,6,9A17,TRUE
20171210,2017-12-10,2017,4,Q4,12,December,Dec,49,10,0,10A17,TRUE
20171211,2017-12-11,2017,4,Q4,12,December,Dec,50,11,1,11A17,FALSE
20171212,2017-12-12,2017,4,Q4,12,December,Dec,50,12,2,12A17,FALSE
20171213,2017-12-13,2017,4,Q4,12,December,Dec,50,13,3,13A17,FALSE
20171214,2017-12-14,2017,4,Q4,12,December,Dec,50,14,4,14A17,FALSE
20171215,2017-12-15,2017,4,Q4,12,December,Dec,50,15,5,15A17,FALSE
20171216,2017-12-16,2017,4,Q4,12,December,Dec,50,16,6,16A17,TRUE
20171217,2017-12-17,2017,4,Q4,12,December,Dec,50,17,0,17A17,TRUE
20171218,2017-12-18,2017,4,Q4,12,December,Dec,51,18,1,18A17,FALSE
20171219,2017-12-19,2017,4,Q4,12,December,Dec,51,19,2,19A17,FALSE
20171220,2017-12-20,2017,4,Q4,12,December,Dec,51,20,3,20A17,FALSE
20171221,2017-12-21,2017,4,Q4,12,December,Dec,51,21,4,21A17,FALSE
20171222,2017-12-22,2017,4,Q4,12,December,Dec,51,22,5,22A17,FALSE
20171223,2017-12-23,2017,4,Q4,12,December,Dec,51,23,6,23A17,TRUE
20171224,2017-12-24,2017,4,Q4,12,December,Dec,51,24,0,24A17,TRUE
20171225,2017-12-25,2017,4,Q4,12,December,Dec,52,25,1,25A17,FALSE
20171226,2017-12-26,2017,4,Q4,12,December,Dec,52,26,2,26A17,FALSE
20171227,2017-12-27,2017,4,Q4,12,December,Dec,52,27,3,27A17,FALSE
20171228,2017-12-28,2017,4,Q4,12,December,Dec,52,28,4,28A17,FALSE
20171229,2017-12-29,2017,4,Q4,12,December,Dec,52,29,5,29A17,FALSE
20171230,2017-12-30,2017,4,Q4,12,December,Dec,52,30,6,30A17,TRUE
20171231,2017-12-31,2017,4,Q4,12,December,Dec,52,31,0,31A17,TRUE
20180101,2018-01-01,2018,1,Q1,1,January,Jan,1,1,1,1A18,FALSE
20180102,2018-01-02,2018,1,Q1,1,January,Jan,1,2,2,2A18,FALSE
20180103,2018-01-03,2018,1,Q1,1,January,Jan,1,3,3,3A18,FALSE
20180104,2018-01-04,2018,1,Q1,1,January,Jan,1,4,4,4A18,FALSE
20180105,2018-01-05,2018,1,Q1,1,January,Jan,1,5,5,5A18,FALSE
20180106,2018-01-06,2018,1,Q1,1,January,Jan,1,6,6,6A18,TRUE
20180107,2018-01-07,2018,1,Q1,1,January,Jan,1,7,0,7A18,TRUE
20180108,2018-01-08,2018,1,Q1,1,January,Jan,2,8,1,8A18,FALSE
20180109,2018-01-09,2018,1,Q1,1,January,Jan,2,9,2,9A18,FALSE
20180110,2018-01-10,2018,1,Q1,1,January,Jan,2,10,3,10A18,FALSE
20180111,2018-01-11,2018,1,Q1,1,January,Jan,2,11,4,11A18,FALSE
20180112,2018-01-12,2018,1,Q1,1,January,Jan,2,12,5,12A18,FALSE
20180113,2018-01-13,2018,1,Q1,1,January,Jan,2,13,6,13A18,TRUE
20180114,2018-01-14,2018,1,Q1,1,January,Jan,2,14,0,14A18,TRUE
20180115,2018-01-15,2018,1,Q1,1,January,Jan,3,15,1,15A18,FALSE
20180116,2018-01-16,2018,1,Q1,1,January,Jan,3,16,2,16A18,FALSE
20180117,2018-01-17,2018,1,Q1,1,January,Jan,3,17,3,17A18,FALSE
20180118,2018-01-18,2018,1,Q1,1,January,Jan,3,18,4,18A18,FALSE
20180119,2018-01-19,2018,1,Q1,1,January,Jan,3,19,5,19A18,FALSE
20180120,2018-01-20,2018,1,Q1,1,January,Jan,3,20,6,20A18,TRUE
20180121,2018-01-21,2018,1,Q1,1,January,Jan,3,21,0,21A18,TRUE
20180122,2018-01-22,2018,1,Q1,1,January,Jan,4,22,1,22A18,FALSE
20180123,2018-01-23,2018,1,Q1,1,January,Jan,4,23,2,23A18,FALSE
20180124,2018-01-24,2018,1,Q1,1,January,Jan,4,24,3,24A18,FALSE
20180125,2018-01-25,2018,1,Q1,1,January,Jan,4,25,4,25A18,FALSE
20180126,2018-01-26,2018,1,Q1,1,January,Jan,4,26,5,26A18,FALSE
20180127,2018-01-27,2018,1,Q1,1,January,Jan,4,27,6,27A18,TRUE
20180128,2018-01-28,2018,1,Q1,1,January,Jan,4,28,0,28A18,TRUE
20180129,2018-01-29,2018,1,Q1,1,January,Jan,5,29,1,29A18,FALSE
20180130,2018-01-30,2018,1,Q1,1,January,Jan,5,30,2,30A18,FALSE
20180131,2018-01-31,2018,1,Q1,1,January,Jan,5,31,3,31A18,FALSE
20180201,2018-02-01,2018,1,Q1,2,February,Feb,5,1,4,1A18,FALSE
20180202,2018-02-02,2018,1,Q1,2,February,Feb,5,2,5,2A18,FALSE
20180203,2018-02-03,2018,1,Q1,2,February,Feb,5,3,6,3A18,TRUE
20180204,2018-02-04,2018,1,Q1,2,February,Feb,5,4,0,4A18,TRUE
20180205,2018-02-05,2018,1,Q1,2,February,Feb,6,5,1,5A18,FALSE
20180206,2018-02-06,2018,1,Q1,2,February,Feb,6,6,2,6A18,FALSE
20180207,2018-02-07,2018,1,Q1,2,February,Feb,6,7,3,7A18,FALSE
20180208,2018-02-08,2018,1,Q1,2,February,Feb,6,8,4,8A18,FALSE
20180209,2018-02-09,2018,1,Q1,2,February,Feb,6,9,5,9A18,FALSE
20180210,2018-02-10,2018,1,Q1,2,February,Feb,6,10,6,10A18,TRUE
20180211,2018-02-11,2018,1,Q1,2,February,Feb,6,11,0,11A18,TRUE
20180212,2018-02-12,2018,1,Q1,2,February,Feb,7,12,1,12A18,FALSE
20180213,2018-02-13,2018,1,Q1,2,February,Feb,7,13,2,13A18,FALSE
20180214,2018-02-14,2018,1,Q1,2,February,Feb,7,14,3,14A18,FALSE
20180215,2018-02-15,2018,1,Q1,2,February,Feb,7,15,4,15A18,FALSE
20180216,2018-02-16,2018,1,Q1,2,February,Feb,7,16,5,16A18,FALSE
20180217,2018-02-17,2018,1,Q1,2,February,Feb,7,17,6,17A18,TRUE
20180218,2018-02-18,2018,1,Q1,2,February,Feb,7,18,0,18A18,TRUE
20180219,2018-02-19,2018,1,Q1,2,February,Feb,8,19,1,19A18,FALSE
20180220,2018-02-20,2018,1,Q1,2,February,Feb,8,20,2,20A18,FALSE
20180221,2018-02-21,2018,1,Q1,2,February,Feb,8,21,3,21A18,FALSE
20180222,2018-02-22,2018,1,Q1,2,February,Feb,8,22,4,22A18,FALSE
20180223,2018-02-23,2018,1,Q1,2,February,Feb,8,23,5,23A18,FALSE
20180224,2018-02-24,2018,1,Q1,2,February,Feb,8,24,6,24A18,TRUE
20180225,2018-02-25,2018,1,Q1,2,February,Feb,8,25,0,25A18,TRUE
20180226,2018-02-26,2018,1,Q1,2,February,Feb,9,26,1,26A18,FALSE
20180227,2018-02-27,2018,1,Q1,2,February,Feb,9,27,2,27A18,FALSE
20180228,2018-02-28,2018,1,Q1,2,February,Feb,9,28,3,28A18,FALSE
20180301,2018-03-01,2018,1,Q1,3,March,Mar,9,1,4,1A18,FALSE
20180302,2018-03-02,2018,1,Q1,3,March,Mar,9,2,5,2A18,FALSE
20180303,2018-03-03,2018,1,Q1,3,March,Mar,9,3,6,3A18,TRUE
20180304,2018-03-04,2018,1,Q1,3,March,Mar,9,4,0,4A18,TRUE
20180305,2018-03-05,2018,1,Q1,3,March,Mar,10,5,1,5A18,FALSE
20180306,2018-03-06,2018,1,Q1,3,March,Mar,10,6,2,6A18,FALSE
20180307,2018-03-07,2018,1,Q1,3,March,Mar,10,7,3,7A18,FALSE
20180308,2018-03-08,2018,1,Q1,3,March,Mar,10,8,4,8A18,FALSE
20180309,2018-03-09,2018,1,Q1,3,March,Mar,10,9,5,9A18,FALSE
20180310,2018-03-10,2018,1,Q1,3,March,Mar,10,10,6,10A18,TRUE
20180311,2018-03-11,2018,1,Q1,3,March,Mar,10,11,0,11A18,TRUE
20180312,2018-03-12,2018,1,Q1,3,March,Mar,11,12,1,12A18,FALSE
20180313,2018-03-13,2018,1,Q1,3,March,Mar,11,13,2,13A18,FALSE
20180314,2018-03-14,2018,1,Q1,3,March,Mar,11,14,3,14A18,FALSE
20180315,2018-03-15,2018,1,Q1,3,March,Mar,11,15,4,15A18,FALSE
20180316,2018-03-16,2018,1,Q1,3,March,Mar,11,16,5,16A18,FALSE
20180317,2018-03-17,2018,1,Q1,3,March,Mar,11,17,6,17A18,TRUE
20180318,2018-03-18,2018,1,Q1,3,March,Mar,11,18,0,18A18,TRUE
20180319,2018-03-19,2018,1,Q1,3,March,Mar,12,19,1,19A18,FALSE
20180320,2018-03-20,2018,1,Q1,3,March,Mar,12,20,2,20A18,FALSE
20180321,2018-03-21,2018,1,Q1,3,March,Mar,12,21,3,21A18,FALSE
20180322,2018-03-22,2018,1,Q1,3,March,Mar,12,22,4,22A18,FALSE
20180323,2018-03-23,2018,1,Q1,3,March,Mar,12,23,5,23A18,FALSE
20180324,2018-03-24,2018,1,Q1,3,March,Mar,12,24,6,24A18,TRUE
20180325,2018-03-25,2018,1,Q1,3,March,Mar,12,25,0,25A18,TRUE
20180326,2018-03-26,2018,1,Q1,3,March,Mar,13,26,1,26A18,FALSE
20180327,2018-03-27,2018,1,Q1,3,March,Mar,13,27,2,27A18,FALSE
20180328,2018-03-28,2018,1,Q1,3,March,Mar,13,28,3,28A18,FALSE
20180329,2018-03-29,2018,1,Q1,3,March,Mar,13,29,4,29A18,FALSE
20180330,2018-03-30,2018,1,Q1,3,March,Mar,13,30,5,30A18,FALSE
20180331,2018-03-31,2018,1,Q1,3,March,Mar,13,31,6,31A18,TRUE
20180401,2018-04-01,2018,2,Q2,4,April,Apr,13,1,0,1A18,TRUE
20180402,2018-04-02,2018,2,Q2,4,April,Apr,14,2,1,2A18,FALSE
20180403,2018-04-03,2018,2,Q2,4,April,Apr,14,3,2,3A18,FALSE
20180404,2018-04-04,2018,2,Q2,4,April,Apr,14,4,3,4A18,FALSE
20180405,2018-04-05,2018,2,Q2,4,April,Apr,14,5,4,5A18,FALSE
20180406,2018-04-06,2018,2,Q2,4,April,Apr,14,6,5,6A18,FALSE
20180407,2018-04-07,2018,2,Q2,4,April,Apr,14,7,6,7A18,TRUE
20180408,2018-04-08,2018,2,Q2,4,April,Apr,14,8,0,8A18,TRUE
20180409,2018-04-09,2018,2,Q2,4,April,Apr,15,9,1,9A18,FALSE
20180410,2018-04-10,2018,2,Q2,4,April,Apr,15,10,2,10A18,FALSE
20180411,2018-04-11,2018,2,Q2,4,April,Apr,15,11,3,11A18,FALSE
20180412,2018-04-12,2018,2,Q2,4,April,Apr,15,12,4,12A18,FALSE
20180413,2018-04-13,2018,2,Q2,4,April,Apr,15,13,5,13A18,FALSE
20180414,2018-04-14,2018,2,Q2,4,April,Apr,15,14,6,14A18,TRUE
20180415,2018-04-15,2018,2,Q2,4,April,Apr,15,15,0,15A18,TRUE
20180416,2018-04-16,2018,2,Q2,4,April,Apr,16,16,1,16A18,FALSE
20180417,2018-04-17,2018,2,Q2,4,April,Apr,16,17,2,17A18,FALSE
20180418,2018-04-18,2018,2,Q2,4,April,Apr,16,18,3,18A18,FALSE
20180419,2018-04-19,2018,2,Q2,4,April,Apr,16,19,4,19A18,FALSE
20180420,2018-04-20,2018,2,Q2,4,April,Apr,16,20,5,20A18,FALSE
20180421,2018-04-21,2018,2,Q2,4,April,Apr,16,21,6,21A18,TRUE
20180422,2018-04-22,2018,2,Q2,4,April,Apr,16,22,0,22A18,TRUE
20180423,2018-04-23,2018,2,Q2,4,April,Apr,17,23,1,23A18,FALSE
20180424,2018-04-24,2018,2,Q2,4,April,Apr,17,24,2,24A18,FALSE
20180425,2018-04-25,2018,2,Q2,4,April,Apr,17,25,3,25A18,FALSE
20180426,2018-04-26,2018,2,Q2,4,April,Apr,17,26,4,26A18,FALSE
20180427,2018-04-27,2018,2,Q2,4,April,Apr,17,27,5,27A18,FALSE
20180428,2018-04-28,2018,2,Q2,4,April,Apr,17,28,6,28A18,TRUE
20180429,2018-04-29,2018,2,Q2,4,April,Apr,17,29,0,29A18,TRUE
20180430,2018-04-30,2018,2,Q2,4,April,Apr,18,30,1,30A18,FALSE
20180501,2018-05-01,2018,2,Q2,5,May,May,18,1,2,1A18,FALSE
20180502,2018-05-02,2018,2,Q2,5,May,May,18,2,3,2A18,FALSE
20180503,2018-05-03,2018,2,Q2,5,May,May,18,3,4,3A18,FALSE
20180504,2018-05-04,2018,2,Q2,5,May,May,18,4,5,4A18,FALSE
20180505,2018-05-05,2018,2,Q2,5,May,May,18,5,6,5A18,TRUE
20180506,2018-05-06,2018,2,Q2,5,May,May,18,6,0,6A18,TRUE
20180507,2018-05-07,2018,2,Q2,5,May,May,19,7,1,7A18,FALSE
20180508,2018-05-08,2018,2,Q2,5,May,May,19,8,2,8A18,FALSE
20180509,2018-05-09,2018,2,Q2,5,May,May,19,9,3,9A18,FALSE
20180510,2018-05-10,2018,2,Q2,5,May,May,19,10,4,10A18,FALSE
20180511,2018-05-11,2018,2,Q2,5,May,May,19,11,5,11A18,FALSE
20180512,2018-05-12,2018,2,Q2,5,May,May,19,12,6,12A18,TRUE
20180513,2018-05-13,2018,2,Q2,5,May,May,19,13,0,13A18,TRUE
20180514,2018-05-14,2018,2,Q2,5,May,May,20,14,1,14A18,FALSE
20180515,2018-05-15,2018,2,Q2,5,May,May,20,15,2,15A18,FALSE
20180516,2018-05-16,2018,2,Q2,5,May,May,20,16,3,16A18,FALSE
20180517,2018-05-17,2018,2,Q2,5,May,May,20,17,4,17A18,FALSE
20180518,2018-05-18,2018,2,Q2,5,May,May,20,18,5,18A18,FALSE
20180519,2018-05-19,2018,2,Q2,5,May,May,20,19,6,19A18,TRUE
20180520,2018-05-20,2018,2,Q2,5,May,May,20,20,0,20A18,TRUE
20180521,2018-05-21,2018,2,Q2,5,May,May,21,21,1,21A18,FALSE
20180522,2018-05-22,2018,2,Q2,5,May,May,21,22,2,22A18,FALSE
20180523,2018-05-23,2018,2,Q2,5,May,May,21,23,3,23A18,FALSE
20180524,2018-05-24,2018,2,Q2,5,May,May,21,24,4,24A18,FALSE
20180525,2018-05-25,2018,2,Q2,5,May,May,21,25,5,25A18,FALSE
20180526,2018-05-26,2018,2,Q2,5,May,May,21,26,6,26A18,TRUE
20180527,2018-05-27,2018,2,Q2,5,May,May,21,27,0,27A18,TRUE
20180528,2018-05-28,2018,2,Q2,5,May,May,22,28,1,28A18,FALSE
20180529,2018-05-29,2018,2,Q2,5,May,May,22,29,2,29A18,FALSE
20180530,2018-05-30,2018,2,Q2,5,May,May,22,30,3,30A18,FALSE
20180531,2018-05-31,2018,2,Q2,5,May,May,22,31,4,31A18,FALSE
20180601,2018-06-01,2018,2,Q2,6,June,Jun,22,1,5,1A18,FALSE
20180602,2018-06-02,2018,2,Q2,6,June,Jun,22,2,6,2A18,TRUE
20180603,2018-06-03,2018,2,Q2,6,June,Jun,22,3,0,3A18,TRUE
20180604,2018-06-04,2018,2,Q2,6,June,Jun,23,4,1,4A18,FALSE
20180605,2018-06-05,2018,2,Q2,6,June,Jun,23,5,2,5A18,FALSE
20180606,2018-06-06,2018,2,Q2,6,June,Jun,23,6,3,6A18,FALSE
20180607,2018-06-07,2018,2,Q2,6,June,Jun,23,7,4,7A18,FALSE
20180608,2018-06-08,2018,2,Q2,6,June,Jun,23,8,5,8A18,FALSE
20180609,2018-06-09,2018,2,Q2,6,June,Jun,23,9,6,9A18,TRUE
20180610,2018-06-10,2018,2,Q2,6,June,Jun,23,10,0,10A18,TRUE
20180611,2018-06-11,2018,2,Q2,6,June,Jun,24,11,1,11A18,FALSE
20180612,2018-06-12,2018,2,Q2,6,June,Jun,24,12,2,12A18,FALSE
20180613,2018-06-13,2018,2,Q2,6,June,Jun,24,13,3,13A18,FALSE
20180614,2018-06-14,2018,2,Q2,6,June,Jun,24,14,4,14A18,FALSE
20180615,2018-06-15,2018,2,Q2,6,June,Jun,24,15,5,15A18,FALSE
20180616,2018-06-16,2018,2,Q2,6,June,Jun,24,16,6,16A18,TRUE
20180617,2018-06-17,2018,2,Q2,6,June,Jun,24,17,0,17A18,TRUE
20180618,2018-06-18,2018,2,Q2,6,June,Jun,25,18,1,18A18,FALSE
20180619,2018-06-19,2018,2,Q2,6,June,Jun,25,19,2,19A18,FALSE
20180620,2018-06-20,2018,2,Q2,6,June,Jun,25,20,3,20A18,FALSE
20180621,2018-06-21,2018,2,Q2,6,June,Jun,25,21,4,21A18,FALSE
20180622,2018-06-22,2018,2,Q2,6,June,Jun,25,22,5,22A18,FALSE
20180623,2018-06-23,2018,2,Q2,6,June,Jun,25,23,6,23A18,TRUE
20180624,2018-06-24,2018,2,Q2,6,June,Jun,25,24,0,24A18,TRUE
20180625,2018-06-25,2018,2,Q2,6,June,Jun,26,25,1,25A18,FALSE
20180626,2018-06-26,2018,2,Q2,6,June,Jun,26,26,2,26A18,FALSE
20180627,2018-06-27,2018,2,Q2,6,June,Jun,26,27,3,27A18,FALSE
20180628,2018-06-28,2018,2,Q2,6,June,Jun,26,28,4,28A18,FALSE
20180629,2018-06-29,2018,2,Q2,6,June,Jun,26,29,5,29A18,FALSE
20180630,2018-06-30,2018,2,Q2,6,June,Jun,26,30,6,30A18,TRUE
20180701,2018-07-01,2018,3,Q3,7,July,Jul,26,1,0,1A18,TRUE
20180702,2018-07-02,2018,3,Q3,7,July,Jul,27,2,1,2A18,FALSE
20180703,2018-07-03,2018,3,Q3,7,July,Jul,27,3,2,3A18,FALSE
20180704,2018-07-04,2018,3,Q3,7,July,Jul,27,4,3,4A18,FALSE
20180705,2018-07-05,2018,3,Q3,7,July,Jul,27,5,4,5A18,FALSE
20180706,2018-07-06,2018,3,Q3,7,July,Jul,27,6,5,6A18,FALSE
20180707,2018-07-07,2018,3,Q3,7,July,Jul,27,7,6,7A18,TRUE
20180708,2018-07-08,2018,3,Q3,7,July,Jul,27,8,0,8A18,TRUE
20180709,2018-07-09,2018,3,Q3,7,July,Jul,28,9,1,9A18,FALSE
20180710,2018-07-10,2018,3,Q3,7,July,Jul,28,10,2,10A18,FALSE
20180711,2018-07-11,2018,3,Q3,7,July,Jul,28,11,3,11A18,FALSE
20180712,2018-07-12,2018,3,Q3,7,July,Jul,28,12,4,12A18,FALSE
20180713,2018-07-13,2018,3,Q3,7,July,Jul,28,13,5,13A18,FALSE
20180714,2018-07-14,2018,3,Q3,7,July,Jul,28,14,6,14A18,TRUE
20180715,2018-07-15,2018,3,Q3,7,July,Jul,28,15,0,15A18,TRUE
20180716,2018-07-16,2018,3,Q3,7,July,Jul,29,16,1,16A18,FALSE
20180717,2018-07-17,2018,3,Q3,7,July,Jul,29,17,2,17A18,FALSE
20180718,2018-07-18,2018,3,Q3,7,July,Jul,29,18,3,18A18,FALSE
20180719,2018-07-19,2018,3,Q3,7,July,Jul,29,19,4,19A18,FALSE
20180720,2018-07-20,2018,3,Q3,7,July,Jul,29,20,5,20A18,FALSE
20180721,2018-07-21,2018,3,Q3,7,July,Jul,29,21,6,21A18,TRUE
20180722,2018-07-22,2018,3,Q3,7,July,Jul,29,22,0,22A18,TRUE
20180723,2018-07-23,2018,3,Q3,7,July,Jul,30,23,1,23A18,FALSE
20180724,2018-07-24,2018,3,Q3,7,July,Jul,30,24,2,24A18,FALSE
20180725,2018-07-25,2018,3,Q3,7,July,Jul,30,25,3,25A18,FALSE
20180726,2018-07-26,2018,3,Q3,7,July,Jul,30,26,4,26A18,FALSE
20180727,2018-07-27,2018,3,Q3,7,July,Jul,30,27,5,27A18,FALSE
20180728,2018-07-28,2018,3,Q3,7,July,Jul,30,28,6,28A18,TRUE
20180729,2018-07-29,2018,3,Q3,7,July,Jul,30,29,0,29A18,TRUE
20180730,2018-07-30,2018,3,Q3,7,July,Jul,31,30,1,30A18,FALSE
20180731,2018-07-31,2018,3,Q3,7,July,Jul,31,31,2,31A18,FALSE
20180801,2018-08-01,2018,3,Q3,8,August,Aug,31,1,3,1A18,FALSE
20180802,2018-08-02,2018,3,Q3,8,August,Aug,31,2,4,2A18,FALSE
20180803,2018-08-03,2018,3,Q3,8,August,Aug,31,3,5,3A18,FALSE
20180804,2018-08-04,2018,3,Q3,8,August,Aug,31,4,6,4A18,TRUE
20180805,2018-08-05,2018,3,Q3,8,August,Aug,31,5,0,5A18,TRUE
20180806,2018-08-06,2018,3,Q3,8,August,Aug,32,6,1,6A18,FALSE
20180807,2018-08-07,2018,3,Q3,8,August,Aug,32,7,2,7A18,FALSE
20180808,2018-08-08,2018,3,Q3,8,August,Aug,32,8,3,8A18,FALSE
20180809,2018-08-09,2018,3,Q3,8,August,Aug,32,9,4,9A18,FALSE
20180810,2018-08-10,2018,3,Q3,8,August,Aug,32,10,5,10A18,FALSE
20180811,2018-08-11,2018,3,Q3,8,August,Aug,32,11,6,11A18,TRUE
20180812,2018-08-12,2018,3,Q3,8,August,Aug,32,12,0,12A18,TRUE
20180813,2018-08-13,2018,3,Q3,8,August,Aug,33,13,1,13A18,FALSE
20180814,2018-08-14,2018,3,Q3,8,August,Aug,33,14,2,14A18,FALSE
20180815,2018-08-15,2018,3,Q3,8,August,Aug,33,15,3,15A18,FALSE
20180816,2018-08-16,2018,3,Q3,8,August,Aug,33,16,4,16A18,FALSE
20180817,2018-08-17,2018,3,Q3,8,August,Aug,33,17,5,17A18,FALSE
20180818,2018-08-18,2018,3,Q3,8,August,Aug,33,18,6,18A18,TRUE
20180819,2018-08-19,2018,3,Q3,8,August,Aug,33,19,0,19A18,TRUE
20180820,2018-08-20,2018,3,Q3,8,August,Aug,34,20,1,20A18,FALSE
20180821,2018-08-21,2018,3,Q3,8,August,Aug,34,21,2,21A18,FALSE
20180822,2018-08-22,2018,3,Q3,8,August,Aug,34,22,3,22A18,FALSE
20180823,2018-08-23,2018,3,Q3,8,August,Aug,34,23,4,23A18,FALSE
20180824,2018-08-24,2018,3,Q3,8,August,Aug,34,24,5,24A18,FALSE
20180825,2018-08-25,2018,3,Q3,8,August,Aug,34,25,6,25A18,TRUE
20180826,2018-08-26,2018,3,Q3,8,August,Aug,34,26,0,26A18,TRUE
20180827,2018-08-27,2018,3,Q3,8,August,Aug,35,27,1,27A18,FALSE
20180828,2018-08-28,2018,3,Q3,8,August,Aug,35,28,2,28A18,FALSE
20180829,2018-08-29,2018,3,Q3,8,August,Aug,35,29,3,29A18,FALSE
20180830,2018-08-30,2018,3,Q3,8,August,Aug,35,30,4,30A18,FALSE
20180831,2018-08-31,2018,3,Q3,8,August,Aug,35,31,5,31A18,FALSE
20180901,2018-09-01,2018,3,Q3,9,September,Sep,35,1,6,1A18,TRUE
20180902,2018-09-02,2018,3,Q3,9,September,Sep,35,2,0,2A18,TRUE
20180903,2018-09-03,2018,3,Q3,9,September,Sep,36,3,1,3A18,FALSE
20180904,2018-09-04,2018,3,Q3,9,September,Sep,36,4,2,4A18,FALSE
20180905,2018-09-05,2018,3,Q3,9,September,Sep,36,5,3,5A18,FALSE
20180906,2018-09-06,2018,3,Q3,9,September,Sep,36,6,4,6A18,FALSE
20180907,2018-09-07,2018,3,Q3,9,September,Sep,36,7,5,7A18,FALSE
20180908,2018-09-08,2018,3,Q3,9,September,Sep,36,8,6,8A18,TRUE
20180909,2018-09-09,2018,3,Q3,9,September,Sep,36,9,0,9A18,TRUE
20180910,2018-09-10,2018,3,Q3,9,September,Sep,37,10,1,10A18,FALSE
20180911,2018-09-11,2018,3,Q3,9,September,Sep,37,11,2,11A18,FALSE
20180912,2018-09-12,2018,3,Q3,9,September,Sep,37,12,3,12A18,FALSE
20180913,2018-09-13,2018,3,Q3,9,September,Sep,37,13,4,13A18,FALSE
20180914,2018-09-14,2018,3,Q3,9,September,Sep,37,14,5,14A18,FALSE
20180915,2018-09-15,2018,3,Q3,9,September,Sep,37,15,6,15A18,TRUE
20180916,2018-09-16,2018,3,Q3,9,September,Sep,37,16,0,16A18,TRUE
20180917,2018-09-17,2018,3,Q3,9,September,Sep,38,17,1,17A18,FALSE
20180918,2018-09-18,2018,3,Q3,9,September,Sep,38,18,2,18A18,FALSE
20180919,2018-09-19,2018,3,Q3,9,September,Sep,38,19,3,19A18,FALSE
20180920,2018-09-20,2018,3,Q3,9,September,Sep,38,20,4,20A18,FALSE
20180921,2018-09-21,2018,3,Q3,9,September,Sep,38,21,5,21A18,FALSE
20180922,2018-09-22,2018,3,Q3,9,September,Sep,38,22,6,22A18,TRUE
20180923,2018-09-23,2018,3,Q3,9,September,Sep,38,23,0,23A18,TRUE
20180924,2018-09-24,2018,3,Q3,9,September,Sep,39,24,1,24A18,FALSE
20180925,2018-09-25,2018,3,Q3,9,September,Sep,39,25,2,25A18,FALSE
20180926,2018-09-26,2018,3,Q3,9,September,Sep,39,26,3,26A18,FALSE
20180927,2018-09-27,2018,3,Q3,9,September,Sep,39,27,4,27A18,FALSE
20180928,2018-09-28,2018,3,Q3,9,September,Sep,39,28,5,28A18,FALSE
20180929,2018-09-29,2018,3,Q3,9,September,Sep,39,29,6,29A18,TRUE
20180930,2018-09-30,2018,3,Q3,9,September,Sep,39,30,0,30A18,TRUE
20181001,2018-10-01,2018,4,Q4,10,October,Oct,40,1,1,1A18,FALSE
20181002,2018-10-02,2018,4,Q4,10,October,Oct,40,2,2,2A18,FALSE
20181003,2018-10-03,2018,4,Q4,10,October,Oct,40,3,3,3A18,FALSE
20181004,2018-10-04,2018,4,Q4,10,October,Oct,40,4,4,4A18,FALSE
20181005,2018-10-05,2018,4,Q4,10,October,Oct,40,5,5,5A18,FALSE
20181006,2018-10-06,2018,4,Q4,10,October,Oct,40,6,6,6A18,TRUE
20181007,2018-10-07,2018,4,Q4,10,October,Oct,40,7,0,7A18,TRUE
20181008,2018-10-08,2018,4,Q4,10,October,Oct,41,8,1,8A18,FALSE
20181009,2018-10-09,2018,4,Q4,10,October,Oct,41,9,2,9A18,FALSE
20181010,2018-10-10,2018,4,Q4,10,October,Oct,41,10,3,10A18,FALSE
20181011,2018-10-11,2018,4,Q4,10,October,Oct,41,11,4,11A18,FALSE
20181012,2018-10-12,2018,4,Q4,10,October,Oct,41,12,5,12A18,FALSE
20181013,2018-10-13,2018,4,Q4,10,October,Oct,41,13,6,13A18,TRUE
20181014,2018-10-14,2018,4,Q4,10,October,Oct,41,14,0,14A18,TRUE
20181015,2018-10-15,2018,4,Q4,10,October,Oct,42,15,1,15A18,FALSE
20181016,2018-10-16,2018,4,Q4,10,October,Oct,42,16,2,16A18,FALSE
20181017,2018-10-17,2018,4,Q4,10,October,Oct,42,17,3,17A18,FALSE
20181018,2018-10-18,2018,4,Q4,10,October,Oct,42,18,4,18A18,FALSE
20181019,2018-10-19,2018,4,Q4,10,October,Oct,42,19,5,19A18,FALSE
20181020,2018-10-20,2018,4,Q4,10,October,Oct,42,20,6,20A18,TRUE
20181021,2018-10-21,2018,4,Q4,10,October,Oct,42,21,0,21A18,TRUE
20181022,2018-10-22,2018,4,Q4,10,October,Oct,43,22,1,22A18,FALSE
20181023,2018-10-23,2018,4,Q4,10,October,Oct,43,23,2,23A18,FALSE
20181024,2018-10-24,2018,4,Q4,10,October,Oct,43,24,3,24A18,FALSE
20181025,2018-10-25,2018,4,Q4,10,October,Oct,43,25,4,25A18,FALSE
20181026,2018-10-26,2018,4,Q4,10,October,Oct,43,26,5,26A18,FALSE
20181027,2018-10-27,2018,4,Q4,10,October,Oct,43,27,6,27A18,TRUE
20181028,2018-10-28,2018,4,Q4,10,October,Oct,43,28,0,28A18,TRUE
20181029,2018-10-29,2018,4,Q4,10,October,Oct,44,29,1,29A18,FALSE
20181030,2018-10-30,2018,4,Q4,10,October,Oct,44,30,2,30A18,FALSE
20181031,2018-10-31,2018,4,Q4,10,October,Oct,44,31,3,31A18,FALSE
20181101,2018-11-01,2018,4,Q4,11,November,Nov,44,1,4,1A18,FALSE
20181102,2018-11-02,2018,4,Q4,11,November,Nov,44,2,5,2A18,FALSE
20181103,2018-11-03,2018,4,Q4,11,November,Nov,44,3,6,3A18,TRUE
20181104,2018-11-04,2018,4,Q4,11,November,Nov,44,4,0,4A18,TRUE
20181105,2018-11-05,2018,4,Q4,11,November,Nov,45,5,1,5A18,FALSE
20181106,2018-11-06,2018,4,Q4,11,November,Nov,45,6,2,6A18,FALSE
20181107,2018-11-07,2018,4,Q4,11,November,Nov,45,7,3,7A18,FALSE
20181108,2018-11-08,2018,4,Q4,11,November,Nov,45,8,4,8A18,FALSE
20181109,2018-11-09,2018,4,Q4,11,November,Nov,45,9,5,9A18,FALSE
20181110,2018-11-10,2018,4,Q4,11,November,Nov,45,10,6,10A18,TRUE
20181111,2018-11-11,2018,4,Q4,11,November,Nov,45,11,0,11A18,TRUE
20181112,2018-11-12,2018,4,Q4,11,November,Nov,46,12,1,12A18,FALSE
20181113,2018-11-13,2018,4,Q4,11,November,Nov,46,13,2,13A18,FALSE
20181114,2018-11-14,2018,4,Q4,11,November,Nov,46,14,3,14A18,FALSE
20181115,2018-11-15,2018,4,Q4,11,November,Nov,46,15,4,15A18,FALSE
20181116,2018-11-16,2018,4,Q4,11,November,Nov,46,16,5,16A18,FALSE
20181117,2018-11-17,2018,4,Q4,11,November,Nov,46,17,6,17A18,TRUE
20181118,2018-11-18,2018,4,Q4,11,November,Nov,46,18,0,18A18,TRUE
20181119,2018-11-19,2018,4,Q4,11,November,Nov,47,19,1,19A18,FALSE
20181120,2018-11-20,2018,4,Q4,11,November,Nov,47,20,2,20A18,FALSE
20181121,2018-11-21,2018,4,Q4,11,November,Nov,47,21,3,21A18,FALSE
20181122,2018-11-22,2018,4,Q4,11,November,Nov,47,22,4,22A18,FALSE
20181123,2018-11-23,2018,4,Q4,11,November,Nov,47,23,5,23A18,FALSE
20181124,2018-11-24,2018,4,Q4,11,November,Nov,47,24,6,24A18,TRUE
20181125,2018-11-25,2018,4,Q4,11,November,Nov,47,25,0,25A18,TRUE
20181126,2018-11-26,2018,4,Q4,11,November,Nov,48,26,1,26A18,FALSE
20181127,2018-11-27,2018,4,Q4,11,November,Nov,48,27,2,27A18,FALSE
20181128,2018-11-28,2018,4,Q4,11,November,Nov,48,28,3,28A18,FALSE
20181129,2018-11-29,2018,4,Q4,11,November,Nov,48,29,4,29A18,FALSE
20181130,2018-11-30,2018,4,Q4,11,November,Nov,48,30,5,30A18,FALSE
20181201,2018-12-01,2018,4,Q4,12,December,Dec,48,1,6,1A18,TRUE
20181202,2018-12-02,2018,4,Q4,12,December,Dec,48,2,0,2A18,TRUE
20181203,2018-12-03,2018,4,Q4,12,December,Dec,49,3,1,3A18,FALSE
20181204,2018-12-04,2018,4,Q4,12,December,Dec,49,4,2,4A18,FALSE
20181205,2018-12-05,2018,4,Q4,12,December,Dec,49,5,3,5A18,FALSE
20181206,2018-12-06,2018,4,Q4,12,December,Dec,49,6,4,6A18,FALSE
20181207,2018-12-07,2018,4,Q4,12,December,Dec,49,7,5,7A18,FALSE
20181208,2018-12-08,2018,4,Q4,12,December,Dec,49,8,6,8A18,TRUE
20181209,2018-12-09,2018,4,Q4,12,December,Dec,49,9,0,9A18,TRUE
20181210,2018-12-10,2018,4,Q4,12,December,Dec,50,10,1,10A18,FALSE
20181211,2018-12-11,2018,4,Q4,12,December,Dec,50,11,2,11A18,FALSE
20181212,2018-12-12,2018,4,Q4,12,December,Dec,50,12,3,12A18,FALSE
20181213,2018-12-13,2018,4,Q4,12,December,Dec,50,13,4,13A18,FALSE
20181214,2018-12-14,2018,4,Q4,12,December,Dec,50,14,5,14A18,FALSE
20181215,2018-12-15,2018,4,Q4,12,December,Dec,50,15,6,15A18,TRUE
20181216,2018-12-16,2018,4,Q4,12,December,Dec,50,16,0,16A18,TRUE
20181217,2018-12-17,2018,4,Q4,12,December,Dec,51,17,1,17A18,FALSE
20181218,2018-12-18,2018,4,Q4,12,December,Dec,51,18,2,18A18,FALSE
20181219,2018-12-19,2018,4,Q4,12,December,Dec,51,19,3,19A18,FALSE
20181220,2018-12-20,2018,4,Q4,12,December,Dec,51,20,4,20A18,FALSE
20181221,2018-12-21,2018,4,Q4,12,December,Dec,51,21,5,21A18,FALSE
20181222,2018-12-22,2018,4,Q4,12,December,Dec,51,22,6,22A18,TRUE
20181223,2018-12-23,2018,4,Q4,12,December,Dec,51,23,0,23A18,TRUE
20181224,2018-12-24,2018,4,Q4,12,December,Dec,52,24,1,24A18,FALSE
20181225,2018-12-25,2018,4,Q4,12,December,Dec,52,25,2,25A18,FALSE
20181226,2018-12-26,2018,4,Q4,12,December,Dec,52,26,3,26A18,FALSE
20181227,2018-12-27,2018,4,Q4,12,December,Dec,52,27,4,27A18,FALSE
20181228,2018-12-28,2018,4,Q4,12,December,Dec,52,28,5,28A18,FALSE
20181229,2018-12-29,2018,4,Q4,12,December,Dec,52,29,6,29A18,TRUE
20181230,2018-12-30,2018,4,Q4,12,December,Dec,52,30,0,30A18,TRUE
20181231,2018-12-31,2018,4,Q4,12,December,Dec,1,31,1,31A18,FALSE
20190101,2019-01-01,2019,1,Q1,1,January,Jan,1,1,2,1A19,FALSE
20190102,2019-01-02,2019,1,Q1,1,January,Jan,1,2,3,2A19,FALSE
20190103,2019-01-03,2019,1,Q1,1,January,Jan,1,3,4,3A19,FALSE
20190104,2019-01-04,2019,1,Q1,1,January,Jan,1,4,5,4A19,FALSE
20190105,2019-01-05,2019,1,Q1,1,January,Jan,1,5,6,5A19,TRUE
20190106,2019-01-06,2019,1,Q1,1,January,Jan,1,6,0,6A19,TRUE
20190107,2019-01-07,2019,1,Q1,1,January,Jan,2,7,1,7A19,FALSE
20190108,2019-01-08,2019,1,Q1,1,January,Jan,2,8,2,8A19,FALSE
20190109,2019-01-09,2019,1,Q1,1,January,Jan,2,9,3,9A19,FALSE
20190110,2019-01-10,2019,1,Q1,1,January,Jan,2,10,4,10A19,FALSE
20190111,2019-01-11,2019,1,Q1,1,January,Jan,2,11,5,11A19,FALSE
20190112,2019-01-12,2019,1,Q1,1,January,Jan,2,12,6,12A19,TRUE
20190113,2019-01-13,2019,1,Q1,1,January,Jan,2,13,0,13A19,TRUE
20190114,2019-01-14,2019,1,Q1,1,January,Jan,3,14,1,14A19,FALSE
20190115,2019-01-15,2019,1,Q1,1,January,Jan,3,15,2,15A19,FALSE
20190116,2019-01-16,2019,1,Q1,1,January,Jan,3,16,3,16A19,FALSE
20190117,2019-01-17,2019,1,Q1,1,January,Jan,3,17,4,17A19,FALSE
20190118,2019-01-18,2019,1,Q1,1,January,Jan,3,18,5,18A19,FALSE
20190119,2019-01-19,2019,1,Q1,1,January,Jan,3,19,6,19A19,TRUE
20190120,2019-01-20,2019,1,Q1,1,January,Jan,3,20,0,20A19,TRUE
20190121,2019-01-21,2019,1,Q1,1,January,Jan,4,21,1,21A19,FALSE
20190122,2019-01-22,2019,1,Q1,1,January,Jan,4,22,2,22A19,FALSE
20190123,2019-01-23,2019,1,Q1,1,January,Jan,4,23,3,23A19,FALSE
20190124,2019-01-24,2019,1,Q1,1,January,Jan,4,24,4,24A19,FALSE
20190125,2019-01-25,2019,1,Q1,1,January,Jan,4,25,5,25A19,FALSE
20190126,2019-01-26,2019,1,Q1,1,January,Jan,4,26,6,26A19,TRUE
20190127,2019-01-27,2019,1,Q1,1,January,Jan,4,27,0,27A19,TRUE
20190128,2019-01-28,2019,1,Q1,1,January,Jan,5,28,1,28A19,FALSE
20190129,2019-01-29,2019,1,Q1,1,January,Jan,5,29,2,29A19,FALSE
20190130,2019-01-30,2019,1,Q1,1,January,Jan,5,30,3,30A19,FALSE
20190131,2019-01-31,2019,1,Q1,1,January,Jan,5,31,4,31A19,FALSE
20190201,2019-02-01,2019,1,Q1,2,February,Feb,5,1,5,1A19,FALSE
20190202,2019-02-02,2019,1,Q1,2,February,Feb,5,2,6,2A19,TRUE
20190203,2019-02-03,2019,1,Q1,2,February,Feb,5,3,0,3A19,TRUE
20190204,2019-02-04,2019,1,Q1,2,February,Feb,6,4,1,4A19,FALSE
20190205,2019-02-05,2019,1,Q1,2,February,Feb,6,5,2,5A19,FALSE
20190206,2019-02-06,2019,1,Q1,2,February,Feb,6,6,3,6A19,FALSE
20190207,2019-02-07,2019,1,Q1,2,February,Feb,6,7,4,7A19,FALSE
20190208,2019-02-08,2019,1,Q1,2,February,Feb,6,8,5,8A19,FALSE
20190209,2019-02-09,2019,1,Q1,2,February,Feb,6,9,6,9A19,TRUE
20190210,2019-02-10,2019,1,Q1,2,February,Feb,6,10,0,10A19,TRUE
20190211,2019-02-11,2019,1,Q1,2,February,Feb,7,11,1,11A19,FALSE
20190212,2019-02-12,2019,1,Q1,2,February,Feb,7,12,2,12A19,FALSE
20190213,2019-02-13,2019,1,Q1,2,February,Feb,7,13,3,13A19,FALSE
20190214,2019-02-14,2019,1,Q1,2,February,Feb,7,14,4,14A19,FALSE
20190215,2019-02-15,2019,1,Q1,2,February,Feb,7,15,5,15A19,FALSE
20190216,2019-02-16,2019,1,Q1,2,February,Feb,7,16,6,16A19,TRUE
20190217,2019-02-17,2019,1,Q1,2,February,Feb,7,17,0,17A19,TRUE
20190218,2019-02-18,2019,1,Q1,2,February,Feb,8,18,1,18A19,FALSE
20190219,2019-02-19,2019,1,Q1,2,February,Feb,8,19,2,19A19,FALSE
20190220,2019-02-20,2019,1,Q1,2,February,Feb,8,20,3,20A19,FALSE
20190221,2019-02-21,2019,1,Q1,2,February,Feb,8,21,4,21A19,FALSE
20190222,2019-02-22,2019,1,Q1,2,February,Feb,8,22,5,22A19,FALSE
20190223,2019-02-23,2019,1,Q1,2,February,Feb,8,23,6,23A19,TRUE
20190224,2019-02-24,2019,1,Q1,2,February,Feb,8,24,0,24A19,TRUE
20190225,2019-02-25,2019,1,Q1,2,February,Feb,9,25,1,25A19,FALSE
20190226,2019-02-26,2019,1,Q1,2,February,Feb,9,26,2,26A19,FALSE
20190227,2019-02-27,2019,1,Q1,2,February,Feb,9,27,3,27A19,FALSE
20190228,2019-02-28,2019,1,Q1,2,February,Feb,9,28,4,28A19,FALSE
20190301,2019-03-01,2019,1,Q1,3,March,Mar,9,1,5,1A19,FALSE
20190302,2019-03-02,2019,1,Q1,3,March,Mar,9,2,6,2A19,TRUE
20190303,2019-03-03,2019,1,Q1,3,March,Mar,9,3,0,3A19,TRUE
20190304,2019-03-04,2019,1,Q1,3,March,Mar,10,4,1,4A19,FALSE
20190305,2019-03-05,2019,1,Q1,3,March,Mar,10,5,2,5A19,FALSE
20190306,2019-03-06,2019,1,Q1,3,March,Mar,10,6,3,6A19,FALSE
20190307,2019-03-07,2019,1,Q1,3,March,Mar,10,7,4,7A19,FALSE
20190308,2019-03-08,2019,1,Q1,3,March,Mar,10,8,5,8A19,FALSE
20190309,2019-03-09,2019,1,Q1,3,March,Mar,10,9,6,9A19,TRUE
20190310,2019-03-10,2019,1,Q1,3,March,Mar,10,10,0,10A19,TRUE
20190311,2019-03-11,2019,1,Q1,3,March,Mar,11,11,1,11A19,FALSE
20190312,2019-03-12,2019,1,Q1,3,March,Mar,11,12,2,12A19,FALSE
20190313,2019-03-13,2019,1,Q1,3,March,Mar,11,13,3,13A19,FALSE
20190314,2019-03-14,2019,1,Q1,3,March,Mar,11,14,4,14A19,FALSE
20190315,2019-03-15,2019,1,Q1,3,March,Mar,11,15,5,15A19,FALSE
20190316,2019-03-16,2019,1,Q1,3,March,Mar,11,16,6,16A19,TRUE
20190317,2019-03-17,2019,1,Q1,3,March,Mar,11,17,0,17A19,TRUE
20190318,2019-03-18,2019,1,Q1,3,March,Mar,12,18,1,18A19,FALSE
20190319,2019-03-19,2019,1,Q1,3,March,Mar,12,19,2,19A19,FALSE
20190320,2019-03-20,2019,1,Q1,3,March,Mar,12,20,3,20A19,FALSE
20190321,2019-03-21,2019,1,Q1,3,March,Mar,12,21,4,21A19,FALSE
20190322,2019-03-22,2019,1,Q1,3,March,Mar,12,22,5,22A19,FALSE
20190323,2019-03-23,2019,1,Q1,3,March,Mar,12,23,6,23A19,TRUE
20190324,2019-03-24,2019,1,Q1,3,March,Mar,12,24,0,24A19,TRUE
20190325,2019-03-25,2019,1,Q1,3,March,Mar,13,25,1,25A19,FALSE
20190326,2019-03-26,2019,1,Q1,3,March,Mar,13,26,2,26A19,FALSE
20190327,2019-03-27,2019,1,Q1,3,March,Mar,13,27,3,27A19,FALSE
20190328,2019-03-28,2019,1,Q1,3,March,Mar,13,28,4,28A19,FALSE
20190329,2019-03-29,2019,1,Q1,3,March,Mar,13,29,5,29A19,FALSE
20190330,2019-03-30,2019,1,Q1,3,March,Mar,13,30,6,30A19,TRUE
20190331,2019-03-31,2019,1,Q1,3,March,Mar,13,31,0,31A19,TRUE
20190401,2019-04-01,2019,2,Q2,4,April,Apr,14,1,1,1A19,FALSE
20190402,2019-04-02,2019,2,Q2,4,April,Apr,14,2,2,2A19,FALSE
20190403,2019-04-03,2019,2,Q2,4,April,Apr,14,3,3,3A19,FALSE
20190404,2019-04-04,2019,2,Q2,4,April,Apr,14,4,4,4A19,FALSE
20190405,2019-04-05,2019,2,Q2,4,April,Apr,14,5,5,5A19,FALSE
20190406,2019-04-06,2019,2,Q2,4,April,Apr,14,6,6,6A19,TRUE
20190407,2019-04-07,2019,2,Q2,4,April,Apr,14,7,0,7A19,TRUE
20190408,2019-04-08,2019,2,Q2,4,April,Apr,15,8,1,8A19,FALSE
20190409,2019-04-09,2019,2,Q2,4,April,Apr,15,9,2,9A19,FALSE
20190410,2019-04-10,2019,2,Q2,4,April,Apr,15,10,3,10A19,FALSE
20190411,2019-04-11,2019,2,Q2,4,April,Apr,15,11,4,11A19,FALSE
20190412,2019-04-12,2019,2,Q2,4,April,Apr,15,12,5,12A19,FALSE
20190413,2019-04-13,2019,2,Q2,4,April,Apr,15,13,6,13A19,TRUE
20190414,2019-04-14,2019,2,Q2,4,April,Apr,15,14,0,14A19,TRUE
20190415,2019-04-15,2019,2,Q2,4,April,Apr,16,15,1,15A19,FALSE
20190416,2019-04-16,2019,2,Q2,4,April,Apr,16,16,2,16A19,FALSE
20190417,2019-04-17,2019,2,Q2,4,April,Apr,16,17,3,17A19,FALSE
20190418,2019-04-18,2019,2,Q2,4,April,Apr,16,18,4,18A19,FALSE
20190419,2019-04-19,2019,2,Q2,4,April,Apr,16,19,5,19A19,FALSE
20190420,2019-04-20,2019,2,Q2,4,April,Apr,16,20,6,20A19,TRUE
20190421,2019-04-21,2019,2,Q2,4,April,Apr,16,21,0,21A19,TRUE
20190422,2019-04-22,2019,2,Q2,4,April,Apr,17,22,1,22A19,FALSE
20190423,2019-04-23,2019,2,Q2,4,April,Apr,17,23,2,23A19,FALSE
20190424,2019-04-24,2019,2,Q2,4,April,Apr,17,24,3,24A19,FALSE
20190425,2019-04-25,2019,2,Q2,4,April,Apr,17,25,4,25A19,FALSE
20190426,2019-04-26,2019,2,Q2,4,April,Apr,17,26,5,26A19,FALSE
20190427,2019-04-27,2019,2,Q2,4,April,Apr,17,27,6,27A19,TRUE
20190428,2019-04-28,2019,2,Q2,4,April,Apr,17,28,0,28A19,TRUE
20190429,2019-04-29,2019,2,Q2,4,April,Apr,18,29,1,29A19,FALSE
20190430,2019-04-30,2019,2,Q2,4,April,Apr,18,30,2,30A19,FALSE
20190501,2019-05-01,2019,2,Q2,5,May,May,18,1,3,1A19,FALSE
20190502,2019-05-02,2019,2,Q2,5,May,May,18,2,4,2A19,FALSE
20190503,2019-05-03,2019,2,Q2,5,May,May,18,3,5,3A19,FALSE
20190504,2019-05-04,2019,2,Q2,5,May,May,18,4,6,4A19,TRUE
20190505,2019-05-05,2019,2,Q2,5,May,May,18,5,0,5A19,TRUE
20190506,2019-05-06,2019,2,Q2,5,May,May,19,6,1,6A19,FALSE
20190507,2019-05-07,2019,2,Q2,5,May,May,19,7,2,7A19,FALSE
20190508,2019-05-08,2019,2,Q2,5,May,May,19,8,3,8A19,FALSE
20190509,2019-05-09,2019,2,Q2,5,May,May,19,9,4,9A19,FALSE
20190510,2019-05-10,2019,2,Q2,5,May,May,19,10,5,10A19,FALSE
20190511,2019-05-11,2019,2,Q2,5,May,May,19,11,6,11A19,TRUE
20190512,2019-05-12,2019,2,Q2,5,May,May,19,12,0,12A19,TRUE
20190513,2019-05-13,2019,2,Q2,5,May,May,20,13,1,13A19,FALSE
20190514,2019-05-14,2019,2,Q2,5,May,May,20,14,2,14A19,FALSE
20190515,2019-05-15,2019,2,Q2,5,May,May,20,15,3,15A19,FALSE
20190516,2019-05-16,2019,2,Q2,5,May,May,20,16,4,16A19,FALSE
20190517,2019-05-17,2019,2,Q2,5,May,May,20,17,5,17A19,FALSE
20190518,2019-05-18,2019,2,Q2,5,May,May,20,18,6,18A19,TRUE
20190519,2019-05-19,2019,2,Q2,5,May,May,20,19,0,19A19,TRUE
20190520,2019-05-20,2019,2,Q2,5,May,May,21,20,1,20A19,FALSE
20190521,2019-05-21,2019,2,Q2,5,May,May,21,21,2,21A19,FALSE
20190522,2019-05-22,2019,2,Q2,5,May,May,21,22,3,22A19,FALSE
20190523,2019-05-23,2019,2,Q2,5,May,May,21,23,4,23A19,FALSE
20190524,2019-05-24,2019,2,Q2,5,May,May,21,24,5,24A19,FALSE
20190525,2019-05-25,2019,2,Q2,5,May,May,21,25,6,25A19,TRUE
20190526,2019-05-26,2019,2,Q2,5,May,May,21,26,0,26A19,TRUE
20190527,2019-05-27,2019,2,Q2,5,May,May,22,27,1,27A19,FALSE
20190528,2019-05-28,2019,2,Q2,5,May,May,22,28,2,28A19,FALSE
20190529,2019-05-29,2019,2,Q2,5,May,May,22,29,3,29A19,FALSE
20190530,2019-05-30,2019,2,Q2,5,May,May,22,30,4,30A19,FALSE
20190531,2019-05-31,2019,2,Q2,5,May,May,22,31,5,31A19,FALSE
20190601,2019-06-01,2019,2,Q2,6,June,Jun,22,1,6,1A19,TRUE
20190602,2019-06-02,2019,2,Q2,6,June,Jun,22,2,0,2A19,TRUE
20190603,2019-06-03,2019,2,Q2,6,June,Jun,23,3,1,3A19,FALSE
20190604,2019-06-04,2019,2,Q2,6,June,Jun,23,4,2,4A19,FALSE
20190605,2019-06-05,2019,2,Q2,6,June,Jun,23,5,3,5A19,FALSE
20190606,2019-06-06,2019,2,Q2,6,June,Jun,23,6,4,6A19,FALSE
20190607,2019-06-07,2019,2,Q2,6,June,Jun,23,7,5,7A19,FALSE
20190608,2019-06-08,2019,2,Q2,6,June,Jun,23,8,6,8A19,TRUE
20190609,2019-06-09,2019,2,Q2,6,June,Jun,23,9,0,9A19,TRUE
20190610,2019-06-10,2019,2,Q2,6,June,Jun,24,10,1,10A19,FALSE
20190611,2019-06-11,2019,2,Q2,6,June,Jun,24,11,2,11A19,FALSE
20190612,2019-06-12,2019,2,Q2,6,June,Jun,24,12,3,12A19,FALSE
20190613,2019-06-13,2019,2,Q2,6,June,Jun,24,13,4,13A19,FALSE
20190614,2019-06-14,2019,2,Q2,6,June,Jun,24,14,5,14A19,FALSE
20190615,2019-06-15,2019,2,Q2,6,June,Jun,24,15,6,15A19,TRUE
20190616,2019-06-16,2019,2,Q2,6,June,Jun,24,16,0,16A19,TRUE
20190617,2019-06-17,2019,2,Q2,6,June,Jun,25,17,1,17A19,FALSE
20190618,2019-06-18,2019,2,Q2,6,June,Jun,25,18,2,18A19,FALSE
20190619,2019-06-19,2019,2,Q2,6,June,Jun,25,19,3,19A19,FALSE
20190620,2019-06-20,2019,2,Q2,6,June,Jun,25,20,4,20A19,FALSE
20190621,2019-06-21,2019,2,Q2,6,June,Jun,25,21,5,21A19,FALSE
20190622,2019-06-22,2019,2,Q2,6,June,Jun,25,22,6,22A19,TRUE
20190623,2019-06-23,2019,2,Q2,6,June,Jun,25,23,0,23A19,TRUE
20190624,2019-06-24,2019,2,Q2,6,June,Jun,26,24,1,24A19,FALSE
20190625,2019-06-25,2019,2,Q2,6,June,Jun,26,25,2,25A19,FALSE
20190626,2019-06-26,2019,2,Q2,6,June,Jun,26,26,3,26A19,FALSE
20190627,2019-06-27,2019,2,Q2,6,June,Jun,26,27,4,27A19,FALSE
20190628,2019-06-28,2019,2,Q2,6,June,Jun,26,28,5,28A19,FALSE
20190629,2019-06-29,2019,2,Q2,6,June,Jun,26,29,6,29A19,TRUE
20190630,2019-06-30,2019,2,Q2,6,June,Jun,26,30,0,30A19,TRUE
20190701,2019-07-01,2019,3,Q3,7,July,Jul,27,1,1,1A19,FALSE
20190702,2019-07-02,2019,3,Q3,7,July,Jul,27,2,2,2A19,FALSE
20190703,2019-07-03,2019,3,Q3,7,July,Jul,27,3,3,3A19,FALSE
20190704,2019-07-04,2019,3,Q3,7,July,Jul,27,4,4,4A19,FALSE
20190705,2019-07-05,2019,3,Q3,7,July,Jul,27,5,5,5A19,FALSE
20190706,2019-07-06,2019,3,Q3,7,July,Jul,27,6,6,6A19,TRUE
20190707,2019-07-07,2019,3,Q3,7,July,Jul,27,7,0,7A19,TRUE
20190708,2019-07-08,2019,3,Q3,7,July,Jul,28,8,1,8A19,FALSE
20190709,2019-07-09,2019,3,Q3,7,July,Jul,28,9,2,9A19,FALSE
20190710,2019-07-10,2019,3,Q3,7,July,Jul,28,10,3,10A19,FALSE
20190711,2019-07-11,2019,3,Q3,7,July,Jul,28,11,4,11A19,FALSE
20190712,2019-07-12,2019,3,Q3,7,July,Jul,28,12,5,12A19,FALSE
20190713,2019-07-13,2019,3,Q3,7,July,Jul,28,13,6,13A19,TRUE
20190714,2019-07-14,2019,3,Q3,7,July,Jul,28,14,0,14A19,TRUE
20190715,2019-07-15,2019,3,Q3,7,July,Jul,29,15,1,15A19,FALSE
20190716,2019-07-16,2019,3,Q3,7,July,Jul,29,16,2,16A19,FALSE
20190717,2019-07-17,2019,3,Q3,7,July,Jul,29,17,3,17A19,FALSE
20190718,2019-07-18,2019,3,Q3,7,July,Jul,29,18,4,18A19,FALSE
20190719,2019-07-19,2019,3,Q3,7,July,Jul,29,19,5,19A19,FALSE
20190720,2019-07-20,2019,3,Q3,7,July,Jul,29,20,6,20A19,TRUE
20190721,2019-07-21,2019,3,Q3,7,July,Jul,29,21,0,21A19,TRUE
20190722,2019-07-22,2019,3,Q3,7,July,Jul,30,22,1,22A19,FALSE
20190723,2019-07-23,2019,3,Q3,7,July,Jul,30,23,2,23A19,FALSE
20190724,2019-07-24,2019,3,Q3,7,July,Jul,30,24,3,24A19,FALSE
20190725,2019-07-25,2019,3,Q3,7,July,Jul,30,25,4,25A19,FALSE
20190726,2019-07-26,2019,3,Q3,7,July,Jul,30,26,5,26A19,FALSE
20190727,2019-07-27,2019,3,Q3,7,July,Jul,30,27,6,27A19,TRUE
20190728,2019-07-28,2019,3,Q3,7,July,Jul,30,28,0,28A19,TRUE
20190729,2019-07-29,2019,3,Q3,7,July,Jul,31,29,1,29A19,FALSE
20190730,2019-07-30,2019,3,Q3,7,July,Jul,31,30,2,30A19,FALSE
20190731,2019-07-31,2019,3,Q3,7,July,Jul,31,31,3,31A19,FALSE
20190801,2019-08-01,2019,3,Q3,8,August,Aug,31,1,4,1A19,FALSE
20190802,2019-08-02,2019,3,Q3,8,August,Aug,31,2,5,2A19,FALSE
20190803,2019-08-03,2019,3,Q3,8,August,Aug,31,3,6,3A19,TRUE
20190804,2019-08-04,2019,3,Q3,8,August,Aug,31,4,0,4A19,TRUE
20190805,2019-08-05,2019,3,Q3,8,August,Aug,32,5,1,5A19,FALSE
20190806,2019-08-06,2019,3,Q3,8,August,Aug,32,6,2,6A19,FALSE
20190807,2019-08-07,2019,3,Q3,8,August,Aug,32,7,3,7A19,FALSE
20190808,2019-08-08,2019,3,Q3,8,August,Aug,32,8,4,8A19,FALSE
20190809,2019-08-09,2019,3,Q3,8,August,Aug,32,9,5,9A19,FALSE
20190810,2019-08-10,2019,3,Q3,8,August,Aug,32,10,6,10A19,TRUE
20190811,2019-08-11,2019,3,Q3,8,August,Aug,32,11,0,11A19,TRUE
20190812,2019-08-12,2019,3,Q3,8,August,Aug,33,12,1,12A19,FALSE
20190813,2019-08-13,2019,3,Q3,8,August,Aug,33,13,2,13A19,FALSE
20190814,2019-08-14,2019,3,Q3,8,August,Aug,33,14,3,14A19,FALSE
20190815,2019-08-15,2019,3,Q3,8,August,Aug,33,15,4,15A19,FALSE
20190816,2019-08-16,2019,3,Q3,8,August,Aug,33,16,5,16A19,FALSE
20190817,2019-08-17,2019,3,Q3,8,August,Aug,33,17,6,17A19,TRUE
20190818,2019-08-18,2019,3,Q3,8,August,Aug,33,18,0,18A19,TRUE
20190819,2019-08-19,2019,3,Q3,8,August,Aug,34,19,1,19A19,FALSE
20190820,2019-08-20,2019,3,Q3,8,August,Aug,34,20,2,20A19,FALSE
20190821,2019-08-21,2019,3,Q3,8,August,Aug,34,21,3,21A19,FALSE
20190822,2019-08-22,2019,3,Q3,8,August,Aug,34,22,4,22A19,FALSE
20190823,2019-08-23,2019,3,Q3,8,August,Aug,34,23,5,23A19,FALSE
20190824,2019-08-24,2019,3,Q3,8,August,Aug,34,24,6,24A19,TRUE
20190825,2019-08-25,2019,3,Q3,8,August,Aug,34,25,0,25A19,TRUE
20190826,2019-08-26,2019,3,Q3,8,August,Aug,35,26,1,26A19,FALSE
20190827,2019-08-27,2019,3,Q3,8,August,Aug,35,27,2,27A19,FALSE
20190828,2019-08-28,2019,3,Q3,8,August,Aug,35,28,3,28A19,FALSE
20190829,2019-08-29,2019,3,Q3,8,August,Aug,35,29,4,29A19,FALSE
20190830,2019-08-30,2019,3,Q3,8,August,Aug,35,30,5,30A19,FALSE
20190831,2019-08-31,2019,3,Q3,8,August,Aug,35,31,6,31A19,TRUE
20190901,2019-09-01,2019,3,Q3,9,September,Sep,35,1,0,1A19,TRUE
20190902,2019-09-02,2019,3,Q3,9,September,Sep,36,2,1,2A19,FALSE
20190903,2019-09-03,2019,3,Q3,9,September,Sep,36,3,2,3A19,FALSE
20190904,2019-09-04,2019,3,Q3,9,September,Sep,36,4,3,4A19,FALSE
20190905,2019-09-05,2019,3,Q3,9,September,Sep,36,5,4,5A19,FALSE
20190906,2019-09-06,2019,3,Q3,9,September,Sep,36,6,5,6A19,FALSE
20190907,2019-09-07,2019,3,Q3,9,September,Sep,36,7,6,7A19,TRUE
20190908,2019-09-08,2019,3,Q3,9,September,Sep,36,8,0,8A19,TRUE
20190909,2019-09-09,2019,3,Q3,9,September,Sep,37,9,1,9A19,FALSE
20190910,2019-09-10,2019,3,Q3,9,September,Sep,37,10,2,10A19,FALSE
20190911,2019-09-11,2019,3,Q3,9,September,Sep,37,11,3,11A19,FALSE
20190912,2019-09-12,2019,3,Q3,9,September,Sep,37,12,4,12A19,FALSE
20190913,2019-09-13,2019,3,Q3,9,September,Sep,37,13,5,13A19,FALSE
20190914,2019-09-14,2019,3,Q3,9,September,Sep,37,14,6,14A19,TRUE
20190915,2019-09-15,2019,3,Q3,9,September,Sep,37,15,0,15A19,TRUE
20190916,2019-09-16,2019,3,Q3,9,September,Sep,38,16,1,16A19,FALSE
20190917,2019-09-17,2019,3,Q3,9,September,Sep,38,17,2,17A19,FALSE
20190918,2019-09-18,2019,3,Q3,9,September,Sep,38,18,3,18A19,FALSE
20190919,2019-09-19,2019,3,Q3,9,September,Sep,38,19,4,19A19,FALSE
20190920,2019-09-20,2019,3,Q3,9,September,Sep,38,20,5,20A19,FALSE
20190921,2019-09-21,2019,3,Q3,9,September,Sep,38,21,6,21A19,TRUE
20190922,2019-09-22,2019,3,Q3,9,September,Sep,38,22,0,22A19,TRUE
20190923,2019-09-23,2019,3,Q3,9,September,Sep,39,23,1,23A19,FALSE
20190924,2019-09-24,2019,3,Q3,9,September,Sep,39,24,2,24A19,FALSE
20190925,2019-09-25,2019,3,Q3,9,September,Sep,39,25,3,25A19,FALSE
20190926,2019-09-26,2019,3,Q3,9,September,Sep,39,26,4,26A19,FALSE
20190927,2019-09-27,2019,3,Q3,9,September,Sep,39,27,5,27A19,FALSE
20190928,2019-09-28,2019,3,Q3,9,September,Sep,39,28,6,28A19,TRUE
20190929,2019-09-29,2019,3,Q3,9,September,Sep,39,29,0,29A19,TRUE
20190930,2019-09-30,2019,3,Q3,9,September,Sep,40,30,1,30A19,FALSE
20191001,2019-10-01,2019,4,Q4,10,October,Oct,40,1,2,1A19,FALSE
20191002,2019-10-02,2019,4,Q4,10,October,Oct,40,2,3,2A19,FALSE
20191003,2019-10-03,2019,4,Q4,10,October,Oct,40,3,4,3A19,FALSE
20191004,2019-10-04,2019,4,Q4,10,October,Oct,40,4,5,4A19,FALSE
20191005,2019-10-05,2019,4,Q4,10,October,Oct,40,5,6,5A19,TRUE
20191006,2019-10-06,2019,4,Q4,10,October,Oct,40,6,0,6A19,TRUE
20191007,2019-10-07,2019,4,Q4,10,October,Oct,41,7,1,7A19,FALSE
20191008,2019-10-08,2019,4,Q4,10,October,Oct,41,8,2,8A19,FALSE
20191009,2019-10-09,2019,4,Q4,10,October,Oct,41,9,3,9A19,FALSE
20191010,2019-10-10,2019,4,Q4,10,October,Oct,41,10,4,10A19,FALSE
20191011,2019-10-11,2019,4,Q4,10,October,Oct,41,11,5,11A19,FALSE
20191012,2019-10-12,2019,4,Q4,10,October,Oct,41,12,6,12A19,TRUE
20191013,2019-10-13,2019,4,Q4,10,October,Oct,41,13,0,13A19,TRUE
20191014,2019-10-14,2019,4,Q4,10,October,Oct,42,14,1,14A19,FALSE
20191015,2019-10-15,2019,4,Q4,10,October,Oct,42,15,2,15A19,FALSE
20191016,2019-10-16,2019,4,Q4,10,October,Oct,42,16,3,16A19,FALSE
20191017,2019-10-17,2019,4,Q4,10,October,Oct,42,17,4,17A19,FALSE
20191018,2019-10-18,2019,4,Q4,10,October,Oct,42,18,5,18A19,FALSE
20191019,2019-10-19,2019,4,Q4,10,October,Oct,42,19,6,19A19,TRUE
20191020,2019-10-20,2019,4,Q4,10,October,Oct,42,20,0,20A19,TRUE
20191021,2019-10-21,2019,4,Q4,10,October,Oct,43,21,1,21A19,FALSE
20191022,2019-10-22,2019,4,Q4,10,October,Oct,43,22,2,22A19,FALSE
20191023,2019-10-23,2019,4,Q4,10,October,Oct,43,23,3,23A19,FALSE
20191024,2019-10-24,2019,4,Q4,10,October,Oct,43,24,4,24A19,FALSE
20191025,2019-10-25,2019,4,Q4,10,October,Oct,43,25,5,25A19,FALSE
20191026,2019-10-26,2019,4,Q4,10,October,Oct,43,26,6,26A19,TRUE
20191027,2019-10-27,2019,4,Q4,10,October,Oct,43,27,0,27A19,TRUE
20191028,2019-10-28,2019,4,Q4,10,October,Oct,44,28,1,28A19,FALSE
20191029,2019-10-29,2019,4,Q4,10,October,Oct,44,29,2,29A19,FALSE
20191030,2019-10-30,2019,4,Q4,10,October,Oct,44,30,3,30A19,FALSE
20191031,2019-10-31,2019,4,Q4,10,October,Oct,44,31,4,31A19,FALSE
20191101,2019-11-01,2019,4,Q4,11,November,Nov,44,1,5,1A19,FALSE
20191102,2019-11-02,2019,4,Q4,11,November,Nov,44,2,6,2A19,TRUE
20191103,2019-11-03,2019,4,Q4,11,November,Nov,44,3,0,3A19,TRUE
20191104,2019-11-04,2019,4,Q4,11,November,Nov,45,4,1,4A19,FALSE
20191105,2019-11-05,2019,4,Q4,11,November,Nov,45,5,2,5A19,FALSE
20191106,2019-11-06,2019,4,Q4,11,November,Nov,45,6,3,6A19,FALSE
20191107,2019-11-07,2019,4,Q4,11,November,Nov,45,7,4,7A19,FALSE
20191108,2019-11-08,2019,4,Q4,11,November,Nov,45,8,5,8A19,FALSE
20191109,2019-11-09,2019,4,Q4,11,November,Nov,45,9,6,9A19,TRUE
20191110,2019-11-10,2019,4,Q4,11,November,Nov,45,10,0,10A19,TRUE
20191111,2019-11-11,2019,4,Q4,11,November,Nov,46,11,1,11A19,FALSE
20191112,2019-11-12,2019,4,Q4,11,November,Nov,46,12,2,12A19,FALSE
20191113,2019-11-13,2019,4,Q4,11,November,Nov,46,13,3,13A19,FALSE
20191114,2019-11-14,2019,4,Q4,11,November,Nov,46,14,4,14A19,FALSE
20191115,2019-11-15,2019,4,Q4,11,November,Nov,46,15,5,15A19,FALSE
20191116,2019-11-16,2019,4,Q4,11,November,Nov,46,16,6,16A19,TRUE
20191117,2019-11-17,2019,4,Q4,11,November,Nov,46,17,0,17A19,TRUE
20191118,2019-11-18,2019,4,Q4,11,November,Nov,47,18,1,18A19,FALSE
20191119,2019-11-19,2019,4,Q4,11,November,Nov,47,19,2,19A19,FALSE
20191120,2019-11-20,2019,4,Q4,11,November,Nov,47,20,3,20A19,FALSE
20191121,2019-11-21,2019,4,Q4,11,November,Nov,47,21,4,21A19,FALSE
20191122,2019-11-22,2019,4,Q4,11,November,Nov,47,22,5,22A19,FALSE
20191123,2019-11-23,2019,4,Q4,11,November,Nov,47,23,6,23A19,TRUE
20191124,2019-11-24,2019,4,Q4,11,November,Nov,47,24,0,24A19,TRUE
20191125,2019-11-25,2019,4,Q4,11,November,Nov,48,25,1,25A19,FALSE
20191126,2019-11-26,2019,4,Q4,11,November,Nov,48,26,2,26A19,FALSE
20191127,2019-11-27,2019,4,Q4,11,November,Nov,48,27,3,27A19,FALSE
20191128,2019-11-28,2019,4,Q4,11,November,Nov,48,28,4,28A19,FALSE
20191129,2019-11-29,2019,4,Q4,11,November,Nov,48,29,5,29A19,FALSE
20191130,2019-11-30,2019,4,Q4,11,November,Nov,48,30,6,30A19,TRUE
20191201,2019-12-01,2019,4,Q4,12,December,Dec,48,1,0,1A19,TRUE
20191202,2019-12-02,2019,4,Q4,12,December,Dec,49,2,1,2A19,FALSE
20191203,2019-12-03,2019,4,Q4,12,December,Dec,49,3,2,3A19,FALSE
20191204,2019-12-04,2019,4,Q4,12,December,Dec,49,4,3,4A19,FALSE
20191205,2019-12-05,2019,4,Q4,12,December,Dec,49,5,4,5A19,FALSE
20191206,2019-12-06,2019,4,Q4,12,December,Dec,49,6,5,6A19,FALSE
20191207,2019-12-07,2019,4,Q4,12,December,Dec,49,7,6,7A19,TRUE
20191208,2019-12-08,2019,4,Q4,12,December,Dec,49,8,0,8A19,TRUE
20191209,2019-12-09,2019,4,Q4,12,December,Dec,50,9,1,9A19,FALSE
20191210,2019-12-10,2019,4,Q4,12,December,Dec,50,10,2,10A19,FALSE
20191211,2019-12-11,2019,4,Q4,12,December,Dec,50,11,3,11A19,FALSE
20191212,2019-12-12,2019,4,Q4,12,December,Dec,50,12,4,12A19,FALSE
20191213,2019-12-13,2019,4,Q4,12,December,Dec,50,13,5,13A19,FALSE
20191214,2019-12-14,2019,4,Q4,12,December,Dec,50,14,6,14A19,TRUE
20191215,2019-12-15,2019,4,Q4,12,December,Dec,50,15,0,15A19,TRUE
20191216,2019-12-16,2019,4,Q4,12,December,Dec,51,16,1,16A19,FALSE
20191217,2019-12-17,2019,4,Q4,12,December,Dec,51,17,2,17A19,FALSE
20191218,2019-12-18,2019,4,Q4,12,December,Dec,51,18,3,18A19,FALSE
20191219,2019-12-19,2019,4,Q4,12,December,Dec,51,19,4,19A19,FALSE
20191220,2019-12-20,2019,4,Q4,12,December,Dec,51,20,5,20A19,FALSE
20191221,2019-12-21,2019,4,Q4,12,December,Dec,51,21,6,21A19,TRUE
20191222,2019-12-22,2019,4,Q4,12,December,Dec,51,22,0,22A19,TRUE
20191223,2019-12-23,2019,4,Q4,12,December,Dec,52,23,1,23A19,FALSE
20191224,2019-12-24,2019,4,Q4,12,December,Dec,52,24,2,24A19,FALSE
20191225,2019-12-25,2019,4,Q4,12,December,Dec,52,25,3,25A19,FALSE
20191226,2019-12-26,2019,4,Q4,12,December,Dec,52,26,4,26A19,FALSE
20191227,2019-12-27,2019,4,Q4,12,December,Dec,52,27,5,27A19,FALSE
20191228,2019-12-28,2019,4,Q4,12,December,Dec,52,28,6,28A19,TRUE
20191229,2019-12-29,2019,4,Q4,12,December,Dec,52,29,0,29A19,TRUE
20191230,2019-12-30,2019,4,Q4,12,December,Dec,1,30,1,30A19,FALSE
20191231,2019-12-31,2019,4,Q4,12,December,Dec,1,31,2,31A19,FALSE
20200101,2020-01-01,2020,1,Q1,1,January,Jan,1,1,3,1A20,FALSE
20200102,2020-01-02,2020,1,Q1,1,January,Jan,1,2,4,2A20,FALSE
20200103,2020-01-03,2020,1,Q1,1,January,Jan,1,3,5,3A20,FALSE
20200104,2020-01-04,2020,1,Q1,1,January,Jan,1,4,6,4A20,TRUE
20200105,2020-01-05,2020,1,Q1,1,January,Jan,1,5,0,5A20,TRUE
20200106,2020-01-06,2020,1,Q1,1,January,Jan,2,6,1,6A20,FALSE
20200107,2020-01-07,2020,1,Q1,1,January,Jan,2,7,2,7A20,FALSE
20200108,2020-01-08,2020,1,Q1,1,January,Jan,2,8,3,8A20,FALSE
20200109,2020-01-09,2020,1,Q1,1,January,Jan,2,9,4,9A20,FALSE
20200110,2020-01-10,2020,1,Q1,1,January,Jan,2,10,5,10A20,FALSE
20200111,2020-01-11,2020,1,Q1,1,January,Jan,2,11,6,11A20,TRUE
20200112,2020-01-12,2020,1,Q1,1,January,Jan,2,12,0,12A20,TRUE
20200113,2020-01-13,2020,1,Q1,1,January,Jan,3,13,1,13A20,FALSE
20200114,2020-01-14,2020,1,Q1,1,January,Jan,3,14,2,14A20,FALSE
20200115,2020-01-15,2020,1,Q1,1,January,Jan,3,15,3,15A20,FALSE
20200116,2020-01-16,2020,1,Q1,1,January,Jan,3,16,4,16A20,FALSE
20200117,2020-01-17,2020,1,Q1,1,January,Jan,3,17,5,17A20,FALSE
20200118,2020-01-18,2020,1,Q1,1,January,Jan,3,18,6,18A20,TRUE
20200119,2020-01-19,2020,1,Q1,1,January,Jan,3,19,0,19A20,TRUE
20200120,2020-01-20,2020,1,Q1,1,January,Jan,4,20,1,20A20,FALSE
20200121,2020-01-21,2020,1,Q1,1,January,Jan,4,21,2,21A20,FALSE
20200122,2020-01-22,2020,1,Q1,1,January,Jan,4,22,3,22A20,FALSE
20200123,2020-01-23,2020,1,Q1,1,January,Jan,4,23,4,23A20,FALSE
20200124,2020-01-24,2020,1,Q1,1,January,Jan,4,24,5,24A20,FALSE
20200125,2020-01-25,2020,1,Q1,1,January,Jan,4,25,6,25A20,TRUE
20200126,2020-01-26,2020,1,Q1,1,January,Jan,4,26,0,26A20,TRUE
20200127,2020-01-27,2020,1,Q1,1,January,Jan,5,27,1,27A20,FALSE
20200128,2020-01-28,2020,1,Q1,1,January,Jan,5,28,2,28A20,FALSE
20200129,2020-01-29,2020,1,Q1,1,January,Jan,5,29,3,29A20,FALSE
20200130,2020-01-30,2020,1,Q1,1,January,Jan,5,30,4,30A20,FALSE
20200131,2020-01-31,2020,1,Q1,1,January,Jan,5,31,5,31A20,FALSE
20200201,2020-02-01,2020,1,Q1,2,February,Feb,5,1,6,1A20,TRUE
20200202,2020-02-02,2020,1,Q1,2,February,Feb,5,2,0,2A20,TRUE
20200203,2020-02-03,2020,1,Q1,2,February,Feb,6,3,1,3A20,FALSE
20200204,2020-02-04,2020,1,Q1,2,February,Feb,6,4,2,4A20,FALSE
20200205,2020-02-05,2020,1,Q1,2,February,Feb,6,5,3,5A20,FALSE
20200206,2020-02-06,2020,1,Q1,2,February,Feb,6,6,4,6A20,FALSE
20200207,2020-02-07,2020,1,Q1,2,February,Feb,6,7,5,7A20,FALSE
20200208,2020-02-08,2020,1,Q1,2,February,Feb,6,8,6,8A20,TRUE
20200209,2020-02-09,2020,1,Q1,2,February,Feb,6,9,0,9A20,TRUE
20200210,2020-02-10,2020,1,Q1,2,February,Feb,7,10,1,10A20,FALSE
20200211,2020-02-11,2020,1,Q1,2,February,Feb,7,11,2,11A20,FALSE
20200212,2020-02-12,2020,1,Q1,2,February,Feb,7,12,3,12A20,FALSE
20200213,2020-02-13,2020,1,Q1,2,February,Feb,7,13,4,13A20,FALSE
20200214,2020-02-14,2020,1,Q1,2,February,Feb,7,14,5,14A20,FALSE
20200215,2020-02-15,2020,1,Q1,2,February,Feb,7,15,6,15A20,TRUE
20200216,2020-02-16,2020,1,Q1,2,February,Feb,7,16,0,16A20,TRUE
20200217,2020-02-17,2020,1,Q1,2,February,Feb,8,17,1,17A20,FALSE
20200218,2020-02-18,2020,1,Q1,2,February,Feb,8,18,2,18A20,FALSE
20200219,2020-02-19,2020,1,Q1,2,February,Feb,8,19,3,19A20,FALSE
20200220,2020-02-20,2020,1,Q1,2,February,Feb,8,20,4,20A20,FALSE
20200221,2020-02-21,2020,1,Q1,2,February,Feb,8,21,5,21A20,FALSE
20200222,2020-02-22,2020,1,Q1,2,February,Feb,8,22,6,22A20,TRUE
20200223,2020-02-23,2020,1,Q1,2,February,Feb,8,23,0,23A20,TRUE
20200224,2020-02-24,2020,1,Q1,2,February,Feb,9,24,1,24A20,FALSE
20200225,2020-02-25,2020,1,Q1,2,February,Feb,9,25,2,25A20,FALSE
20200226,2020-02-26,2020,1,Q1,2,February,Feb,9,26,3,26A20,FALSE
20200227,2020-02-27,2020,1,Q1,2,February,Feb,9,27,4,27A20,FALSE
20200228,2020-02-28,2020,1,Q1,2,February,Feb,9,28,5,28A20,FALSE
20200229,2020-02-29,2020,1,Q1,2,February,Feb,9,29,6,29A20,TRUE
20200301,2020-03-01,2020,1,Q1,3,March,Mar,9,1,0,1A20,TRUE
20200302,2020-03-02,2020,1,Q1,3,March,Mar,10,2,1,2A20,FALSE
20200303,2020-03-03,2020,1,Q1,3,March,Mar,10,3,2,3A20,FALSE
20200304,2020-03-04,2020,1,Q1,3,March,Mar,10,4,3,4A20,FALSE
20200305,2020-03-05,2020,1,Q1,3,March,Mar,10,5,4,5A20,FALSE
20200306,2020-03-06,2020,1,Q1,3,March,Mar,10,6,5,6A20,FALSE
20200307,2020-03-07,2020,1,Q1,3,March,Mar,10,7,6,7A20,TRUE
20200308,2020-03-08,2020,1,Q1,3,March,Mar,10,8,0,8A20,TRUE
20200309,2020-03-09,2020,1,Q1,3,March,Mar,11,9,1,9A20,FALSE
20200310,2020-03-10,2020,1,Q1,3,March,Mar,11,10,2,10A20,FALSE
20200311,2020-03-11,2020,1,Q1,3,March,Mar,11,11,3,11A20,FALSE
20200312,2020-03-12,2020,1,Q1,3,March,Mar,11,12,4,12A20,FALSE
20200313,2020-03-13,2020,1,Q1,3,March,Mar,11,13,5,13A20,FALSE
20200314,2020-03-14,2020,1,Q1,3,March,Mar,11,14,6,14A20,TRUE
20200315,2020-03-15,2020,1,Q1,3,March,Mar,11,15,0,15A20,TRUE
20200316,2020-03-16,2020,1,Q1,3,March,Mar,12,16,1,16A20,FALSE
20200317,2020-03-17,2020,1,Q1,3,March,Mar,12,17,2,17A20,FALSE
20200318,2020-03-18,2020,1,Q1,3,March,Mar,12,18,3,18A20,FALSE
20200319,2020-03-19,2020,1,Q1,3,March,Mar,12,19,4,19A20,FALSE
20200320,2020-03-20,2020,1,Q1,3,March,Mar,12,20,5,20A20,FALSE
20200321,2020-03-21,2020,1,Q1,3,March,Mar,12,21,6,21A20,TRUE
20200322,2020-03-22,2020,1,Q1,3,March,Mar,12,22,0,22A20,TRUE
20200323,2020-03-23,2020,1,Q1,3,March,Mar,13,23,1,23A20,FALSE
20200324,2020-03-24,2020,1,Q1,3,March,Mar,13,24,2,24A20,FALSE
20200325,2020-03-25,2020,1,Q1,3,March,Mar,13,25,3,25A20,FALSE
20200326,2020-03-26,2020,1,Q1,3,March,Mar,13,26,4,26A20,FALSE
20200327,2020-03-27,2020,1,Q1,3,March,Mar,13,27,5,27A20,FALSE
20200328,2020-03-28,2020,1,Q1,3,March,Mar,13,28,6,28A20,TRUE
20200329,2020-03-29,2020,1,Q1,3,March,Mar,13,29,0,29A20,TRUE
20200330,2020-03-30,2020,1,Q1,3,March,Mar,14,30,1,30A20,FALSE
20200331,2020-03-31,2020,1,Q1,3,March,Mar,14,31,2,31A20,FALSE
20200401,2020-04-01,2020,2,Q2,4,April,Apr,14,1,3,1A20,FALSE
20200402,2020-04-02,2020,2,Q2,4,April,Apr,14,2,4,2A20,FALSE
20200403,2020-04-03,2020,2,Q2,4,April,Apr,14,3,5,3A20,FALSE
20200404,2020-04-04,2020,2,Q2,4,April,Apr,14,4,6,4A20,TRUE
20200405,2020-04-05,2020,2,Q2,4,April,Apr,14,5,0,5A20,TRUE
20200406,2020-04-06,2020,2,Q2,4,April,Apr,15,6,1,6A20,FALSE
20200407,2020-04-07,2020,2,Q2,4,April,Apr,15,7,2,7A20,FALSE
20200408,2020-04-08,2020,2,Q2,4,April,Apr,15,8,3,8A20,FALSE
20200409,2020-04-09,2020,2,Q2,4,April,Apr,15,9,4,9A20,FALSE
20200410,2020-04-10,2020,2,Q2,4,April,Apr,15,10,5,10A20,FALSE
20200411,2020-04-11,2020,2,Q2,4,April,Apr,15,11,6,11A20,TRUE
20200412,2020-04-12,2020,2,Q2,4,April,Apr,15,12,0,12A20,TRUE
20200413,2020-04-13,2020,2,Q2,4,April,Apr,16,13,1,13A20,FALSE
20200414,2020-04-14,2020,2,Q2,4,April,Apr,16,14,2,14A20,FALSE
20200415,2020-04-15,2020,2,Q2,4,April,Apr,16,15,3,15A20,FALSE
20200416,2020-04-16,2020,2,Q2,4,April,Apr,16,16,4,16A20,FALSE
20200417,2020-04-17,2020,2,Q2,4,April,Apr,16,17,5,17A20,FALSE
20200418,2020-04-18,2020,2,Q2,4,April,Apr,16,18,6,18A20,TRUE
20200419,2020-04-19,2020,2,Q2,4,April,Apr,16,19,0,19A20,TRUE
20200420,2020-04-20,2020,2,Q2,4,April,Apr,17,20,1,20A20,FALSE
20200421,2020-04-21,2020,2,Q2,4,April,Apr,17,21,2,21A20,FALSE
20200422,2020-04-22,2020,2,Q2,4,April,Apr,17,22,3,22A20,FALSE
20200423,2020-04-23,2020,2,Q2,4,April,Apr,17,23,4,23A20,FALSE
20200424,2020-04-24,2020,2,Q2,4,April,Apr,17,24,5,24A20,FALSE
20200425,2020-04-25,2020,2,Q2,4,April,Apr,17,25,6,25A20,TRUE
20200426,2020-04-26,2020,2,Q2,4,April,Apr,17,26,0,26A20,TRUE
20200427,2020-04-27,2020,2,Q2,4,April,Apr,18,27,1,27A20,FALSE
20200428,2020-04-28,2020,2,Q2,4,April,Apr,18,28,2,28A20,FALSE
20200429,2020-04-29,2020,2,Q2,4,April,Apr,18,29,3,29A20,FALSE
20200430,2020-04-30,2020,2,Q2,4,April,Apr,18,30,4,30A20,FALSE
20200501,2020-05-01,2020,2,Q2,5,May,May,18,1,5,1A20,FALSE
20200502,2020-05-02,2020,2,Q2,5,May,May,18,2,6,2A20,TRUE
20200503,2020-05-03,2020,2,Q2,5,May,May,18,3,0,3A20,TRUE
20200504,2020-05-04,2020,2,Q2,5,May,May,19,4,1,4A20,FALSE
20200505,2020-05-05,2020,2,Q2,5,May,May,19,5,2,5A20,FALSE
20200506,2020-05-06,2020,2,Q2,5,May,May,19,6,3,6A20,FALSE
20200507,2020-05-07,2020,2,Q2,5,May,May,19,7,4,7A20,FALSE
20200508,2020-05-08,2020,2,Q2,5,May,May,19,8,5,8A20,FALSE
20200509,2020-05-09,2020,2,Q2,5,May,May,19,9,6,9A20,TRUE
20200510,2020-05-10,2020,2,Q2,5,May,May,19,10,0,10A20,TRUE
20200511,2020-05-11,2020,2,Q2,5,May,May,20,11,1,11A20,FALSE
20200512,2020-05-12,2020,2,Q2,5,May,May,20,12,2,12A20,FALSE
20200513,2020-05-13,2020,2,Q2,5,May,May,20,13,3,13A20,FALSE
20200514,2020-05-14,2020,2,Q2,5,May,May,20,14,4,14A20,FALSE
20200515,2020-05-15,2020,2,Q2,5,May,May,20,15,5,15A20,FALSE
20200516,2020-05-16,2020,2,Q2,5,May,May,20,16,6,16A20,TRUE
20200517,2020-05-17,2020,2,Q2,5,May,May,20,17,0,17A20,TRUE
20200518,2020-05-18,2020,2,Q2,5,May,May,21,18,1,18A20,FALSE
20200519,2020-05-19,2020,2,Q2,5,May,May,21,19,2,19A20,FALSE
20200520,2020-05-20,2020,2,Q2,5,May,May,21,20,3,20A20,FALSE
20200521,2020-05-21,2020,2,Q2,5,May,May,21,21,4,21A20,FALSE
20200522,2020-05-22,2020,2,Q2,5,May,May,21,22,5,22A20,FALSE
20200523,2020-05-23,2020,2,Q2,5,May,May,21,23,6,23A20,TRUE
20200524,2020-05-24,2020,2,Q2,5,May,May,21,24,0,24A20,TRUE
20200525,2020-05-25,2020,2,Q2,5,May,May,22,25,1,25A20,FALSE
20200526,2020-05-26,2020,2,Q2,5,May,May,22,26,2,26A20,FALSE
20200527,2020-05-27,2020,2,Q2,5,May,May,22,27,3,27A20,FALSE
20200528,2020-05-28,2020,2,Q2,5,May,May,22,28,4,28A20,FALSE
20200529,2020-05-29,2020,2,Q2,5,May,May,22,29,5,29A20,FALSE
20200530,2020-05-30,2020,2,Q2,5,May,May,22,30,6,30A20,TRUE
20200531,2020-05-31,2020,2,Q2,5,May,May,22,31,0,31A20,TRUE
20200601,2020-06-01,2020,2,Q2,6,June,Jun,23,1,1,1A20,FALSE
20200602,2020-06-02,2020,2,Q2,6,June,Jun,23,2,2,2A20,FALSE
20200603,2020-06-03,2020,2,Q2,6,June,Jun,23,3,3,3A20,FALSE
20200604,2020-06-04,2020,2,Q2,6,June,Jun,23,4,4,4A20,FALSE
20200605,2020-06-05,2020,2,Q2,6,June,Jun,23,5,5,5A20,FALSE
20200606,2020-06-06,2020,2,Q2,6,June,Jun,23,6,6,6A20,TRUE
20200607,2020-06-07,2020,2,Q2,6,June,Jun,23,7,0,7A20,TRUE
20200608,2020-06-08,2020,2,Q2,6,June,Jun,24,8,1,8A20,FALSE
20200609,2020-06-09,2020,2,Q2,6,June,Jun,24,9,2,9A20,FALSE
20200610,2020-06-10,2020,2,Q2,6,June,Jun,24,10,3,10A20,FALSE
20200611,2020-06-11,2020,2,Q2,6,June,Jun,24,11,4,11A20,FALSE
20200612,2020-06-12,2020,2,Q2,6,June,Jun,24,12,5,12A20,FALSE
20200613,2020-06-13,2020,2,Q2,6,June,Jun,24,13,6,13A20,TRUE
20200614,2020-06-14,2020,2,Q2,6,June,Jun,24,14,0,14A20,TRUE
20200615,2020-06-15,2020,2,Q2,6,June,Jun,25,15,1,15A20,FALSE
20200616,2020-06-16,2020,2,Q2,6,June,Jun,25,16,2,16A20,FALSE
20200617,2020-06-17,2020,2,Q2,6,June,Jun,25,17,3,17A20,FALSE
20200618,2020-06-18,2020,2,Q2,6,June,Jun,25,18,4,18A20,FALSE
20200619,2020-06-19,2020,2,Q2,6,June,Jun,25,19,5,19A20,FALSE
20200620,2020-06-20,2020,2,Q2,6,June,Jun,25,20,6,20A20,TRUE
20200621,2020-06-21,2020,2,Q2,6,June,Jun,25,21,0,21A20,TRUE
20200622,2020-06-22,2020,2,Q2,6,June,Jun,26,22,1,22A20,FALSE
20200623,2020-06-23,2020,2,Q2,6,June,Jun,26,23,2,23A20,FALSE
20200624,2020-06-24,2020,2,Q2,6,June,Jun,26,24,3,24A20,FALSE
20200625,2020-06-25,2020,2,Q2,6,June,Jun,26,25,4,25A20,FALSE
20200626,2020-06-26,2020,2,Q2,6,June,Jun,26,26,5,26A20,FALSE
20200627,2020-06-27,2020,2,Q2,6,June,Jun,26,27,6,27A20,TRUE
20200628,2020-06-28,2020,2,Q2,6,June,Jun,26,28,0,28A20,TRUE
20200629,2020-06-29,2020,2,Q2,6,June,Jun,27,29,1,29A20,FALSE
20200630,2020-06-30,2020,2,Q2,6,June,Jun,27,30,2,30A20,FALSE
20200701,2020-07-01,2020,3,Q3,7,July,Jul,27,1,3,1A20,FALSE
20200702,2020-07-02,2020,3,Q3,7,July,Jul,27,2,4,2A20,FALSE
20200703,2020-07-03,2020,3,Q3,7,July,Jul,27,3,5,3A20,FALSE
20200704,2020-07-04,2020,3,Q3,7,July,Jul,27,4,6,4A20,TRUE
20200705,2020-07-05,2020,3,Q3,7,July,Jul,27,5,0,5A20,TRUE
20200706,2020-07-06,2020,3,Q3,7,July,Jul,28,6,1,6A20,FALSE
20200707,2020-07-07,2020,3,Q3,7,July,Jul,28,7,2,7A20,FALSE
20200708,2020-07-08,2020,3,Q3,7,July,Jul,28,8,3,8A20,FALSE
20200709,2020-07-09,2020,3,Q3,7,July,Jul,28,9,4,9A20,FALSE
20200710,2020-07-10,2020,3,Q3,7,July,Jul,28,10,5,10A20,FALSE
20200711,2020-07-11,2020,3,Q3,7,July,Jul,28,11,6,11A20,TRUE
20200712,2020-07-12,2020,3,Q3,7,July,Jul,28,12,0,12A20,TRUE
20200713,2020-07-13,2020,3,Q3,7,July,Jul,29,13,1,13A20,FALSE
20200714,2020-07-14,2020,3,Q3,7,July,Jul,29,14,2,14A20,FALSE
20200715,2020-07-15,2020,3,Q3,7,July,Jul,29,15,3,15A20,FALSE
20200716,2020-07-16,2020,3,Q3,7,July,Jul,29,16,4,16A20,FALSE
20200717,2020-07-17,2020,3,Q3,7,July,Jul,29,17,5,17A20,FALSE
20200718,2020-07-18,2020,3,Q3,7,July,Jul,29,18,6,18A20,TRUE
20200719,2020-07-19,2020,3,Q3,7,July,Jul,29,19,0,19A20,TRUE
20200720,2020-07-20,2020,3,Q3,7,July,Jul,30,20,1,20A20,FALSE
20200721,2020-07-21,2020,3,Q3,7,July,Jul,30,21,2,21A20,FALSE
20200722,2020-07-22,2020,3,Q3,7,July,Jul,30,22,3,22A20,FALSE
20200723,2020-07-23,2020,3,Q3,7,July,Jul,30,23,4,23A20,FALSE
20200724,2020-07-24,2020,3,Q3,7,July,Jul,30,24,5,24A20,FALSE
20200725,2020-07-25,2020,3,Q3,7,July,Jul,30,25,6,25A20,TRUE
20200726,2020-07-26,2020,3,Q3,7,July,Jul,30,26,0,26A20,TRUE
20200727,2020-07-27,2020,3,Q3,7,July,Jul,31,27,1,27A20,FALSE
20200728,2020-07-28,2020,3,Q3,7,July,Jul,31,28,2,28A20,FALSE
20200729,2020-07-29,2020,3,Q3,7,July,Jul,31,29,3,29A20,FALSE
20200730,2020-07-30,2020,3,Q3,7,July,Jul,31,30,4,30A20,FALSE
20200731,2020-07-31,2020,3,Q3,7,July,Jul,31,31,5,31A20,FALSE
20200801,2020-08-01,2020,3,Q3,8,August,Aug,31,1,6,1A20,TRUE
20200802,2020-08-02,2020,3,Q3,8,August,Aug,31,2,0,2A20,TRUE
20200803,2020-08-03,2020,3,Q3,8,August,Aug,32,3,1,3A20,FALSE
20200804,2020-08-04,2020,3,Q3,8,August,Aug,32,4,2,4A20,FALSE
20200805,2020-08-05,2020,3,Q3,8,August,Aug,32,5,3,5A20,FALSE
20200806,2020-08-06,2020,3,Q3,8,August,Aug,32,6,4,6A20,FALSE
20200807,2020-08-07,2020,3,Q3,8,August,Aug,32,7,5,7A20,FALSE
20200808,2020-08-08,2020,3,Q3,8,August,Aug,32,8,6,8A20,TRUE
20200809,2020-08-09,2020,3,Q3,8,August,Aug,32,9,0,9A20,TRUE
20200810,2020-08-10,2020,3,Q3,8,August,Aug,33,10,1,10A20,FALSE
20200811,2020-08-11,2020,3,Q3,8,August,Aug,33,11,2,11A20,FALSE
20200812,2020-08-12,2020,3,Q3,8,August,Aug,33,12,3,12A20,FALSE
20200813,2020-08-13,2020,3,Q3,8,August,Aug,33,13,4,13A20,FALSE
20200814,2020-08-14,2020,3,Q3,8,August,Aug,33,14,5,14A20,FALSE
20200815,2020-08-15,2020,3,Q3,8,August,Aug,33,15,6,15A20,TRUE
20200816,2020-08-16,2020,3,Q3,8,August,Aug,33,16,0,16A20,TRUE
20200817,2020-08-17,2020,3,Q3,8,August,Aug,34,17,1,17A20,FALSE
20200818,2020-08-18,2020,3,Q3,8,August,Aug,34,18,2,18A20,FALSE
20200819,2020-08-19,2020,3,Q3,8,August,Aug,34,19,3,19A20,FALSE
20200820,2020-08-20,2020,3,Q3,8,August,Aug,34,20,4,20A20,FALSE
20200821,2020-08-21,2020,3,Q3,8,August,Aug,34,21,5,21A20,FALSE
20200822,2020-08-22,2020,3,Q3,8,August,Aug,34,22,6,22A20,TRUE
20200823,2020-08-23,2020,3,Q3,8,August,Aug,34,23,0,23A20,TRUE
20200824,2020-08-24,2020,3,Q3,8,August,Aug,35,24,1,24A20,FALSE
20200825,2020-08-25,2020,3,Q3,8,August,Aug,35,25,2,25A20,FALSE
20200826,2020-08-26,2020,3,Q3,8,August,Aug,35,26,3,26A20,FALSE
20200827,2020-08-27,2020,3,Q3,8,August,Aug,35,27,4,27A20,FALSE
20200828,2020-08-28,2020,3,Q3,8,August,Aug,35,28,5,28A20,FALSE
20200829,2020-08-29,2020,3,Q3,8,August,Aug,35,29,6,29A20,TRUE
20200830,2020-08-30,2020,3,Q3,8,August,Aug,35,30,0,30A20,TRUE
20200831,2020-08-31,2020,3,Q3,8,August,Aug,36,31,1,31A20,FALSE
20200901,2020-09-01,2020,3,Q3,9,September,Sep,36,1,2,1A20,FALSE
20200902,2020-09-02,2020,3,Q3,9,September,Sep,36,2,3,2A20,FALSE
20200903,2020-09-03,2020,3,Q3,9,September,Sep,36,3,4,3A20,FALSE
20200904,2020-09-04,2020,3,Q3,9,September,Sep,36,4,5,4A20,FALSE
20200905,2020-09-05,2020,3,Q3,9,September,Sep,36,5,6,5A20,TRUE
20200906,2020-09-06,2020,3,Q3,9,September,Sep,36,6,0,6A20,TRUE
20200907,2020-09-07,2020,3,Q3,9,September,Sep,37,7,1,7A20,FALSE
20200908,2020-09-08,2020,3,Q3,9,September,Sep,37,8,2,8A20,FALSE
20200909,2020-09-09,2020,3,Q3,9,September,Sep,37,9,3,9A20,FALSE
20200910,2020-09-10,2020,3,Q3,9,September,Sep,37,10,4,10A20,FALSE
20200911,2020-09-11,2020,3,Q3,9,September,Sep,37,11,5,11A20,FALSE
20200912,2020-09-12,2020,3,Q3,9,September,Sep,37,12,6,12A20,TRUE
20200913,2020-09-13,2020,3,Q3,9,September,Sep,37,13,0,13A20,TRUE
20200914,2020-09-14,2020,3,Q3,9,September,Sep,38,14,1,14A20,FALSE
20200915,2020-09-15,2020,3,Q3,9,September,Sep,38,15,2,15A20,FALSE
20200916,2020-09-16,2020,3,Q3,9,September,Sep,38,16,3,16A20,FALSE
20200917,2020-09-17,2020,3,Q3,9,September,Sep,38,17,4,17A20,FALSE
20200918,2020-09-18,2020,3,Q3,9,September,Sep,38,18,5,18A20,FALSE
20200919,2020-09-19,2020,3,Q3,9,September,Sep,38,19,6,19A20,TRUE
20200920,2020-09-20,2020,3,Q3,9,September,Sep,38,20,0,20A20,TRUE
20200921,2020-09-21,2020,3,Q3,9,September,Sep,39,21,1,21A20,FALSE
20200922,2020-09-22,2020,3,Q3,9,September,Sep,39,22,2,22A20,FALSE
20200923,2020-09-23,2020,3,Q3,9,September,Sep,39,23,3,23A20,FALSE
20200924,2020-09-24,2020,3,Q3,9,September,Sep,39,24,4,24A20,FALSE
20200925,2020-09-25,2020,3,Q3,9,September,Sep,39,25,5,25A20,FALSE
20200926,2020-09-26,2020,3,Q3,9,September,Sep,39,26,6,26A20,TRUE
20200927,2020-09-27,2020,3,Q3,9,September,Sep,39,27,0,27A20,TRUE
20200928,2020-09-28,2020,3,Q3,9,September,Sep,40,28,1,28A20,FALSE
20200929,2020-09-29,2020,3,Q3,9,September,Sep,40,29,2,29A20,FALSE
20200930,2020-09-30,2020,3,Q3,9,September,Sep,40,30,3,30A20,FALSE
20201001,2020-10-01,2020,4,Q4,10,October,Oct,40,1,4,1A20,FALSE
20201002,2020-10-02,2020,4,Q4,10,October,Oct,40,2,5,2A20,FALSE
20201003,2020-10-03,2020,4,Q4,10,October,Oct,40,3,6,3A20,TRUE
20201004,2020-10-04,2020,4,Q4,10,October,Oct,40,4,0,4A20,TRUE
20201005,2020-10-05,2020,4,Q4,10,October,Oct,41,5,1,5A20,FALSE
20201006,2020-10-06,2020,4,Q4,10,October,Oct,41,6,2,6A20,FALSE
20201007,2020-10-07,2020,4,Q4,10,October,Oct,41,7,3,7A20,FALSE
20201008,2020-10-08,2020,4,Q4,10,October,Oct,41,8,4,8A20,FALSE
20201009,2020-10-09,2020,4,Q4,10,October,Oct,41,9,5,9A20,FALSE
20201010,2020-10-10,2020,4,Q4,10,October,Oct,41,10,6,10A20,TRUE
20201011,2020-10-11,2020,4,Q4,10,October,Oct,41,11,0,11A20,TRUE
20201012,2020-10-12,2020,4,Q4,10,October,Oct,42,12,1,12A20,FALSE
20201013,2020-10-13,2020,4,Q4,10,October,Oct,42,13,2,13A20,FALSE
20201014,2020-10-14,2020,4,Q4,10,October,Oct,42,14,3,14A20,FALSE
20201015,2020-10-15,2020,4,Q4,10,October,Oct,42,15,4,15A20,FALSE
20201016,2020-10-16,2020,4,Q4,10,October,Oct,42,16,5,16A20,FALSE
20201017,2020-10-17,2020,4,Q4,10,October,Oct,42,17,6,17A20,TRUE
20201018,2020-10-18,2020,4,Q4,10,October,Oct,42,18,0,18A20,TRUE
20201019,2020-10-19,2020,4,Q4,10,October,Oct,43,19,1,19A20,FALSE
20201020,2020-10-20,2020,4,Q4,10,October,Oct,43,20,2,20A20,FALSE
20201021,2020-10-21,2020,4,Q4,10,October,Oct,43,21,3,21A20,FALSE
20201022,2020-10-22,2020,4,Q4,10,October,Oct,43,22,4,22A20,FALSE
20201023,2020-10-23,2020,4,Q4,10,October,Oct,43,23,5,23A20,FALSE
20201024,2020-10-24,2020,4,Q4,10,October,Oct,43,24,6,24A20,TRUE
20201025,2020-10-25,2020,4,Q4,10,October,Oct,43,25,0,25A20,TRUE
20201026,2020-10-26,2020,4,Q4,10,October,Oct,44,26,1,26A20,FALSE
20201027,2020-10-27,2020,4,Q4,10,October,Oct,44,27,2,27A20,FALSE
20201028,2020-10-28,2020,4,Q4,10,October,Oct,44,28,3,28A20,FALSE
20201029,2020-10-29,2020,4,Q4,10,October,Oct,44,29,4,29A20,FALSE
20201030,2020-10-30,2020,4,Q4,10,October,Oct,44,30,5,30A20,FALSE
20201031,2020-10-31,2020,4,Q4,10,October,Oct,44,31,6,31A20,TRUE
20201101,2020-11-01,2020,4,Q4,11,November,Nov,44,1,0,1A20,TRUE
20201102,2020-11-02,2020,4,Q4,11,November,Nov,45,2,1,2A20,FALSE
20201103,2020-11-03,2020,4,Q4,11,November,Nov,45,3,2,3A20,FALSE
20201104,2020-11-04,2020,4,Q4,11,November,Nov,45,4,3,4A20,FALSE
20201105,2020-11-05,2020,4,Q4,11,November,Nov,45,5,4,5A20,FALSE
20201106,2020-11-06,2020,4,Q4,11,November,Nov,45,6,5,6A20,FALSE
20201107,2020-11-07,2020,4,Q4,11,November,Nov,45,7,6,7A20,TRUE
20201108,2020-11-08,2020,4,Q4,11,November,Nov,45,8,0,8A20,TRUE
20201109,2020-11-09,2020,4,Q4,11,November,Nov,46,9,1,9A20,FALSE
20201110,2020-11-10,2020,4,Q4,11,November,Nov,46,10,2,10A20,FALSE
20201111,2020-11-11,2020,4,Q4,11,November,Nov,46,11,3,11A20,FALSE
20201112,2020-11-12,2020,4,Q4,11,November,Nov,46,12,4,12A20,FALSE
20201113,2020-11-13,2020,4,Q4,11,November,Nov,46,13,5,13A20,FALSE
20201114,2020-11-14,2020,4,Q4,11,November,Nov,46,14,6,14A20,TRUE
20201115,2020-11-15,2020,4,Q4,11,November,Nov,46,15,0,15A20,TRUE
20201116,2020-11-16,2020,4,Q4,11,November,Nov,47,16,1,16A20,FALSE
20201117,2020-11-17,2020,4,Q4,11,November,Nov,47,17,2,17A20,FALSE
20201118,2020-11-18,2020,4,Q4,11,November,Nov,47,18,3,18A20,FALSE
20201119,2020-11-19,2020,4,Q4,11,November,Nov,47,19,4,19A20,FALSE
20201120,2020-11-20,2020,4,Q4,11,November,Nov,47,20,5,20A20,FALSE
20201121,2020-11-21,2020,4,Q4,11,November,Nov,47,21,6,21A20,TRUE
20201122,2020-11-22,2020,4,Q4,11,November,Nov,47,22,0,22A20,TRUE
20201123,2020-11-23,2020,4,Q4,11,November,Nov,48,23,1,23A20,FALSE
20201124,2020-11-24,2020,4,Q4,11,November,Nov,48,24,2,24A20,FALSE
20201125,2020-11-25,2020,4,Q4,11,November,Nov,48,25,3,25A20,FALSE
20201126,2020-11-26,2020,4,Q4,11,November,Nov,48,26,4,26A20,FALSE
20201127,2020-11-27,2020,4,Q4,11,November,Nov,48,27,5,27A20,FALSE
20201128,2020-11-28,2020,4,Q4,11,November,Nov,48,28,6,28A20,TRUE
20201129,2020-11-29,2020,4,Q4,11,November,Nov,48,29,0,29A20,TRUE
20201130,2020-11-30,2020,4,Q4,11,November,Nov,49,30,1,30A20,FALSE
20201201,2020-12-01,2020,4,Q4,12,December,Dec,49,1,2,1A20,FALSE
20201202,2020-12-02,2020,4,Q4,12,December,Dec,49,2,3,2A20,FALSE
20201203,2020-12-03,2020,4,Q4,12,December,Dec,49,3,4,3A20,FALSE
20201204,2020-12-04,2020,4,Q4,12,December,Dec,49,4,5,4A20,FALSE
20201205,2020-12-05,2020,4,Q4,12,December,Dec,49,5,6,5A20,TRUE
20201206,2020-12-06,2020,4,Q4,12,December,Dec,49,6,0,6A20,TRUE
20201207,2020-12-07,2020,4,Q4,12,December,Dec,50,7,1,7A20,FALSE
20201208,2020-12-08,2020,4,Q4,12,December,Dec,50,8,2,8A20,FALSE
20201209,2020-12-09,2020,4,Q4,12,December,Dec,50,9,3,9A20,FALSE
20201210,2020-12-10,2020,4,Q4,12,December,Dec,50,10,4,10A20,FALSE
20201211,2020-12-11,2020,4,Q4,12,December,Dec,50,11,5,11A20,FALSE
20201212,2020-12-12,2020,4,Q4,12,December,Dec,50,12,6,12A20,TRUE
20201213,2020-12-13,2020,4,Q4,12,December,Dec,50,13,0,13A20,TRUE
20201214,2020-12-14,2020,4,Q4,12,December,Dec,51,14,1,14A20,FALSE
20201215,2020-12-15,2020,4,Q4,12,December,Dec,51,15,2,15A20,FALSE
20201216,2020-12-16,2020,4,Q4,12,December,Dec,51,16,3,16A20,FALSE
20201217,2020-12-17,2020,4,Q4,12,December,Dec,51,17,4,17A20,FALSE
20201218,2020-12-18,2020,4,Q4,12,December,Dec,51,18,5,18A20,FALSE
20201219,2020-12-19,2020,4,Q4,12,December,Dec,51,19,6,19A20,TRUE
20201220,2020-12-20,2020,4,Q4,12,December,Dec,51,20,0,20A20,TRUE
20201221,2020-12-21,2020,4,Q4,12,December,Dec,52,21,1,21A20,FALSE
20201222,2020-12-22,2020,4,Q4,12,December,Dec,52,22,2,22A20,FALSE
20201223,2020-12-23,2020,4,Q4,12,December,Dec,52,23,3,23A20,FALSE
20201224,2020-12-24,2020,4,Q4,12,December,Dec,52,24,4,24A20,FALSE
20201225,2020-12-25,2020,4,Q4,12,December,Dec,52,25,5,25A20,FALSE
20201226,2020-12-26,2020,4,Q4,12,December,Dec,52,26,6,26A20,TRUE
20201227,2020-12-27,2020,4,Q4,12,December,Dec,52,27,0,27A20,TRUE
20201228,2020-12-28,2020,4,Q4,12,December,Dec,53,28,1,28A20,FALSE
20201229,2020-12-29,2020,4,Q4,12,December,Dec,53,29,2,29A20,FALSE
20201230,2020-12-30,2020,4,Q4,12,December,Dec,53,30,3,30A20,FALSE
20201231,2020-12-31,2020,4,Q4,12,December,Dec,53,31,4,31A20,FALSE
20210101,2021-01-01,2021,1,Q1,1,January,Jan,53,1,5,1A21,FALSE
20210102,2021-01-02,2021,1,Q1,1,January,Jan,53,2,6,2A21,TRUE
20210103,2021-01-03,2021,1,Q1,1,January,Jan,53,3,0,3A21,TRUE
20210104,2021-01-04,2021,1,Q1,1,January,Jan,1,4,1,4A21,FALSE
20210105,2021-01-05,2021,1,Q1,1,January,Jan,1,5,2,5A21,FALSE
20210106,2021-01-06,2021,1,Q1,1,January,Jan,1,6,3,6A21,FALSE
20210107,2021-01-07,2021,1,Q1,1,January,Jan,1,7,4,7A21,FALSE
20210108,2021-01-08,2021,1,Q1,1,January,Jan,1,8,5,8A21,FALSE
20210109,2021-01-09,2021,1,Q1,1,January,Jan,1,9,6,9A21,TRUE
20210110,2021-01-10,2021,1,Q1,1,January,Jan,1,10,0,10A21,TRUE
20210111,2021-01-11,2021,1,Q1,1,January,Jan,2,11,1,11A21,FALSE
20210112,2021-01-12,2021,1,Q1,1,January,Jan,2,12,2,12A21,FALSE
20210113,2021-01-13,2021,1,Q1,1,January,Jan,2,13,3,13A21,FALSE
20210114,2021-01-14,2021,1,Q1,1,January,Jan,2,14,4,14A21,FALSE
20210115,2021-01-15,2021,1,Q1,1,January,Jan,2,15,5,15A21,FALSE
20210116,2021-01-16,2021,1,Q1,1,January,Jan,2,16,6,16A21,TRUE
20210117,2021-01-17,2021,1,Q1,1,January,Jan,2,17,0,17A21,TRUE
20210118,2021-01-18,2021,1,Q1,1,January,Jan,3,18,1,18A21,FALSE
20210119,2021-01-19,2021,1,Q1,1,January,Jan,3,19,2,19A21,FALSE
20210120,2021-01-20,2021,1,Q1,1,January,Jan,3,20,3,20A21,FALSE
20210121,2021-01-21,2021,1,Q1,1,January,Jan,3,21,4,21A21,FALSE
20210122,2021-01-22,2021,1,Q1,1,January,Jan,3,22,5,22A21,FALSE
20210123,2021-01-23,2021,1,Q1,1,January,Jan,3,23,6,23A21,TRUE
20210124,2021-01-24,2021,1,Q1,1,January,Jan,3,24,0,24A21,TRUE
20210125,2021-01-25,2021,1,Q1,1,January,Jan,4,25,1,25A21,FALSE
20210126,2021-01-26,2021,1,Q1,1,January,Jan,4,26,2,26A21,FALSE
20210127,2021-01-27,2021,1,Q1,1,January,Jan,4,27,3,27A21,FALSE
20210128,2021-01-28,2021,1,Q1,1,January,Jan,4,28,4,28A21,FALSE
20210129,2021-01-29,2021,1,Q1,1,January,Jan,4,29,5,29A21,FALSE
20210130,2021-01-30,2021,1,Q1,1,January,Jan,4,30,6,30A21,TRUE
20210131,2021-01-31,2021,1,Q1,1,January,Jan,4,31,0,31A21,TRUE
20210201,2021-02-01,2021,1,Q1,2,February,Feb,5,1,1,1A21,FALSE
20210202,2021-02-02,2021,1,Q1,2,February,Feb,5,2,2,2A21,FALSE
20210203,2021-02-03,2021,1,Q1,2,February,Feb,5,3,3,3A21,FALSE
20210204,2021-02-04,2021,1,Q1,2,February,Feb,5,4,4,4A21,FALSE
20210205,2021-02-05,2021,1,Q1,2,February,Feb,5,5,5,5A21,FALSE
20210206,2021-02-06,2021,1,Q1,2,February,Feb,5,6,6,6A21,TRUE
20210207,2021-02-07,2021,1,Q1,2,February,Feb,5,7,0,7A21,TRUE
20210208,2021-02-08,2021,1,Q1,2,February,Feb,6,8,1,8A21,FALSE
20210209,2021-02-09,2021,1,Q1,2,February,Feb,6,9,2,9A21,FALSE
20210210,2021-02-10,2021,1,Q1,2,February,Feb,6,10,3,10A21,FALSE
20210211,2021-02-11,2021,1,Q1,2,February,Feb,6,11,4,11A21,FALSE
20210212,2021-02-12,2021,1,Q1,2,February,Feb,6,12,5,12A21,FALSE
20210213,2021-02-13,2021,1,Q1,2,February,Feb,6,13,6,13A21,TRUE
20210214,2021-02-14,2021,1,Q1,2,February,Feb,6,14,0,14A21,TRUE
20210215,2021-02-15,2021,1,Q1,2,February,Feb,7,15,1,15A21,FALSE
20210216,2021-02-16,2021,1,Q1,2,February,Feb,7,16,2,16A21,FALSE
20210217,2021-02-17,2021,1,Q1,2,February,Feb,7,17,3,17A21,FALSE
20210218,2021-02-18,2021,1,Q1,2,February,Feb,7,18,4,18A21,FALSE
20210219,2021-02-19,2021,1,Q1,2,February,Feb,7,19,5,19A21,FALSE
20210220,2021-02-20,2021,1,Q1,2,February,Feb,7,20,6,20A21,TRUE
20210221,2021-02-21,2021,1,Q1,2,February,Feb,7,21,0,21A21,TRUE
20210222,2021-02-22,2021,1,Q1,2,February,Feb,8,22,1,22A21,FALSE
20210223,2021-02-23,2021,1,Q1,2,February,Feb,8,23,2,23A21,FALSE
20210224,2021-02-24,2021,1,Q1,2,February,Feb,8,24,3,24A21,FALSE
20210225,2021-02-25,2021,1,Q1,2,February,Feb,8,25,4,25A21,FALSE
20210226,2021-02-26,2021,1,Q1,2,February,Feb,8,26,5,26A21,FALSE
20210227,2021-02-27,2021,1,Q1,2,February,Feb,8,27,6,27A21,TRUE
20210228,2021-02-28,2021,1,Q1,2,February,Feb,8,28,0,28A21,TRUE
20210301,2021-03-01,2021,1,Q1,3,March,Mar,9,1,1,1A21,FALSE
20210302,2021-03-02,2021,1,Q1,3,March,Mar,9,2,2,2A21,FALSE
20210303,2021-03-03,2021,1,Q1,3,March,Mar,9,3,3,3A21,FALSE
20210304,2021-03-04,2021,1,Q1,3,March,Mar,9,4,4,4A21,FALSE
20210305,2021-03-05,2021,1,Q1,3,March,Mar,9,5,5,5A21,FALSE
20210306,2021-03-06,2021,1,Q1,3,March,Mar,9,6,6,6A21,TRUE
20210307,2021-03-07,2021,1,Q1,3,March,Mar,9,7,0,7A21,TRUE
20210308,2021-03-08,2021,1,Q1,3,March,Mar,10,8,1,8A21,FALSE
20210309,2021-03-09,2021,1,Q1,3,March,Mar,10,9,2,9A21,FALSE
20210310,2021-03-10,2021,1,Q1,3,March,Mar,10,10,3,10A21,FALSE
20210311,2021-03-11,2021,1,Q1,3,March,Mar,10,11,4,11A21,FALSE
20210312,2021-03-12,2021,1,Q1,3,March,Mar,10,12,5,12A21,FALSE
20210313,2021-03-13,2021,1,Q1,3,March,Mar,10,13,6,13A21,TRUE
20210314,2021-03-14,2021,1,Q1,3,March,Mar,10,14,0,14A21,TRUE
20210315,2021-03-15,2021,1,Q1,3,March,Mar,11,15,1,15A21,FALSE
20210316,2021-03-16,2021,1,Q1,3,March,Mar,11,16,2,16A21,FALSE
20210317,2021-03-17,2021,1,Q1,3,March,Mar,11,17,3,17A21,FALSE
20210318,2021-03-18,2021,1,Q1,3,March,Mar,11,18,4,18A21,FALSE
20210319,2021-03-19,2021,1,Q1,3,March,Mar,11,19,5,19A21,FALSE
20210320,2021-03-20,2021,1,Q1,3,March,Mar,11,20,6,20A21,TRUE
20210321,2021-03-21,2021,1,Q1,3,March,Mar,11,21,0,21A21,TRUE
20210322,2021-03-22,2021,1,Q1,3,March,Mar,12,22,1,22A21,FALSE
20210323,2021-03-23,2021,1,Q1,3,March,Mar,12,23,2,23A21,FALSE
20210324,2021-03-24,2021,1,Q1,3,March,Mar,12,24,3,24A21,FALSE
20210325,2021-03-25,2021,1,Q1,3,March,Mar,12,25,4,25A21,FALSE
20210326,2021-03-26,2021,1,Q1,3,March,Mar,12,26,5,26A21,FALSE
20210327,2021-03-27,2021,1,Q1,3,March,Mar,12,27,6,27A21,TRUE
20210328,2021-03-28,2021,1,Q1,3,March,Mar,12,28,0,28A21,TRUE
20210329,2021-03-29,2021,1,Q1,3,March,Mar,13,29,1,29A21,FALSE
20210330,2021-03-30,2021,1,Q1,3,March,Mar,13,30,2,30A21,FALSE
20210331,2021-03-31,2021,1,Q1,3,March,Mar,13,31,3,31A21,FALSE
20210401,2021-04-01,2021,2,Q2,4,April,Apr,13,1,4,1A21,FALSE
20210402,2021-04-02,2021,2,Q2,4,April,Apr,13,2,5,2A21,FALSE
20210403,2021-04-03,2021,2,Q2,4,April,Apr,13,3,6,3A21,TRUE
20210404,2021-04-04,2021,2,Q2,4,April,Apr,13,4,0,4A21,TRUE
20210405,2021-04-05,2021,2,Q2,4,April,Apr,14,5,1,5A21,FALSE
20210406,2021-04-06,2021,2,Q2,4,April,Apr,14,6,2,6A21,FALSE
20210407,2021-04-07,2021,2,Q2,4,April,Apr,14,7,3,7A21,FALSE
20210408,2021-04-08,2021,2,Q2,4,April,Apr,14,8,4,8A21,FALSE
20210409,2021-04-09,2021,2,Q2,4,April,Apr,14,9,5,9A21,FALSE
20210410,2021-04-10,2021,2,Q2,4,April,Apr,14,10,6,10A21,TRUE
20210411,2021-04-11,2021,2,Q2,4,April,Apr,14,11,0,11A21,TRUE
20210412,2021-04-12,2021,2,Q2,4,April,Apr,15,12,1,12A21,FALSE
20210413,2021-04-13,2021,2,Q2,4,April,Apr,15,13,2,13A21,FALSE
20210414,2021-04-14,2021,2,Q2,4,April,Apr,15,14,3,14A21,FALSE
20210415,2021-04-15,2021,2,Q2,4,April,Apr,15,15,4,15A21,FALSE
20210416,2021-04-16,2021,2,Q2,4,April,Apr,15,16,5,16A21,FALSE
20210417,2021-04-17,2021,2,Q2,4,April,Apr,15,17,6,17A21,TRUE
20210418,2021-04-18,2021,2,Q2,4,April,Apr,15,18,0,18A21,TRUE
20210419,2021-04-19,2021,2,Q2,4,April,Apr,16,19,1,19A21,FALSE
20210420,2021-04-20,2021,2,Q2,4,April,Apr,16,20,2,20A21,FALSE
20210421,2021-04-21,2021,2,Q2,4,April,Apr,16,21,3,21A21,FALSE
20210422,2021-04-22,2021,2,Q2,4,April,Apr,16,22,4,22A21,FALSE
20210423,2021-04-23,2021,2,Q2,4,April,Apr,16,23,5,23A21,FALSE
20210424,2021-04-24,2021,2,Q2,4,April,Apr,16,24,6,24A21,TRUE
20210425,2021-04-25,2021,2,Q2,4,April,Apr,16,25,0,25A21,TRUE
20210426,2021-04-26,2021,2,Q2,4,April,Apr,17,26,1,26A21,FALSE
20210427,2021-04-27,2021,2,Q2,4,April,Apr,17,27,2,27A21,FALSE
20210428,2021-04-28,2021,2,Q2,4,April,Apr,17,28,3,28A21,FALSE
20210429,2021-04-29,2021,2,Q2,4,April,Apr,17,29,4,29A21,FALSE
20210430,2021-04-30,2021,2,Q2,4,April,Apr,17,30,5,30A21,FALSE
20210501,2021-05-01,2021,2,Q2,5,May,May,17,1,6,1A21,TRUE
20210502,2021-05-02,2021,2,Q2,5,May,May,17,2,0,2A21,TRUE
20210503,2021-05-03,2021,2,Q2,5,May,May,18,3,1,3A21,FALSE
20210504,2021-05-04,2021,2,Q2,5,May,May,18,4,2,4A21,FALSE
20210505,2021-05-05,2021,2,Q2,5,May,May,18,5,3,5A21,FALSE
20210506,2021-05-06,2021,2,Q2,5,May,May,18,6,4,6A21,FALSE
20210507,2021-05-07,2021,2,Q2,5,May,May,18,7,5,7A21,FALSE
20210508,2021-05-08,2021,2,Q2,5,May,May,18,8,6,8A21,TRUE
20210509,2021-05-09,2021,2,Q2,5,May,May,18,9,0,9A21,TRUE
20210510,2021-05-10,2021,2,Q2,5,May,May,19,10,1,10A21,FALSE
20210511,2021-05-11,2021,2,Q2,5,May,May,19,11,2,11A21,FALSE
20210512,2021-05-12,2021,2,Q2,5,May,May,19,12,3,12A21,FALSE
20210513,2021-05-13,2021,2,Q2,5,May,May,19,13,4,13A21,FALSE
20210514,2021-05-14,2021,2,Q2,5,May,May,19,14,5,14A21,FALSE
20210515,2021-05-15,2021,2,Q2,5,May,May,19,15,6,15A21,TRUE
20210516,2021-05-16,2021,2,Q2,5,May,May,19,16,0,16A21,TRUE
20210517,2021-05-17,2021,2,Q2,5,May,May,20,17,1,17A21,FALSE
20210518,2021-05-18,2021,2,Q2,5,May,May,20,18,2,18A21,FALSE
20210519,2021-05-19,2021,2,Q2,5,May,May,20,19,3,19A21,FALSE
20210520,2021-05-20,2021,2,Q2,5,May,May,20,20,4,20A21,FALSE
20210521,2021-05-21,2021,2,Q2,5,May,May,20,21,5,21A21,FALSE
20210522,2021-05-22,2021,2,Q2,5,May,May,20,22,6,22A21,TRUE
20210523,2021-05-23,2021,2,Q2,5,May,May,20,23,0,23A21,TRUE
20210524,2021-05-24,2021,2,Q2,5,May,May,21,24,1,24A21,FALSE
20210525,2021-05-25,2021,2,Q2,5,May,May,21,25,2,25A21,FALSE
20210526,2021-05-26,2021,2,Q2,5,May,May,21,26,3,26A21,FALSE
20210527,2021-05-27,2021,2,Q2,5,May,May,21,27,4,27A21,FALSE
20210528,2021-05-28,2021,2,Q2,5,May,May,21,28,5,28A21,FALSE
20210529,2021-05-29,2021,2,Q2,5,May,May,21,29,6,29A21,TRUE
20210530,2021-05-30,2021,2,Q2,5,May,May,21,30,0,30A21,TRUE
20210531,2021-05-31,2021,2,Q2,5,May,May,22,31,1,31A21,FALSE
20210601,2021-06-01,2021,2,Q2,6,June,Jun,22,1,2,1A21,FALSE
20210602,2021-06-02,2021,2,Q2,6,June,Jun,22,2,3,2A21,FALSE
20210603,2021-06-03,2021,2,Q2,6,June,Jun,22,3,4,3A21,FALSE
20210604,2021-06-04,2021,2,Q2,6,June,Jun,22,4,5,4A21,FALSE
20210605,2021-06-05,2021,2,Q2,6,June,Jun,22,5,6,5A21,TRUE
20210606,2021-06-06,2021,2,Q2,6,June,Jun,22,6,0,6A21,TRUE
20210607,2021-06-07,2021,2,Q2,6,June,Jun,23,7,1,7A21,FALSE
20210608,2021-06-08,2021,2,Q2,6,June,Jun,23,8,2,8A21,FALSE
20210609,2021-06-09,2021,2,Q2,6,June,Jun,23,9,3,9A21,FALSE
20210610,2021-06-10,2021,2,Q2,6,June,Jun,23,10,4,10A21,FALSE
20210611,2021-06-11,2021,2,Q2,6,June,Jun,23,11,5,11A21,FALSE
20210612,2021-06-12,2021,2,Q2,6,June,Jun,23,12,6,12A21,TRUE
20210613,2021-06-13,2021,2,Q2,6,June,Jun,23,13,0,13A21,TRUE
20210614,2021-06-14,2021,2,Q2,6,June,Jun,24,14,1,14A21,FALSE
20210615,2021-06-15,2021,2,Q2,6,June,Jun,24,15,2,15A21,FALSE
20210616,2021-06-16,2021,2,Q2,6,June,Jun,24,16,3,16A21,FALSE
20210617,2021-06-17,2021,2,Q2,6,June,Jun,24,17,4,17A21,FALSE
20210618,2021-06-18,2021,2,Q2,6,June,Jun,24,18,5,18A21,FALSE
20210619,2021-06-19,2021,2,Q2,6,June,Jun,24,19,6,19A21,TRUE
20210620,2021-06-20,2021,2,Q2,6,June,Jun,24,20,0,20A21,TRUE
20210621,2021-06-21,2021,2,Q2,6,June,Jun,25,21,1,21A21,FALSE
20210622,2021-06-22,2021,2,Q2,6,June,Jun,25,22,2,22A21,FALSE
20210623,2021-06-23,2021,2,Q2,6,June,Jun,25,23,3,23A21,FALSE
20210624,2021-06-24,2021,2,Q2,6,June,Jun,25,24,4,24A21,FALSE
20210625,2021-06-25,2021,2,Q2,6,June,Jun,25,25,5,25A21,FALSE
20210626,2021-06-26,2021,2,Q2,6,June,Jun,25,26,6,26A21,TRUE
20210627,2021-06-27,2021,2,Q2,6,June,Jun,25,27,0,27A21,TRUE
20210628,2021-06-28,2021,2,Q2,6,June,Jun,26,28,1,28A21,FALSE
20210629,2021-06-29,2021,2,Q2,6,June,Jun,26,29,2,29A21,FALSE
20210630,2021-06-30,2021,2,Q2,6,June,Jun,26,30,3,30A21,FALSE
20210701,2021-07-01,2021,3,Q3,7,July,Jul,26,1,4,1A21,FALSE
20210702,2021-07-02,2021,3,Q3,7,July,Jul,26,2,5,2A21,FALSE
20210703,2021-07-03,2021,3,Q3,7,July,Jul,26,3,6,3A21,TRUE
20210704,2021-07-04,2021,3,Q3,7,July,Jul,26,4,0,4A21,TRUE
20210705,2021-07-05,2021,3,Q3,7,July,Jul,27,5,1,5A21,FALSE
20210706,2021-07-06,2021,3,Q3,7,July,Jul,27,6,2,6A21,FALSE
20210707,2021-07-07,2021,3,Q3,7,July,Jul,27,7,3,7A21,FALSE
20210708,2021-07-08,2021,3,Q3,7,July,Jul,27,8,4,8A21,FALSE
20210709,2021-07-09,2021,3,Q3,7,July,Jul,27,9,5,9A21,FALSE
20210710,2021-07-10,2021,3,Q3,7,July,Jul,27,10,6,10A21,TRUE
20210711,2021-07-11,2021,3,Q3,7,July,Jul,27,11,0,11A21,TRUE
20210712,2021-07-12,2021,3,Q3,7,July,Jul,28,12,1,12A21,FALSE
20210713,2021-07-13,2021,3,Q3,7,July,Jul,28,13,2,13A21,FALSE
20210714,2021-07-14,2021,3,Q3,7,July,Jul,28,14,3,14A21,FALSE
20210715,2021-07-15,2021,3,Q3,7,July,Jul,28,15,4,15A21,FALSE
20210716,2021-07-16,2021,3,Q3,7,July,Jul,28,16,5,16A21,FALSE
20210717,2021-07-17,2021,3,Q3,7,July,Jul,28,17,6,17A21,TRUE
20210718,2021-07-18,2021,3,Q3,7,July,Jul,28,18,0,18A21,TRUE
20210719,2021-07-19,2021,3,Q3,7,July,Jul,29,19,1,19A21,FALSE
20210720,2021-07-20,2021,3,Q3,7,July,Jul,29,20,2,20A21,FALSE
20210721,2021-07-21,2021,3,Q3,7,July,Jul,29,21,3,21A21,FALSE
20210722,2021-07-22,2021,3,Q3,7,July,Jul,29,22,4,22A21,FALSE
20210723,2021-07-23,2021,3,Q3,7,July,Jul,29,23,5,23A21,FALSE
20210724,2021-07-24,2021,3,Q3,7,July,Jul,29,24,6,24A21,TRUE
20210725,2021-07-25,2021,3,Q3,7,July,Jul,29,25,0,25A21,TRUE
20210726,2021-07-26,2021,3,Q3,7,July,Jul,30,26,1,26A21,FALSE
20210727,2021-07-27,2021,3,Q3,7,July,Jul,30,27,2,27A21,FALSE
20210728,2021-07-28,2021,3,Q3,7,July,Jul,30,28,3,28A21,FALSE
20210729,2021-07-29,2021,3,Q3,7,July,Jul,30,29,4,29A21,FALSE
20210730,2021-07-30,2021,3,Q3,7,July,Jul,30,30,5,30A21,FALSE
20210731,2021-07-31,2021,3,Q3,7,July,Jul,30,31,6,31A21,TRUE
20210801,2021-08-01,2021,3,Q3,8,August,Aug,30,1,0,1A21,TRUE
20210802,2021-08-02,2021,3,Q3,8,August,Aug,31,2,1,2A21,FALSE
20210803,2021-08-03,2021,3,Q3,8,August,Aug,31,3,2,3A21,FALSE
20210804,2021-08-04,2021,3,Q3,8,August,Aug,31,4,3,4A21,FALSE
20210805,2021-08-05,2021,3,Q3,8,August,Aug,31,5,4,5A21,FALSE
20210806,2021-08-06,2021,3,Q3,8,August,Aug,31,6,5,6A21,FALSE
20210807,2021-08-07,2021,3,Q3,8,August,Aug,31,7,6,7A21,TRUE
20210808,2021-08-08,2021,3,Q3,8,August,Aug,31,8,0,8A21,TRUE
20210809,2021-08-09,2021,3,Q3,8,August,Aug,32,9,1,9A21,FALSE
20210810,2021-08-10,2021,3,Q3,8,August,Aug,32,10,2,10A21,FALSE
20210811,2021-08-11,2021,3,Q3,8,August,Aug,32,11,3,11A21,FALSE
20210812,2021-08-12,2021,3,Q3,8,August,Aug,32,12,4,12A21,FALSE
20210813,2021-08-13,2021,3,Q3,8,August,Aug,32,13,5,13A21,FALSE
20210814,2021-08-14,2021,3,Q3,8,August,Aug,32,14,6,14A21,TRUE
20210815,2021-08-15,2021,3,Q3,8,August,Aug,32,15,0,15A21,TRUE
20210816,2021-08-16,2021,3,Q3,8,August,Aug,33,16,1,16A21,FALSE
20210817,2021-08-17,2021,3,Q3,8,August,Aug,33,17,2,17A21,FALSE
20210818,2021-08-18,2021,3,Q3,8,August,Aug,33,18,3,18A21,FALSE
20210819,2021-08-19,2021,3,Q3,8,August,Aug,33,19,4,19A21,FALSE
20210820,2021-08-20,2021,3,Q3,8,August,Aug,33,20,5,20A21,FALSE
20210821,2021-08-21,2021,3,Q3,8,August,Aug,33,21,6,21A21,TRUE
20210822,2021-08-22,2021,3,Q3,8,August,Aug,33,22,0,22A21,TRUE
20210823,2021-08-23,2021,3,Q3,8,August,Aug,34,23,1,23A21,FALSE
20210824,2021-08-24,2021,3,Q3,8,August,Aug,34,24,2,24A21,FALSE
20210825,2021-08-25,2021,3,Q3,8,August,Aug,34,25,3,25A21,FALSE
20210826,2021-08-26,2021,3,Q3,8,August,Aug,34,26,4,26A21,FALSE
20210827,2021-08-27,2021,3,Q3,8,August,Aug,34,27,5,27A21,FALSE
20210828,2021-08-28,2021,3,Q3,8,August,Aug,34,28,6,28A21,TRUE
20210829,2021-08-29,2021,3,Q3,8,August,Aug,34,29,0,29A21,TRUE
20210830,2021-08-30,2021,3,Q3,8,August,Aug,35,30,1,30A21,FALSE
20210831,2021-08-31,2021,3,Q3,8,August,Aug,35,31,2,31A21,FALSE
20210901,2021-09-01,2021,3,Q3,9,September,Sep,35,1,3,1A21,FALSE
20210902,2021-09-02,2021,3,Q3,9,September,Sep,35,2,4,2A21,FALSE
20210903,2021-09-03,2021,3,Q3,9,September,Sep,35,3,5,3A21,FALSE
20210904,2021-09-04,2021,3,Q3,9,September,Sep,35,4,6,4A21,TRUE
20210905,2021-09-05,2021,3,Q3,9,September,Sep,35,5,0,5A21,TRUE
20210906,2021-09-06,2021,3,Q3,9,September,Sep,36,6,1,6A21,FALSE
20210907,2021-09-07,2021,3,Q3,9,September,Sep,36,7,2,7A21,FALSE
20210908,2021-09-08,2021,3,Q3,9,September,Sep,36,8,3,8A21,FALSE
20210909,2021-09-09,2021,3,Q3,9,September,Sep,36,9,4,9A21,FALSE
20210910,2021-09-10,2021,3,Q3,9,September,Sep,36,10,5,10A21,FALSE
20210911,2021-09-11,2021,3,Q3,9,September,Sep,36,11,6,11A21,TRUE
20210912,2021-09-12,2021,3,Q3,9,September,Sep,36,12,0,12A21,TRUE
20210913,2021-09-13,2021,3,Q3,9,September,Sep,37,13,1,13A21,FALSE
20210914,2021-09-14,2021,3,Q3,9,September,Sep,37,14,2,14A21,FALSE
20210915,2021-09-15,2021,3,Q3,9,September,Sep,37,15,3,15A21,FALSE
20210916,2021-09-16,2021,3,Q3,9,September,Sep,37,16,4,16A21,FALSE
20210917,2021-09-17,2021,3,Q3,9,September,Sep,37,17,5,17A21,FALSE
20210918,2021-09-18,2021,3,Q3,9,September,Sep,37,18,6,18A21,TRUE
20210919,2021-09-19,2021,3,Q3,9,September,Sep,37,19,0,19A21,TRUE
20210920,2021-09-20,2021,3,Q3,9,September,Sep,38,20,1,20A21,FALSE
20210921,2021-09-21,2021,3,Q3,9,September,Sep,38,21,2,21A21,FALSE
20210922,2021-09-22,2021,3,Q3,9,September,Sep,38,22,3,22A21,FALSE
20210923,2021-09-23,2021,3,Q3,9,September,Sep,38,23,4,23A21,FALSE
20210924,2021-09-24,2021,3,Q3,9,September,Sep,38,24,5,24A21,FALSE
20210925,2021-09-25,2021,3,Q3,9,September,Sep,38,25,6,25A21,TRUE
20210926,2021-09-26,2021,3,Q3,9,September,Sep,38,26,0,26A21,TRUE
20210927,2021-09-27,2021,3,Q3,9,September,Sep,39,27,1,27A21,FALSE
20210928,2021-09-28,2021,3,Q3,9,September,Sep,39,28,2,28A21,FALSE
20210929,2021-09-29,2021,3,Q3,9,September,Sep,39,29,3,29A21,FALSE
20210930,2021-09-30,2021,3,Q3,9,September,Sep,39,30,4,30A21,FALSE
20211001,2021-10-01,2021,4,Q4,10,October,Oct,39,1,5,1A21,FALSE
20211002,2021-10-02,2021,4,Q4,10,October,Oct,39,2,6,2A21,TRUE
20211003,2021-10-03,2021,4,Q4,10,October,Oct,39,3,0,3A21,TRUE
20211004,2021-10-04,2021,4,Q4,10,October,Oct,40,4,1,4A21,FALSE
20211005,2021-10-05,2021,4,Q4,10,October,Oct,40,5,2,5A21,FALSE
20211006,2021-10-06,2021,4,Q4,10,October,Oct,40,6,3,6A21,FALSE
20211007,2021-10-07,2021,4,Q4,10,October,Oct,40,7,4,7A21,FALSE
20211008,2021-10-08,2021,4,Q4,10,October,Oct,40,8,5,8A21,FALSE
20211009,2021-10-09,2021,4,Q4,10,October,Oct,40,9,6,9A21,TRUE
20211010,2021-10-10,2021,4,Q4,10,October,Oct,40,10,0,10A21,TRUE
20211011,2021-10-11,2021,4,Q4,10,October,Oct,41,11,1,11A21,FALSE
20211012,2021-10-12,2021,4,Q4,10,October,Oct,41,12,2,12A21,FALSE
20211013,2021-10-13,2021,4,Q4,10,October,Oct,41,13,3,13A21,FALSE
20211014,2021-10-14,2021,4,Q4,10,October,Oct,41,14,4,14A21,FALSE
20211015,2021-10-15,2021,4,Q4,10,October,Oct,41,15,5,15A21,FALSE
20211016,2021-10-16,2021,4,Q4,10,October,Oct,41,16,6,16A21,TRUE
20211017,2021-10-17,2021,4,Q4,10,October,Oct,41,17,0,17A21,TRUE
20211018,2021-10-18,2021,4,Q4,10,October,Oct,42,18,1,18A21,FALSE
20211019,2021-10-19,2021,4,Q4,10,October,Oct,42,19,2,19A21,FALSE
20211020,2021-10-20,2021,4,Q4,10,October,Oct,42,20,3,20A21,FALSE
20211021,2021-10-21,2021,4,Q4,10,October,Oct,42,21,4,21A21,FALSE
20211022,2021-10-22,2021,4,Q4,10,October,Oct,42,22,5,22A21,FALSE
20211023,2021-10-23,2021,4,Q4,10,October,Oct,42,23,6,23A21,TRUE
20211024,2021-10-24,2021,4,Q4,10,October,Oct,42,24,0,24A21,TRUE
20211025,2021-10-25,2021,4,Q4,10,October,Oct,43,25,1,25A21,FALSE
20211026,2021-10-26,2021,4,Q4,10,October,Oct,43,26,2,26A21,FALSE
20211027,2021-10-27,2021,4,Q4,10,October,Oct,43,27,3,27A21,FALSE
20211028,2021-10-28,2021,4,Q4,10,October,Oct,43,28,4,28A21,FALSE
20211029,2021-10-29,2021,4,Q4,10,October,Oct,43,29,5,29A21,FALSE
20211030,2021-10-30,2021,4,Q4,10,October,Oct,43,30,6,30A21,TRUE
20211031,2021-10-31,2021,4,Q4,10,October,Oct,43,31,0,31A21,TRUE
20211101,2021-11-01,2021,4,Q4,11,November,Nov,44,1,1,1A21,FALSE
20211102,2021-11-02,2021,4,Q4,11,November,Nov,44,2,2,2A21,FALSE
20211103,2021-11-03,2021,4,Q4,11,November,Nov,44,3,3,3A21,FALSE
20211104,2021-11-04,2021,4,Q4,11,November,Nov,44,4,4,4A21,FALSE
20211105,2021-11-05,2021,4,Q4,11,November,Nov,44,5,5,5A21,FALSE
20211106,2021-11-06,2021,4,Q4,11,November,Nov,44,6,6,6A21,TRUE
20211107,2021-11-07,2021,4,Q4,11,November,Nov,44,7,0,7A21,TRUE
20211108,2021-11-08,2021,4,Q4,11,November,Nov,45,8,1,8A21,FALSE
20211109,2021-11-09,2021,4,Q4,11,November,Nov,45,9,2,9A21,FALSE
20211110,2021-11-10,2021,4,Q4,11,November,Nov,45,10,3,10A21,FALSE
20211111,2021-11-11,2021,4,Q4,11,November,Nov,45,11,4,11A21,FALSE
20211112,2021-11-12,2021,4,Q4,11,November,Nov,45,12,5,12A21,FALSE
20211113,2021-11-13,2021,4,Q4,11,November,Nov,45,13,6,13A21,TRUE
20211114,2021-11-14,2021,4,Q4,11,November,Nov,45,14,0,14A21,TRUE
20211115,2021-11-15,2021,4,Q4,11,November,Nov,46,15,1,15A21,FALSE
20211116,2021-11-16,2021,4,Q4,11,November,Nov,46,16,2,16A21,FALSE
20211117,2021-11-17,2021,4,Q4,11,November,Nov,46,17,3,17A21,FALSE
20211118,2021-11-18,2021,4,Q4,11,November,Nov,46,18,4,18A21,FALSE
20211119,2021-11-19,2021,4,Q4,11,November,Nov,46,19,5,19A21,FALSE
20211120,2021-11-20,2021,4,Q4,11,November,Nov,46,20,6,20A21,TRUE
20211121,2021-11-21,2021,4,Q4,11,November,Nov,46,21,0,21A21,TRUE
20211122,2021-11-22,2021,4,Q4,11,November,Nov,47,22,1,22A21,FALSE
20211123,2021-11-23,2021,4,Q4,11,November,Nov,47,23,2,23A21,FALSE
20211124,2021-11-24,2021,4,Q4,11,November,Nov,47,24,3,24A21,FALSE
20211125,2021-11-25,2021,4,Q4,11,November,Nov,47,25,4,25A21,FALSE
20211126,2021-11-26,2021,4,Q4,11,November,Nov,47,26,5,26A21,FALSE
20211127,2021-11-27,2021,4,Q4,11,November,Nov,47,27,6,27A21,TRUE
20211128,2021-11-28,2021,4,Q4,11,November,Nov,47,28,0,28A21,TRUE
20211129,2021-11-29,2021,4,Q4,11,November,Nov,48,29,1,29A21,FALSE
20211130,2021-11-30,2021,4,Q4,11,November,Nov,48,30,2,30A21,FALSE
20211201,2021-12-01,2021,4,Q4,12,December,Dec,48,1,3,1A21,FALSE
20211202,2021-12-02,2021,4,Q4,12,December,Dec,48,2,4,2A21,FALSE
20211203,2021-12-03,2021,4,Q4,12,December,Dec,48,3,5,3A21,FALSE
20211204,2021-12-04,2021,4,Q4,12,December,Dec,48,4,6,4A21,TRUE
20211205,2021-12-05,2021,4,Q4,12,December,Dec,48,5,0,5A21,TRUE
20211206,2021-12-06,2021,4,Q4,12,December,Dec,49,6,1,6A21,FALSE
20211207,2021-12-07,2021,4,Q4,12,December,Dec,49,7,2,7A21,FALSE
20211208,2021-12-08,2021,4,Q4,12,December,Dec,49,8,3,8A21,FALSE
20211209,2021-12-09,2021,4,Q4,12,December,Dec,49,9,4,9A21,FALSE
20211210,2021-12-10,2021,4,Q4,12,December,Dec,49,10,5,10A21,FALSE
20211211,2021-12-11,2021,4,Q4,12,December,Dec,49,11,6,11A21,TRUE
20211212,2021-12-12,2021,4,Q4,12,December,Dec,49,12,0,12A21,TRUE
20211213,2021-12-13,2021,4,Q4,12,December,Dec,50,13,1,13A21,FALSE
20211214,2021-12-14,2021,4,Q4,12,December,Dec,50,14,2,14A21,FALSE
20211215,2021-12-15,2021,4,Q4,12,December,Dec,50,15,3,15A21,FALSE
20211216,2021-12-16,2021,4,Q4,12,December,Dec,50,16,4,16A21,FALSE
20211217,2021-12-17,2021,4,Q4,12,December,Dec,50,17,5,17A21,FALSE
20211218,2021-12-18,2021,4,Q4,12,December,Dec,50,18,6,18A21,TRUE
20211219,2021-12-19,2021,4,Q4,12,December,Dec,50,19,0,19A21,TRUE
20211220,2021-12-20,2021,4,Q4,12,December,Dec,51,20,1,20A21,FALSE
20211221,2021-12-21,2021,4,Q4,12,December,Dec,51,21,2,21A21,FALSE
20211222,2021-12-22,2021,4,Q4,12,December,Dec,51,22,3,22A21,FALSE
20211223,2021-12-23,2021,4,Q4,12,December,Dec,51,23,4,23A21,FALSE
20211224,2021-12-24,2021,4,Q4,12,December,Dec,51,24,5,24A21,FALSE
20211225,2021-12-25,2021,4,Q4,12,December,Dec,51,25,6,25A21,TRUE
20211226,2021-12-26,2021,4,Q4,12,December,Dec,51,26,0,26A21,TRUE
20211227,2021-12-27,2021,4,Q4,12,December,Dec,52,27,1,27A21,FALSE
20211228,2021-12-28,2021,4,Q4,12,December,Dec,52,28,2,28A21,FALSE
20211229,2021-12-29,2021,4,Q4,12,December,Dec,52,29,3,29A21,FALSE
20211230,2021-12-30,2021,4,Q4,12,December,Dec,52,30,4,30A21,FALSE
20211231,2021-12-31,2021,4,Q4,12,December,Dec,52,31,5,31A21,FALSE
20220101,2022-01-01,2022,1,Q1,1,January,Jan,52,1,6,1A22,TRUE
20220102,2022-01-02,2022,1,Q1,1,January,Jan,52,2,0,2A22,TRUE
20220103,2022-01-03,2022,1,Q1,1,January,Jan,1,3,1,3A22,FALSE
20220104,2022-01-04,2022,1,Q1,1,January,Jan,1,4,2,4A22,FALSE
20220105,2022-01-05,2022,1,Q1,1,January,Jan,1,5,3,5A22,FALSE
20220106,2022-01-06,2022,1,Q1,1,January,Jan,1,6,4,6A22,FALSE
20220107,2022-01-07,2022,1,Q1,1,January,Jan,1,7,5,7A22,FALSE
20220108,2022-01-08,2022,1,Q1,1,January,Jan,1,8,6,8A22,TRUE
20220109,2022-01-09,2022,1,Q1,1,January,Jan,1,9,0,9A22,TRUE
20220110,2022-01-10,2022,1,Q1,1,January,Jan,2,10,1,10A22,FALSE
20220111,2022-01-11,2022,1,Q1,1,January,Jan,2,11,2,11A22,FALSE
20220112,2022-01-12,2022,1,Q1,1,January,Jan,2,12,3,12A22,FALSE
20220113,2022-01-13,2022,1,Q1,1,January,Jan,2,13,4,13A22,FALSE
20220114,2022-01-14,2022,1,Q1,1,January,Jan,2,14,5,14A22,FALSE
20220115,2022-01-15,2022,1,Q1,1,January,Jan,2,15,6,15A22,TRUE
20220116,2022-01-16,2022,1,Q1,1,January,Jan,2,16,0,16A22,TRUE
20220117,2022-01-17,2022,1,Q1,1,January,Jan,3,17,1,17A22,FALSE
20220118,2022-01-18,2022,1,Q1,1,January,Jan,3,18,2,18A22,FALSE
20220119,2022-01-19,2022,1,Q1,1,January,Jan,3,19,3,19A22,FALSE
20220120,2022-01-20,2022,1,Q1,1,January,Jan,3,20,4,20A22,FALSE
20220121,2022-01-21,2022,1,Q1,1,January,Jan,3,21,5,21A22,FALSE
20220122,2022-01-22,2022,1,Q1,1,January,Jan,3,22,6,22A22,TRUE
20220123,2022-01-23,2022,1,Q1,1,January,Jan,3,23,0,23A22,TRUE
20220124,2022-01-24,2022,1,Q1,1,January,Jan,4,24,1,24A22,FALSE
20220125,2022-01-25,2022,1,Q1,1,January,Jan,4,25,2,25A22,FALSE
20220126,2022-01-26,2022,1,Q1,1,January,Jan,4,26,3,26A22,FALSE
20220127,2022-01-27,2022,1,Q1,1,January,Jan,4,27,4,27A22,FALSE
20220128,2022-01-28,2022,1,Q1,1,January,Jan,4,28,5,28A22,FALSE
20220129,2022-01-29,2022,1,Q1,1,January,Jan,4,29,6,29A22,TRUE
20220130,2022-01-30,2022,1,Q1,1,January,Jan,4,30,0,30A22,TRUE
20220131,2022-01-31,2022,1,Q1,1,January,Jan,5,31,1,31A22,FALSE
20220201,2022-02-01,2022,1,Q1,2,February,Feb,5,1,2,1A22,FALSE
20220202,2022-02-02,2022,1,Q1,2,February,Feb,5,2,3,2A22,FALSE
20220203,2022-02-03,2022,1,Q1,2,February,Feb,5,3,4,3A22,FALSE
20220204,2022-02-04,2022,1,Q1,2,February,Feb,5,4,5,4A22,FALSE
20220205,2022-02-05,2022,1,Q1,2,February,Feb,5,5,6,5A22,TRUE
20220206,2022-02-06,2022,1,Q1,2,February,Feb,5,6,0,6A22,TRUE
20220207,2022-02-07,2022,1,Q1,2,February,Feb,6,7,1,7A22,FALSE
20220208,2022-02-08,2022,1,Q1,2,February,Feb,6,8,2,8A22,FALSE
20220209,2022-02-09,2022,1,Q1,2,February,Feb,6,9,3,9A22,FALSE
20220210,2022-02-10,2022,1,Q1,2,February,Feb,6,10,4,10A22,FALSE
20220211,2022-02-11,2022,1,Q1,2,February,Feb,6,11,5,11A22,FALSE
20220212,2022-02-12,2022,1,Q1,2,February,Feb,6,12,6,12A22,TRUE
20220213,2022-02-13,2022,1,Q1,2,February,Feb,6,13,0,13A22,TRUE
20220214,2022-02-14,2022,1,Q1,2,February,Feb,7,14,1,14A22,FALSE
20220215,2022-02-15,2022,1,Q1,2,February,Feb,7,15,2,15A22,FALSE
20220216,2022-02-16,2022,1,Q1,2,February,Feb,7,16,3,16A22,FALSE
20220217,2022-02-17,2022,1,Q1,2,February,Feb,7,17,4,17A22,FALSE
20220218,2022-02-18,2022,1,Q1,2,February,Feb,7,18,5,18A22,FALSE
20220219,2022-02-19,2022,1,Q1,2,February,Feb,7,19,6,19A22,TRUE
20220220,2022-02-20,2022,1,Q1,2,February,Feb,7,20,0,20A22,TRUE
20220221,2022-02-21,2022,1,Q1,2,February,Feb,8,21,1,21A22,FALSE
20220222,2022-02-22,2022,1,Q1,2,February,Feb,8,22,2,22A22,FALSE
20220223,2022-02-23,2022,1,Q1,2,February,Feb,8,23,3,23A22,FALSE
20220224,2022-02-24,2022,1,Q1,2,February,Feb,8,24,4,24A22,FALSE
20220225,2022-02-25,2022,1,Q1,2,February,Feb,8,25,5,25A22,FALSE
20220226,2022-02-26,2022,1,Q1,2,February,Feb,8,26,6,26A22,TRUE
20220227,2022-02-27,2022,1,Q1,2,February,Feb,8,27,0,27A22,TRUE
20220228,2022-02-28,2022,1,Q1,2,February,Feb,9,28,1,28A22,FALSE
20220301,2022-03-01,2022,1,Q1,3,March,Mar,9,1,2,1A22,FALSE
20220302,2022-03-02,2022,1,Q1,3,March,Mar,9,2,3,2A22,FALSE
20220303,2022-03-03,2022,1,Q1,3,March,Mar,9,3,4,3A22,FALSE
20220304,2022-03-04,2022,1,Q1,3,March,Mar,9,4,5,4A22,FALSE
20220305,2022-03-05,2022,1,Q1,3,March,Mar,9,5,6,5A22,TRUE
20220306,2022-03-06,2022,1,Q1,3,March,Mar,9,6,0,6A22,TRUE
20220307,2022-03-07,2022,1,Q1,3,March,Mar,10,7,1,7A22,FALSE
20220308,2022-03-08,2022,1,Q1,3,March,Mar,10,8,2,8A22,FALSE
20220309,2022-03-09,2022,1,Q1,3,March,Mar,10,9,3,9A22,FALSE
20220310,2022-03-10,2022,1,Q1,3,March,Mar,10,10,4,10A22,FALSE
20220311,2022-03-11,2022,1,Q1,3,March,Mar,10,11,5,11A22,FALSE
20220312,2022-03-12,2022,1,Q1,3,March,Mar,10,12,6,12A22,TRUE
20220313,2022-03-13,2022,1,Q1,3,March,Mar,10,13,0,13A22,TRUE
20220314,2022-03-14,2022,1,Q1,3,March,Mar,11,14,1,14A22,FALSE
20220315,2022-03-15,2022,1,Q1,3,March,Mar,11,15,2,15A22,FALSE
20220316,2022-03-16,2022,1,Q1,3,March,Mar,11,16,3,16A22,FALSE
20220317,2022-03-17,2022,1,Q1,3,March,Mar,11,17,4,17A22,FALSE
20220318,2022-03-18,2022,1,Q1,3,March,Mar,11,18,5,18A22,FALSE
20220319,2022-03-19,2022,1,Q1,3,March,Mar,11,19,6,19A22,TRUE
20220320,2022-03-20,2022,1,Q1,3,March,Mar,11,20,0,20A22,TRUE
20220321,2022-03-21,2022,1,Q1,3,March,Mar,12,21,1,21A22,FALSE
20220322,2022-03-22,2022,1,Q1,3,March,Mar,12,22,2,22A22,FALSE
20220323,2022-03-23,2022,1,Q1,3,March,Mar,12,23,3,23A22,FALSE
20220324,2022-03-24,2022,1,Q1,3,March,Mar,12,24,4,24A22,FALSE
20220325,2022-03-25,2022,1,Q1,3,March,Mar,12,25,5,25A22,FALSE
20220326,2022-03-26,2022,1,Q1,3,March,Mar,12,26,6,26A22,TRUE
20220327,2022-03-27,2022,1,Q1,3,March,Mar,12,27,0,27A22,TRUE
20220328,2022-03-28,2022,1,Q1,3,March,Mar,13,28,1,28A22,FALSE
20220329,2022-03-29,2022,1,Q1,3,March,Mar,13,29,2,29A22,FALSE
20220330,2022-03-30,2022,1,Q1,3,March,Mar,13,30,3,30A22,FALSE
20220331,2022-03-31,2022,1,Q1,3,March,Mar,13,31,4,31A22,FALSE
20220401,2022-04-01,2022,2,Q2,4,April,Apr,13,1,5,1A22,FALSE
20220402,2022-04-02,2022,2,Q2,4,April,Apr,13,2,6,2A22,TRUE
20220403,2022-04-03,2022,2,Q2,4,April,Apr,13,3,0,3A22,TRUE
20220404,2022-04-04,2022,2,Q2,4,April,Apr,14,4,1,4A22,FALSE
20220405,2022-04-05,2022,2,Q2,4,April,Apr,14,5,2,5A22,FALSE
20220406,2022-04-06,2022,2,Q2,4,April,Apr,14,6,3,6A22,FALSE
20220407,2022-04-07,2022,2,Q2,4,April,Apr,14,7,4,7A22,FALSE
20220408,2022-04-08,2022,2,Q2,4,April,Apr,14,8,5,8A22,FALSE
20220409,2022-04-09,2022,2,Q2,4,April,Apr,14,9,6,9A22,TRUE
20220410,2022-04-10,2022,2,Q2,4,April,Apr,14,10,0,10A22,TRUE
20220411,2022-04-11,2022,2,Q2,4,April,Apr,15,11,1,11A22,FALSE
20220412,2022-04-12,2022,2,Q2,4,April,Apr,15,12,2,12A22,FALSE
20220413,2022-04-13,2022,2,Q2,4,April,Apr,15,13,3,13A22,FALSE
20220414,2022-04-14,2022,2,Q2,4,April,Apr,15,14,4,14A22,FALSE
20220415,2022-04-15,2022,2,Q2,4,April,Apr,15,15,5,15A22,FALSE
20220416,2022-04-16,2022,2,Q2,4,April,Apr,15,16,6,16A22,TRUE
20220417,2022-04-17,2022,2,Q2,4,April,Apr,15,17,0,17A22,TRUE
20220418,2022-04-18,2022,2,Q2,4,April,Apr,16,18,1,18A22,FALSE
20220419,2022-04-19,2022,2,Q2,4,April,Apr,16,19,2,19A22,FALSE
20220420,2022-04-20,2022,2,Q2,4,April,Apr,16,20,3,20A22,FALSE
20220421,2022-04-21,2022,2,Q2,4,April,Apr,16,21,4,21A22,FALSE
20220422,2022-04-22,2022,2,Q2,4,April,Apr,16,22,5,22A22,FALSE
20220423,2022-04-23,2022,2,Q2,4,April,Apr,16,23,6,23A22,TRUE
20220424,2022-04-24,2022,2,Q2,4,April,Apr,16,24,0,24A22,TRUE
20220425,2022-04-25,2022,2,Q2,4,April,Apr,17,25,1,25A22,FALSE
20220426,2022-04-26,2022,2,Q2,4,April,Apr,17,26,2,26A22,FALSE
20220427,2022-04-27,2022,2,Q2,4,April,Apr,17,27,3,27A22,FALSE
20220428,2022-04-28,2022,2,Q2,4,April,Apr,17,28,4,28A22,FALSE
20220429,2022-04-29,2022,2,Q2,4,April,Apr,17,29,5,29A22,FALSE
20220430,2022-04-30,2022,2,Q2,4,April,Apr,17,30,6,30A22,TRUE
20220501,2022-05-01,2022,2,Q2,5,May,May,17,1,0,1A22,TRUE
20220502,2022-05-02,2022,2,Q2,5,May,May,18,2,1,2A22,FALSE
20220503,2022-05-03,2022,2,Q2,5,May,May,18,3,2,3A22,FALSE
20220504,2022-05-04,2022,2,Q2,5,May,May,18,4,3,4A22,FALSE
20220505,2022-05-05,2022,2,Q2,5,May,May,18,5,4,5A22,FALSE
20220506,2022-05-06,2022,2,Q2,5,May,May,18,6,5,6A22,FALSE
20220507,2022-05-07,2022,2,Q2,5,May,May,18,7,6,7A22,TRUE
20220508,2022-05-08,2022,2,Q2,5,May,May,18,8,0,8A22,TRUE
20220509,2022-05-09,2022,2,Q2,5,May,May,19,9,1,9A22,FALSE
20220510,2022-05-10,2022,2,Q2,5,May,May,19,10,2,10A22,FALSE
20220511,2022-05-11,2022,2,Q2,5,May,May,19,11,3,11A22,FALSE
20220512,2022-05-12,2022,2,Q2,5,May,May,19,12,4,12A22,FALSE
20220513,2022-05-13,2022,2,Q2,5,May,May,19,13,5,13A22,FALSE
20220514,2022-05-14,2022,2,Q2,5,May,May,19,14,6,14A22,TRUE
20220515,2022-05-15,2022,2,Q2,5,May,May,19,15,0,15A22,TRUE
20220516,2022-05-16,2022,2,Q2,5,May,May,20,16,1,16A22,FALSE
20220517,2022-05-17,2022,2,Q2,5,May,May,20,17,2,17A22,FALSE
20220518,2022-05-18,2022,2,Q2,5,May,May,20,18,3,18A22,FALSE
20220519,2022-05-19,2022,2,Q2,5,May,May,20,19,4,19A22,FALSE
20220520,2022-05-20,2022,2,Q2,5,May,May,20,20,5,20A22,FALSE
20220521,2022-05-21,2022,2,Q2,5,May,May,20,21,6,21A22,TRUE
20220522,2022-05-22,2022,2,Q2,5,May,May,20,22,0,22A22,TRUE
20220523,2022-05-23,2022,2,Q2,5,May,May,21,23,1,23A22,FALSE
20220524,2022-05-24,2022,2,Q2,5,May,May,21,24,2,24A22,FALSE
20220525,2022-05-25,2022,2,Q2,5,May,May,21,25,3,25A22,FALSE
20220526,2022-05-26,2022,2,Q2,5,May,May,21,26,4,26A22,FALSE
20220527,2022-05-27,2022,2,Q2,5,May,May,21,27,5,27A22,FALSE
20220528,2022-05-28,2022,2,Q2,5,May,May,21,28,6,28A22,TRUE
20220529,2022-05-29,2022,2,Q2,5,May,May,21,29,0,29A22,TRUE
20220530,2022-05-30,2022,2,Q2,5,May,May,22,30,1,30A22,FALSE
20220531,2022-05-31,2022,2,Q2,5,May,May,22,31,2,31A22,FALSE
20220601,2022-06-01,2022,2,Q2,6,June,Jun,22,1,3,1A22,FALSE
20220602,2022-06-02,2022,2,Q2,6,June,Jun,22,2,4,2A22,FALSE
20220603,2022-06-03,2022,2,Q2,6,June,Jun,22,3,5,3A22,FALSE
20220604,2022-06-04,2022,2,Q2,6,June,Jun,22,4,6,4A22,TRUE
20220605,2022-06-05,2022,2,Q2,6,June,Jun,22,5,0,5A22,TRUE
20220606,2022-06-06,2022,2,Q2,6,June,Jun,23,6,1,6A22,FALSE
20220607,2022-06-07,2022,2,Q2,6,June,Jun,23,7,2,7A22,FALSE
20220608,2022-06-08,2022,2,Q2,6,June,Jun,23,8,3,8A22,FALSE
20220609,2022-06-09,2022,2,Q2,6,June,Jun,23,9,4,9A22,FALSE
20220610,2022-06-10,2022,2,Q2,6,June,Jun,23,10,5,10A22,FALSE
20220611,2022-06-11,2022,2,Q2,6,June,Jun,23,11,6,11A22,TRUE
20220612,2022-06-12,2022,2,Q2,6,June,Jun,23,12,0,12A22,TRUE
20220613,2022-06-13,2022,2,Q2,6,June,Jun,24,13,1,13A22,FALSE
20220614,2022-06-14,2022,2,Q2,6,June,Jun,24,14,2,14A22,FALSE
20220615,2022-06-15,2022,2,Q2,6,June,Jun,24,15,3,15A22,FALSE
20220616,2022-06-16,2022,2,Q2,6,June,Jun,24,16,4,16A22,FALSE
20220617,2022-06-17,2022,2,Q2,6,June,Jun,24,17,5,17A22,FALSE
20220618,2022-06-18,2022,2,Q2,6,June,Jun,24,18,6,18A22,TRUE
20220619,2022-06-19,2022,2,Q2,6,June,Jun,24,19,0,19A22,TRUE
20220620,2022-06-20,2022,2,Q2,6,June,Jun,25,20,1,20A22,FALSE
20220621,2022-06-21,2022,2,Q2,6,June,Jun,25,21,2,21A22,FALSE
20220622,2022-06-22,2022,2,Q2,6,June,Jun,25,22,3,22A22,FALSE
20220623,2022-06-23,2022,2,Q2,6,June,Jun,25,23,4,23A22,FALSE
20220624,2022-06-24,2022,2,Q2,6,June,Jun,25,24,5,24A22,FALSE
20220625,2022-06-25,2022,2,Q2,6,June,Jun,25,25,6,25A22,TRUE
20220626,2022-06-26,2022,2,Q2,6,June,Jun,25,26,0,26A22,TRUE
20220627,2022-06-27,2022,2,Q2,6,June,Jun,26,27,1,27A22,FALSE
20220628,2022-06-28,2022,2,Q2,6,June,Jun,26,28,2,28A22,FALSE
20220629,2022-06-29,2022,2,Q2,6,June,Jun,26,29,3,29A22,FALSE
20220630,2022-06-30,2022,2,Q2,6,June,Jun,26,30,4,30A22,FALSE
20220701,2022-07-01,2022,3,Q3,7,July,Jul,26,1,5,1A22,FALSE
20220702,2022-07-02,2022,3,Q3,7,July,Jul,26,2,6,2A22,TRUE
20220703,2022-07-03,2022,3,Q3,7,July,Jul,26,3,0,3A22,TRUE
20220704,2022-07-04,2022,3,Q3,7,July,Jul,27,4,1,4A22,FALSE
20220705,2022-07-05,2022,3,Q3,7,July,Jul,27,5,2,5A22,FALSE
20220706,2022-07-06,2022,3,Q3,7,July,Jul,27,6,3,6A22,FALSE
20220707,2022-07-07,2022,3,Q3,7,July,Jul,27,7,4,7A22,FALSE
20220708,2022-07-08,2022,3,Q3,7,July,Jul,27,8,5,8A22,FALSE
20220709,2022-07-09,2022,3,Q3,7,July,Jul,27,9,6,9A22,TRUE
20220710,2022-07-10,2022,3,Q3,7,July,Jul,27,10,0,10A22,TRUE
20220711,2022-07-11,2022,3,Q3,7,July,Jul,28,11,1,11A22,FALSE
20220712,2022-07-12,2022,3,Q3,7,July,Jul,28,12,2,12A22,FALSE
20220713,2022-07-13,2022,3,Q3,7,July,Jul,28,13,3,13A22,FALSE
20220714,2022-07-14,2022,3,Q3,7,July,Jul,28,14,4,14A22,FALSE
20220715,2022-07-15,2022,3,Q3,7,July,Jul,28,15,5,15A22,FALSE
20220716,2022-07-16,2022,3,Q3,7,July,Jul,28,16,6,16A22,TRUE
20220717,2022-07-17,2022,3,Q3,7,July,Jul,28,17,0,17A22,TRUE
20220718,2022-07-18,2022,3,Q3,7,July,Jul,29,18,1,18A22,FALSE
20220719,2022-07-19,2022,3,Q3,7,July,Jul,29,19,2,19A22,FALSE
20220720,2022-07-20,2022,3,Q3,7,July,Jul,29,20,3,20A22,FALSE
20220721,2022-07-21,2022,3,Q3,7,July,Jul,29,21,4,21A22,FALSE
20220722,2022-07-22,2022,3,Q3,7,July,Jul,29,22,5,22A22,FALSE
20220723,2022-07-23,2022,3,Q3,7,July,Jul,29,23,6,23A22,TRUE
20220724,2022-07-24,2022,3,Q3,7,July,Jul,29,24,0,24A22,TRUE
20220725,2022-07-25,2022,3,Q3,7,July,Jul,30,25,1,25A22,FALSE
20220726,2022-07-26,2022,3,Q3,7,July,Jul,30,26,2,26A22,FALSE
20220727,2022-07-27,2022,3,Q3,7,July,Jul,30,27,3,27A22,FALSE
20220728,2022-07-28,2022,3,Q3,7,July,Jul,30,28,4,28A22,FALSE
20220729,2022-07-29,2022,3,Q3,7,July,Jul,30,29,5,29A22,FALSE
20220730,2022-07-30,2022,3,Q3,7,July,Jul,30,30,6,30A22,TRUE
20220731,2022-07-31,2022,3,Q3,7,July,Jul,30,31,0,31A22,TRUE
20220801,2022-08-01,2022,3,Q3,8,August,Aug,31,1,1,1A22,FALSE
20220802,2022-08-02,2022,3,Q3,8,August,Aug,31,2,2,2A22,FALSE
20220803,2022-08-03,2022,3,Q3,8,August,Aug,31,3,3,3A22,FALSE
20220804,2022-08-04,2022,3,Q3,8,August,Aug,31,4,4,4A22,FALSE
20220805,2022-08-05,2022,3,Q3,8,August,Aug,31,5,5,5A22,FALSE
20220806,2022-08-06,2022,3,Q3,8,August,Aug,31,6,6,6A22,TRUE
20220807,2022-08-07,2022,3,Q3,8,August,Aug,31,7,0,7A22,TRUE
20220808,2022-08-08,2022,3,Q3,8,August,Aug,32,8,1,8A22,FALSE
20220809,2022-08-09,2022,3,Q3,8,August,Aug,32,9,2,9A22,FALSE
20220810,2022-08-10,2022,3,Q3,8,August,Aug,32,10,3,10A22,FALSE
20220811,2022-08-11,2022,3,Q3,8,August,Aug,32,11,4,11A22,FALSE
20220812,2022-08-12,2022,3,Q3,8,August,Aug,32,12,5,12A22,FALSE
20220813,2022-08-13,2022,3,Q3,8,August,Aug,32,13,6,13A22,TRUE
20220814,2022-08-14,2022,3,Q3,8,August,Aug,32,14,0,14A22,TRUE
20220815,2022-08-15,2022,3,Q3,8,August,Aug,33,15,1,15A22,FALSE
20220816,2022-08-16,2022,3,Q3,8,August,Aug,33,16,2,16A22,FALSE
20220817,2022-08-17,2022,3,Q3,8,August,Aug,33,17,3,17A22,FALSE
20220818,2022-08-18,2022,3,Q3,8,August,Aug,33,18,4,18A22,FALSE
20220819,2022-08-19,2022,3,Q3,8,August,Aug,33,19,5,19A22,FALSE
20220820,2022-08-20,2022,3,Q3,8,August,Aug,33,20,6,20A22,TRUE
20220821,2022-08-21,2022,3,Q3,8,August,Aug,33,21,0,21A22,TRUE
20220822,2022-08-22,2022,3,Q3,8,August,Aug,34,22,1,22A22,FALSE
20220823,2022-08-23,2022,3,Q3,8,August,Aug,34,23,2,23A22,FALSE
20220824,2022-08-24,2022,3,Q3,8,August,Aug,34,24,3,24A22,FALSE
20220825,2022-08-25,2022,3,Q3,8,August,Aug,34,25,4,25A22,FALSE
20220826,2022-08-26,2022,3,Q3,8,August,Aug,34,26,5,26A22,FALSE
20220827,2022-08-27,2022,3,Q3,8,August,Aug,34,27,6,27A22,TRUE
20220828,2022-08-28,2022,3,Q3,8,August,Aug,34,28,0,28A22,TRUE
20220829,2022-08-29,2022,3,Q3,8,August,Aug,35,29,1,29A22,FALSE
20220830,2022-08-30,2022,3,Q3,8,August,Aug,35,30,2,30A22,FALSE
20220831,2022-08-31,2022,3,Q3,8,August,Aug,35,31,3,31A22,FALSE
20220901,2022-09-01,2022,3,Q3,9,September,Sep,35,1,4,1A22,FALSE
20220902,2022-09-02,2022,3,Q3,9,September,Sep,35,2,5,2A22,FALSE
20220903,2022-09-03,2022,3,Q3,9,September,Sep,35,3,6,3A22,TRUE
20220904,2022-09-04,2022,3,Q3,9,September,Sep,35,4,0,4A22,TRUE
20220905,2022-09-05,2022,3,Q3,9,September,Sep,36,5,1,5A22,FALSE
20220906,2022-09-06,2022,3,Q3,9,September,Sep,36,6,2,6A22,FALSE
20220907,2022-09-07,2022,3,Q3,9,September,Sep,36,7,3,7A22,FALSE
20220908,2022-09-08,2022,3,Q3,9,September,Sep,36,8,4,8A22,FALSE
20220909,2022-09-09,2022,3,Q3,9,September,Sep,36,9,5,9A22,FALSE
20220910,2022-09-10,2022,3,Q3,9,September,Sep,36,10,6,10A22,TRUE
20220911,2022-09-11,2022,3,Q3,9,September,Sep,36,11,0,11A22,TRUE
20220912,2022-09-12,2022,3,Q3,9,September,Sep,37,12,1,12A22,FALSE
20220913,2022-09-13,2022,3,Q3,9,September,Sep,37,13,2,13A22,FALSE
20220914,2022-09-14,2022,3,Q3,9,September,Sep,37,14,3,14A22,FALSE
20220915,2022-09-15,2022,3,Q3,9,September,Sep,37,15,4,15A22,FALSE
20220916,2022-09-16,2022,3,Q3,9,September,Sep,37,16,5,16A22,FALSE
20220917,2022-09-17,2022,3,Q3,9,September,Sep,37,17,6,17A22,TRUE
20220918,2022-09-18,2022,3,Q3,9,September,Sep,37,18,0,18A22,TRUE
20220919,2022-09-19,2022,3,Q3,9,September,Sep,38,19,1,19A22,FALSE
20220920,2022-09-20,2022,3,Q3,9,September,Sep,38,20,2,20A22,FALSE
20220921,2022-09-21,2022,3,Q3,9,September,Sep,38,21,3,21A22,FALSE
20220922,2022-09-22,2022,3,Q3,9,September,Sep,38,22,4,22A22,FALSE
20220923,2022-09-23,2022,3,Q3,9,September,Sep,38,23,5,23A22,FALSE
20220924,2022-09-24,2022,3,Q3,9,September,Sep,38,24,6,24A22,TRUE
20220925,2022-09-25,2022,3,Q3,9,September,Sep,38,25,0,25A22,TRUE
20220926,2022-09-26,2022,3,Q3,9,September,Sep,39,26,1,26A22,FALSE
20220927,2022-09-27,2022,3,Q3,9,September,Sep,39,27,2,27A22,FALSE
20220928,2022-09-28,2022,3,Q3,9,September,Sep,39,28,3,28A22,FALSE
20220929,2022-09-29,2022,3,Q3,9,September,Sep,39,29,4,29A22,FALSE
20220930,2022-09-30,2022,3,Q3,9,September,Sep,39,30,5,30A22,FALSE
20221001,2022-10-01,2022,4,Q4,10,October,Oct,39,1,6,1A22,TRUE
20221002,2022-10-02,2022,4,Q4,10,October,Oct,39,2,0,2A22,TRUE
20221003,2022-10-03,2022,4,Q4,10,October,Oct,40,3,1,3A22,FALSE
20221004,2022-10-04,2022,4,Q4,10,October,Oct,40,4,2,4A22,FALSE
20221005,2022-10-05,2022,4,Q4,10,October,Oct,40,5,3,5A22,FALSE
20221006,2022-10-06,2022,4,Q4,10,October,Oct,40,6,4,6A22,FALSE
20221007,2022-10-07,2022,4,Q4,10,October,Oct,40,7,5,7A22,FALSE
20221008,2022-10-08,2022,4,Q4,10,October,Oct,40,8,6,8A22,TRUE
20221009,2022-10-09,2022,4,Q4,10,October,Oct,40,9,0,9A22,TRUE
20221010,2022-10-10,2022,4,Q4,10,October,Oct,41,10,1,10A22,FALSE
20221011,2022-10-11,2022,4,Q4,10,October,Oct,41,11,2,11A22,FALSE
20221012,2022-10-12,2022,4,Q4,10,October,Oct,41,12,3,12A22,FALSE
20221013,2022-10-13,2022,4,Q4,10,October,Oct,41,13,4,13A22,FALSE
20221014,2022-10-14,2022,4,Q4,10,October,Oct,41,14,5,14A22,FALSE
20221015,2022-10-15,2022,4,Q4,10,October,Oct,41,15,6,15A22,TRUE
20221016,2022-10-16,2022,4,Q4,10,October,Oct,41,16,0,16A22,TRUE
20221017,2022-10-17,2022,4,Q4,10,October,Oct,42,17,1,17A22,FALSE
20221018,2022-10-18,2022,4,Q4,10,October,Oct,42,18,2,18A22,FALSE
20221019,2022-10-19,2022,4,Q4,10,October,Oct,42,19,3,19A22,FALSE
20221020,2022-10-20,2022,4,Q4,10,October,Oct,42,20,4,20A22,FALSE
20221021,2022-10-21,2022,4,Q4,10,October,Oct,42,21,5,21A22,FALSE
20221022,2022-10-22,2022,4,Q4,10,October,Oct,42,22,6,22A22,TRUE
20221023,2022-10-23,2022,4,Q4,10,October,Oct,42,23,0,23A22,TRUE
20221024,2022-10-24,2022,4,Q4,10,October,Oct,43,24,1,24A22,FALSE
20221025,2022-10-25,2022,4,Q4,10,October,Oct,43,25,2,25A22,FALSE
20221026,2022-10-26,2022,4,Q4,10,October,Oct,43,26,3,26A22,FALSE
20221027,2022-10-27,2022,4,Q4,10,October,Oct,43,27,4,27A22,FALSE
20221028,2022-10-28,2022,4,Q4,10,October,Oct,43,28,5,28A22,FALSE
20221029,2022-10-29,2022,4,Q4,10,October,Oct,43,29,6,29A22,TRUE
20221030,2022-10-30,2022,4,Q4,10,October,Oct,43,30,0,30A22,TRUE
20221031,2022-10-31,2022,4,Q4,10,October,Oct,44,31,1,31A22,FALSE
20221101,2022-11-01,2022,4,Q4,11,November,Nov,44,1,2,1A22,FALSE
20221102,2022-11-02,2022,4,Q4,11,November,Nov,44,2,3,2A22,FALSE
20221103,2022-11-03,2022,4,Q4,11,November,Nov,44,3,4,3A22,FALSE
20221104,2022-11-04,2022,4,Q4,11,November,Nov,44,4,5,4A22,FALSE
20221105,2022-11-05,2022,4,Q4,11,November,Nov,44,5,6,5A22,TRUE
20221106,2022-11-06,2022,4,Q4,11,November,Nov,44,6,0,6A22,TRUE
20221107,2022-11-07,2022,4,Q4,11,November,Nov,45,7,1,7A22,FALSE
20221108,2022-11-08,2022,4,Q4,11,November,Nov,45,8,2,8A22,FALSE
20221109,2022-11-09,2022,4,Q4,11,November,Nov,45,9,3,9A22,FALSE
20221110,2022-11-10,2022,4,Q4,11,November,Nov,45,10,4,10A22,FALSE
20221111,2022-11-11,2022,4,Q4,11,November,Nov,45,11,5,11A22,FALSE
20221112,2022-11-12,2022,4,Q4,11,November,Nov,45,12,6,12A22,TRUE
20221113,2022-11-13,2022,4,Q4,11,November,Nov,45,13,0,13A22,TRUE
20221114,2022-11-14,2022,4,Q4,11,November,Nov,46,14,1,14A22,FALSE
20221115,2022-11-15,2022,4,Q4,11,November,Nov,46,15,2,15A22,FALSE
20221116,2022-11-16,2022,4,Q4,11,November,Nov,46,16,3,16A22,FALSE
20221117,2022-11-17,2022,4,Q4,11,November,Nov,46,17,4,17A22,FALSE
20221118,2022-11-18,2022,4,Q4,11,November,Nov,46,18,5,18A22,FALSE
20221119,2022-11-19,2022,4,Q4,11,November,Nov,46,19,6,19A22,TRUE
20221120,2022-11-20,2022,4,Q4,11,November,Nov,46,20,0,20A22,TRUE
20221121,2022-11-21,2022,4,Q4,11,November,Nov,47,21,1,21A22,FALSE
20221122,2022-11-22,2022,4,Q4,11,November,Nov,47,22,2,22A22,FALSE
20221123,2022-11-23,2022,4,Q4,11,November,Nov,47,23,3,23A22,FALSE
20221124,2022-11-24,2022,4,Q4,11,November,Nov,47,24,4,24A22,FALSE
20221125,2022-11-25,2022,4,Q4,11,November,Nov,47,25,5,25A22,FALSE
20221126,2022-11-26,2022,4,Q4,11,November,Nov,47,26,6,26A22,TRUE
20221127,2022-11-27,2022,4,Q4,11,November,Nov,47,27,0,27A22,TRUE
20221128,2022-11-28,2022,4,Q4,11,November,Nov,48,28,1,28A22,FALSE
20221129,2022-11-29,2022,4,Q4,11,November,Nov,48,29,2,29A22,FALSE
20221130,2022-11-30,2022,4,Q4,11,November,Nov,48,30,3,30A22,FALSE
20221201,2022-12-01,2022,4,Q4,12,December,Dec,48,1,4,1A22,FALSE
20221202,2022-12-02,2022,4,Q4,12,December,Dec,48,2,5,2A22,FALSE
20221203,2022-12-03,2022,4,Q4,12,December,Dec,48,3,6,3A22,TRUE
20221204,2022-12-04,2022,4,Q4,12,December,Dec,48,4,0,4A22,TRUE
20221205,2022-12-05,2022,4,Q4,12,December,Dec,49,5,1,5A22,FALSE
20221206,2022-12-06,2022,4,Q4,12,December,Dec,49,6,2,6A22,FALSE
20221207,2022-12-07,2022,4,Q4,12,December,Dec,49,7,3,7A22,FALSE
20221208,2022-12-08,2022,4,Q4,12,December,Dec,49,8,4,8A22,FALSE
20221209,2022-12-09,2022,4,Q4,12,December,Dec,49,9,5,9A22,FALSE
20221210,2022-12-10,2022,4,Q4,12,December,Dec,49,10,6,10A22,TRUE
20221211,2022-12-11,2022,4,Q4,12,December,Dec,49,11,0,11A22,TRUE
20221212,2022-12-12,2022,4,Q4,12,December,Dec,50,12,1,12A22,FALSE
20221213,2022-12-13,2022,4,Q4,12,December,Dec,50,13,2,13A22,FALSE
20221214,2022-12-14,2022,4,Q4,12,December,Dec,50,14,3,14A22,FALSE
20221215,2022-12-15,2022,4,Q4,12,December,Dec,50,15,4,15A22,FALSE
20221216,2022-12-16,2022,4,Q4,12,December,Dec,50,16,5,16A22,FALSE
20221217,2022-12-17,2022,4,Q4,12,December,Dec,50,17,6,17A22,TRUE
20221218,2022-12-18,2022,4,Q4,12,December,Dec,50,18,0,18A22,TRUE
20221219,2022-12-19,2022,4,Q4,12,December,Dec,51,19,1,19A22,FALSE
20221220,2022-12-20,2022,4,Q4,12,December,Dec,51,20,2,20A22,FALSE
20221221,2022-12-21,2022,4,Q4,12,December,Dec,51,21,3,21A22,FALSE
20221222,2022-12-22,2022,4,Q4,12,December,Dec,51,22,4,22A22,FALSE
20221223,2022-12-23,2022,4,Q4,12,December,Dec,51,23,5,23A22,FALSE
20221224,2022-12-24,2022,4,Q4,12,December,Dec,51,24,6,24A22,TRUE
20221225,2022-12-25,2022,4,Q4,12,December,Dec,51,25,0,25A22,TRUE
20221226,2022-12-26,2022,4,Q4,12,December,Dec,52,26,1,26A22,FALSE
20221227,2022-12-27,2022,4,Q4,12,December,Dec,52,27,2,27A22,FALSE
20221228,2022-12-28,2022,4,Q4,12,December,Dec,52,28,3,28A22,FALSE
20221229,2022-12-29,2022,4,Q4,12,December,Dec,52,29,4,29A22,FALSE
20221230,2022-12-30,2022,4,Q4,12,December,Dec,52,30,5,30A22,FALSE
20221231,2022-12-31,2022,4,Q4,12,December,Dec,52,31,6,31A22,TRUE
20230101,2023-01-01,2023,1,Q1,1,January,Jan,52,1,0,1A23,TRUE
20230102,2023-01-02,2023,1,Q1,1,January,Jan,1,2,1,2A23,FALSE
20230103,2023-01-03,2023,1,Q1,1,January,Jan,1,3,2,3A23,FALSE
20230104,2023-01-04,2023,1,Q1,1,January,Jan,1,4,3,4A23,FALSE
20230105,2023-01-05,2023,1,Q1,1,January,Jan,1,5,4,5A23,FALSE
20230106,2023-01-06,2023,1,Q1,1,January,Jan,1,6,5,6A23,FALSE
20230107,2023-01-07,2023,1,Q1,1,January,Jan,1,7,6,7A23,TRUE
20230108,2023-01-08,2023,1,Q1,1,January,Jan,1,8,0,8A23,TRUE
20230109,2023-01-09,2023,1,Q1,1,January,Jan,2,9,1,9A23,FALSE
20230110,2023-01-10,2023,1,Q1,1,January,Jan,2,10,2,10A23,FALSE
20230111,2023-01-11,2023,1,Q1,1,January,Jan,2,11,3,11A23,FALSE
20230112,2023-01-12,2023,1,Q1,1,January,Jan,2,12,4,12A23,FALSE
20230113,2023-01-13,2023,1,Q1,1,January,Jan,2,13,5,13A23,FALSE
20230114,2023-01-14,2023,1,Q1,1,January,Jan,2,14,6,14A23,TRUE
20230115,2023-01-15,2023,1,Q1,1,January,Jan,2,15,0,15A23,TRUE
20230116,2023-01-16,2023,1,Q1,1,January,Jan,3,16,1,16A23,FALSE
20230117,2023-01-17,2023,1,Q1,1,January,Jan,3,17,2,17A23,FALSE
20230118,2023-01-18,2023,1,Q1,1,January,Jan,3,18,3,18A23,FALSE
20230119,2023-01-19,2023,1,Q1,1,January,Jan,3,19,4,19A23,FALSE
20230120,2023-01-20,2023,1,Q1,1,January,Jan,3,20,5,20A23,FALSE
20230121,2023-01-21,2023,1,Q1,1,January,Jan,3,21,6,21A23,TRUE
20230122,2023-01-22,2023,1,Q1,1,January,Jan,3,22,0,22A23,TRUE
20230123,2023-01-23,2023,1,Q1,1,January,Jan,4,23,1,23A23,FALSE
20230124,2023-01-24,2023,1,Q1,1,January,Jan,4,24,2,24A23,FALSE
20230125,2023-01-25,2023,1,Q1,1,January,Jan,4,25,3,25A23,FALSE
20230126,2023-01-26,2023,1,Q1,1,January,Jan,4,26,4,26A23,FALSE
20230127,2023-01-27,2023,1,Q1,1,January,Jan,4,27,5,27A23,FALSE
20230128,2023-01-28,2023,1,Q1,1,January,Jan,4,28,6,28A23,TRUE
20230129,2023-01-29,2023,1,Q1,1,January,Jan,4,29,0,29A23,TRUE
20230130,2023-01-30,2023,1,Q1,1,January,Jan,5,30,1,30A23,FALSE
20230131,2023-01-31,2023,1,Q1,1,January,Jan,5,31,2,31A23,FALSE
20230201,2023-02-01,2023,1,Q1,2,February,Feb,5,1,3,1A23,FALSE
20230202,2023-02-02,2023,1,Q1,2,February,Feb,5,2,4,2A23,FALSE
20230203,2023-02-03,2023,1,Q1,2,February,Feb,5,3,5,3A23,FALSE
20230204,2023-02-04,2023,1,Q1,2,February,Feb,5,4,6,4A23,TRUE
20230205,2023-02-05,2023,1,Q1,2,February,Feb,5,5,0,5A23,TRUE
20230206,2023-02-06,2023,1,Q1,2,February,Feb,6,6,1,6A23,FALSE
20230207,2023-02-07,2023,1,Q1,2,February,Feb,6,7,2,7A23,FALSE
20230208,2023-02-08,2023,1,Q1,2,February,Feb,6,8,3,8A23,FALSE
20230209,2023-02-09,2023,1,Q1,2,February,Feb,6,9,4,9A23,FALSE
20230210,2023-02-10,2023,1,Q1,2,February,Feb,6,10,5,10A23,FALSE
20230211,2023-02-11,2023,1,Q1,2,February,Feb,6,11,6,11A23,TRUE
20230212,2023-02-12,2023,1,Q1,2,February,Feb,6,12,0,12A23,TRUE
20230213,2023-02-13,2023,1,Q1,2,February,Feb,7,13,1,13A23,FALSE
20230214,2023-02-14,2023,1,Q1,2,February,Feb,7,14,2,14A23,FALSE
20230215,2023-02-15,2023,1,Q1,2,February,Feb,7,15,3,15A23,FALSE
20230216,2023-02-16,2023,1,Q1,2,February,Feb,7,16,4,16A23,FALSE
20230217,2023-02-17,2023,1,Q1,2,February,Feb,7,17,5,17A23,FALSE
20230218,2023-02-18,2023,1,Q1,2,February,Feb,7,18,6,18A23,TRUE
20230219,2023-02-19,2023,1,Q1,2,February,Feb,7,19,0,19A23,TRUE
20230220,2023-02-20,2023,1,Q1,2,February,Feb,8,20,1,20A23,FALSE
20230221,2023-02-21,2023,1,Q1,2,February,Feb,8,21,2,21A23,FALSE
20230222,2023-02-22,2023,1,Q1,2,February,Feb,8,22,3,22A23,FALSE
20230223,2023-02-23,2023,1,Q1,2,February,Feb,8,23,4,23A23,FALSE
20230224,2023-02-24,2023,1,Q1,2,February,Feb,8,24,5,24A23,FALSE
20230225,2023-02-25,2023,1,Q1,2,February,Feb,8,25,6,25A23,TRUE
20230226,2023-02-26,2023,1,Q1,2,February,Feb,8,26,0,26A23,TRUE
20230227,2023-02-27,2023,1,Q1,2,February,Feb,9,27,1,27A23,FALSE
20230228,2023-02-28,2023,1,Q1,2,February,Feb,9,28,2,28A23,FALSE
20230301,2023-03-01,2023,1,Q1,3,March,Mar,9,1,3,1A23,FALSE
20230302,2023-03-02,2023,1,Q1,3,March,Mar,9,2,4,2A23,FALSE
20230303,2023-03-03,2023,1,Q1,3,March,Mar,9,3,5,3A23,FALSE
20230304,2023-03-04,2023,1,Q1,3,March,Mar,9,4,6,4A23,TRUE
20230305,2023-03-05,2023,1,Q1,3,March,Mar,9,5,0,5A23,TRUE
20230306,2023-03-06,2023,1,Q1,3,March,Mar,10,6,1,6A23,FALSE
20230307,2023-03-07,2023,1,Q1,3,March,Mar,10,7,2,7A23,FALSE
20230308,2023-03-08,2023,1,Q1,3,March,Mar,10,8,3,8A23,FALSE
20230309,2023-03-09,2023,1,Q1,3,March,Mar,10,9,4,9A23,FALSE
20230310,2023-03-10,2023,1,Q1,3,March,Mar,10,10,5,10A23,FALSE
20230311,2023-03-11,2023,1,Q1,3,March,Mar,10,11,6,11A23,TRUE
20230312,2023-03-12,2023,1,Q1,3,March,Mar,10,12,0,12A23,TRUE
20230313,2023-03-13,2023,1,Q1,3,March,Mar,11,13,1,13A23,FALSE
20230314,2023-03-14,2023,1,Q1,3,March,Mar,11,14,2,14A23,FALSE
20230315,2023-03-15,2023,1,Q1,3,March,Mar,11,15,3,15A23,FALSE
20230316,2023-03-16,2023,1,Q1,3,March,Mar,11,16,4,16A23,FALSE
20230317,2023-03-17,2023,1,Q1,3,March,Mar,11,17,5,17A23,FALSE
20230318,2023-03-18,2023,1,Q1,3,March,Mar,11,18,6,18A23,TRUE
20230319,2023-03-19,2023,1,Q1,3,March,Mar,11,19,0,19A23,TRUE
20230320,2023-03-20,2023,1,Q1,3,March,Mar,12,20,1,20A23,FALSE
20230321,2023-03-21,2023,1,Q1,3,March,Mar,12,21,2,21A23,FALSE
20230322,2023-03-22,2023,1,Q1,3,March,Mar,12,22,3,22A23,FALSE
20230323,2023-03-23,2023,1,Q1,3,March,Mar,12,23,4,23A23,FALSE
20230324,2023-03-24,2023,1,Q1,3,March,Mar,12,24,5,24A23,FALSE
20230325,2023-03-25,2023,1,Q1,3,March,Mar,12,25,6,25A23,TRUE
20230326,2023-03-26,2023,1,Q1,3,March,Mar,12,26,0,26A23,TRUE
20230327,2023-03-27,2023,1,Q1,3,March,Mar,13,27,1,27A23,FALSE
20230328,2023-03-28,2023,1,Q1,3,March,Mar,13,28,2,28A23,FALSE
20230329,2023-03-29,2023,1,Q1,3,March,Mar,13,29,3,29A23,FALSE
20230330,2023-03-30,2023,1,Q1,3,March,Mar,13,30,4,30A23,FALSE
20230331,2023-03-31,2023,1,Q1,3,March,Mar,13,31,5,31A23,FALSE
20230401,2023-04-01,2023,2,Q2,4,April,Apr,13,1,6,1A23,TRUE
20230402,2023-04-02,2023,2,Q2,4,April,Apr,13,2,0,2A23,TRUE
20230403,2023-04-03,2023,2,Q2,4,April,Apr,14,3,1,3A23,FALSE
20230404,2023-04-04,2023,2,Q2,4,April,Apr,14,4,2,4A23,FALSE
20230405,2023-04-05,2023,2,Q2,4,April,Apr,14,5,3,5A23,FALSE
20230406,2023-04-06,2023,2,Q2,4,April,Apr,14,6,4,6A23,FALSE
20230407,2023-04-07,2023,2,Q2,4,April,Apr,14,7,5,7A23,FALSE
20230408,2023-04-08,2023,2,Q2,4,April,Apr,14,8,6,8A23,TRUE
20230409,2023-04-09,2023,2,Q2,4,April,Apr,14,9,0,9A23,TRUE
20230410,2023-04-10,2023,2,Q2,4,April,Apr,15,10,1,10A23,FALSE
20230411,2023-04-11,2023,2,Q2,4,April,Apr,15,11,2,11A23,FALSE
20230412,2023-04-12,2023,2,Q2,4,April,Apr,15,12,3,12A23,FALSE
20230413,2023-04-13,2023,2,Q2,4,April,Apr,15,13,4,13A23,FALSE
20230414,2023-04-14,2023,2,Q2,4,April,Apr,15,14,5,14A23,FALSE
20230415,2023-04-15,2023,2,Q2,4,April,Apr,15,15,6,15A23,TRUE
20230416,2023-04-16,2023,2,Q2,4,April,Apr,15,16,0,16A23,TRUE
20230417,2023-04-17,2023,2,Q2,4,April,Apr,16,17,1,17A23,FALSE
20230418,2023-04-18,2023,2,Q2,4,April,Apr,16,18,2,18A23,FALSE
20230419,2023-04-19,2023,2,Q2,4,April,Apr,16,19,3,19A23,FALSE
20230420,2023-04-20,2023,2,Q2,4,April,Apr,16,20,4,20A23,FALSE
20230421,2023-04-21,2023,2,Q2,4,April,Apr,16,21,5,21A23,FALSE
20230422,2023-04-22,2023,2,Q2,4,April,Apr,16,22,6,22A23,TRUE
20230423,2023-04-23,2023,2,Q2,4,April,Apr,16,23,0,23A23,TRUE
20230424,2023-04-24,2023,2,Q2,4,April,Apr,17,24,1,24A23,FALSE
20230425,2023-04-25,2023,2,Q2,4,April,Apr,17,25,2,25A23,FALSE
20230426,2023-04-26,2023,2,Q2,4,April,Apr,17,26,3,26A23,FALSE
20230427,2023-04-27,2023,2,Q2,4,April,Apr,17,27,4,27A23,FALSE
20230428,2023-04-28,2023,2,Q2,4,April,Apr,17,28,5,28A23,FALSE
20230429,2023-04-29,2023,2,Q2,4,April,Apr,17,29,6,29A23,TRUE
20230430,2023-04-30,2023,2,Q2,4,April,Apr,17,30,0,30A23,TRUE
20230501,2023-05-01,2023,2,Q2,5,May,May,18,1,1,1A23,FALSE
20230502,2023-05-02,2023,2,Q2,5,May,May,18,2,2,2A23,FALSE
20230503,2023-05-03,2023,2,Q2,5,May,May,18,3,3,3A23,FALSE
20230504,2023-05-04,2023,2,Q2,5,May,May,18,4,4,4A23,FALSE
20230505,2023-05-05,2023,2,Q2,5,May,May,18,5,5,5A23,FALSE
20230506,2023-05-06,2023,2,Q2,5,May,May,18,6,6,6A23,TRUE
20230507,2023-05-07,2023,2,Q2,5,May,May,18,7,0,7A23,TRUE
20230508,2023-05-08,2023,2,Q2,5,May,May,19,8,1,8A23,FALSE
20230509,2023-05-09,2023,2,Q2,5,May,May,19,9,2,9A23,FALSE
20230510,2023-05-10,2023,2,Q2,5,May,May,19,10,3,10A23,FALSE
20230511,2023-05-11,2023,2,Q2,5,May,May,19,11,4,11A23,FALSE
20230512,2023-05-12,2023,2,Q2,5,May,May,19,12,5,12A23,FALSE
20230513,2023-05-13,2023,2,Q2,5,May,May,19,13,6,13A23,TRUE
20230514,2023-05-14,2023,2,Q2,5,May,May,19,14,0,14A23,TRUE
20230515,2023-05-15,2023,2,Q2,5,May,May,20,15,1,15A23,FALSE
20230516,2023-05-16,2023,2,Q2,5,May,May,20,16,2,16A23,FALSE
20230517,2023-05-17,2023,2,Q2,5,May,May,20,17,3,17A23,FALSE
20230518,2023-05-18,2023,2,Q2,5,May,May,20,18,4,18A23,FALSE
20230519,2023-05-19,2023,2,Q2,5,May,May,20,19,5,19A23,FALSE
20230520,2023-05-20,2023,2,Q2,5,May,May,20,20,6,20A23,TRUE
20230521,2023-05-21,2023,2,Q2,5,May,May,20,21,0,21A23,TRUE
20230522,2023-05-22,2023,2,Q2,5,May,May,21,22,1,22A23,FALSE
20230523,2023-05-23,2023,2,Q2,5,May,May,21,23,2,23A23,FALSE
20230524,2023-05-24,2023,2,Q2,5,May,May,21,24,3,24A23,FALSE
20230525,2023-05-25,2023,2,Q2,5,May,May,21,25,4,25A23,FALSE
20230526,2023-05-26,2023,2,Q2,5,May,May,21,26,5,26A23,FALSE
20230527,2023-05-27,2023,2,Q2,5,May,May,21,27,6,27A23,TRUE
20230528,2023-05-28,2023,2,Q2,5,May,May,21,28,0,28A23,TRUE
20230529,2023-05-29,2023,2,Q2,5,May,May,22,29,1,29A23,FALSE
20230530,2023-05-30,2023,2,Q2,5,May,May,22,30,2,30A23,FALSE
20230531,2023-05-31,2023,2,Q2,5,May,May,22,31,3,31A23,FALSE
20230601,2023-06-01,2023,2,Q2,6,June,Jun,22,1,4,1A23,FALSE
20230602,2023-06-02,2023,2,Q2,6,June,Jun,22,2,5,2A23,FALSE
20230603,2023-06-03,2023,2,Q2,6,June,Jun,22,3,6,3A23,TRUE
20230604,2023-06-04,2023,2,Q2,6,June,Jun,22,4,0,4A23,TRUE
20230605,2023-06-05,2023,2,Q2,6,June,Jun,23,5,1,5A23,FALSE
20230606,2023-06-06,2023,2,Q2,6,June,Jun,23,6,2,6A23,FALSE
20230607,2023-06-07,2023,2,Q2,6,June,Jun,23,7,3,7A23,FALSE
20230608,2023-06-08,2023,2,Q2,6,June,Jun,23,8,4,8A23,FALSE
20230609,2023-06-09,2023,2,Q2,6,June,Jun,23,9,5,9A23,FALSE
20230610,2023-06-10,2023,2,Q2,6,June,Jun,23,10,6,10A23,TRUE
20230611,2023-06-11,2023,2,Q2,6,June,Jun,23,11,0,11A23,TRUE
20230612,2023-06-12,2023,2,Q2,6,June,Jun,24,12,1,12A23,FALSE
20230613,2023-06-13,2023,2,Q2,6,June,Jun,24,13,2,13A23,FALSE
20230614,2023-06-14,2023,2,Q2,6,June,Jun,24,14,3,14A23,FALSE
20230615,2023-06-15,2023,2,Q2,6,June,Jun,24,15,4,15A23,FALSE
20230616,2023-06-16,2023,2,Q2,6,June,Jun,24,16,5,16A23,FALSE
20230617,2023-06-17,2023,2,Q2,6,June,Jun,24,17,6,17A23,TRUE
20230618,2023-06-18,2023,2,Q2,6,June,Jun,24,18,0,18A23,TRUE
20230619,2023-06-19,2023,2,Q2,6,June,Jun,25,19,1,19A23,FALSE
20230620,2023-06-20,2023,2,Q2,6,June,Jun,25,20,2,20A23,FALSE
20230621,2023-06-21,2023,2,Q2,6,June,Jun,25,21,3,21A23,FALSE
20230622,2023-06-22,2023,2,Q2,6,June,Jun,25,22,4,22A23,FALSE
20230623,2023-06-23,2023,2,Q2,6,June,Jun,25,23,5,23A23,FALSE
20230624,2023-06-24,2023,2,Q2,6,June,Jun,25,24,6,24A23,TRUE
20230625,2023-06-25,2023,2,Q2,6,June,Jun,25,25,0,25A23,TRUE
20230626,2023-06-26,2023,2,Q2,6,June,Jun,26,26,1,26A23,FALSE
20230627,2023-06-27,2023,2,Q2,6,June,Jun,26,27,2,27A23,FALSE
20230628,2023-06-28,2023,2,Q2,6,June,Jun,26,28,3,28A23,FALSE
20230629,2023-06-29,2023,2,Q2,6,June,Jun,26,29,4,29A23,FALSE
20230630,2023-06-30,2023,2,Q2,6,June,Jun,26,30,5,30A23,FALSE
20230701,2023-07-01,2023,3,Q3,7,July,Jul,26,1,6,1A23,TRUE
20230702,2023-07-02,2023,3,Q3,7,July,Jul,26,2,0,2A23,TRUE
20230703,2023-07-03,2023,3,Q3,7,July,Jul,27,3,1,3A23,FALSE
20230704,2023-07-04,2023,3,Q3,7,July,Jul,27,4,2,4A23,FALSE
20230705,2023-07-05,2023,3,Q3,7,July,Jul,27,5,3,5A23,FALSE
20230706,2023-07-06,2023,3,Q3,7,July,Jul,27,6,4,6A23,FALSE
20230707,2023-07-07,2023,3,Q3,7,July,Jul,27,7,5,7A23,FALSE
20230708,2023-07-08,2023,3,Q3,7,July,Jul,27,8,6,8A23,TRUE
20230709,2023-07-09,2023,3,Q3,7,July,Jul,27,9,0,9A23,TRUE
20230710,2023-07-10,2023,3,Q3,7,July,Jul,28,10,1,10A23,FALSE
20230711,2023-07-11,2023,3,Q3,7,July,Jul,28,11,2,11A23,FALSE
20230712,2023-07-12,2023,3,Q3,7,July,Jul,28,12,3,12A23,FALSE
20230713,2023-07-13,2023,3,Q3,7,July,Jul,28,13,4,13A23,FALSE
20230714,2023-07-14,2023,3,Q3,7,July,Jul,28,14,5,14A23,FALSE
20230715,2023-07-15,2023,3,Q3,7,July,Jul,28,15,6,15A23,TRUE
20230716,2023-07-16,2023,3,Q3,7,July,Jul,28,16,0,16A23,TRUE
20230717,2023-07-17,2023,3,Q3,7,July,Jul,29,17,1,17A23,FALSE
20230718,2023-07-18,2023,3,Q3,7,July,Jul,29,18,2,18A23,FALSE
20230719,2023-07-19,2023,3,Q3,7,July,Jul,29,19,3,19A23,FALSE
20230720,2023-07-20,2023,3,Q3,7,July,Jul,29,20,4,20A23,FALSE
20230721,2023-07-21,2023,3,Q3,7,July,Jul,29,21,5,21A23,FALSE
20230722,2023-07-22,2023,3,Q3,7,July,Jul,29,22,6,22A23,TRUE
20230723,2023-07-23,2023,3,Q3,7,July,Jul,29,23,0,23A23,TRUE
20230724,2023-07-24,2023,3,Q3,7,July,Jul,30,24,1,24A23,FALSE
20230725,2023-07-25,2023,3,Q3,7,July,Jul,30,25,2,25A23,FALSE
20230726,2023-07-26,2023,3,Q3,7,July,Jul,30,26,3,26A23,FALSE
20230727,2023-07-27,2023,3,Q3,7,July,Jul,30,27,4,27A23,FALSE
20230728,2023-07-28,2023,3,Q3,7,July,Jul,30,28,5,28A23,FALSE
20230729,2023-07-29,2023,3,Q3,7,July,Jul,30,29,6,29A23,TRUE
20230730,2023-07-30,2023,3,Q3,7,July,Jul,30,30,0,30A23,TRUE
20230731,2023-07-31,2023,3,Q3,7,July,Jul,31,31,1,31A23,FALSE
20230801,2023-08-01,2023,3,Q3,8,August,Aug,31,1,2,1A23,FALSE
20230802,2023-08-02,2023,3,Q3,8,August,Aug,31,2,3,2A23,FALSE
20230803,2023-08-03,2023,3,Q3,8,August,Aug,31,3,4,3A23,FALSE
20230804,2023-08-04,2023,3,Q3,8,August,Aug,31,4,5,4A23,FALSE
20230805,2023-08-05,2023,3,Q3,8,August,Aug,31,5,6,5A23,TRUE
20230806,2023-08-06,2023,3,Q3,8,August,Aug,31,6,0,6A23,TRUE
20230807,2023-08-07,2023,3,Q3,8,August,Aug,32,7,1,7A23,FALSE
20230808,2023-08-08,2023,3,Q3,8,August,Aug,32,8,2,8A23,FALSE
20230809,2023-08-09,2023,3,Q3,8,August,Aug,32,9,3,9A23,FALSE
20230810,2023-08-10,2023,3,Q3,8,August,Aug,32,10,4,10A23,FALSE
20230811,2023-08-11,2023,3,Q3,8,August,Aug,32,11,5,11A23,FALSE
20230812,2023-08-12,2023,3,Q3,8,August,Aug,32,12,6,12A23,TRUE
20230813,2023-08-13,2023,3,Q3,8,August,Aug,32,13,0,13A23,TRUE
20230814,2023-08-14,2023,3,Q3,8,August,Aug,33,14,1,14A23,FALSE
20230815,2023-08-15,2023,3,Q3,8,August,Aug,33,15,2,15A23,FALSE
20230816,2023-08-16,2023,3,Q3,8,August,Aug,33,16,3,16A23,FALSE
20230817,2023-08-17,2023,3,Q3,8,August,Aug,33,17,4,17A23,FALSE
20230818,2023-08-18,2023,3,Q3,8,August,Aug,33,18,5,18A23,FALSE
20230819,2023-08-19,2023,3,Q3,8,August,Aug,33,19,6,19A23,TRUE
20230820,2023-08-20,2023,3,Q3,8,August,Aug,33,20,0,20A23,TRUE
20230821,2023-08-21,2023,3,Q3,8,August,Aug,34,21,1,21A23,FALSE
20230822,2023-08-22,2023,3,Q3,8,August,Aug,34,22,2,22A23,FALSE
20230823,2023-08-23,2023,3,Q3,8,August,Aug,34,23,3,23A23,FALSE
20230824,2023-08-24,2023,3,Q3,8,August,Aug,34,24,4,24A23,FALSE
20230825,2023-08-25,2023,3,Q3,8,August,Aug,34,25,5,25A23,FALSE
20230826,2023-08-26,2023,3,Q3,8,August,Aug,34,26,6,26A23,TRUE
20230827,2023-08-27,2023,3,Q3,8,August,Aug,34,27,0,27A23,TRUE
20230828,2023-08-28,2023,3,Q3,8,August,Aug,35,28,1,28A23,FALSE
20230829,2023-08-29,2023,3,Q3,8,August,Aug,35,29,2,29A23,FALSE
20230830,2023-08-30,2023,3,Q3,8,August,Aug,35,30,3,30A23,FALSE
20230831,2023-08-31,2023,3,Q3,8,August,Aug,35,31,4,31A23,FALSE
20230901,2023-09-01,2023,3,Q3,9,September,Sep,35,1,5,1A23,FALSE
20230902,2023-09-02,2023,3,Q3,9,September,Sep,35,2,6,2A23,TRUE
20230903,2023-09-03,2023,3,Q3,9,September,Sep,35,3,0,3A23,TRUE
20230904,2023-09-04,2023,3,Q3,9,September,Sep,36,4,1,4A23,FALSE
20230905,2023-09-05,2023,3,Q3,9,September,Sep,36,5,2,5A23,FALSE
20230906,2023-09-06,2023,3,Q3,9,September,Sep,36,6,3,6A23,FALSE
20230907,2023-09-07,2023,3,Q3,9,September,Sep,36,7,4,7A23,FALSE
20230908,2023-09-08,2023,3,Q3,9,September,Sep,36,8,5,8A23,FALSE
20230909,2023-09-09,2023,3,Q3,9,September,Sep,36,9,6,9A23,TRUE
20230910,2023-09-10,2023,3,Q3,9,September,Sep,36,10,0,10A23,TRUE
20230911,2023-09-11,2023,3,Q3,9,September,Sep,37,11,1,11A23,FALSE
20230912,2023-09-12,2023,3,Q3,9,September,Sep,37,12,2,12A23,FALSE
20230913,2023-09-13,2023,3,Q3,9,September,Sep,37,13,3,13A23,FALSE
20230914,2023-09-14,2023,3,Q3,9,September,Sep,37,14,4,14A23,FALSE
20230915,2023-09-15,2023,3,Q3,9,September,Sep,37,15,5,15A23,FALSE
20230916,2023-09-16,2023,3,Q3,9,September,Sep,37,16,6,16A23,TRUE
20230917,2023-09-17,2023,3,Q3,9,September,Sep,37,17,0,17A23,TRUE
20230918,2023-09-18,2023,3,Q3,9,September,Sep,38,18,1,18A23,FALSE
20230919,2023-09-19,2023,3,Q3,9,September,Sep,38,19,2,19A23,FALSE
20230920,2023-09-20,2023,3,Q3,9,September,Sep,38,20,3,20A23,FALSE
20230921,2023-09-21,2023,3,Q3,9,September,Sep,38,21,4,21A23,FALSE
20230922,2023-09-22,2023,3,Q3,9,September,Sep,38,22,5,22A23,FALSE
20230923,2023-09-23,2023,3,Q3,9,September,Sep,38,23,6,23A23,TRUE
20230924,2023-09-24,2023,3,Q3,9,September,Sep,38,24,0,24A23,TRUE
20230925,2023-09-25,2023,3,Q3,9,September,Sep,39,25,1,25A23,FALSE
20230926,2023-09-26,2023,3,Q3,9,September,Sep,39,26,2,26A23,FALSE
20230927,2023-09-27,2023,3,Q3,9,September,Sep,39,27,3,27A23,FALSE
20230928,2023-09-28,2023,3,Q3,9,September,Sep,39,28,4,28A23,FALSE
20230929,2023-09-29,2023,3,Q3,9,September,Sep,39,29,5,29A23,FALSE
20230930,2023-09-30,2023,3,Q3,9,September,Sep,39,30,6,30A23,TRUE
20231001,2023-10-01,2023,4,Q4,10,October,Oct,39,1,0,1A23,TRUE
20231002,2023-10-02,2023,4,Q4,10,October,Oct,40,2,1,2A23,FALSE
20231003,2023-10-03,2023,4,Q4,10,October,Oct,40,3,2,3A23,FALSE
20231004,2023-10-04,2023,4,Q4,10,October,Oct,40,4,3,4A23,FALSE
20231005,2023-10-05,2023,4,Q4,10,October,Oct,40,5,4,5A23,FALSE
20231006,2023-10-06,2023,4,Q4,10,October,Oct,40,6,5,6A23,FALSE
20231007,2023-10-07,2023,4,Q4,10,October,Oct,40,7,6,7A23,TRUE
20231008,2023-10-08,2023,4,Q4,10,October,Oct,40,8,0,8A23,TRUE
20231009,2023-10-09,2023,4,Q4,10,October,Oct,41,9,1,9A23,FALSE
20231010,2023-10-10,2023,4,Q4,10,October,Oct,41,10,2,10A23,FALSE
20231011,2023-10-11,2023,4,Q4,10,October,Oct,41,11,3,11A23,FALSE
20231012,2023-10-12,2023,4,Q4,10,October,Oct,41,12,4,12A23,FALSE
20231013,2023-10-13,2023,4,Q4,10,October,Oct,41,13,5,13A23,FALSE
20231014,2023-10-14,2023,4,Q4,10,October,Oct,41,14,6,14A23,TRUE
20231015,2023-10-15,2023,4,Q4,10,October,Oct,41,15,0,15A23,TRUE
20231016,2023-10-16,2023,4,Q4,10,October,Oct,42,16,1,16A23,FALSE
20231017,2023-10-17,2023,4,Q4,10,October,Oct,42,17,2,17A23,FALSE
20231018,2023-10-18,2023,4,Q4,10,October,Oct,42,18,3,18A23,FALSE
20231019,2023-10-19,2023,4,Q4,10,October,Oct,42,19,4,19A23,FALSE
20231020,2023-10-20,2023,4,Q4,10,October,Oct,42,20,5,20A23,FALSE
20231021,2023-10-21,2023,4,Q4,10,October,Oct,42,21,6,21A23,TRUE
20231022,2023-10-22,2023,4,Q4,10,October,Oct,42,22,0,22A23,TRUE
20231023,2023-10-23,2023,4,Q4,10,October,Oct,43,23,1,23A23,FALSE
20231024,2023-10-24,2023,4,Q4,10,October,Oct,43,24,2,24A23,FALSE
20231025,2023-10-25,2023,4,Q4,10,October,Oct,43,25,3,25A23,FALSE
20231026,2023-10-26,2023,4,Q4,10,October,Oct,43,26,4,26A23,FALSE
20231027,2023-10-27,2023,4,Q4,10,October,Oct,43,27,5,27A23,FALSE
20231028,2023-10-28,2023,4,Q4,10,October,Oct,43,28,6,28A23,TRUE
20231029,2023-10-29,2023,4,Q4,10,October,Oct,43,29,0,29A23,TRUE
20231030,2023-10-30,2023,4,Q4,10,October,Oct,44,30,1,30A23,FALSE
20231031,2023-10-31,2023,4,Q4,10,October,Oct,44,31,2,31A23,FALSE
20231101,2023-11-01,2023,4,Q4,11,November,Nov,44,1,3,1A23,FALSE
20231102,2023-11-02,2023,4,Q4,11,November,Nov,44,2,4,2A23,FALSE
20231103,2023-11-03,2023,4,Q4,11,November,Nov,44,3,5,3A23,FALSE
20231104,2023-11-04,2023,4,Q4,11,November,Nov,44,4,6,4A23,TRUE
20231105,2023-11-05,2023,4,Q4,11,November,Nov,44,5,0,5A23,TRUE
20231106,2023-11-06,2023,4,Q4,11,November,Nov,45,6,1,6A23,FALSE
20231107,2023-11-07,2023,4,Q4,11,November,Nov,45,7,2,7A23,FALSE
20231108,2023-11-08,2023,4,Q4,11,November,Nov,45,8,3,8A23,FALSE
20231109,2023-11-09,2023,4,Q4,11,November,Nov,45,9,4,9A23,FALSE
20231110,2023-11-10,2023,4,Q4,11,November,Nov,45,10,5,10A23,FALSE
20231111,2023-11-11,2023,4,Q4,11,November,Nov,45,11,6,11A23,TRUE
20231112,2023-11-12,2023,4,Q4,11,November,Nov,45,12,0,12A23,TRUE
20231113,2023-11-13,2023,4,Q4,11,November,Nov,46,13,1,13A23,FALSE
20231114,2023-11-14,2023,4,Q4,11,November,Nov,46,14,2,14A23,FALSE
20231115,2023-11-15,2023,4,Q4,11,November,Nov,46,15,3,15A23,FALSE
20231116,2023-11-16,2023,4,Q4,11,November,Nov,46,16,4,16A23,FALSE
20231117,2023-11-17,2023,4,Q4,11,November,Nov,46,17,5,17A23,FALSE
20231118,2023-11-18,2023,4,Q4,11,November,Nov,46,18,6,18A23,TRUE
20231119,2023-11-19,2023,4,Q4,11,November,Nov,46,19,0,19A23,TRUE
20231120,2023-11-20,2023,4,Q4,11,November,Nov,47,20,1,20A23,FALSE
20231121,2023-11-21,2023,4,Q4,11,November,Nov,47,21,2,21A23,FALSE
20231122,2023-11-22,2023,4,Q4,11,November,Nov,47,22,3,22A23,FALSE
20231123,2023-11-23,2023,4,Q4,11,November,Nov,47,23,4,23A23,FALSE
20231124,2023-11-24,2023,4,Q4,11,November,Nov,47,24,5,24A23,FALSE
20231125,2023-11-25,2023,4,Q4,11,November,Nov,47,25,6,25A23,TRUE
20231126,2023-11-26,2023,4,Q4,11,November,Nov,47,26,0,26A23,TRUE
20231127,2023-11-27,2023,4,Q4,11,November,Nov,48,27,1,27A23,FALSE
20231128,2023-11-28,2023,4,Q4,11,November,Nov,48,28,2,28A23,FALSE
20231129,2023-11-29,2023,4,Q4,11,November,Nov,48,29,3,29A23,FALSE
20231130,2023-11-30,2023,4,Q4,11,November,Nov,48,30,4,30A23,FALSE
20231201,2023-12-01,2023,4,Q4,12,December,Dec,48,1,5,1A23,FALSE
20231202,2023-12-02,2023,4,Q4,12,December,Dec,48,2,6,2A23,TRUE
20231203,2023-12-03,2023,4,Q4,12,December,Dec,48,3,0,3A23,TRUE
20231204,2023-12-04,2023,4,Q4,12,December,Dec,49,4,1,4A23,FALSE
20231205,2023-12-05,2023,4,Q4,12,December,Dec,49,5,2,5A23,FALSE
20231206,2023-12-06,2023,4,Q4,12,December,Dec,49,6,3,6A23,FALSE
20231207,2023-12-07,2023,4,Q4,12,December,Dec,49,7,4,7A23,FALSE
20231208,2023-12-08,2023,4,Q4,12,December,Dec,49,8,5,8A23,FALSE
20231209,2023-12-09,2023,4,Q4,12,December,Dec,49,9,6,9A23,TRUE
20231210,2023-12-10,2023,4,Q4,12,December,Dec,49,10,0,10A23,TRUE
20231211,2023-12-11,2023,4,Q4,12,December,Dec,50,11,1,11A23,FALSE
20231212,2023-12-12,2023,4,Q4,12,December,Dec,50,12,2,12A23,FALSE
20231213,2023-12-13,2023,4,Q4,12,December,Dec,50,13,3,13A23,FALSE
20231214,2023-12-14,2023,4,Q4,12,December,Dec,50,14,4,14A23,FALSE
20231215,2023-12-15,2023,4,Q4,12,December,Dec,50,15,5,15A23,FALSE
20231216,2023-12-16,2023,4,Q4,12,December,Dec,50,16,6,16A23,TRUE
20231217,2023-12-17,2023,4,Q4,12,December,Dec,50,17,0,17A23,TRUE
20231218,2023-12-18,2023,4,Q4,12,December,Dec,51,18,1,18A23,FALSE
20231219,2023-12-19,2023,4,Q4,12,December,Dec,51,19,2,19A23,FALSE
20231220,2023-12-20,2023,4,Q4,12,December,Dec,51,20,3,20A23,FALSE
20231221,2023-12-21,2023,4,Q4,12,December,Dec,51,21,4,21A23,FALSE
20231222,2023-12-22,2023,4,Q4,12,December,Dec,51,22,5,22A23,FALSE
20231223,2023-12-23,2023,4,Q4,12,December,Dec,51,23,6,23A23,TRUE
20231224,2023-12-24,2023,4,Q4,12,December,Dec,51,24,0,24A23,TRUE
20231225,2023-12-25,2023,4,Q4,12,December,Dec,52,25,1,25A23,FALSE
20231226,2023-12-26,2023,4,Q4,12,December,Dec,52,26,2,26A23,FALSE
20231227,2023-12-27,2023,4,Q4,12,December,Dec,52,27,3,27A23,FALSE
20231228,2023-12-28,2023,4,Q4,12,December,Dec,52,28,4,28A23,FALSE
20231229,2023-12-29,2023,4,Q4,12,December,Dec,52,29,5,29A23,FALSE
20231230,2023-12-30,2023,4,Q4,12,December,Dec,52,30,6,30A23,TRUE
20231231,2023-12-31,2023,4,Q4,12,December,Dec,52,31,0,31A23,TRUE
20240101,2024-01-01,2024,1,Q1,1,January,Jan,1,1,1,1A24,FALSE
20240102,2024-01-02,2024,1,Q1,1,January,Jan,1,2,2,2A24,FALSE
20240103,2024-01-03,2024,1,Q1,1,January,Jan,1,3,3,3A24,FALSE
20240104,2024-01-04,2024,1,Q1,1,January,Jan,1,4,4,4A24,FALSE
20240105,2024-01-05,2024,1,Q1,1,January,Jan,1,5,5,5A24,FALSE
20240106,2024-01-06,2024,1,Q1,1,January,Jan,1,6,6,6A24,TRUE
20240107,2024-01-07,2024,1,Q1,1,January,Jan,1,7,0,7A24,TRUE
20240108,2024-01-08,2024,1,Q1,1,January,Jan,2,8,1,8A24,FALSE
20240109,2024-01-09,2024,1,Q1,1,January,Jan,2,9,2,9A24,FALSE
20240110,2024-01-10,2024,1,Q1,1,January,Jan,2,10,3,10A24,FALSE
20240111,2024-01-11,2024,1,Q1,1,January,Jan,2,11,4,11A24,FALSE
20240112,2024-01-12,2024,1,Q1,1,January,Jan,2,12,5,12A24,FALSE
20240113,2024-01-13,2024,1,Q1,1,January,Jan,2,13,6,13A24,TRUE
20240114,2024-01-14,2024,1,Q1,1,January,Jan,2,14,0,14A24,TRUE
20240115,2024-01-15,2024,1,Q1,1,January,Jan,3,15,1,15A24,FALSE
20240116,2024-01-16,2024,1,Q1,1,January,Jan,3,16,2,16A24,FALSE
20240117,2024-01-17,2024,1,Q1,1,January,Jan,3,17,3,17A24,FALSE
20240118,2024-01-18,2024,1,Q1,1,January,Jan,3,18,4,18A24,FALSE
20240119,2024-01-19,2024,1,Q1,1,January,Jan,3,19,5,19A24,FALSE
20240120,2024-01-20,2024,1,Q1,1,January,Jan,3,20,6,20A24,TRUE
20240121,2024-01-21,2024,1,Q1,1,January,Jan,3,21,0,21A24,TRUE
20240122,2024-01-22,2024,1,Q1,1,January,Jan,4,22,1,22A24,FALSE
20240123,2024-01-23,2024,1,Q1,1,January,Jan,4,23,2,23A24,FALSE
20240124,2024-01-24,2024,1,Q1,1,January,Jan,4,24,3,24A24,FALSE
20240125,2024-01-25,2024,1,Q1,1,January,Jan,4,25,4,25A24,FALSE
20240126,2024-01-26,2024,1,Q1,1,January,Jan,4,26,5,26A24,FALSE
20240127,2024-01-27,2024,1,Q1,1,January,Jan,4,27,6,27A24,TRUE
20240128,2024-01-28,2024,1,Q1,1,January,Jan,4,28,0,28A24,TRUE
20240129,2024-01-29,2024,1,Q1,1,January,Jan,5,29,1,29A24,FALSE
20240130,2024-01-30,2024,1,Q1,1,January,Jan,5,30,2,30A24,FALSE
20240131,2024-01-31,2024,1,Q1,1,January,Jan,5,31,3,31A24,FALSE
20240201,2024-02-01,2024,1,Q1,2,February,Feb,5,1,4,1A24,FALSE
20240202,2024-02-02,2024,1,Q1,2,February,Feb,5,2,5,2A24,FALSE
20240203,2024-02-03,2024,1,Q1,2,February,Feb,5,3,6,3A24,TRUE
20240204,2024-02-04,2024,1,Q1,2,February,Feb,5,4,0,4A24,TRUE
20240205,2024-02-05,2024,1,Q1,2,February,Feb,6,5,1,5A24,FALSE
20240206,2024-02-06,2024,1,Q1,2,February,Feb,6,6,2,6A24,FALSE
20240207,2024-02-07,2024,1,Q1,2,February,Feb,6,7,3,7A24,FALSE
20240208,2024-02-08,2024,1,Q1,2,February,Feb,6,8,4,8A24,FALSE
20240209,2024-02-09,2024,1,Q1,2,February,Feb,6,9,5,9A24,FALSE
20240210,2024-02-10,2024,1,Q1,2,February,Feb,6,10,6,10A24,TRUE
20240211,2024-02-11,2024,1,Q1,2,February,Feb,6,11,0,11A24,TRUE
20240212,2024-02-12,2024,1,Q1,2,February,Feb,7,12,1,12A24,FALSE
20240213,2024-02-13,2024,1,Q1,2,February,Feb,7,13,2,13A24,FALSE
20240214,2024-02-14,2024,1,Q1,2,February,Feb,7,14,3,14A24,FALSE
20240215,2024-02-15,2024,1,Q1,2,February,Feb,7,15,4,15A24,FALSE
20240216,2024-02-16,2024,1,Q1,2,February,Feb,7,16,5,16A24,FALSE
20240217,2024-02-17,2024,1,Q1,2,February,Feb,7,17,6,17A24,TRUE
20240218,2024-02-18,2024,1,Q1,2,February,Feb,7,18,0,18A24,TRUE
20240219,2024-02-19,2024,1,Q1,2,February,Feb,8,19,1,19A24,FALSE
20240220,2024-02-20,2024,1,Q1,2,February,Feb,8,20,2,20A24,FALSE
20240221,2024-02-21,2024,1,Q1,2,February,Feb,8,21,3,21A24,FALSE
20240222,2024-02-22,2024,1,Q1,2,February,Feb,8,22,4,22A24,FALSE
20240223,2024-02-23,2024,1,Q1,2,February,Feb,8,23,5,23A24,FALSE
20240224,2024-02-24,2024,1,Q1,2,February,Feb,8,24,6,24A24,TRUE
20240225,2024-02-25,2024,1,Q1,2,February,Feb,8,25,0,25A24,TRUE
20240226,2024-02-26,2024,1,Q1,2,February,Feb,9,26,1,26A24,FALSE
20240227,2024-02-27,2024,1,Q1,2,February,Feb,9,27,2,27A24,FALSE
20240228,2024-02-28,2024,1,Q1,2,February,Feb,9,28,3,28A24,FALSE
20240229,2024-02-29,2024,1,Q1,2,February,Feb,9,29,4,29A24,FALSE
20240301,2024-03-01,2024,1,Q1,3,March,Mar,9,1,5,1A24,FALSE
20240302,2024-03-02,2024,1,Q1,3,March,Mar,9,2,6,2A24,TRUE
20240303,2024-03-03,2024,1,Q1,3,March,Mar,9,3,0,3A24,TRUE
20240304,2024-03-04,2024,1,Q1,3,March,Mar,10,4,1,4A24,FALSE
20240305,2024-03-05,2024,1,Q1,3,March,Mar,10,5,2,5A24,FALSE
20240306,2024-03-06,2024,1,Q1,3,March,Mar,10,6,3,6A24,FALSE
20240307,2024-03-07,2024,1,Q1,3,March,Mar,10,7,4,7A24,FALSE
20240308,2024-03-08,2024,1,Q1,3,March,Mar,10,8,5,8A24,FALSE
20240309,2024-03-09,2024,1,Q1,3,March,Mar,10,9,6,9A24,TRUE
20240310,2024-03-10,2024,1,Q1,3,March,Mar,10,10,0,10A24,TRUE
20240311,2024-03-11,2024,1,Q1,3,March,Mar,11,11,1,11A24,FALSE
20240312,2024-03-12,2024,1,Q1,3,March,Mar,11,12,2,12A24,FALSE
20240313,2024-03-13,2024,1,Q1,3,March,Mar,11,13,3,13A24,FALSE
20240314,2024-03-14,2024,1,Q1,3,March,Mar,11,14,4,14A24,FALSE
20240315,2024-03-15,2024,1,Q1,3,March,Mar,11,15,5,15A24,FALSE
20240316,2024-03-16,2024,1,Q1,3,March,Mar,11,16,6,16A24,TRUE
20240317,2024-03-17,2024,1,Q1,3,March,Mar,11,17,0,17A24,TRUE
20240318,2024-03-18,2024,1,Q1,3,March,Mar,12,18,1,18A24,FALSE
20240319,2024-03-19,2024,1,Q1,3,March,Mar,12,19,2,19A24,FALSE
20240320,2024-03-20,2024,1,Q1,3,March,Mar,12,20,3,20A24,FALSE
20240321,2024-03-21,2024,1,Q1,3,March,Mar,12,21,4,21A24,FALSE
20240322,2024-03-22,2024,1,Q1,3,March,Mar,12,22,5,22A24,FALSE
20240323,2024-03-23,2024,1,Q1,3,March,Mar,12,23,6,23A24,TRUE
20240324,2024-03-24,2024,1,Q1,3,March,Mar,12,24,0,24A24,TRUE
20240325,2024-03-25,2024,1,Q1,3,March,Mar,13,25,1,25A24,FALSE
20240326,2024-03-26,2024,1,Q1,3,March,Mar,13,26,2,26A24,FALSE
20240327,2024-03-27,2024,1,Q1,3,March,Mar,13,27,3,27A24,FALSE
20240328,2024-03-28,2024,1,Q1,3,March,Mar,13,28,4,28A24,FALSE
20240329,2024-03-29,2024,1,Q1,3,March,Mar,13,29,5,29A24,FALSE
20240330,2024-03-30,2024,1,Q1,3,March,Mar,13,30,6,30A24,TRUE
20240331,2024-03-31,2024,1,Q1,3,March,Mar,13,31,0,31A24,TRUE
20240401,2024-04-01,2024,2,Q2,4,April,Apr,14,1,1,1A24,FALSE
20240402,2024-04-02,2024,2,Q2,4,April,Apr,14,2,2,2A24,FALSE
20240403,2024-04-03,2024,2,Q2,4,April,Apr,14,3,3,3A24,FALSE
20240404,2024-04-04,2024,2,Q2,4,April,Apr,14,4,4,4A24,FALSE
20240405,2024-04-05,2024,2,Q2,4,April,Apr,14,5,5,5A24,FALSE
20240406,2024-04-06,2024,2,Q2,4,April,Apr,14,6,6,6A24,TRUE
20240407,2024-04-07,2024,2,Q2,4,April,Apr,14,7,0,7A24,TRUE
20240408,2024-04-08,2024,2,Q2,4,April,Apr,15,8,1,8A24,FALSE
20240409,2024-04-09,2024,2,Q2,4,April,Apr,15,9,2,9A24,FALSE
20240410,2024-04-10,2024,2,Q2,4,April,Apr,15,10,3,10A24,FALSE
20240411,2024-04-11,2024,2,Q2,4,April,Apr,15,11,4,11A24,FALSE
20240412,2024-04-12,2024,2,Q2,4,April,Apr,15,12,5,12A24,FALSE
20240413,2024-04-13,2024,2,Q2,4,April,Apr,15,13,6,13A24,TRUE
20240414,2024-04-14,2024,2,Q2,4,April,Apr,15,14,0,14A24,TRUE
20240415,2024-04-15,2024,2,Q2,4,April,Apr,16,15,1,15A24,FALSE
20240416,2024-04-16,2024,2,Q2,4,April,Apr,16,16,2,16A24,FALSE
20240417,2024-04-17,2024,2,Q2,4,April,Apr,16,17,3,17A24,FALSE
20240418,2024-04-18,2024,2,Q2,4,April,Apr,16,18,4,18A24,FALSE
20240419,2024-04-19,2024,2,Q2,4,April,Apr,16,19,5,19A24,FALSE
20240420,2024-04-20,2024,2,Q2,4,April,Apr,16,20,6,20A24,TRUE
20240421,2024-04-21,2024,2,Q2,4,April,Apr,16,21,0,21A24,TRUE
20240422,2024-04-22,2024,2,Q2,4,April,Apr,17,22,1,22A24,FALSE
20240423,2024-04-23,2024,2,Q2,4,April,Apr,17,23,2,23A24,FALSE
20240424,2024-04-24,2024,2,Q2,4,April,Apr,17,24,3,24A24,FALSE
20240425,2024-04-25,2024,2,Q2,4,April,Apr,17,25,4,25A24,FALSE
20240426,2024-04-26,2024,2,Q2,4,April,Apr,17,26,5,26A24,FALSE
20240427,2024-04-27,2024,2,Q2,4,April,Apr,17,27,6,27A24,TRUE
20240428,2024-04-28,2024,2,Q2,4,April,Apr,17,28,0,28A24,TRUE
20240429,2024-04-29,2024,2,Q2,4,April,Apr,18,29,1,29A24,FALSE
20240430,2024-04-30,2024,2,Q2,4,April,Apr,18,30,2,30A24,FALSE
20240501,2024-05-01,2024,2,Q2,5,May,May,18,1,3,1A24,FALSE
20240502,2024-05-02,2024,2,Q2,5,May,May,18,2,4,2A24,FALSE
20240503,2024-05-03,2024,2,Q2,5,May,May,18,3,5,3A24,FALSE
20240504,2024-05-04,2024,2,Q2,5,May,May,18,4,6,4A24,TRUE
20240505,2024-05-05,2024,2,Q2,5,May,May,18,5,0,5A24,TRUE
20240506,2024-05-06,2024,2,Q2,5,May,May,19,6,1,6A24,FALSE
20240507,2024-05-07,2024,2,Q2,5,May,May,19,7,2,7A24,FALSE
20240508,2024-05-08,2024,2,Q2,5,May,May,19,8,3,8A24,FALSE
20240509,2024-05-09,2024,2,Q2,5,May,May,19,9,4,9A24,FALSE
20240510,2024-05-10,2024,2,Q2,5,May,May,19,10,5,10A24,FALSE
20240511,2024-05-11,2024,2,Q2,5,May,May,19,11,6,11A24,TRUE
20240512,2024-05-12,2024,2,Q2,5,May,May,19,12,0,12A24,TRUE
20240513,2024-05-13,2024,2,Q2,5,May,May,20,13,1,13A24,FALSE
20240514,2024-05-14,2024,2,Q2,5,May,May,20,14,2,14A24,FALSE
20240515,2024-05-15,2024,2,Q2,5,May,May,20,15,3,15A24,FALSE
20240516,2024-05-16,2024,2,Q2,5,May,May,20,16,4,16A24,FALSE
20240517,2024-05-17,2024,2,Q2,5,May,May,20,17,5,17A24,FALSE
20240518,2024-05-18,2024,2,Q2,5,May,May,20,18,6,18A24,TRUE
20240519,2024-05-19,2024,2,Q2,5,May,May,20,19,0,19A24,TRUE
20240520,2024-05-20,2024,2,Q2,5,May,May,21,20,1,20A24,FALSE
20240521,2024-05-21,2024,2,Q2,5,May,May,21,21,2,21A24,FALSE
20240522,2024-05-22,2024,2,Q2,5,May,May,21,22,3,22A24,FALSE
20240523,2024-05-23,2024,2,Q2,5,May,May,21,23,4,23A24,FALSE
20240524,2024-05-24,2024,2,Q2,5,May,May,21,24,5,24A24,FALSE
20240525,2024-05-25,2024,2,Q2,5,May,May,21,25,6,25A24,TRUE
20240526,2024-05-26,2024,2,Q2,5,May,May,21,26,0,26A24,TRUE
20240527,2024-05-27,2024,2,Q2,5,May,May,22,27,1,27A24,FALSE
20240528,2024-05-28,2024,2,Q2,5,May,May,22,28,2,28A24,FALSE
20240529,2024-05-29,2024,2,Q2,5,May,May,22,29,3,29A24,FALSE
20240530,2024-05-30,2024,2,Q2,5,May,May,22,30,4,30A24,FALSE
20240531,2024-05-31,2024,2,Q2,5,May,May,22,31,5,31A24,FALSE
20240601,2024-06-01,2024,2,Q2,6,June,Jun,22,1,6,1A24,TRUE
20240602,2024-06-02,2024,2,Q2,6,June,Jun,22,2,0,2A24,TRUE
20240603,2024-06-03,2024,2,Q2,6,June,Jun,23,3,1,3A24,FALSE
20240604,2024-06-04,2024,2,Q2,6,June,Jun,23,4,2,4A24,FALSE
20240605,2024-06-05,2024,2,Q2,6,June,Jun,23,5,3,5A24,FALSE
20240606,2024-06-06,2024,2,Q2,6,June,Jun,23,6,4,6A24,FALSE
20240607,2024-06-07,2024,2,Q2,6,June,Jun,23,7,5,7A24,FALSE
20240608,2024-06-08,2024,2,Q2,6,June,Jun,23,8,6,8A24,TRUE
20240609,2024-06-09,2024,2,Q2,6,June,Jun,23,9,0,9A24,TRUE
20240610,2024-06-10,2024,2,Q2,6,June,Jun,24,10,1,10A24,FALSE
20240611,2024-06-11,2024,2,Q2,6,June,Jun,24,11,2,11A24,FALSE
20240612,2024-06-12,2024,2,Q2,6,June,Jun,24,12,3,12A24,FALSE
20240613,2024-06-13,2024,2,Q2,6,June,Jun,24,13,4,13A24,FALSE
20240614,2024-06-14,2024,2,Q2,6,June,Jun,24,14,5,14A24,FALSE
20240615,2024-06-15,2024,2,Q2,6,June,Jun,24,15,6,15A24,TRUE
20240616,2024-06-16,2024,2,Q2,6,June,Jun,24,16,0,16A24,TRUE
20240617,2024-06-17,2024,2,Q2,6,June,Jun,25,17,1,17A24,FALSE
20240618,2024-06-18,2024,2,Q2,6,June,Jun,25,18,2,18A24,FALSE
20240619,2024-06-19,2024,2,Q2,6,June,Jun,25,19,3,19A24,FALSE
20240620,2024-06-20,2024,2,Q2,6,June,Jun,25,20,4,20A24,FALSE
20240621,2024-06-21,2024,2,Q2,6,June,Jun,25,21,5,21A24,FALSE
20240622,2024-06-22,2024,2,Q2,6,June,Jun,25,22,6,22A24,TRUE
20240623,2024-06-23,2024,2,Q2,6,June,Jun,25,23,0,23A24,TRUE
20240624,2024-06-24,2024,2,Q2,6,June,Jun,26,24,1,24A24,FALSE
20240625,2024-06-25,2024,2,Q2,6,June,Jun,26,25,2,25A24,FALSE
20240626,2024-06-26,2024,2,Q2,6,June,Jun,26,26,3,26A24,FALSE
20240627,2024-06-27,2024,2,Q2,6,June,Jun,26,27,4,27A24,FALSE
20240628,2024-06-28,2024,2,Q2,6,June,Jun,26,28,5,28A24,FALSE
20240629,2024-06-29,2024,2,Q2,6,June,Jun,26,29,6,29A24,TRUE
20240630,2024-06-30,2024,2,Q2,6,June,Jun,26,30,0,30A24,TRUE
20240701,2024-07-01,2024,3,Q3,7,July,Jul,27,1,1,1A24,FALSE
20240702,2024-07-02,2024,3,Q3,7,July,Jul,27,2,2,2A24,FALSE
20240703,2024-07-03,2024,3,Q3,7,July,Jul,27,3,3,3A24,FALSE
20240704,2024-07-04,2024,3,Q3,7,July,Jul,27,4,4,4A24,FALSE
20240705,2024-07-05,2024,3,Q3,7,July,Jul,27,5,5,5A24,FALSE
20240706,2024-07-06,2024,3,Q3,7,July,Jul,27,6,6,6A24,TRUE
20240707,2024-07-07,2024,3,Q3,7,July,Jul,27,7,0,7A24,TRUE
20240708,2024-07-08,2024,3,Q3,7,July,Jul,28,8,1,8A24,FALSE
20240709,2024-07-09,2024,3,Q3,7,July,Jul,28,9,2,9A24,FALSE
20240710,2024-07-10,2024,3,Q3,7,July,Jul,28,10,3,10A24,FALSE
20240711,2024-07-11,2024,3,Q3,7,July,Jul,28,11,4,11A24,FALSE
20240712,2024-07-12,2024,3,Q3,7,July,Jul,28,12,5,12A24,FALSE
20240713,2024-07-13,2024,3,Q3,7,July,Jul,28,13,6,13A24,TRUE
20240714,2024-07-14,2024,3,Q3,7,July,Jul,28,14,0,14A24,TRUE
20240715,2024-07-15,2024,3,Q3,7,July,Jul,29,15,1,15A24,FALSE
20240716,2024-07-16,2024,3,Q3,7,July,Jul,29,16,2,16A24,FALSE
20240717,2024-07-17,2024,3,Q3,7,July,Jul,29,17,3,17A24,FALSE
20240718,2024-07-18,2024,3,Q3,7,July,Jul,29,18,4,18A24,FALSE
20240719,2024-07-19,2024,3,Q3,7,July,Jul,29,19,5,19A24,FALSE
20240720,2024-07-20,2024,3,Q3,7,July,Jul,29,20,6,20A24,TRUE
20240721,2024-07-21,2024,3,Q3,7,July,Jul,29,21,0,21A24,TRUE
20240722,2024-07-22,2024,3,Q3,7,July,Jul,30,22,1,22A24,FALSE
20240723,2024-07-23,2024,3,Q3,7,July,Jul,30,23,2,23A24,FALSE
20240724,2024-07-24,2024,3,Q3,7,July,Jul,30,24,3,24A24,FALSE
20240725,2024-07-25,2024,3,Q3,7,July,Jul,30,25,4,25A24,FALSE
20240726,2024-07-26,2024,3,Q3,7,July,Jul,30,26,5,26A24,FALSE
20240727,2024-07-27,2024,3,Q3,7,July,Jul,30,27,6,27A24,TRUE
20240728,2024-07-28,2024,3,Q3,7,July,Jul,30,28,0,28A24,TRUE
20240729,2024-07-29,2024,3,Q3,7,July,Jul,31,29,1,29A24,FALSE
20240730,2024-07-30,2024,3,Q3,7,July,Jul,31,30,2,30A24,FALSE
20240731,2024-07-31,2024,3,Q3,7,July,Jul,31,31,3,31A24,FALSE
20240801,2024-08-01,2024,3,Q3,8,August,Aug,31,1,4,1A24,FALSE
20240802,2024-08-02,2024,3,Q3,8,August,Aug,31,2,5,2A24,FALSE
20240803,2024-08-03,2024,3,Q3,8,August,Aug,31,3,6,3A24,TRUE
20240804,2024-08-04,2024,3,Q3,8,August,Aug,31,4,0,4A24,TRUE
20240805,2024-08-05,2024,3,Q3,8,August,Aug,32,5,1,5A24,FALSE
20240806,2024-08-06,2024,3,Q3,8,August,Aug,32,6,2,6A24,FALSE
20240807,2024-08-07,2024,3,Q3,8,August,Aug,32,7,3,7A24,FALSE
20240808,2024-08-08,2024,3,Q3,8,August,Aug,32,8,4,8A24,FALSE
20240809,2024-08-09,2024,3,Q3,8,August,Aug,32,9,5,9A24,FALSE
20240810,2024-08-10,2024,3,Q3,8,August,Aug,32,10,6,10A24,TRUE
20240811,2024-08-11,2024,3,Q3,8,August,Aug,32,11,0,11A24,TRUE
20240812,2024-08-12,2024,3,Q3,8,August,Aug,33,12,1,12A24,FALSE
20240813,2024-08-13,2024,3,Q3,8,August,Aug,33,13,2,13A24,FALSE
20240814,2024-08-14,2024,3,Q3,8,August,Aug,33,14,3,14A24,FALSE
20240815,2024-08-15,2024,3,Q3,8,August,Aug,33,15,4,15A24,FALSE
20240816,2024-08-16,2024,3,Q3,8,August,Aug,33,16,5,16A24,FALSE
20240817,2024-08-17,2024,3,Q3,8,August,Aug,33,17,6,17A24,TRUE
20240818,2024-08-18,2024,3,Q3,8,August,Aug,33,18,0,18A24,TRUE
20240819,2024-08-19,2024,3,Q3,8,August,Aug,34,19,1,19A24,FALSE
20240820,2024-08-20,2024,3,Q3,8,August,Aug,34,20,2,20A24,FALSE
20240821,2024-08-21,2024,3,Q3,8,August,Aug,34,21,3,21A24,FALSE
20240822,2024-08-22,2024,3,Q3,8,August,Aug,34,22,4,22A24,FALSE
20240823,2024-08-23,2024,3,Q3,8,August,Aug,34,23,5,23A24,FALSE
20240824,2024-08-24,2024,3,Q3,8,August,Aug,34,24,6,24A24,TRUE
20240825,2024-08-25,2024,3,Q3,8,August,Aug,34,25,0,25A24,TRUE
20240826,2024-08-26,2024,3,Q3,8,August,Aug,35,26,1,26A24,FALSE
20240827,2024-08-27,2024,3,Q3,8,August,Aug,35,27,2,27A24,FALSE
20240828,2024-08-28,2024,3,Q3,8,August,Aug,35,28,3,28A24,FALSE
20240829,2024-08-29,2024,3,Q3,8,August,Aug,35,29,4,29A24,FALSE
20240830,2024-08-30,2024,3,Q3,8,August,Aug,35,30,5,30A24,FALSE
20240831,2024-08-31,2024,3,Q3,8,August,Aug,35,31,6,31A24,TRUE
20240901,2024-09-01,2024,3,Q3,9,September,Sep,35,1,0,1A24,TRUE
20240902,2024-09-02,2024,3,Q3,9,September,Sep,36,2,1,2A24,FALSE
20240903,2024-09-03,2024,3,Q3,9,September,Sep,36,3,2,3A24,FALSE
20240904,2024-09-04,2024,3,Q3,9,September,Sep,36,4,3,4A24,FALSE
20240905,2024-09-05,2024,3,Q3,9,September,Sep,36,5,4,5A24,FALSE
20240906,2024-09-06,2024,3,Q3,9,September,Sep,36,6,5,6A24,FALSE
20240907,2024-09-07,2024,3,Q3,9,September,Sep,36,7,6,7A24,TRUE
20240908,2024-09-08,2024,3,Q3,9,September,Sep,36,8,0,8A24,TRUE
20240909,2024-09-09,2024,3,Q3,9,September,Sep,37,9,1,9A24,FALSE
20240910,2024-09-10,2024,3,Q3,9,September,Sep,37,10,2,10A24,FALSE
20240911,2024-09-11,2024,3,Q3,9,September,Sep,37,11,3,11A24,FALSE
20240912,2024-09-12,2024,3,Q3,9,September,Sep,37,12,4,12A24,FALSE
20240913,2024-09-13,2024,3,Q3,9,September,Sep,37,13,5,13A24,FALSE
20240914,2024-09-14,2024,3,Q3,9,September,Sep,37,14,6,14A24,TRUE
20240915,2024-09-15,2024,3,Q3,9,September,Sep,37,15,0,15A24,TRUE
20240916,2024-09-16,2024,3,Q3,9,September,Sep,38,16,1,16A24,FALSE
20240917,2024-09-17,2024,3,Q3,9,September,Sep,38,17,2,17A24,FALSE
20240918,2024-09-18,2024,3,Q3,9,September,Sep,38,18,3,18A24,FALSE
20240919,2024-09-19,2024,3,Q3,9,September,Sep,38,19,4,19A24,FALSE
20240920,2024-09-20,2024,3,Q3,9,September,Sep,38,20,5,20A24,FALSE
20240921,2024-09-21,2024,3,Q3,9,September,Sep,38,21,6,21A24,TRUE
20240922,2024-09-22,2024,3,Q3,9,September,Sep,38,22,0,22A24,TRUE
20240923,2024-09-23,2024,3,Q3,9,September,Sep,39,23,1,23A24,FALSE
20240924,2024-09-24,2024,3,Q3,9,September,Sep,39,24,2,24A24,FALSE
20240925,2024-09-25,2024,3,Q3,9,September,Sep,39,25,3,25A24,FALSE
20240926,2024-09-26,2024,3,Q3,9,September,Sep,39,26,4,26A24,FALSE
20240927,2024-09-27,2024,3,Q3,9,September,Sep,39,27,5,27A24,FALSE
20240928,2024-09-28,2024,3,Q3,9,September,Sep,39,28,6,28A24,TRUE
20240929,2024-09-29,2024,3,Q3,9,September,Sep,39,29,0,29A24,TRUE
20240930,2024-09-30,2024,3,Q3,9,September,Sep,40,30,1,30A24,FALSE
20241001,2024-10-01,2024,4,Q4,10,October,Oct,40,1,2,1A24,FALSE
20241002,2024-10-02,2024,4,Q4,10,October,Oct,40,2,3,2A24,FALSE
20241003,2024-10-03,2024,4,Q4,10,October,Oct,40,3,4,3A24,FALSE
20241004,2024-10-04,2024,4,Q4,10,October,Oct,40,4,5,4A24,FALSE
20241005,2024-10-05,2024,4,Q4,10,October,Oct,40,5,6,5A24,TRUE
20241006,2024-10-06,2024,4,Q4,10,October,Oct,40,6,0,6A24,TRUE
20241007,2024-10-07,2024,4,Q4,10,October,Oct,41,7,1,7A24,FALSE
20241008,2024-10-08,2024,4,Q4,10,October,Oct,41,8,2,8A24,FALSE
20241009,2024-10-09,2024,4,Q4,10,October,Oct,41,9,3,9A24,FALSE
20241010,2024-10-10,2024,4,Q4,10,October,Oct,41,10,4,10A24,FALSE
20241011,2024-10-11,2024,4,Q4,10,October,Oct,41,11,5,11A24,FALSE
20241012,2024-10-12,2024,4,Q4,10,October,Oct,41,12,6,12A24,TRUE
20241013,2024-10-13,2024,4,Q4,10,October,Oct,41,13,0,13A24,TRUE
20241014,2024-10-14,2024,4,Q4,10,October,Oct,42,14,1,14A24,FALSE
20241015,2024-10-15,2024,4,Q4,10,October,Oct,42,15,2,15A24,FALSE
20241016,2024-10-16,2024,4,Q4,10,October,Oct,42,16,3,16A24,FALSE
20241017,2024-10-17,2024,4,Q4,10,October,Oct,42,17,4,17A24,FALSE
20241018,2024-10-18,2024,4,Q4,10,October,Oct,42,18,5,18A24,FALSE
20241019,2024-10-19,2024,4,Q4,10,October,Oct,42,19,6,19A24,TRUE
20241020,2024-10-20,2024,4,Q4,10,October,Oct,42,20,0,20A24,TRUE
20241021,2024-10-21,2024,4,Q4,10,October,Oct,43,21,1,21A24,FALSE
20241022,2024-10-22,2024,4,Q4,10,October,Oct,43,22,2,22A24,FALSE
20241023,2024-10-23,2024,4,Q4,10,October,Oct,43,23,3,23A24,FALSE
20241024,2024-10-24,2024,4,Q4,10,October,Oct,43,24,4,24A24,FALSE
20241025,2024-10-25,2024,4,Q4,10,October,Oct,43,25,5,25A24,FALSE
20241026,2024-10-26,2024,4,Q4,10,October,Oct,43,26,6,26A24,TRUE
20241027,2024-10-27,2024,4,Q4,10,October,Oct,43,27,0,27A24,TRUE
20241028,2024-10-28,2024,4,Q4,10,October,Oct,44,28,1,28A24,FALSE
20241029,2024-10-29,2024,4,Q4,10,October,Oct,44,29,2,29A24,FALSE
20241030,2024-10-30,2024,4,Q4,10,October,Oct,44,30,3,30A24,FALSE
20241031,2024-10-31,2024,4,Q4,10,October,Oct,44,31,4,31A24,FALSE
20241101,2024-11-01,2024,4,Q4,11,November,Nov,44,1,5,1A24,FALSE
20241102,2024-11-02,2024,4,Q4,11,November,Nov,44,2,6,2A24,TRUE
20241103,2024-11-03,2024,4,Q4,11,November,Nov,44,3,0,3A24,TRUE
20241104,2024-11-04,2024,4,Q4,11,November,Nov,45,4,1,4A24,FALSE
20241105,2024-11-05,2024,4,Q4,11,November,Nov,45,5,2,5A24,FALSE
20241106,2024-11-06,2024,4,Q4,11,November,Nov,45,6,3,6A24,FALSE
20241107,2024-11-07,2024,4,Q4,11,November,Nov,45,7,4,7A24,FALSE
20241108,2024-11-08,2024,4,Q4,11,November,Nov,45,8,5,8A24,FALSE
20241109,2024-11-09,2024,4,Q4,11,November,Nov,45,9,6,9A24,TRUE
20241110,2024-11-10,2024,4,Q4,11,November,Nov,45,10,0,10A24,TRUE
20241111,2024-11-11,2024,4,Q4,11,November,Nov,46,11,1,11A24,FALSE
20241112,2024-11-12,2024,4,Q4,11,November,Nov,46,12,2,12A24,FALSE
20241113,2024-11-13,2024,4,Q4,11,November,Nov,46,13,3,13A24,FALSE
20241114,2024-11-14,2024,4,Q4,11,November,Nov,46,14,4,14A24,FALSE
20241115,2024-11-15,2024,4,Q4,11,November,Nov,46,15,5,15A24,FALSE
20241116,2024-11-16,2024,4,Q4,11,November,Nov,46,16,6,16A24,TRUE
20241117,2024-11-17,2024,4,Q4,11,November,Nov,46,17,0,17A24,TRUE
20241118,2024-11-18,2024,4,Q4,11,November,Nov,47,18,1,18A24,FALSE
20241119,2024-11-19,2024,4,Q4,11,November,Nov,47,19,2,19A24,FALSE
20241120,2024-11-20,2024,4,Q4,11,November,Nov,47,20,3,20A24,FALSE
20241121,2024-11-21,2024,4,Q4,11,November,Nov,47,21,4,21A24,FALSE
20241122,2024-11-22,2024,4,Q4,11,November,Nov,47,22,5,22A24,FALSE
20241123,2024-11-23,2024,4,Q4,11,November,Nov,47,23,6,23A24,TRUE
20241124,2024-11-24,2024,4,Q4,11,November,Nov,47,24,0,24A24,TRUE
20241125,2024-11-25,2024,4,Q4,11,November,Nov,48,25,1,25A24,FALSE
20241126,2024-11-26,2024,4,Q4,11,November,Nov,48,26,2,26A24,FALSE
20241127,2024-11-27,2024,4,Q4,11,November,Nov,48,27,3,27A24,FALSE
20241128,2024-11-28,2024,4,Q4,11,November,Nov,48,28,4,28A24,FALSE
20241129,2024-11-29,2024,4,Q4,11,November,Nov,48,29,5,29A24,FALSE
20241130,2024-11-30,2024,4,Q4,11,November,Nov,48,30,6,30A24,TRUE
20241201,2024-12-01,2024,4,Q4,12,December,Dec,48,1,0,1A24,TRUE
20241202,2024-12-02,2024,4,Q4,12,December,Dec,49,2,1,2A24,FALSE
20241203,2024-12-03,2024,4,Q4,12,December,Dec,49,3,2,3A24,FALSE
20241204,2024-12-04,2024,4,Q4,12,December,Dec,49,4,3,4A24,FALSE
20241205,2024-12-05,2024,4,Q4,12,December,Dec,49,5,4,5A24,FALSE
20241206,2024-12-06,2024,4,Q4,12,December,Dec,49,6,5,6A24,FALSE
20241207,2024-12-07,2024,4,Q4,12,December,Dec,49,7,6,7A24,TRUE
20241208,2024-12-08,2024,4,Q4,12,December,Dec,49,8,0,8A24,TRUE
20241209,2024-12-09,2024,4,Q4,12,December,Dec,50,9,1,9A24,FALSE
20241210,2024-12-10,2024,4,Q4,12,December,Dec,50,10,2,10A24,FALSE
20241211,2024-12-11,2024,4,Q4,12,December,Dec,50,11,3,11A24,FALSE
20241212,2024-12-12,2024,4,Q4,12,December,Dec,50,12,4,12A24,FALSE
20241213,2024-12-13,2024,4,Q4,12,December,Dec,50,13,5,13A24,FALSE
20241214,2024-12-14,2024,4,Q4,12,December,Dec,50,14,6,14A24,TRUE
20241215,2024-12-15,2024,4,Q4,12,December,Dec,50,15,0,15A24,TRUE
20241216,2024-12-16,2024,4,Q4,12,December,Dec,51,16,1,16A24,FALSE
20241217,2024-12-17,2024,4,Q4,12,December,Dec,51,17,2,17A24,FALSE
20241218,2024-12-18,2024,4,Q4,12,December,Dec,51,18,3,18A24,FALSE
20241219,2024-12-19,2024,4,Q4,12,December,Dec,51,19,4,19A24,FALSE
20241220,2024-12-20,2024,4,Q4,12,December,Dec,51,20,5,20A24,FALSE
20241221,2024-12-21,2024,4,Q4,12,December,Dec,51,21,6,21A24,TRUE
20241222,2024-12-22,2024,4,Q4,12,December,Dec,51,22,0,22A24,TRUE
20241223,2024-12-23,2024,4,Q4,12,December,Dec,52,23,1,23A24,FALSE
20241224,2024-12-24,2024,4,Q4,12,December,Dec,52,24,2,24A24,FALSE
20241225,2024-12-25,2024,4,Q4,12,December,Dec,52,25,3,25A24,FALSE
20241226,2024-12-26,2024,4,Q4,12,December,Dec,52,26,4,26A24,FALSE
20241227,2024-12-27,2024,4,Q4,12,December,Dec,52,27,5,27A24,FALSE
20241228,2024-12-28,2024,4,Q4,12,December,Dec,52,28,6,28A24,TRUE
20241229,2024-12-29,2024,4,Q4,12,December,Dec,52,29,0,29A24,TRUE
20241230,2024-12-30,2024,4,Q4,12,December,Dec,1,30,1,30A24,FALSE
20241231,2024-12-31,2024,4,Q4,12,December,Dec,1,31,2,31A24,FALSE
20250101,2025-01-01,2025,1,Q1,1,January,Jan,1,1,3,1A25,FALSE
20250102,2025-01-02,2025,1,Q1,1,January,Jan,1,2,4,2A25,FALSE
20250103,2025-01-03,2025,1,Q1,1,January,Jan,1,3,5,3A25,FALSE
20250104,2025-01-04,2025,1,Q1,1,January,Jan,1,4,6,4A25,TRUE
20250105,2025-01-05,2025,1,Q1,1,January,Jan,1,5,0,5A25,TRUE
20250106,2025-01-06,2025,1,Q1,1,January,Jan,2,6,1,6A25,FALSE
20250107,2025-01-07,2025,1,Q1,1,January,Jan,2,7,2,7A25,FALSE
20250108,2025-01-08,2025,1,Q1,1,January,Jan,2,8,3,8A25,FALSE
20250109,2025-01-09,2025,1,Q1,1,January,Jan,2,9,4,9A25,FALSE
20250110,2025-01-10,2025,1,Q1,1,January,Jan,2,10,5,10A25,FALSE
20250111,2025-01-11,2025,1,Q1,1,January,Jan,2,11,6,11A25,TRUE
20250112,2025-01-12,2025,1,Q1,1,January,Jan,2,12,0,12A25,TRUE
20250113,2025-01-13,2025,1,Q1,1,January,Jan,3,13,1,13A25,FALSE
20250114,2025-01-14,2025,1,Q1,1,January,Jan,3,14,2,14A25,FALSE
20250115,2025-01-15,2025,1,Q1,1,January,Jan,3,15,3,15A25,FALSE
20250116,2025-01-16,2025,1,Q1,1,January,Jan,3,16,4,16A25,FALSE
20250117,2025-01-17,2025,1,Q1,1,January,Jan,3,17,5,17A25,FALSE
20250118,2025-01-18,2025,1,Q1,1,January,Jan,3,18,6,18A25,TRUE
20250119,2025-01-19,2025,1,Q1,1,January,Jan,3,19,0,19A25,TRUE
20250120,2025-01-20,2025,1,Q1,1,January,Jan,4,20,1,20A25,FALSE
20250121,2025-01-21,2025,1,Q1,1,January,Jan,4,21,2,21A25,FALSE
20250122,2025-01-22,2025,1,Q1,1,January,Jan,4,22,3,22A25,FALSE
20250123,2025-01-23,2025,1,Q1,1,January,Jan,4,23,4,23A25,FALSE
20250124,2025-01-24,2025,1,Q1,1,January,Jan,4,24,5,24A25,FALSE
20250125,2025-01-25,2025,1,Q1,1,January,Jan,4,25,6,25A25,TRUE
20250126,2025-01-26,2025,1,Q1,1,January,Jan,4,26,0,26A25,TRUE
20250127,2025-01-27,2025,1,Q1,1,January,Jan,5,27,1,27A25,FALSE
20250128,2025-01-28,2025,1,Q1,1,January,Jan,5,28,2,28A25,FALSE
20250129,2025-01-29,2025,1,Q1,1,January,Jan,5,29,3,29A25,FALSE
20250130,2025-01-30,2025,1,Q1,1,January,Jan,5,30,4,30A25,FALSE
20250131,2025-01-31,2025,1,Q1,1,January,Jan,5,31,5,31A25,FALSE
20250201,2025-02-01,2025,1,Q1,2,February,Feb,5,1,6,1A25,TRUE
20250202,2025-02-02,2025,1,Q1,2,February,Feb,5,2,0,2A25,TRUE
20250203,2025-02-03,2025,1,Q1,2,February,Feb,6,3,1,3A25,FALSE
20250204,2025-02-04,2025,1,Q1,2,February,Feb,6,4,2,4A25,FALSE
20250205,2025-02-05,2025,1,Q1,2,February,Feb,6,5,3,5A25,FALSE
20250206,2025-02-06,2025,1,Q1,2,February,Feb,6,6,4,6A25,FALSE
20250207,2025-02-07,2025,1,Q1,2,February,Feb,6,7,5,7A25,FALSE
20250208,2025-02-08,2025,1,Q1,2,February,Feb,6,8,6,8A25,TRUE
20250209,2025-02-09,2025,1,Q1,2,February,Feb,6,9,0,9A25,TRUE
20250210,2025-02-10,2025,1,Q1,2,February,Feb,7,10,1,10A25,FALSE
20250211,2025-02-11,2025,1,Q1,2,February,Feb,7,11,2,11A25,FALSE
20250212,2025-02-12,2025,1,Q1,2,February,Feb,7,12,3,12A25,FALSE
20250213,2025-02-13,2025,1,Q1,2,February,Feb,7,13,4,13A25,FALSE
20250214,2025-02-14,2025,1,Q1,2,February,Feb,7,14,5,14A25,FALSE
20250215,2025-02-15,2025,1,Q1,2,February,Feb,7,15,6,15A25,TRUE
20250216,2025-02-16,2025,1,Q1,2,February,Feb,7,16,0,16A25,TRUE
20250217,2025-02-17,2025,1,Q1,2,February,Feb,8,17,1,17A25,FALSE
20250218,2025-02-18,2025,1,Q1,2,February,Feb,8,18,2,18A25,FALSE
20250219,2025-02-19,2025,1,Q1,2,February,Feb,8,19,3,19A25,FALSE
20250220,2025-02-20,2025,1,Q1,2,February,Feb,8,20,4,20A25,FALSE
20250221,2025-02-21,2025,1,Q1,2,February,Feb,8,21,5,21A25,FALSE
20250222,2025-02-22,2025,1,Q1,2,February,Feb,8,22,6,22A25,TRUE
20250223,2025-02-23,2025,1,Q1,2,February,Feb,8,23,0,23A25,TRUE
20250224,2025-02-24,2025,1,Q1,2,February,Feb,9,24,1,24A25,FALSE
20250225,2025-02-25,2025,1,Q1,2,February,Feb,9,25,2,25A25,FALSE
20250226,2025-02-26,2025,1,Q1,2,February,Feb,9,26,3,26A25,FALSE
20250227,2025-02-27,2025,1,Q1,2,February,Feb,9,27,4,27A25,FALSE
20250228,2025-02-28,2025,1,Q1,2,February,Feb,9,28,5,28A25,FALSE
20250301,2025-03-01,2025,1,Q1,3,March,Mar,9,1,6,1A25,TRUE
20250302,2025-03-02,2025,1,Q1,3,March,Mar,9,2,0,2A25,TRUE
20250303,2025-03-03,2025,1,Q1,3,March,Mar,10,3,1,3A25,FALSE
20250304,2025-03-04,2025,1,Q1,3,March,Mar,10,4,2,4A25,FALSE
20250305,2025-03-05,2025,1,Q1,3,March,Mar,10,5,3,5A25,FALSE
20250306,2025-03-06,2025,1,Q1,3,March,Mar,10,6,4,6A25,FALSE
20250307,2025-03-07,2025,1,Q1,3,March,Mar,10,7,5,7A25,FALSE
20250308,2025-03-08,2025,1,Q1,3,March,Mar,10,8,6,8A25,TRUE
20250309,2025-03-09,2025,1,Q1,3,March,Mar,10,9,0,9A25,TRUE
20250310,2025-03-10,2025,1,Q1,3,March,Mar,11,10,1,10A25,FALSE
20250311,2025-03-11,2025,1,Q1,3,March,Mar,11,11,2,11A25,FALSE
20250312,2025-03-12,2025,1,Q1,3,March,Mar,11,12,3,12A25,FALSE
20250313,2025-03-13,2025,1,Q1,3,March,Mar,11,13,4,13A25,FALSE
20250314,2025-03-14,2025,1,Q1,3,March,Mar,11,14,5,14A25,FALSE
20250315,2025-03-15,2025,1,Q1,3,March,Mar,11,15,6,15A25,TRUE
20250316,2025-03-16,2025,1,Q1,3,March,Mar,11,16,0,16A25,TRUE
20250317,2025-03-17,2025,1,Q1,3,March,Mar,12,17,1,17A25,FALSE
20250318,2025-03-18,2025,1,Q1,3,March,Mar,12,18,2,18A25,FALSE
20250319,2025-03-19,2025,1,Q1,3,March,Mar,12,19,3,19A25,FALSE
20250320,2025-03-20,2025,1,Q1,3,March,Mar,12,20,4,20A25,FALSE
20250321,2025-03-21,2025,1,Q1,3,March,Mar,12,21,5,21A25,FALSE
20250322,2025-03-22,2025,1,Q1,3,March,Mar,12,22,6,22A25,TRUE
20250323,2025-03-23,2025,1,Q1,3,March,Mar,12,23,0,23A25,TRUE
20250324,2025-03-24,2025,1,Q1,3,March,Mar,13,24,1,24A25,FALSE
20250325,2025-03-25,2025,1,Q1,3,March,Mar,13,25,2,25A25,FALSE
20250326,2025-03-26,2025,1,Q1,3,March,Mar,13,26,3,26A25,FALSE
20250327,2025-03-27,2025,1,Q1,3,March,Mar,13,27,4,27A25,FALSE
20250328,2025-03-28,2025,1,Q1,3,March,Mar,13,28,5,28A25,FALSE
20250329,2025-03-29,2025,1,Q1,3,March,Mar,13,29,6,29A25,TRUE
20250330,2025-03-30,2025,1,Q1,3,March,Mar,13,30,0,30A25,TRUE
20250331,2025-03-31,2025,1,Q1,3,March,Mar,14,31,1,31A25,FALSE
20250401,2025-04-01,2025,2,Q2,4,April,Apr,14,1,2,1A25,FALSE
20250402,2025-04-02,2025,2,Q2,4,April,Apr,14,2,3,2A25,FALSE
20250403,2025-04-03,2025,2,Q2,4,April,Apr,14,3,4,3A25,FALSE
20250404,2025-04-04,2025,2,Q2,4,April,Apr,14,4,5,4A25,FALSE
20250405,2025-04-05,2025,2,Q2,4,April,Apr,14,5,6,5A25,TRUE
20250406,2025-04-06,2025,2,Q2,4,April,Apr,14,6,0,6A25,TRUE
20250407,2025-04-07,2025,2,Q2,4,April,Apr,15,7,1,7A25,FALSE
20250408,2025-04-08,2025,2,Q2,4,April,Apr,15,8,2,8A25,FALSE
20250409,2025-04-09,2025,2,Q2,4,April,Apr,15,9,3,9A25,FALSE
20250410,2025-04-10,2025,2,Q2,4,April,Apr,15,10,4,10A25,FALSE
20250411,2025-04-11,2025,2,Q2,4,April,Apr,15,11,5,11A25,FALSE
20250412,2025-04-12,2025,2,Q2,4,April,Apr,15,12,6,12A25,TRUE
20250413,2025-04-13,2025,2,Q2,4,April,Apr,15,13,0,13A25,TRUE
20250414,2025-04-14,2025,2,Q2,4,April,Apr,16,14,1,14A25,FALSE
20250415,2025-04-15,2025,2,Q2,4,April,Apr,16,15,2,15A25,FALSE
20250416,2025-04-16,2025,2,Q2,4,April,Apr,16,16,3,16A25,FALSE
20250417,2025-04-17,2025,2,Q2,4,April,Apr,16,17,4,17A25,FALSE
20250418,2025-04-18,2025,2,Q2,4,April,Apr,16,18,5,18A25,FALSE
20250419,2025-04-19,2025,2,Q2,4,April,Apr,16,19,6,19A25,TRUE
20250420,2025-04-20,2025,2,Q2,4,April,Apr,16,20,0,20A25,TRUE
20250421,2025-04-21,2025,2,Q2,4,April,Apr,17,21,1,21A25,FALSE
20250422,2025-04-22,2025,2,Q2,4,April,Apr,17,22,2,22A25,FALSE
20250423,2025-04-23,2025,2,Q2,4,April,Apr,17,23,3,23A25,FALSE
20250424,2025-04-24,2025,2,Q2,4,April,Apr,17,24,4,24A25,FALSE
20250425,2025-04-25,2025,2,Q2,4,April,Apr,17,25,5,25A25,FALSE
20250426,2025-04-26,2025,2,Q2,4,April,Apr,17,26,6,26A25,TRUE
20250427,2025-04-27,2025,2,Q2,4,April,Apr,17,27,0,27A25,TRUE
20250428,2025-04-28,2025,2,Q2,4,April,Apr,18,28,1,28A25,FALSE
20250429,2025-04-29,2025,2,Q2,4,April,Apr,18,29,2,29A25,FALSE
20250430,2025-04-30,2025,2,Q2,4,April,Apr,18,30,3,30A25,FALSE
20250501,2025-05-01,2025,2,Q2,5,May,May,18,1,4,1A25,FALSE
20250502,2025-05-02,2025,2,Q2,5,May,May,18,2,5,2A25,FALSE
20250503,2025-05-03,2025,2,Q2,5,May,May,18,3,6,3A25,TRUE
20250504,2025-05-04,2025,2,Q2,5,May,May,18,4,0,4A25,TRUE
20250505,2025-05-05,2025,2,Q2,5,May,May,19,5,1,5A25,FALSE
20250506,2025-05-06,2025,2,Q2,5,May,May,19,6,2,6A25,FALSE
20250507,2025-05-07,2025,2,Q2,5,May,May,19,7,3,7A25,FALSE
20250508,2025-05-08,2025,2,Q2,5,May,May,19,8,4,8A25,FALSE
20250509,2025-05-09,2025,2,Q2,5,May,May,19,9,5,9A25,FALSE
20250510,2025-05-10,2025,2,Q2,5,May,May,19,10,6,10A25,TRUE
20250511,2025-05-11,2025,2,Q2,5,May,May,19,11,0,11A25,TRUE
20250512,2025-05-12,2025,2,Q2,5,May,May,20,12,1,12A25,FALSE
20250513,2025-05-13,2025,2,Q2,5,May,May,20,13,2,13A25,FALSE
20250514,2025-05-14,2025,2,Q2,5,May,May,20,14,3,14A25,FALSE
20250515,2025-05-15,2025,2,Q2,5,May,May,20,15,4,15A25,FALSE
20250516,2025-05-16,2025,2,Q2,5,May,May,20,16,5,16A25,FALSE
20250517,2025-05-17,2025,2,Q2,5,May,May,20,17,6,17A25,TRUE
20250518,2025-05-18,2025,2,Q2,5,May,May,20,18,0,18A25,TRUE
20250519,2025-05-19,2025,2,Q2,5,May,May,21,19,1,19A25,FALSE
20250520,2025-05-20,2025,2,Q2,5,May,May,21,20,2,20A25,FALSE
20250521,2025-05-21,2025,2,Q2,5,May,May,21,21,3,21A25,FALSE
20250522,2025-05-22,2025,2,Q2,5,May,May,21,22,4,22A25,FALSE
20250523,2025-05-23,2025,2,Q2,5,May,May,21,23,5,23A25,FALSE
20250524,2025-05-24,2025,2,Q2,5,May,May,21,24,6,24A25,TRUE
20250525,2025-05-25,2025,2,Q2,5,May,May,21,25,0,25A25,TRUE
20250526,2025-05-26,2025,2,Q2,5,May,May,22,26,1,26A25,FALSE
20250527,2025-05-27,2025,2,Q2,5,May,May,22,27,2,27A25,FALSE
20250528,2025-05-28,2025,2,Q2,5,May,May,22,28,3,28A25,FALSE
20250529,2025-05-29,2025,2,Q2,5,May,May,22,29,4,29A25,FALSE
20250530,2025-05-30,2025,2,Q2,5,May,May,22,30,5,30A25,FALSE
20250531,2025-05-31,2025,2,Q2,5,May,May,22,31,6,31A25,TRUE
20250601,2025-06-01,2025,2,Q2,6,June,Jun,22,1,0,1A25,TRUE
20250602,2025-06-02,2025,2,Q2,6,June,Jun,23,2,1,2A25,FALSE
20250603,2025-06-03,2025,2,Q2,6,June,Jun,23,3,2,3A25,FALSE
20250604,2025-06-04,2025,2,Q2,6,June,Jun,23,4,3,4A25,FALSE
20250605,2025-06-05,2025,2,Q2,6,June,Jun,23,5,4,5A25,FALSE
20250606,2025-06-06,2025,2,Q2,6,June,Jun,23,6,5,6A25,FALSE
20250607,2025-06-07,2025,2,Q2,6,June,Jun,23,7,6,7A25,TRUE
20250608,2025-06-08,2025,2,Q2,6,June,Jun,23,8,0,8A25,TRUE
20250609,2025-06-09,2025,2,Q2,6,June,Jun,24,9,1,9A25,FALSE
20250610,2025-06-10,2025,2,Q2,6,June,Jun,24,10,2,10A25,FALSE
20250611,2025-06-11,2025,2,Q2,6,June,Jun,24,11,3,11A25,FALSE
20250612,2025-06-12,2025,2,Q2,6,June,Jun,24,12,4,12A25,FALSE
20250613,2025-06-13,2025,2,Q2,6,June,Jun,24,13,5,13A25,FALSE
20250614,2025-06-14,2025,2,Q2,6,June,Jun,24,14,6,14A25,TRUE
20250615,2025-06-15,2025,2,Q2,6,June,Jun,24,15,0,15A25,TRUE
20250616,2025-06-16,2025,2,Q2,6,June,Jun,25,16,1,16A25,FALSE
20250617,2025-06-17,2025,2,Q2,6,June,Jun,25,17,2,17A25,FALSE
20250618,2025-06-18,2025,2,Q2,6,June,Jun,25,18,3,18A25,FALSE
20250619,2025-06-19,2025,2,Q2,6,June,Jun,25,19,4,19A25,FALSE
20250620,2025-06-20,2025,2,Q2,6,June,Jun,25,20,5,20A25,FALSE
20250621,2025-06-21,2025,2,Q2,6,June,Jun,25,21,6,21A25,TRUE
20250622,2025-06-22,2025,2,Q2,6,June,Jun,25,22,0,22A25,TRUE
20250623,2025-06-23,2025,2,Q2,6,June,Jun,26,23,1,23A25,FALSE
20250624,2025-06-24,2025,2,Q2,6,June,Jun,26,24,2,24A25,FALSE
20250625,2025-06-25,2025,2,Q2,6,June,Jun,26,25,3,25A25,FALSE
20250626,2025-06-26,2025,2,Q2,6,June,Jun,26,26,4,26A25,FALSE
20250627,2025-06-27,2025,2,Q2,6,June,Jun,26,27,5,27A25,FALSE
20250628,2025-06-28,2025,2,Q2,6,June,Jun,26,28,6,28A25,TRUE
20250629,2025-06-29,2025,2,Q2,6,June,Jun,26,29,0,29A25,TRUE
20250630,2025-06-30,2025,2,Q2,6,June,Jun,27,30,1,30A25,FALSE
20250701,2025-07-01,2025,3,Q3,7,July,Jul,27,1,2,1A25,FALSE
20250702,2025-07-02,2025,3,Q3,7,July,Jul,27,2,3,2A25,FALSE
20250703,2025-07-03,2025,3,Q3,7,July,Jul,27,3,4,3A25,FALSE
20250704,2025-07-04,2025,3,Q3,7,July,Jul,27,4,5,4A25,FALSE
20250705,2025-07-05,2025,3,Q3,7,July,Jul,27,5,6,5A25,TRUE
20250706,2025-07-06,2025,3,Q3,7,July,Jul,27,6,0,6A25,TRUE
20250707,2025-07-07,2025,3,Q3,7,July,Jul,28,7,1,7A25,FALSE
20250708,2025-07-08,2025,3,Q3,7,July,Jul,28,8,2,8A25,FALSE
20250709,2025-07-09,2025,3,Q3,7,July,Jul,28,9,3,9A25,FALSE
20250710,2025-07-10,2025,3,Q3,7,July,Jul,28,10,4,10A25,FALSE
20250711,2025-07-11,2025,3,Q3,7,July,Jul,28,11,5,11A25,FALSE
20250712,2025-07-12,2025,3,Q3,7,July,Jul,28,12,6,12A25,TRUE
20250713,2025-07-13,2025,3,Q3,7,July,Jul,28,13,0,13A25,TRUE
20250714,2025-07-14,2025,3,Q3,7,July,Jul,29,14,1,14A25,FALSE
20250715,2025-07-15,2025,3,Q3,7,July,Jul,29,15,2,15A25,FALSE
20250716,2025-07-16,2025,3,Q3,7,July,Jul,29,16,3,16A25,FALSE
20250717,2025-07-17,2025,3,Q3,7,July,Jul,29,17,4,17A25,FALSE
20250718,2025-07-18,2025,3,Q3,7,July,Jul,29,18,5,18A25,FALSE
20250719,2025-07-19,2025,3,Q3,7,July,Jul,29,19,6,19A25,TRUE
20250720,2025-07-20,2025,3,Q3,7,July,Jul,29,20,0,20A25,TRUE
20250721,2025-07-21,2025,3,Q3,7,July,Jul,30,21,1,21A25,FALSE
20250722,2025-07-22,2025,3,Q3,7,July,Jul,30,22,2,22A25,FALSE
20250723,2025-07-23,2025,3,Q3,7,July,Jul,30,23,3,23A25,FALSE
20250724,2025-07-24,2025,3,Q3,7,July,Jul,30,24,4,24A25,FALSE
20250725,2025-07-25,2025,3,Q3,7,July,Jul,30,25,5,25A25,FALSE
20250726,2025-07-26,2025,3,Q3,7,July,Jul,30,26,6,26A25,TRUE
20250727,2025-07-27,2025,3,Q3,7,July,Jul,30,27,0,27A25,TRUE
20250728,2025-07-28,2025,3,Q3,7,July,Jul,31,28,1,28A25,FALSE
20250729,2025-07-29,2025,3,Q3,7,July,Jul,31,29,2,29A25,FALSE
20250730,2025-07-30,2025,3,Q3,7,July,Jul,31,30,3,30A25,FALSE
20250731,2025-07-31,2025,3,Q3,7,July,Jul,31,31,4,31A25,FALSE
20250801,2025-08-01,2025,3,Q3,8,August,Aug,31,1,5,1A25,FALSE
20250802,2025-08-02,2025,3,Q3,8,August,Aug,31,2,6,2A25,TRUE
20250803,2025-08-03,2025,3,Q3,8,August,Aug,31,3,0,3A25,TRUE
20250804,2025-08-04,2025,3,Q3,8,August,Aug,32,4,1,4A25,FALSE
20250805,2025-08-05,2025,3,Q3,8,August,Aug,32,5,2,5A25,FALSE
20250806,2025-08-06,2025,3,Q3,8,August,Aug,32,6,3,6A25,FALSE
20250807,2025-08-07,2025,3,Q3,8,August,Aug,32,7,4,7A25,FALSE
20250808,2025-08-08,2025,3,Q3,8,August,Aug,32,8,5,8A25,FALSE
20250809,2025-08-09,2025,3,Q3,8,August,Aug,32,9,6,9A25,TRUE
20250810,2025-08-10,2025,3,Q3,8,August,Aug,32,10,0,10A25,TRUE
20250811,2025-08-11,2025,3,Q3,8,August,Aug,33,11,1,11A25,FALSE
20250812,2025-08-12,2025,3,Q3,8,August,Aug,33,12,2,12A25,FALSE
20250813,2025-08-13,2025,3,Q3,8,August,Aug,33,13,3,13A25,FALSE
20250814,2025-08-14,2025,3,Q3,8,August,Aug,33,14,4,14A25,FALSE
20250815,2025-08-15,2025,3,Q3,8,August,Aug,33,15,5,15A25,FALSE
20250816,2025-08-16,2025,3,Q3,8,August,Aug,33,16,6,16A25,TRUE
20250817,2025-08-17,2025,3,Q3,8,August,Aug,33,17,0,17A25,TRUE
20250818,2025-08-18,2025,3,Q3,8,August,Aug,34,18,1,18A25,FALSE
20250819,2025-08-19,2025,3,Q3,8,August,Aug,34,19,2,19A25,FALSE
20250820,2025-08-20,2025,3,Q3,8,August,Aug,34,20,3,20A25,FALSE
20250821,2025-08-21,2025,3,Q3,8,August,Aug,34,21,4,21A25,FALSE
20250822,2025-08-22,2025,3,Q3,8,August,Aug,34,22,5,22A25,FALSE
20250823,2025-08-23,2025,3,Q3,8,August,Aug,34,23,6,23A25,TRUE
20250824,2025-08-24,2025,3,Q3,8,August,Aug,34,24,0,24A25,TRUE
20250825,2025-08-25,2025,3,Q3,8,August,Aug,35,25,1,25A25,FALSE
20250826,2025-08-26,2025,3,Q3,8,August,Aug,35,26,2,26A25,FALSE
20250827,2025-08-27,2025,3,Q3,8,August,Aug,35,27,3,27A25,FALSE
20250828,2025-08-28,2025,3,Q3,8,August,Aug,35,28,4,28A25,FALSE
20250829,2025-08-29,2025,3,Q3,8,August,Aug,35,29,5,29A25,FALSE
20250830,2025-08-30,2025,3,Q3,8,August,Aug,35,30,6,30A25,TRUE
20250831,2025-08-31,2025,3,Q3,8,August,Aug,35,31,0,31A25,TRUE
20250901,2025-09-01,2025,3,Q3,9,September,Sep,36,1,1,1A25,FALSE
20250902,2025-09-02,2025,3,Q3,9,September,Sep,36,2,2,2A25,FALSE
20250903,2025-09-03,2025,3,Q3,9,September,Sep,36,3,3,3A25,FALSE
20250904,2025-09-04,2025,3,Q3,9,September,Sep,36,4,4,4A25,FALSE
20250905,2025-09-05,2025,3,Q3,9,September,Sep,36,5,5,5A25,FALSE
20250906,2025-09-06,2025,3,Q3,9,September,Sep,36,6,6,6A25,TRUE
20250907,2025-09-07,2025,3,Q3,9,September,Sep,36,7,0,7A25,TRUE
20250908,2025-09-08,2025,3,Q3,9,September,Sep,37,8,1,8A25,FALSE
20250909,2025-09-09,2025,3,Q3,9,September,Sep,37,9,2,9A25,FALSE
20250910,2025-09-10,2025,3,Q3,9,September,Sep,37,10,3,10A25,FALSE
20250911,2025-09-11,2025,3,Q3,9,September,Sep,37,11,4,11A25,FALSE
20250912,2025-09-12,2025,3,Q3,9,September,Sep,37,12,5,12A25,FALSE
20250913,2025-09-13,2025,3,Q3,9,September,Sep,37,13,6,13A25,TRUE
20250914,2025-09-14,2025,3,Q3,9,September,Sep,37,14,0,14A25,TRUE
20250915,2025-09-15,2025,3,Q3,9,September,Sep,38,15,1,15A25,FALSE
20250916,2025-09-16,2025,3,Q3,9,September,Sep,38,16,2,16A25,FALSE
20250917,2025-09-17,2025,3,Q3,9,September,Sep,38,17,3,17A25,FALSE
20250918,2025-09-18,2025,3,Q3,9,September,Sep,38,18,4,18A25,FALSE
20250919,2025-09-19,2025,3,Q3,9,September,Sep,38,19,5,19A25,FALSE
20250920,2025-09-20,2025,3,Q3,9,September,Sep,38,20,6,20A25,TRUE
20250921,2025-09-21,2025,3,Q3,9,September,Sep,38,21,0,21A25,TRUE
20250922,2025-09-22,2025,3,Q3,9,September,Sep,39,22,1,22A25,FALSE
20250923,2025-09-23,2025,3,Q3,9,September,Sep,39,23,2,23A25,FALSE
20250924,2025-09-24,2025,3,Q3,9,September,Sep,39,24,3,24A25,FALSE
20250925,2025-09-25,2025,3,Q3,9,September,Sep,39,25,4,25A25,FALSE
20250926,2025-09-26,2025,3,Q3,9,September,Sep,39,26,5,26A25,FALSE
20250927,2025-09-27,2025,3,Q3,9,September,Sep,39,27,6,27A25,TRUE
20250928,2025-09-28,2025,3,Q3,9,September,Sep,39,28,0,28A25,TRUE
20250929,2025-09-29,2025,3,Q3,9,September,Sep,40,29,1,29A25,FALSE
20250930,2025-09-30,2025,3,Q3,9,September,Sep,40,30,2,30A25,FALSE
20251001,2025-10-01,2025,4,Q4,10,October,Oct,40,1,3,1A25,FALSE
20251002,2025-10-02,2025,4,Q4,10,October,Oct,40,2,4,2A25,FALSE
20251003,2025-10-03,2025,4,Q4,10,October,Oct,40,3,5,3A25,FALSE
20251004,2025-10-04,2025,4,Q4,10,October,Oct,40,4,6,4A25,TRUE
20251005,2025-10-05,2025,4,Q4,10,October,Oct,40,5,0,5A25,TRUE
20251006,2025-10-06,2025,4,Q4,10,October,Oct,41,6,1,6A25,FALSE
20251007,2025-10-07,2025,4,Q4,10,October,Oct,41,7,2,7A25,FALSE
20251008,2025-10-08,2025,4,Q4,10,October,Oct,41,8,3,8A25,FALSE
20251009,2025-10-09,2025,4,Q4,10,October,Oct,41,9,4,9A25,FALSE
20251010,2025-10-10,2025,4,Q4,10,October,Oct,41,10,5,10A25,FALSE
20251011,2025-10-11,2025,4,Q4,10,October,Oct,41,11,6,11A25,TRUE
20251012,2025-10-12,2025,4,Q4,10,October,Oct,41,12,0,12A25,TRUE
20251013,2025-10-13,2025,4,Q4,10,October,Oct,42,13,1,13A25,FALSE
20251014,2025-10-14,2025,4,Q4,10,October,Oct,42,14,2,14A25,FALSE
20251015,2025-10-15,2025,4,Q4,10,October,Oct,42,15,3,15A25,FALSE
20251016,2025-10-16,2025,4,Q4,10,October,Oct,42,16,4,16A25,FALSE
20251017,2025-10-17,2025,4,Q4,10,October,Oct,42,17,5,17A25,FALSE
20251018,2025-10-18,2025,4,Q4,10,October,Oct,42,18,6,18A25,TRUE
20251019,2025-10-19,2025,4,Q4,10,October,Oct,42,19,0,19A25,TRUE
20251020,2025-10-20,2025,4,Q4,10,October,Oct,43,20,1,20A25,FALSE
20251021,2025-10-21,2025,4,Q4,10,October,Oct,43,21,2,21A25,FALSE
20251022,2025-10-22,2025,4,Q4,10,October,Oct,43,22,3,22A25,FALSE
20251023,2025-10-23,2025,4,Q4,10,October,Oct,43,23,4,23A25,FALSE
20251024,2025-10-24,2025,4,Q4,10,October,Oct,43,24,5,24A25,FALSE
20251025,2025-10-25,2025,4,Q4,10,October,Oct,43,25,6,25A25,TRUE
20251026,2025-10-26,2025,4,Q4,10,October,Oct,43,26,0,26A25,TRUE
20251027,2025-10-27,2025,4,Q4,10,October,Oct,44,27,1,27A25,FALSE
20251028,2025-10-28,2025,4,Q4,10,October,Oct,44,28,2,28A25,FALSE
20251029,2025-10-29,2025,4,Q4,10,October,Oct,44,29,3,29A25,FALSE
20251030,2025-10-30,2025,4,Q4,10,October,Oct,44,30,4,30A25,FALSE
20251031,2025-10-31,2025,4,Q4,10,October,Oct,44,31,5,31A25,FALSE
20251101,2025-11-01,2025,4,Q4,11,November,Nov,44,1,6,1A25,TRUE
20251102,2025-11-02,2025,4,Q4,11,November,Nov,44,2,0,2A25,TRUE
20251103,2025-11-03,2025,4,Q4,11,November,Nov,45,3,1,3A25,FALSE
20251104,2025-11-04,2025,4,Q4,11,November,Nov,45,4,2,4A25,FALSE
20251105,2025-11-05,2025,4,Q4,11,November,Nov,45,5,3,5A25,FALSE
20251106,2025-11-06,2025,4,Q4,11,November,Nov,45,6,4,6A25,FALSE
20251107,2025-11-07,2025,4,Q4,11,November,Nov,45,7,5,7A25,FALSE
20251108,2025-11-08,2025,4,Q4,11,November,Nov,45,8,6,8A25,TRUE
20251109,2025-11-09,2025,4,Q4,11,November,Nov,45,9,0,9A25,TRUE
20251110,2025-11-10,2025,4,Q4,11,November,Nov,46,10,1,10A25,FALSE
20251111,2025-11-11,2025,4,Q4,11,November,Nov,46,11,2,11A25,FALSE
20251112,2025-11-12,2025,4,Q4,11,November,Nov,46,12,3,12A25,FALSE
20251113,2025-11-13,2025,4,Q4,11,November,Nov,46,13,4,13A25,FALSE
20251114,2025-11-14,2025,4,Q4,11,November,Nov,46,14,5,14A25,FALSE
20251115,2025-11-15,2025,4,Q4,11,November,Nov,46,15,6,15A25,TRUE
20251116,2025-11-16,2025,4,Q4,11,November,Nov,46,16,0,16A25,TRUE
20251117,2025-11-17,2025,4,Q4,11,November,Nov,47,17,1,17A25,FALSE
20251118,2025-11-18,2025,4,Q4,11,November,Nov,47,18,2,18A25,FALSE
20251119,2025-11-19,2025,4,Q4,11,November,Nov,47,19,3,19A25,FALSE
20251120,2025-11-20,2025,4,Q4,11,November,Nov,47,20,4,20A25,FALSE
20251121,2025-11-21,2025,4,Q4,11,November,Nov,47,21,5,21A25,FALSE
20251122,2025-11-22,2025,4,Q4,11,November,Nov,47,22,6,22A25,TRUE
20251123,2025-11-23,2025,4,Q4,11,November,Nov,47,23,0,23A25,TRUE
20251124,2025-11-24,2025,4,Q4,11,November,Nov,48,24,1,24A25,FALSE
20251125,2025-11-25,2025,4,Q4,11,November,Nov,48,25,2,25A25,FALSE
20251126,2025-11-26,2025,4,Q4,11,November,Nov,48,26,3,26A25,FALSE
20251127,2025-11-27,2025,4,Q4,11,November,Nov,48,27,4,27A25,FALSE
20251128,2025-11-28,2025,4,Q4,11,November,Nov,48,28,5,28A25,FALSE
20251129,2025-11-29,2025,4,Q4,11,November,Nov,48,29,6,29A25,TRUE
20251130,2025-11-30,2025,4,Q4,11,November,Nov,48,30,0,30A25,TRUE
20251201,2025-12-01,2025,4,Q4,12,December,Dec,49,1,1,1A25,FALSE
20251202,2025-12-02,2025,4,Q4,12,December,Dec,49,2,2,2A25,FALSE
20251203,2025-12-03,2025,4,Q4,12,December,Dec,49,3,3,3A25,FALSE
20251204,2025-12-04,2025,4,Q4,12,December,Dec,49,4,4,4A25,FALSE
20251205,2025-12-05,2025,4,Q4,12,December,Dec,49,5,5,5A25,FALSE
20251206,2025-12-06,2025,4,Q4,12,December,Dec,49,6,6,6A25,TRUE
20251207,2025-12-07,2025,4,Q4,12,December,Dec,49,7,0,7A25,TRUE
20251208,2025-12-08,2025,4,Q4,12,December,Dec,50,8,1,8A25,FALSE
20251209,2025-12-09,2025,4,Q4,12,December,Dec,50,9,2,9A25,FALSE
20251210,2025-12-10,2025,4,Q4,12,December,Dec,50,10,3,10A25,FALSE
20251211,2025-12-11,2025,4,Q4,12,December,Dec,50,11,4,11A25,FALSE
20251212,2025-12-12,2025,4,Q4,12,December,Dec,50,12,5,12A25,FALSE
20251213,2025-12-13,2025,4,Q4,12,December,Dec,50,13,6,13A25,TRUE
20251214,2025-12-14,2025,4,Q4,12,December,Dec,50,14,0,14A25,TRUE
20251215,2025-12-15,2025,4,Q4,12,December,Dec,51,15,1,15A25,FALSE
20251216,2025-12-16,2025,4,Q4,12,December,Dec,51,16,2,16A25,FALSE
20251217,2025-12-17,2025,4,Q4,12,December,Dec,51,17,3,17A25,FALSE
20251218,2025-12-18,2025,4,Q4,12,December,Dec,51,18,4,18A25,FALSE
20251219,2025-12-19,2025,4,Q4,12,December,Dec,51,19,5,19A25,FALSE
20251220,2025-12-20,2025,4,Q4,12,December,Dec,51,20,6,20A25,TRUE
20251221,2025-12-21,2025,4,Q4,12,December,Dec,51,21,0,21A25,TRUE
20251222,2025-12-22,2025,4,Q4,12,December,Dec,52,22,1,22A25,FALSE
20251223,2025-12-23,2025,4,Q4,12,December,Dec,52,23,2,23A25,FALSE
20251224,2025-12-24,2025,4,Q4,12,December,Dec,52,24,3,24A25,FALSE
20251225,2025-12-25,2025,4,Q4,12,December,Dec,52,25,4,25A25,FALSE
20251226,2025-12-26,2025,4,Q4,12,December,Dec,52,26,5,26A25,FALSE
20251227,2025-12-27,2025,4,Q4,12,December,Dec,52,27,6,27A25,TRUE
20251228,2025-12-28,2025,4,Q4,12,December,Dec,52,28,0,28A25,TRUE
20251229,2025-12-29,2025,4,Q4,12,December,Dec,1,29,1,29A25,FALSE
20251230,2025-12-30,2025,4,Q4,12,December,Dec,1,30,2,30A25,FALSE
20251231,2025-12-31,2025,4,Q4,12,December,Dec,1,31,3,31A25,FALSE
20260101,2026-01-01,2026,1,Q1,1,January,Jan,1,1,4,1A26,FALSE
20260102,2026-01-02,2026,1,Q1,1,January,Jan,1,2,5,2A26,FALSE
20260103,2026-01-03,2026,1,Q1,1,January,Jan,1,3,6,3A26,TRUE
20260104,2026-01-04,2026,1,Q1,1,January,Jan,1,4,0,4A26,TRUE
20260105,2026-01-05,2026,1,Q1,1,January,Jan,2,5,1,5A26,FALSE
20260106,2026-01-06,2026,1,Q1,1,January,Jan,2,6,2,6A26,FALSE
20260107,2026-01-07,2026,1,Q1,1,January,Jan,2,7,3,7A26,FALSE
20260108,2026-01-08,2026,1,Q1,1,January,Jan,2,8,4,8A26,FALSE
20260109,2026-01-09,2026,1,Q1,1,January,Jan,2,9,5,9A26,FALSE
20260110,2026-01-10,2026,1,Q1,1,January,Jan,2,10,6,10A26,TRUE
20260111,2026-01-11,2026,1,Q1,1,January,Jan,2,11,0,11A26,TRUE
20260112,2026-01-12,2026,1,Q1,1,January,Jan,3,12,1,12A26,FALSE
20260113,2026-01-13,2026,1,Q1,1,January,Jan,3,13,2,13A26,FALSE
20260114,2026-01-14,2026,1,Q1,1,January,Jan,3,14,3,14A26,FALSE
20260115,2026-01-15,2026,1,Q1,1,January,Jan,3,15,4,15A26,FALSE
20260116,2026-01-16,2026,1,Q1,1,January,Jan,3,16,5,16A26,FALSE
20260117,2026-01-17,2026,1,Q1,1,January,Jan,3,17,6,17A26,TRUE
20260118,2026-01-18,2026,1,Q1,1,January,Jan,3,18,0,18A26,TRUE
20260119,2026-01-19,2026,1,Q1,1,January,Jan,4,19,1,19A26,FALSE
20260120,2026-01-20,2026,1,Q1,1,January,Jan,4,20,2,20A26,FALSE
20260121,2026-01-21,2026,1,Q1,1,January,Jan,4,21,3,21A26,FALSE
20260122,2026-01-22,2026,1,Q1,1,January,Jan,4,22,4,22A26,FALSE
20260123,2026-01-23,2026,1,Q1,1,January,Jan,4,23,5,23A26,FALSE
20260124,2026-01-24,2026,1,Q1,1,January,Jan,4,24,6,24A26,TRUE
20260125,2026-01-25,2026,1,Q1,1,January,Jan,4,25,0,25A26,TRUE
20260126,2026-01-26,2026,1,Q1,1,January,Jan,5,26,1,26A26,FALSE
20260127,2026-01-27,2026,1,Q1,1,January,Jan,5,27,2,27A26,FALSE
20260128,2026-01-28,2026,1,Q1,1,January,Jan,5,28,3,28A26,FALSE
20260129,2026-01-29,2026,1,Q1,1,January,Jan,5,29,4,29A26,FALSE
20260130,2026-01-30,2026,1,Q1,1,January,Jan,5,30,5,30A26,FALSE
20260131,2026-01-31,2026,1,Q1,1,January,Jan,5,31,6,31A26,TRUE
20260201,2026-02-01,2026,1,Q1,2,February,Feb,5,1,0,1A26,TRUE
20260202,2026-02-02,2026,1,Q1,2,February,Feb,6,2,1,2A26,FALSE
20260203,2026-02-03,2026,1,Q1,2,February,Feb,6,3,2,3A26,FALSE
20260204,2026-02-04,2026,1,Q1,2,February,Feb,6,4,3,4A26,FALSE
20260205,2026-02-05,2026,1,Q1,2,February,Feb,6,5,4,5A26,FALSE
20260206,2026-02-06,2026,1,Q1,2,February,Feb,6,6,5,6A26,FALSE
20260207,2026-02-07,2026,1,Q1,2,February,Feb,6,7,6,7A26,TRUE
20260208,2026-02-08,2026,1,Q1,2,February,Feb,6,8,0,8A26,TRUE
20260209,2026-02-09,2026,1,Q1,2,February,Feb,7,9,1,9A26,FALSE
20260210,2026-02-10,2026,1,Q1,2,February,Feb,7,10,2,10A26,FALSE
20260211,2026-02-11,2026,1,Q1,2,February,Feb,7,11,3,11A26,FALSE
20260212,2026-02-12,2026,1,Q1,2,February,Feb,7,12,4,12A26,FALSE
20260213,2026-02-13,2026,1,Q1,2,February,Feb,7,13,5,13A26,FALSE
20260214,2026-02-14,2026,1,Q1,2,February,Feb,7,14,6,14A26,TRUE
20260215,2026-02-15,2026,1,Q1,2,February,Feb,7,15,0,15A26,TRUE
20260216,2026-02-16,2026,1,Q1,2,February,Feb,8,16,1,16A26,FALSE
20260217,2026-02-17,2026,1,Q1,2,February,Feb,8,17,2,17A26,FALSE
20260218,2026-02-18,2026,1,Q1,2,February,Feb,8,18,3,18A26,FALSE
20260219,2026-02-19,2026,1,Q1,2,February,Feb,8,19,4,19A26,FALSE
20260220,2026-02-20,2026,1,Q1,2,February,Feb,8,20,5,20A26,FALSE
20260221,2026-02-21,2026,1,Q1,2,February,Feb,8,21,6,21A26,TRUE
20260222,2026-02-22,2026,1,Q1,2,February,Feb,8,22,0,22A26,TRUE
20260223,2026-02-23,2026,1,Q1,2,February,Feb,9,23,1,23A26,FALSE
20260224,2026-02-24,2026,1,Q1,2,February,Feb,9,24,2,24A26,FALSE
20260225,2026-02-25,2026,1,Q1,2,February,Feb,9,25,3,25A26,FALSE
20260226,2026-02-26,2026,1,Q1,2,February,Feb,9,26,4,26A26,FALSE
20260227,2026-02-27,2026,1,Q1,2,February,Feb,9,27,5,27A26,FALSE
20260228,2026-02-28,2026,1,Q1,2,February,Feb,9,28,6,28A26,TRUE
20260301,2026-03-01,2026,1,Q1,3,March,Mar,9,1,0,1A26,TRUE
20260302,2026-03-02,2026,1,Q1,3,March,Mar,10,2,1,2A26,FALSE
20260303,2026-03-03,2026,1,Q1,3,March,Mar,10,3,2,3A26,FALSE
20260304,2026-03-04,2026,1,Q1,3,March,Mar,10,4,3,4A26,FALSE
20260305,2026-03-05,2026,1,Q1,3,March,Mar,10,5,4,5A26,FALSE
20260306,2026-03-06,2026,1,Q1,3,March,Mar,10,6,5,6A26,FALSE
20260307,2026-03-07,2026,1,Q1,3,March,Mar,10,7,6,7A26,TRUE
20260308,2026-03-08,2026,1,Q1,3,March,Mar,10,8,0,8A26,TRUE
20260309,2026-03-09,2026,1,Q1,3,March,Mar,11,9,1,9A26,FALSE
20260310,2026-03-10,2026,1,Q1,3,March,Mar,11,10,2,10A26,FALSE
20260311,2026-03-11,2026,1,Q1,3,March,Mar,11,11,3,11A26,FALSE
20260312,2026-03-12,2026,1,Q1,3,March,Mar,11,12,4,12A26,FALSE
20260313,2026-03-13,2026,1,Q1,3,March,Mar,11,13,5,13A26,FALSE
20260314,2026-03-14,2026,1,Q1,3,March,Mar,11,14,6,14A26,TRUE
20260315,2026-03-15,2026,1,Q1,3,March,Mar,11,15,0,15A26,TRUE
20260316,2026-03-16,2026,1,Q1,3,March,Mar,12,16,1,16A26,FALSE
20260317,2026-03-17,2026,1,Q1,3,March,Mar,12,17,2,17A26,FALSE
20260318,2026-03-18,2026,1,Q1,3,March,Mar,12,18,3,18A26,FALSE
20260319,2026-03-19,2026,1,Q1,3,March,Mar,12,19,4,19A26,FALSE
20260320,2026-03-20,2026,1,Q1,3,March,Mar,12,20,5,20A26,FALSE
20260321,2026-03-21,2026,1,Q1,3,March,Mar,12,21,6,21A26,TRUE
20260322,2026-03-22,2026,1,Q1,3,March,Mar,12,22,0,22A26,TRUE
20260323,2026-03-23,2026,1,Q1,3,March,Mar,13,23,1,23A26,FALSE
20260324,2026-03-24,2026,1,Q1,3,March,Mar,13,24,2,24A26,FALSE
20260325,2026-03-25,2026,1,Q1,3,March,Mar,13,25,3,25A26,FALSE
20260326,2026-03-26,2026,1,Q1,3,March,Mar,13,26,4,26A26,FALSE
20260327,2026-03-27,2026,1,Q1,3,March,Mar,13,27,5,27A26,FALSE
20260328,2026-03-28,2026,1,Q1,3,March,Mar,13,28,6,28A26,TRUE
20260329,2026-03-29,2026,1,Q1,3,March,Mar,13,29,0,29A26,TRUE
20260330,2026-03-30,2026,1,Q1,3,March,Mar,14,30,1,30A26,FALSE
20260331,2026-03-31,2026,1,Q1,3,March,Mar,14,31,2,31A26,FALSE
20260401,2026-04-01,2026,2,Q2,4,April,Apr,14,1,3,1A26,FALSE
20260402,2026-04-02,2026,2,Q2,4,April,Apr,14,2,4,2A26,FALSE
20260403,2026-04-03,2026,2,Q2,4,April,Apr,14,3,5,3A26,FALSE
20260404,2026-04-04,2026,2,Q2,4,April,Apr,14,4,6,4A26,TRUE
20260405,2026-04-05,2026,2,Q2,4,April,Apr,14,5,0,5A26,TRUE
20260406,2026-04-06,2026,2,Q2,4,April,Apr,15,6,1,6A26,FALSE
20260407,2026-04-07,2026,2,Q2,4,April,Apr,15,7,2,7A26,FALSE
20260408,2026-04-08,2026,2,Q2,4,April,Apr,15,8,3,8A26,FALSE
20260409,2026-04-09,2026,2,Q2,4,April,Apr,15,9,4,9A26,FALSE
20260410,2026-04-10,2026,2,Q2,4,April,Apr,15,10,5,10A26,FALSE
20260411,2026-04-11,2026,2,Q2,4,April,Apr,15,11,6,11A26,TRUE
20260412,2026-04-12,2026,2,Q2,4,April,Apr,15,12,0,12A26,TRUE
20260413,2026-04-13,2026,2,Q2,4,April,Apr,16,13,1,13A26,FALSE
20260414,2026-04-14,2026,2,Q2,4,April,Apr,16,14,2,14A26,FALSE
20260415,2026-04-15,2026,2,Q2,4,April,Apr,16,15,3,15A26,FALSE
20260416,2026-04-16,2026,2,Q2,4,April,Apr,16,16,4,16A26,FALSE
20260417,2026-04-17,2026,2,Q2,4,April,Apr,16,17,5,17A26,FALSE
20260418,2026-04-18,2026,2,Q2,4,April,Apr,16,18,6,18A26,TRUE
20260419,2026-04-19,2026,2,Q2,4,April,Apr,16,19,0,19A26,TRUE
20260420,2026-04-20,2026,2,Q2,4,April,Apr,17,20,1,20A26,FALSE
20260421,2026-04-21,2026,2,Q2,4,April,Apr,17,21,2,21A26,FALSE
20260422,2026-04-22,2026,2,Q2,4,April,Apr,17,22,3,22A26,FALSE
20260423,2026-04-23,2026,2,Q2,4,April,Apr,17,23,4,23A26,FALSE
20260424,2026-04-24,2026,2,Q2,4,April,Apr,17,24,5,24A26,FALSE
20260425,2026-04-25,2026,2,Q2,4,April,Apr,17,25,6,25A26,TRUE
20260426,2026-04-26,2026,2,Q2,4,April,Apr,17,26,0,26A26,TRUE
20260427,2026-04-27,2026,2,Q2,4,April,Apr,18,27,1,27A26,FALSE
20260428,2026-04-28,2026,2,Q2,4,April,Apr,18,28,2,28A26,FALSE
20260429,2026-04-29,2026,2,Q2,4,April,Apr,18,29,3,29A26,FALSE
20260430,2026-04-30,2026,2,Q2,4,April,Apr,18,30,4,30A26,FALSE
20260501,2026-05-01,2026,2,Q2,5,May,May,18,1,5,1A26,FALSE
20260502,2026-05-02,2026,2,Q2,5,May,May,18,2,6,2A26,TRUE
20260503,2026-05-03,2026,2,Q2,5,May,May,18,3,0,3A26,TRUE
20260504,2026-05-04,2026,2,Q2,5,May,May,19,4,1,4A26,FALSE
20260505,2026-05-05,2026,2,Q2,5,May,May,19,5,2,5A26,FALSE
20260506,2026-05-06,2026,2,Q2,5,May,May,19,6,3,6A26,FALSE
20260507,2026-05-07,2026,2,Q2,5,May,May,19,7,4,7A26,FALSE
20260508,2026-05-08,2026,2,Q2,5,May,May,19,8,5,8A26,FALSE
20260509,2026-05-09,2026,2,Q2,5,May,May,19,9,6,9A26,TRUE
20260510,2026-05-10,2026,2,Q2,5,May,May,19,10,0,10A26,TRUE
20260511,2026-05-11,2026,2,Q2,5,May,May,20,11,1,11A26,FALSE
20260512,2026-05-12,2026,2,Q2,5,May,May,20,12,2,12A26,FALSE
20260513,2026-05-13,2026,2,Q2,5,May,May,20,13,3,13A26,FALSE
20260514,2026-05-14,2026,2,Q2,5,May,May,20,14,4,14A26,FALSE
20260515,2026-05-15,2026,2,Q2,5,May,May,20,15,5,15A26,FALSE
20260516,2026-05-16,2026,2,Q2,5,May,May,20,16,6,16A26,TRUE
20260517,2026-05-17,2026,2,Q2,5,May,May,20,17,0,17A26,TRUE
20260518,2026-05-18,2026,2,Q2,5,May,May,21,18,1,18A26,FALSE
20260519,2026-05-19,2026,2,Q2,5,May,May,21,19,2,19A26,FALSE
20260520,2026-05-20,2026,2,Q2,5,May,May,21,20,3,20A26,FALSE
20260521,2026-05-21,2026,2,Q2,5,May,May,21,21,4,21A26,FALSE
20260522,2026-05-22,2026,2,Q2,5,May,May,21,22,5,22A26,FALSE
20260523,2026-05-23,2026,2,Q2,5,May,May,21,23,6,23A26,TRUE
20260524,2026-05-24,2026,2,Q2,5,May,May,21,24,0,24A26,TRUE
20260525,2026-05-25,2026,2,Q2,5,May,May,22,25,1,25A26,FALSE
20260526,2026-05-26,2026,2,Q2,5,May,May,22,26,2,26A26,FALSE
20260527,2026-05-27,2026,2,Q2,5,May,May,22,27,3,27A26,FALSE
20260528,2026-05-28,2026,2,Q2,5,May,May,22,28,4,28A26,FALSE
20260529,2026-05-29,2026,2,Q2,5,May,May,22,29,5,29A26,FALSE
20260530,2026-05-30,2026,2,Q2,5,May,May,22,30,6,30A26,TRUE
20260531,2026-05-31,2026,2,Q2,5,May,May,22,31,0,31A26,TRUE
20260601,2026-06-01,2026,2,Q2,6,June,Jun,23,1,1,1A26,FALSE
20260602,2026-06-02,2026,2,Q2,6,June,Jun,23,2,2,2A26,FALSE
20260603,2026-06-03,2026,2,Q2,6,June,Jun,23,3,3,3A26,FALSE
20260604,2026-06-04,2026,2,Q2,6,June,Jun,23,4,4,4A26,FALSE
20260605,2026-06-05,2026,2,Q2,6,June,Jun,23,5,5,5A26,FALSE
20260606,2026-06-06,2026,2,Q2,6,June,Jun,23,6,6,6A26,TRUE
20260607,2026-06-07,2026,2,Q2,6,June,Jun,23,7,0,7A26,TRUE
20260608,2026-06-08,2026,2,Q2,6,June,Jun,24,8,1,8A26,FALSE
20260609,2026-06-09,2026,2,Q2,6,June,Jun,24,9,2,9A26,FALSE
20260610,2026-06-10,2026,2,Q2,6,June,Jun,24,10,3,10A26,FALSE
20260611,2026-06-11,2026,2,Q2,6,June,Jun,24,11,4,11A26,FALSE
20260612,2026-06-12,2026,2,Q2,6,June,Jun,24,12,5,12A26,FALSE
20260613,2026-06-13,2026,2,Q2,6,June,Jun,24,13,6,13A26,TRUE
20260614,2026-06-14,2026,2,Q2,6,June,Jun,24,14,0,14A26,TRUE
20260615,2026-06-15,2026,2,Q2,6,June,Jun,25,15,1,15A26,FALSE
20260616,2026-06-16,2026,2,Q2,6,June,Jun,25,16,2,16A26,FALSE
20260617,2026-06-17,2026,2,Q2,6,June,Jun,25,17,3,17A26,FALSE
20260618,2026-06-18,2026,2,Q2,6,June,Jun,25,18,4,18A26,FALSE
20260619,2026-06-19,2026,2,Q2,6,June,Jun,25,19,5,19A26,FALSE
20260620,2026-06-20,2026,2,Q2,6,June,Jun,25,20,6,20A26,TRUE
20260621,2026-06-21,2026,2,Q2,6,June,Jun,25,21,0,21A26,TRUE
20260622,2026-06-22,2026,2,Q2,6,June,Jun,26,22,1,22A26,FALSE
20260623,2026-06-23,2026,2,Q2,6,June,Jun,26,23,2,23A26,FALSE
20260624,2026-06-24,2026,2,Q2,6,June,Jun,26,24,3,24A26,FALSE
20260625,2026-06-25,2026,2,Q2,6,June,Jun,26,25,4,25A26,FALSE
20260626,2026-06-26,2026,2,Q2,6,June,Jun,26,26,5,26A26,FALSE
20260627,2026-06-27,2026,2,Q2,6,June,Jun,26,27,6,27A26,TRUE
20260628,2026-06-28,2026,2,Q2,6,June,Jun,26,28,0,28A26,TRUE
20260629,2026-06-29,2026,2,Q2,6,June,Jun,27,29,1,29A26,FALSE
20260630,2026-06-30,2026,2,Q2,6,June,Jun,27,30,2,30A26,FALSE
20260701,2026-07-01,2026,3,Q3,7,July,Jul,27,1,3,1A26,FALSE
20260702,2026-07-02,2026,3,Q3,7,July,Jul,27,2,4,2A26,FALSE
20260703,2026-07-03,2026,3,Q3,7,July,Jul,27,3,5,3A26,FALSE
20260704,2026-07-04,2026,3,Q3,7,July,Jul,27,4,6,4A26,TRUE
20260705,2026-07-05,2026,3,Q3,7,July,Jul,27,5,0,5A26,TRUE
20260706,2026-07-06,2026,3,Q3,7,July,Jul,28,6,1,6A26,FALSE
20260707,2026-07-07,2026,3,Q3,7,July,Jul,28,7,2,7A26,FALSE
20260708,2026-07-08,2026,3,Q3,7,July,Jul,28,8,3,8A26,FALSE
20260709,2026-07-09,2026,3,Q3,7,July,Jul,28,9,4,9A26,FALSE
20260710,2026-07-10,2026,3,Q3,7,July,Jul,28,10,5,10A26,FALSE
20260711,2026-07-11,2026,3,Q3,7,July,Jul,28,11,6,11A26,TRUE
20260712,2026-07-12,2026,3,Q3,7,July,Jul,28,12,0,12A26,TRUE
20260713,2026-07-13,2026,3,Q3,7,July,Jul,29,13,1,13A26,FALSE
20260714,2026-07-14,2026,3,Q3,7,July,Jul,29,14,2,14A26,FALSE
20260715,2026-07-15,2026,3,Q3,7,July,Jul,29,15,3,15A26,FALSE
20260716,2026-07-16,2026,3,Q3,7,July,Jul,29,16,4,16A26,FALSE
20260717,2026-07-17,2026,3,Q3,7,July,Jul,29,17,5,17A26,FALSE
20260718,2026-07-18,2026,3,Q3,7,July,Jul,29,18,6,18A26,TRUE
20260719,2026-07-19,2026,3,Q3,7,July,Jul,29,19,0,19A26,TRUE
20260720,2026-07-20,2026,3,Q3,7,July,Jul,30,20,1,20A26,FALSE
20260721,2026-07-21,2026,3,Q3,7,July,Jul,30,21,2,21A26,FALSE
20260722,2026-07-22,2026,3,Q3,7,July,Jul,30,22,3,22A26,FALSE
20260723,2026-07-23,2026,3,Q3,7,July,Jul,30,23,4,23A26,FALSE
20260724,2026-07-24,2026,3,Q3,7,July,Jul,30,24,5,24A26,FALSE
20260725,2026-07-25,2026,3,Q3,7,July,Jul,30,25,6,25A26,TRUE
20260726,2026-07-26,2026,3,Q3,7,July,Jul,30,26,0,26A26,TRUE
20260727,2026-07-27,2026,3,Q3,7,July,Jul,31,27,1,27A26,FALSE
20260728,2026-07-28,2026,3,Q3,7,July,Jul,31,28,2,28A26,FALSE
20260729,2026-07-29,2026,3,Q3,7,July,Jul,31,29,3,29A26,FALSE
20260730,2026-07-30,2026,3,Q3,7,July,Jul,31,30,4,30A26,FALSE
20260731,2026-07-31,2026,3,Q3,7,July,Jul,31,31,5,31A26,FALSE
20260801,2026-08-01,2026,3,Q3,8,August,Aug,31,1,6,1A26,TRUE
20260802,2026-08-02,2026,3,Q3,8,August,Aug,31,2,0,2A26,TRUE
20260803,2026-08-03,2026,3,Q3,8,August,Aug,32,3,1,3A26,FALSE
20260804,2026-08-04,2026,3,Q3,8,August,Aug,32,4,2,4A26,FALSE
20260805,2026-08-05,2026,3,Q3,8,August,Aug,32,5,3,5A26,FALSE
20260806,2026-08-06,2026,3,Q3,8,August,Aug,32,6,4,6A26,FALSE
20260807,2026-08-07,2026,3,Q3,8,August,Aug,32,7,5,7A26,FALSE
20260808,2026-08-08,2026,3,Q3,8,August,Aug,32,8,6,8A26,TRUE
20260809,2026-08-09,2026,3,Q3,8,August,Aug,32,9,0,9A26,TRUE
20260810,2026-08-10,2026,3,Q3,8,August,Aug,33,10,1,10A26,FALSE
20260811,2026-08-11,2026,3,Q3,8,August,Aug,33,11,2,11A26,FALSE
20260812,2026-08-12,2026,3,Q3,8,August,Aug,33,12,3,12A26,FALSE
20260813,2026-08-13,2026,3,Q3,8,August,Aug,33,13,4,13A26,FALSE
20260814,2026-08-14,2026,3,Q3,8,August,Aug,33,14,5,14A26,FALSE
20260815,2026-08-15,2026,3,Q3,8,August,Aug,33,15,6,15A26,TRUE
20260816,2026-08-16,2026,3,Q3,8,August,Aug,33,16,0,16A26,TRUE
20260817,2026-08-17,2026,3,Q3,8,August,Aug,34,17,1,17A26,FALSE
20260818,2026-08-18,2026,3,Q3,8,August,Aug,34,18,2,18A26,FALSE
20260819,2026-08-19,2026,3,Q3,8,August,Aug,34,19,3,19A26,FALSE
20260820,2026-08-20,2026,3,Q3,8,August,Aug,34,20,4,20A26,FALSE
20260821,2026-08-21,2026,3,Q3,8,August,Aug,34,21,5,21A26,FALSE
20260822,2026-08-22,2026,3,Q3,8,August,Aug,34,22,6,22A26,TRUE
20260823,2026-08-23,2026,3,Q3,8,August,Aug,34,23,0,23A26,TRUE
20260824,2026-08-24,2026,3,Q3,8,August,Aug,35,24,1,24A26,FALSE
20260825,2026-08-25,2026,3,Q3,8,August,Aug,35,25,2,25A26,FALSE
20260826,2026-08-26,2026,3,Q3,8,August,Aug,35,26,3,26A26,FALSE
20260827,2026-08-27,2026,3,Q3,8,August,Aug,35,27,4,27A26,FALSE
20260828,2026-08-28,2026,3,Q3,8,August,Aug,35,28,5,28A26,FALSE
20260829,2026-08-29,2026,3,Q3,8,August,Aug,35,29,6,29A26,TRUE
20260830,2026-08-30,2026,3,Q3,8,August,Aug,35,30,0,30A26,TRUE
20260831,2026-08-31,2026,3,Q3,8,August,Aug,36,31,1,31A26,FALSE
20260901,2026-09-01,2026,3,Q3,9,September,Sep,36,1,2,1A26,FALSE
20260902,2026-09-02,2026,3,Q3,9,September,Sep,36,2,3,2A26,FALSE
20260903,2026-09-03,2026,3,Q3,9,September,Sep,36,3,4,3A26,FALSE
20260904,2026-09-04,2026,3,Q3,9,September,Sep,36,4,5,4A26,FALSE
20260905,2026-09-05,2026,3,Q3,9,September,Sep,36,5,6,5A26,TRUE
20260906,2026-09-06,2026,3,Q3,9,September,Sep,36,6,0,6A26,TRUE
20260907,2026-09-07,2026,3,Q3,9,September,Sep,37,7,1,7A26,FALSE
20260908,2026-09-08,2026,3,Q3,9,September,Sep,37,8,2,8A26,FALSE
20260909,2026-09-09,2026,3,Q3,9,September,Sep,37,9,3,9A26,FALSE
20260910,2026-09-10,2026,3,Q3,9,September,Sep,37,10,4,10A26,FALSE
20260911,2026-09-11,2026,3,Q3,9,September,Sep,37,11,5,11A26,FALSE
20260912,2026-09-12,2026,3,Q3,9,September,Sep,37,12,6,12A26,TRUE
20260913,2026-09-13,2026,3,Q3,9,September,Sep,37,13,0,13A26,TRUE
20260914,2026-09-14,2026,3,Q3,9,September,Sep,38,14,1,14A26,FALSE
20260915,2026-09-15,2026,3,Q3,9,September,Sep,38,15,2,15A26,FALSE
20260916,2026-09-16,2026,3,Q3,9,September,Sep,38,16,3,16A26,FALSE
20260917,2026-09-17,2026,3,Q3,9,September,Sep,38,17,4,17A26,FALSE
20260918,2026-09-18,2026,3,Q3,9,September,Sep,38,18,5,18A26,FALSE
20260919,2026-09-19,2026,3,Q3,9,September,Sep,38,19,6,19A26,TRUE
20260920,2026-09-20,2026,3,Q3,9,September,Sep,38,20,0,20A26,TRUE
20260921,2026-09-21,2026,3,Q3,9,September,Sep,39,21,1,21A26,FALSE
20260922,2026-09-22,2026,3,Q3,9,September,Sep,39,22,2,22A26,FALSE
20260923,2026-09-23,2026,3,Q3,9,September,Sep,39,23,3,23A26,FALSE
20260924,2026-09-24,2026,3,Q3,9,September,Sep,39,24,4,24A26,FALSE
20260925,2026-09-25,2026,3,Q3,9,September,Sep,39,25,5,25A26,FALSE
20260926,2026-09-26,2026,3,Q3,9,September,Sep,39,26,6,26A26,TRUE
20260927,2026-09-27,2026,3,Q3,9,September,Sep,39,27,0,27A26,TRUE
20260928,2026-09-28,2026,3,Q3,9,September,Sep,40,28,1,28A26,FALSE
20260929,2026-09-29,2026,3,Q3,9,September,Sep,40,29,2,29A26,FALSE
20260930,2026-09-30,2026,3,Q3,9,September,Sep,40,30,3,30A26,FALSE
20261001,2026-10-01,2026,4,Q4,10,October,Oct,40,1,4,1A26,FALSE
20261002,2026-10-02,2026,4,Q4,10,October,Oct,40,2,5,2A26,FALSE
20261003,2026-10-03,2026,4,Q4,10,October,Oct,40,3,6,3A26,TRUE
20261004,2026-10-04,2026,4,Q4,10,October,Oct,40,4,0,4A26,TRUE
20261005,2026-10-05,2026,4,Q4,10,October,Oct,41,5,1,5A26,FALSE
20261006,2026-10-06,2026,4,Q4,10,October,Oct,41,6,2,6A26,FALSE
20261007,2026-10-07,2026,4,Q4,10,October,Oct,41,7,3,7A26,FALSE
20261008,2026-10-08,2026,4,Q4,10,October,Oct,41,8,4,8A26,FALSE
20261009,2026-10-09,2026,4,Q4,10,October,Oct,41,9,5,9A26,FALSE
20261010,2026-10-10,2026,4,Q4,10,October,Oct,41,10,6,10A26,TRUE
20261011,2026-10-11,2026,4,Q4,10,October,Oct,41,11,0,11A26,TRUE
20261012,2026-10-12,2026,4,Q4,10,October,Oct,42,12,1,12A26,FALSE
20261013,2026-10-13,2026,4,Q4,10,October,Oct,42,13,2,13A26,FALSE
20261014,2026-10-14,2026,4,Q4,10,October,Oct,42,14,3,14A26,FALSE
20261015,2026-10-15,2026,4,Q4,10,October,Oct,42,15,4,15A26,FALSE
20261016,2026-10-16,2026,4,Q4,10,October,Oct,42,16,5,16A26,FALSE
20261017,2026-10-17,2026,4,Q4,10,October,Oct,42,17,6,17A26,TRUE
20261018,2026-10-18,2026,4,Q4,10,October,Oct,42,18,0,18A26,TRUE
20261019,2026-10-19,2026,4,Q4,10,October,Oct,43,19,1,19A26,FALSE
20261020,2026-10-20,2026,4,Q4,10,October,Oct,43,20,2,20A26,FALSE
20261021,2026-10-21,2026,4,Q4,10,October,Oct,43,21,3,21A26,FALSE
20261022,2026-10-22,2026,4,Q4,10,October,Oct,43,22,4,22A26,FALSE
20261023,2026-10-23,2026,4,Q4,10,October,Oct,43,23,5,23A26,FALSE
20261024,2026-10-24,2026,4,Q4,10,October,Oct,43,24,6,24A26,TRUE
20261025,2026-10-25,2026,4,Q4,10,October,Oct,43,25,0,25A26,TRUE
20261026,2026-10-26,2026,4,Q4,10,October,Oct,44,26,1,26A26,FALSE
20261027,2026-10-27,2026,4,Q4,10,October,Oct,44,27,2,27A26,FALSE
20261028,2026-10-28,2026,4,Q4,10,October,Oct,44,28,3,28A26,FALSE
20261029,2026-10-29,2026,4,Q4,10,October,Oct,44,29,4,29A26,FALSE
20261030,2026-10-30,2026,4,Q4,10,October,Oct,44,30,5,30A26,FALSE
20261031,2026-10-31,2026,4,Q4,10,October,Oct,44,31,6,31A26,TRUE
20261101,2026-11-01,2026,4,Q4,11,November,Nov,44,1,0,1A26,TRUE
20261102,2026-11-02,2026,4,Q4,11,November,Nov,45,2,1,2A26,FALSE
20261103,2026-11-03,2026,4,Q4,11,November,Nov,45,3,2,3A26,FALSE
20261104,2026-11-04,2026,4,Q4,11,November,Nov,45,4,3,4A26,FALSE
20261105,2026-11-05,2026,4,Q4,11,November,Nov,45,5,4,5A26,FALSE
20261106,2026-11-06,2026,4,Q4,11,November,Nov,45,6,5,6A26,FALSE
20261107,2026-11-07,2026,4,Q4,11,November,Nov,45,7,6,7A26,TRUE
20261108,2026-11-08,2026,4,Q4,11,November,Nov,45,8,0,8A26,TRUE
20261109,2026-11-09,2026,4,Q4,11,November,Nov,46,9,1,9A26,FALSE
20261110,2026-11-10,2026,4,Q4,11,November,Nov,46,10,2,10A26,FALSE
20261111,2026-11-11,2026,4,Q4,11,November,Nov,46,11,3,11A26,FALSE
20261112,2026-11-12,2026,4,Q4,11,November,Nov,46,12,4,12A26,FALSE
20261113,2026-11-13,2026,4,Q4,11,November,Nov,46,13,5,13A26,FALSE
20261114,2026-11-14,2026,4,Q4,11,November,Nov,46,14,6,14A26,TRUE
20261115,2026-11-15,2026,4,Q4,11,November,Nov,46,15,0,15A26,TRUE
20261116,2026-11-16,2026,4,Q4,11,November,Nov,47,16,1,16A26,FALSE
20261117,2026-11-17,2026,4,Q4,11,November,Nov,47,17,2,17A26,FALSE
20261118,2026-11-18,2026,4,Q4,11,November,Nov,47,18,3,18A26,FALSE
20261119,2026-11-19,2026,4,Q4,11,November,Nov,47,19,4,19A26,FALSE
20261120,2026-11-20,2026,4,Q4,11,November,Nov,47,20,5,20A26,FALSE
20261121,2026-11-21,2026,4,Q4,11,November,Nov,47,21,6,21A26,TRUE
20261122,2026-11-22,2026,4,Q4,11,November,Nov,47,22,0,22A26,TRUE
20261123,2026-11-23,2026,4,Q4,11,November,Nov,48,23,1,23A26,FALSE
20261124,2026-11-24,2026,4,Q4,11,November,Nov,48,24,2,24A26,FALSE
20261125,2026-11-25,2026,4,Q4,11,November,Nov,48,25,3,25A26,FALSE
20261126,2026-11-26,2026,4,Q4,11,November,Nov,48,26,4,26A26,FALSE
20261127,2026-11-27,2026,4,Q4,11,November,Nov,48,27,5,27A26,FALSE
20261128,2026-11-28,2026,4,Q4,11,November,Nov,48,28,6,28A26,TRUE
20261129,2026-11-29,2026,4,Q4,11,November,Nov,48,29,0,29A26,TRUE
20261130,2026-11-30,2026,4,Q4,11,November,Nov,49,30,1,30A26,FALSE
20261201,2026-12-01,2026,4,Q4,12,December,Dec,49,1,2,1A26,FALSE
20261202,2026-12-02,2026,4,Q4,12,December,Dec,49,2,3,2A26,FALSE
20261203,2026-12-03,2026,4,Q4,12,December,Dec,49,3,4,3A26,FALSE
20261204,2026-12-04,2026,4,Q4,12,December,Dec,49,4,5,4A26,FALSE
20261205,2026-12-05,2026,4,Q4,12,December,Dec,49,5,6,5A26,TRUE
20261206,2026-12-06,2026,4,Q4,12,December,Dec,49,6,0,6A26,TRUE
20261207,2026-12-07,2026,4,Q4,12,December,Dec,50,7,1,7A26,FALSE
20261208,2026-12-08,2026,4,Q4,12,December,Dec,50,8,2,8A26,FALSE
20261209,2026-12-09,2026,4,Q4,12,December,Dec,50,9,3,9A26,FALSE
20261210,2026-12-10,2026,4,Q4,12,December,Dec,50,10,4,10A26,FALSE
20261211,2026-12-11,2026,4,Q4,12,December,Dec,50,11,5,11A26,FALSE
20261212,2026-12-12,2026,4,Q4,12,December,Dec,50,12,6,12A26,TRUE
20261213,2026-12-13,2026,4,Q4,12,December,Dec,50,13,0,13A26,TRUE
20261214,2026-12-14,2026,4,Q4,12,December,Dec,51,14,1,14A26,FALSE
20261215,2026-12-15,2026,4,Q4,12,December,Dec,51,15,2,15A26,FALSE
20261216,2026-12-16,2026,4,Q4,12,December,Dec,51,16,3,16A26,FALSE
20261217,2026-12-17,2026,4,Q4,12,December,Dec,51,17,4,17A26,FALSE
20261218,2026-12-18,2026,4,Q4,12,December,Dec,51,18,5,18A26,FALSE
20261219,2026-12-19,2026,4,Q4,12,December,Dec,51,19,6,19A26,TRUE
20261220,2026-12-20,2026,4,Q4,12,December,Dec,51,20,0,20A26,TRUE
20261221,2026-12-21,2026,4,Q4,12,December,Dec,52,21,1,21A26,FALSE
20261222,2026-12-22,2026,4,Q4,12,December,Dec,52,22,2,22A26,FALSE
20261223,2026-12-23,2026,4,Q4,12,December,Dec,52,23,3,23A26,FALSE
20261224,2026-12-24,2026,4,Q4,12,December,Dec,52,24,4,24A26,FALSE
20261225,2026-12-25,2026,4,Q4,12,December,Dec,52,25,5,25A26,FALSE
20261226,2026-12-26,2026,4,Q4,12,December,Dec,52,26,6,26A26,TRUE
20261227,2026-12-27,2026,4,Q4,12,December,Dec,52,27,0,27A26,TRUE
20261228,2026-12-28,2026,4,Q4,12,December,Dec,53,28,1,28A26,FALSE
20261229,2026-12-29,2026,4,Q4,12,December,Dec,53,29,2,29A26,FALSE
20261230,2026-12-30,2026,4,Q4,12,December,Dec,53,30,3,30A26,FALSE
20261231,2026-12-31,2026,4,Q4,12,December,Dec,53,31,4,31A26,FALSE
20270101,2027-01-01,2027,1,Q1,1,January,Jan,53,1,5,1A27,FALSE
20270102,2027-01-02,2027,1,Q1,1,January,Jan,53,2,6,2A27,TRUE
20270103,2027-01-03,2027,1,Q1,1,January,Jan,53,3,0,3A27,TRUE
20270104,2027-01-04,2027,1,Q1,1,January,Jan,1,4,1,4A27,FALSE
20270105,2027-01-05,2027,1,Q1,1,January,Jan,1,5,2,5A27,FALSE
20270106,2027-01-06,2027,1,Q1,1,January,Jan,1,6,3,6A27,FALSE
20270107,2027-01-07,2027,1,Q1,1,January,Jan,1,7,4,7A27,FALSE
20270108,2027-01-08,2027,1,Q1,1,January,Jan,1,8,5,8A27,FALSE
20270109,2027-01-09,2027,1,Q1,1,January,Jan,1,9,6,9A27,TRUE
20270110,2027-01-10,2027,1,Q1,1,January,Jan,1,10,0,10A27,TRUE
20270111,2027-01-11,2027,1,Q1,1,January,Jan,2,11,1,11A27,FALSE
20270112,2027-01-12,2027,1,Q1,1,January,Jan,2,12,2,12A27,FALSE
20270113,2027-01-13,2027,1,Q1,1,January,Jan,2,13,3,13A27,FALSE
20270114,2027-01-14,2027,1,Q1,1,January,Jan,2,14,4,14A27,FALSE
20270115,2027-01-15,2027,1,Q1,1,January,Jan,2,15,5,15A27,FALSE
20270116,2027-01-16,2027,1,Q1,1,January,Jan,2,16,6,16A27,TRUE
20270117,2027-01-17,2027,1,Q1,1,January,Jan,2,17,0,17A27,TRUE
20270118,2027-01-18,2027,1,Q1,1,January,Jan,3,18,1,18A27,FALSE
20270119,2027-01-19,2027,1,Q1,1,January,Jan,3,19,2,19A27,FALSE
20270120,2027-01-20,2027,1,Q1,1,January,Jan,3,20,3,20A27,FALSE
20270121,2027-01-21,2027,1,Q1,1,January,Jan,3,21,4,21A27,FALSE
20270122,2027-01-22,2027,1,Q1,1,January,Jan,3,22,5,22A27,FALSE
20270123,2027-01-23,2027,1,Q1,1,January,Jan,3,23,6,23A27,TRUE
20270124,2027-01-24,2027,1,Q1,1,January,Jan,3,24,0,24A27,TRUE
20270125,2027-01-25,2027,1,Q1,1,January,Jan,4,25,1,25A27,FALSE
20270126,2027-01-26,2027,1,Q1,1,January,Jan,4,26,2,26A27,FALSE
20270127,2027-01-27,2027,1,Q1,1,January,Jan,4,27,3,27A27,FALSE
20270128,2027-01-28,2027,1,Q1,1,January,Jan,4,28,4,28A27,FALSE
20270129,2027-01-29,2027,1,Q1,1,January,Jan,4,29,5,29A27,FALSE
20270130,2027-01-30,2027,1,Q1,1,January,Jan,4,30,6,30A27,TRUE
20270131,2027-01-31,2027,1,Q1,1,January,Jan,4,31,0,31A27,TRUE
20270201,2027-02-01,2027,1,Q1,2,February,Feb,5,1,1,1A27,FALSE
20270202,2027-02-02,2027,1,Q1,2,February,Feb,5,2,2,2A27,FALSE
20270203,2027-02-03,2027,1,Q1,2,February,Feb,5,3,3,3A27,FALSE
20270204,2027-02-04,2027,1,Q1,2,February,Feb,5,4,4,4A27,FALSE
20270205,2027-02-05,2027,1,Q1,2,February,Feb,5,5,5,5A27,FALSE
20270206,2027-02-06,2027,1,Q1,2,February,Feb,5,6,6,6A27,TRUE
20270207,2027-02-07,2027,1,Q1,2,February,Feb,5,7,0,7A27,TRUE
20270208,2027-02-08,2027,1,Q1,2,February,Feb,6,8,1,8A27,FALSE
20270209,2027-02-09,2027,1,Q1,2,February,Feb,6,9,2,9A27,FALSE
20270210,2027-02-10,2027,1,Q1,2,February,Feb,6,10,3,10A27,FALSE
20270211,2027-02-11,2027,1,Q1,2,February,Feb,6,11,4,11A27,FALSE
20270212,2027-02-12,2027,1,Q1,2,February,Feb,6,12,5,12A27,FALSE
20270213,2027-02-13,2027,1,Q1,2,February,Feb,6,13,6,13A27,TRUE
20270214,2027-02-14,2027,1,Q1,2,February,Feb,6,14,0,14A27,TRUE
20270215,2027-02-15,2027,1,Q1,2,February,Feb,7,15,1,15A27,FALSE
20270216,2027-02-16,2027,1,Q1,2,February,Feb,7,16,2,16A27,FALSE
20270217,2027-02-17,2027,1,Q1,2,February,Feb,7,17,3,17A27,FALSE
20270218,2027-02-18,2027,1,Q1,2,February,Feb,7,18,4,18A27,FALSE
20270219,2027-02-19,2027,1,Q1,2,February,Feb,7,19,5,19A27,FALSE
20270220,2027-02-20,2027,1,Q1,2,February,Feb,7,20,6,20A27,TRUE
20270221,2027-02-21,2027,1,Q1,2,February,Feb,7,21,0,21A27,TRUE
20270222,2027-02-22,2027,1,Q1,2,February,Feb,8,22,1,22A27,FALSE
20270223,2027-02-23,2027,1,Q1,2,February,Feb,8,23,2,23A27,FALSE
20270224,2027-02-24,2027,1,Q1,2,February,Feb,8,24,3,24A27,FALSE
20270225,2027-02-25,2027,1,Q1,2,February,Feb,8,25,4,25A27,FALSE
20270226,2027-02-26,2027,1,Q1,2,February,Feb,8,26,5,26A27,FALSE
20270227,2027-02-27,2027,1,Q1,2,February,Feb,8,27,6,27A27,TRUE
20270228,2027-02-28,2027,1,Q1,2,February,Feb,8,28,0,28A27,TRUE
20270301,2027-03-01,2027,1,Q1,3,March,Mar,9,1,1,1A27,FALSE
20270302,2027-03-02,2027,1,Q1,3,March,Mar,9,2,2,2A27,FALSE
20270303,2027-03-03,2027,1,Q1,3,March,Mar,9,3,3,3A27,FALSE
20270304,2027-03-04,2027,1,Q1,3,March,Mar,9,4,4,4A27,FALSE
20270305,2027-03-05,2027,1,Q1,3,March,Mar,9,5,5,5A27,FALSE
20270306,2027-03-06,2027,1,Q1,3,March,Mar,9,6,6,6A27,TRUE
20270307,2027-03-07,2027,1,Q1,3,March,Mar,9,7,0,7A27,TRUE
20270308,2027-03-08,2027,1,Q1,3,March,Mar,10,8,1,8A27,FALSE
20270309,2027-03-09,2027,1,Q1,3,March,Mar,10,9,2,9A27,FALSE
20270310,2027-03-10,2027,1,Q1,3,March,Mar,10,10,3,10A27,FALSE
20270311,2027-03-11,2027,1,Q1,3,March,Mar,10,11,4,11A27,FALSE
20270312,2027-03-12,2027,1,Q1,3,March,Mar,10,12,5,12A27,FALSE
20270313,2027-03-13,2027,1,Q1,3,March,Mar,10,13,6,13A27,TRUE
20270314,2027-03-14,2027,1,Q1,3,March,Mar,10,14,0,14A27,TRUE
20270315,2027-03-15,2027,1,Q1,3,March,Mar,11,15,1,15A27,FALSE
20270316,2027-03-16,2027,1,Q1,3,March,Mar,11,16,2,16A27,FALSE
20270317,2027-03-17,2027,1,Q1,3,March,Mar,11,17,3,17A27,FALSE
20270318,2027-03-18,2027,1,Q1,3,March,Mar,11,18,4,18A27,FALSE
20270319,2027-03-19,2027,1,Q1,3,March,Mar,11,19,5,19A27,FALSE
20270320,2027-03-20,2027,1,Q1,3,March,Mar,11,20,6,20A27,TRUE
20270321,2027-03-21,2027,1,Q1,3,March,Mar,11,21,0,21A27,TRUE
20270322,2027-03-22,2027,1,Q1,3,March,Mar,12,22,1,22A27,FALSE
20270323,2027-03-23,2027,1,Q1,3,March,Mar,12,23,2,23A27,FALSE
20270324,2027-03-24,2027,1,Q1,3,March,Mar,12,24,3,24A27,FALSE
20270325,2027-03-25,2027,1,Q1,3,March,Mar,12,25,4,25A27,FALSE
20270326,2027-03-26,2027,1,Q1,3,March,Mar,12,26,5,26A27,FALSE
20270327,2027-03-27,2027,1,Q1,3,March,Mar,12,27,6,27A27,TRUE
20270328,2027-03-28,2027,1,Q1,3,March,Mar,12,28,0,28A27,TRUE
20270329,2027-03-29,2027,1,Q1,3,March,Mar,13,29,1,29A27,FALSE
20270330,2027-03-30,2027,1,Q1,3,March,Mar,13,30,2,30A27,FALSE
20270331,2027-03-31,2027,1,Q1,3,March,Mar,13,31,3,31A27,FALSE
20270401,2027-04-01,2027,2,Q2,4,April,Apr,13,1,4,1A27,FALSE
20270402,2027-04-02,2027,2,Q2,4,April,Apr,13,2,5,2A27,FALSE
20270403,2027-04-03,2027,2,Q2,4,April,Apr,13,3,6,3A27,TRUE
20270404,2027-04-04,2027,2,Q2,4,April,Apr,13,4,0,4A27,TRUE
20270405,2027-04-05,2027,2,Q2,4,April,Apr,14,5,1,5A27,FALSE
20270406,2027-04-06,2027,2,Q2,4,April,Apr,14,6,2,6A27,FALSE
20270407,2027-04-07,2027,2,Q2,4,April,Apr,14,7,3,7A27,FALSE
20270408,2027-04-08,2027,2,Q2,4,April,Apr,14,8,4,8A27,FALSE
20270409,2027-04-09,2027,2,Q2,4,April,Apr,14,9,5,9A27,FALSE
20270410,2027-04-10,2027,2,Q2,4,April,Apr,14,10,6,10A27,TRUE
20270411,2027-04-11,2027,2,Q2,4,April,Apr,14,11,0,11A27,TRUE
20270412,2027-04-12,2027,2,Q2,4,April,Apr,15,12,1,12A27,FALSE
20270413,2027-04-13,2027,2,Q2,4,April,Apr,15,13,2,13A27,FALSE
20270414,2027-04-14,2027,2,Q2,4,April,Apr,15,14,3,14A27,FALSE
20270415,2027-04-15,2027,2,Q2,4,April,Apr,15,15,4,15A27,FALSE
20270416,2027-04-16,2027,2,Q2,4,April,Apr,15,16,5,16A27,FALSE
20270417,2027-04-17,2027,2,Q2,4,April,Apr,15,17,6,17A27,TRUE
20270418,2027-04-18,2027,2,Q2,4,April,Apr,15,18,0,18A27,TRUE
20270419,2027-04-19,2027,2,Q2,4,April,Apr,16,19,1,19A27,FALSE
20270420,2027-04-20,2027,2,Q2,4,April,Apr,16,20,2,20A27,FALSE
20270421,2027-04-21,2027,2,Q2,4,April,Apr,16,21,3,21A27,FALSE
20270422,2027-04-22,2027,2,Q2,4,April,Apr,16,22,4,22A27,FALSE
20270423,2027-04-23,2027,2,Q2,4,April,Apr,16,23,5,23A27,FALSE
20270424,2027-04-24,2027,2,Q2,4,April,Apr,16,24,6,24A27,TRUE
20270425,2027-04-25,2027,2,Q2,4,April,Apr,16,25,0,25A27,TRUE
20270426,2027-04-26,2027,2,Q2,4,April,Apr,17,26,1,26A27,FALSE
20270427,2027-04-27,2027,2,Q2,4,April,Apr,17,27,2,27A27,FALSE
20270428,2027-04-28,2027,2,Q2,4,April,Apr,17,28,3,28A27,FALSE
20270429,2027-04-29,2027,2,Q2,4,April,Apr,17,29,4,29A27,FALSE
20270430,2027-04-30,2027,2,Q2,4,April,Apr,17,30,5,30A27,FALSE
20270501,2027-05-01,2027,2,Q2,5,May,May,17,1,6,1A27,TRUE
20270502,2027-05-02,2027,2,Q2,5,May,May,17,2,0,2A27,TRUE
20270503,2027-05-03,2027,2,Q2,5,May,May,18,3,1,3A27,FALSE
20270504,2027-05-04,2027,2,Q2,5,May,May,18,4,2,4A27,FALSE
20270505,2027-05-05,2027,2,Q2,5,May,May,18,5,3,5A27,FALSE
20270506,2027-05-06,2027,2,Q2,5,May,May,18,6,4,6A27,FALSE
20270507,2027-05-07,2027,2,Q2,5,May,May,18,7,5,7A27,FALSE
20270508,2027-05-08,2027,2,Q2,5,May,May,18,8,6,8A27,TRUE
20270509,2027-05-09,2027,2,Q2,5,May,May,18,9,0,9A27,TRUE
20270510,2027-05-10,2027,2,Q2,5,May,May,19,10,1,10A27,FALSE
20270511,2027-05-11,2027,2,Q2,5,May,May,19,11,2,11A27,FALSE
20270512,2027-05-12,2027,2,Q2,5,May,May,19,12,3,12A27,FALSE
20270513,2027-05-13,2027,2,Q2,5,May,May,19,13,4,13A27,FALSE
20270514,2027-05-14,2027,2,Q2,5,May,May,19,14,5,14A27,FALSE
20270515,2027-05-15,2027,2,Q2,5,May,May,19,15,6,15A27,TRUE
20270516,2027-05-16,2027,2,Q2,5,May,May,19,16,0,16A27,TRUE
20270517,2027-05-17,2027,2,Q2,5,May,May,20,17,1,17A27,FALSE
20270518,2027-05-18,2027,2,Q2,5,May,May,20,18,2,18A27,FALSE
20270519,2027-05-19,2027,2,Q2,5,May,May,20,19,3,19A27,FALSE
20270520,2027-05-20,2027,2,Q2,5,May,May,20,20,4,20A27,FALSE
20270521,2027-05-21,2027,2,Q2,5,May,May,20,21,5,21A27,FALSE
20270522,2027-05-22,2027,2,Q2,5,May,May,20,22,6,22A27,TRUE
20270523,2027-05-23,2027,2,Q2,5,May,May,20,23,0,23A27,TRUE
20270524,2027-05-24,2027,2,Q2,5,May,May,21,24,1,24A27,FALSE
20270525,2027-05-25,2027,2,Q2,5,May,May,21,25,2,25A27,FALSE
20270526,2027-05-26,2027,2,Q2,5,May,May,21,26,3,26A27,FALSE
20270527,2027-05-27,2027,2,Q2,5,May,May,21,27,4,27A27,FALSE
20270528,2027-05-28,2027,2,Q2,5,May,May,21,28,5,28A27,FALSE
20270529,2027-05-29,2027,2,Q2,5,May,May,21,29,6,29A27,TRUE
20270530,2027-05-30,2027,2,Q2,5,May,May,21,30,0,30A27,TRUE
20270531,2027-05-31,2027,2,Q2,5,May,May,22,31,1,31A27,FALSE
20270601,2027-06-01,2027,2,Q2,6,June,Jun,22,1,2,1A27,FALSE
20270602,2027-06-02,2027,2,Q2,6,June,Jun,22,2,3,2A27,FALSE
20270603,2027-06-03,2027,2,Q2,6,June,Jun,22,3,4,3A27,FALSE
20270604,2027-06-04,2027,2,Q2,6,June,Jun,22,4,5,4A27,FALSE
20270605,2027-06-05,2027,2,Q2,6,June,Jun,22,5,6,5A27,TRUE
20270606,2027-06-06,2027,2,Q2,6,June,Jun,22,6,0,6A27,TRUE
20270607,2027-06-07,2027,2,Q2,6,June,Jun,23,7,1,7A27,FALSE
20270608,2027-06-08,2027,2,Q2,6,June,Jun,23,8,2,8A27,FALSE
20270609,2027-06-09,2027,2,Q2,6,June,Jun,23,9,3,9A27,FALSE
20270610,2027-06-10,2027,2,Q2,6,June,Jun,23,10,4,10A27,FALSE
20270611,2027-06-11,2027,2,Q2,6,June,Jun,23,11,5,11A27,FALSE
20270612,2027-06-12,2027,2,Q2,6,June,Jun,23,12,6,12A27,TRUE
20270613,2027-06-13,2027,2,Q2,6,June,Jun,23,13,0,13A27,TRUE
20270614,2027-06-14,2027,2,Q2,6,June,Jun,24,14,1,14A27,FALSE
20270615,2027-06-15,2027,2,Q2,6,June,Jun,24,15,2,15A27,FALSE
20270616,2027-06-16,2027,2,Q2,6,June,Jun,24,16,3,16A27,FALSE
20270617,2027-06-17,2027,2,Q2,6,June,Jun,24,17,4,17A27,FALSE
20270618,2027-06-18,2027,2,Q2,6,June,Jun,24,18,5,18A27,FALSE
20270619,2027-06-19,2027,2,Q2,6,June,Jun,24,19,6,19A27,TRUE
20270620,2027-06-20,2027,2,Q2,6,June,Jun,24,20,0,20A27,TRUE
20270621,2027-06-21,2027,2,Q2,6,June,Jun,25,21,1,21A27,FALSE
20270622,2027-06-22,2027,2,Q2,6,June,Jun,25,22,2,22A27,FALSE
20270623,2027-06-23,2027,2,Q2,6,June,Jun,25,23,3,23A27,FALSE
20270624,2027-06-24,2027,2,Q2,6,June,Jun,25,24,4,24A27,FALSE
20270625,2027-06-25,2027,2,Q2,6,June,Jun,25,25,5,25A27,FALSE
20270626,2027-06-26,2027,2,Q2,6,June,Jun,25,26,6,26A27,TRUE
20270627,2027-06-27,2027,2,Q2,6,June,Jun,25,27,0,27A27,TRUE
20270628,2027-06-28,2027,2,Q2,6,June,Jun,26,28,1,28A27,FALSE
20270629,2027-06-29,2027,2,Q2,6,June,Jun,26,29,2,29A27,FALSE
20270630,2027-06-30,2027,2,Q2,6,June,Jun,26,30,3,30A27,FALSE
20270701,2027-07-01,2027,3,Q3,7,July,Jul,26,1,4,1A27,FALSE
20270702,2027-07-02,2027,3,Q3,7,July,Jul,26,2,5,2A27,FALSE
20270703,2027-07-03,2027,3,Q3,7,July,Jul,26,3,6,3A27,TRUE
20270704,2027-07-04,2027,3,Q3,7,July,Jul,26,4,0,4A27,TRUE
20270705,2027-07-05,2027,3,Q3,7,July,Jul,27,5,1,5A27,FALSE
20270706,2027-07-06,2027,3,Q3,7,July,Jul,27,6,2,6A27,FALSE
20270707,2027-07-07,2027,3,Q3,7,July,Jul,27,7,3,7A27,FALSE
20270708,2027-07-08,2027,3,Q3,7,July,Jul,27,8,4,8A27,FALSE
20270709,2027-07-09,2027,3,Q3,7,July,Jul,27,9,5,9A27,FALSE
20270710,2027-07-10,2027,3,Q3,7,July,Jul,27,10,6,10A27,TRUE
20270711,2027-07-11,2027,3,Q3,7,July,Jul,27,11,0,11A27,TRUE
20270712,2027-07-12,2027,3,Q3,7,July,Jul,28,12,1,12A27,FALSE
20270713,2027-07-13,2027,3,Q3,7,July,Jul,28,13,2,13A27,FALSE
20270714,2027-07-14,2027,3,Q3,7,July,Jul,28,14,3,14A27,FALSE
20270715,2027-07-15,2027,3,Q3,7,July,Jul,28,15,4,15A27,FALSE
20270716,2027-07-16,2027,3,Q3,7,July,Jul,28,16,5,16A27,FALSE
20270717,2027-07-17,2027,3,Q3,7,July,Jul,28,17,6,17A27,TRUE
20270718,2027-07-18,2027,3,Q3,7,July,Jul,28,18,0,18A27,TRUE
20270719,2027-07-19,2027,3,Q3,7,July,Jul,29,19,1,19A27,FALSE
20270720,2027-07-20,2027,3,Q3,7,July,Jul,29,20,2,20A27,FALSE
20270721,2027-07-21,2027,3,Q3,7,July,Jul,29,21,3,21A27,FALSE
20270722,2027-07-22,2027,3,Q3,7,July,Jul,29,22,4,22A27,FALSE
20270723,2027-07-23,2027,3,Q3,7,July,Jul,29,23,5,23A27,FALSE
20270724,2027-07-24,2027,3,Q3,7,July,Jul,29,24,6,24A27,TRUE
20270725,2027-07-25,2027,3,Q3,7,July,Jul,29,25,0,25A27,TRUE
20270726,2027-07-26,2027,3,Q3,7,July,Jul,30,26,1,26A27,FALSE
20270727,2027-07-27,2027,3,Q3,7,July,Jul,30,27,2,27A27,FALSE
20270728,2027-07-28,2027,3,Q3,7,July,Jul,30,28,3,28A27,FALSE
20270729,2027-07-29,2027,3,Q3,7,July,Jul,30,29,4,29A27,FALSE
20270730,2027-07-30,2027,3,Q3,7,July,Jul,30,30,5,30A27,FALSE
20270731,2027-07-31,2027,3,Q3,7,July,Jul,30,31,6,31A27,TRUE
20270801,2027-08-01,2027,3,Q3,8,August,Aug,30,1,0,1A27,TRUE
20270802,2027-08-02,2027,3,Q3,8,August,Aug,31,2,1,2A27,FALSE
20270803,2027-08-03,2027,3,Q3,8,August,Aug,31,3,2,3A27,FALSE
20270804,2027-08-04,2027,3,Q3,8,August,Aug,31,4,3,4A27,FALSE
20270805,2027-08-05,2027,3,Q3,8,August,Aug,31,5,4,5A27,FALSE
20270806,2027-08-06,2027,3,Q3,8,August,Aug,31,6,5,6A27,FALSE
20270807,2027-08-07,2027,3,Q3,8,August,Aug,31,7,6,7A27,TRUE
20270808,2027-08-08,2027,3,Q3,8,August,Aug,31,8,0,8A27,TRUE
20270809,2027-08-09,2027,3,Q3,8,August,Aug,32,9,1,9A27,FALSE
20270810,2027-08-10,2027,3,Q3,8,August,Aug,32,10,2,10A27,FALSE
20270811,2027-08-11,2027,3,Q3,8,August,Aug,32,11,3,11A27,FALSE
20270812,2027-08-12,2027,3,Q3,8,August,Aug,32,12,4,12A27,FALSE
20270813,2027-08-13,2027,3,Q3,8,August,Aug,32,13,5,13A27,FALSE
20270814,2027-08-14,2027,3,Q3,8,August,Aug,32,14,6,14A27,TRUE
20270815,2027-08-15,2027,3,Q3,8,August,Aug,32,15,0,15A27,TRUE
20270816,2027-08-16,2027,3,Q3,8,August,Aug,33,16,1,16A27,FALSE
20270817,2027-08-17,2027,3,Q3,8,August,Aug,33,17,2,17A27,FALSE
20270818,2027-08-18,2027,3,Q3,8,August,Aug,33,18,3,18A27,FALSE
20270819,2027-08-19,2027,3,Q3,8,August,Aug,33,19,4,19A27,FALSE
20270820,2027-08-20,2027,3,Q3,8,August,Aug,33,20,5,20A27,FALSE
20270821,2027-08-21,2027,3,Q3,8,August,Aug,33,21,6,21A27,TRUE
20270822,2027-08-22,2027,3,Q3,8,August,Aug,33,22,0,22A27,TRUE
20270823,2027-08-23,2027,3,Q3,8,August,Aug,34,23,1,23A27,FALSE
20270824,2027-08-24,2027,3,Q3,8,August,Aug,34,24,2,24A27,FALSE
20270825,2027-08-25,2027,3,Q3,8,August,Aug,34,25,3,25A27,FALSE
20270826,2027-08-26,2027,3,Q3,8,August,Aug,34,26,4,26A27,FALSE
20270827,2027-08-27,2027,3,Q3,8,August,Aug,34,27,5,27A27,FALSE
20270828,2027-08-28,2027,3,Q3,8,August,Aug,34,28,6,28A27,TRUE
20270829,2027-08-29,2027,3,Q3,8,August,Aug,34,29,0,29A27,TRUE
20270830,2027-08-30,2027,3,Q3,8,August,Aug,35,30,1,30A27,FALSE
20270831,2027-08-31,2027,3,Q3,8,August,Aug,35,31,2,31A27,FALSE
20270901,2027-09-01,2027,3,Q3,9,September,Sep,35,1,3,1A27,FALSE
20270902,2027-09-02,2027,3,Q3,9,September,Sep,35,2,4,2A27,FALSE
20270903,2027-09-03,2027,3,Q3,9,September,Sep,35,3,5,3A27,FALSE
20270904,2027-09-04,2027,3,Q3,9,September,Sep,35,4,6,4A27,TRUE
20270905,2027-09-05,2027,3,Q3,9,September,Sep,35,5,0,5A27,TRUE
20270906,2027-09-06,2027,3,Q3,9,September,Sep,36,6,1,6A27,FALSE
20270907,2027-09-07,2027,3,Q3,9,September,Sep,36,7,2,7A27,FALSE
20270908,2027-09-08,2027,3,Q3,9,September,Sep,36,8,3,8A27,FALSE
20270909,2027-09-09,2027,3,Q3,9,September,Sep,36,9,4,9A27,FALSE
20270910,2027-09-10,2027,3,Q3,9,September,Sep,36,10,5,10A27,FALSE
20270911,2027-09-11,2027,3,Q3,9,September,Sep,36,11,6,11A27,TRUE
20270912,2027-09-12,2027,3,Q3,9,September,Sep,36,12,0,12A27,TRUE
20270913,2027-09-13,2027,3,Q3,9,September,Sep,37,13,1,13A27,FALSE
20270914,2027-09-14,2027,3,Q3,9,September,Sep,37,14,2,14A27,FALSE
20270915,2027-09-15,2027,3,Q3,9,September,Sep,37,15,3,15A27,FALSE
20270916,2027-09-16,2027,3,Q3,9,September,Sep,37,16,4,16A27,FALSE
20270917,2027-09-17,2027,3,Q3,9,September,Sep,37,17,5,17A27,FALSE
20270918,2027-09-18,2027,3,Q3,9,September,Sep,37,18,6,18A27,TRUE
20270919,2027-09-19,2027,3,Q3,9,September,Sep,37,19,0,19A27,TRUE
20270920,2027-09-20,2027,3,Q3,9,September,Sep,38,20,1,20A27,FALSE
20270921,2027-09-21,2027,3,Q3,9,September,Sep,38,21,2,21A27,FALSE
20270922,2027-09-22,2027,3,Q3,9,September,Sep,38,22,3,22A27,FALSE
20270923,2027-09-23,2027,3,Q3,9,September,Sep,38,23,4,23A27,FALSE
20270924,2027-09-24,2027,3,Q3,9,September,Sep,38,24,5,24A27,FALSE
20270925,2027-09-25,2027,3,Q3,9,September,Sep,38,25,6,25A27,TRUE
20270926,2027-09-26,2027,3,Q3,9,September,Sep,38,26,0,26A27,TRUE
20270927,2027-09-27,2027,3,Q3,9,September,Sep,39,27,1,27A27,FALSE
20270928,2027-09-28,2027,3,Q3,9,September,Sep,39,28,2,28A27,FALSE
20270929,2027-09-29,2027,3,Q3,9,September,Sep,39,29,3,29A27,FALSE
20270930,2027-09-30,2027,3,Q3,9,September,Sep,39,30,4,30A27,FALSE
20271001,2027-10-01,2027,4,Q4,10,October,Oct,39,1,5,1A27,FALSE
20271002,2027-10-02,2027,4,Q4,10,October,Oct,39,2,6,2A27,TRUE
20271003,2027-10-03,2027,4,Q4,10,October,Oct,39,3,0,3A27,TRUE
20271004,2027-10-04,2027,4,Q4,10,October,Oct,40,4,1,4A27,FALSE
20271005,2027-10-05,2027,4,Q4,10,October,Oct,40,5,2,5A27,FALSE
20271006,2027-10-06,2027,4,Q4,10,October,Oct,40,6,3,6A27,FALSE
20271007,2027-10-07,2027,4,Q4,10,October,Oct,40,7,4,7A27,FALSE
20271008,2027-10-08,2027,4,Q4,10,October,Oct,40,8,5,8A27,FALSE
20271009,2027-10-09,2027,4,Q4,10,October,Oct,40,9,6,9A27,TRUE
20271010,2027-10-10,2027,4,Q4,10,October,Oct,40,10,0,10A27,TRUE
20271011,2027-10-11,2027,4,Q4,10,October,Oct,41,11,1,11A27,FALSE
20271012,2027-10-12,2027,4,Q4,10,October,Oct,41,12,2,12A27,FALSE
20271013,2027-10-13,2027,4,Q4,10,October,Oct,41,13,3,13A27,FALSE
20271014,2027-10-14,2027,4,Q4,10,October,Oct,41,14,4,14A27,FALSE
20271015,2027-10-15,2027,4,Q4,10,October,Oct,41,15,5,15A27,FALSE
20271016,2027-10-16,2027,4,Q4,10,October,Oct,41,16,6,16A27,TRUE
20271017,2027-10-17,2027,4,Q4,10,October,Oct,41,17,0,17A27,TRUE
20271018,2027-10-18,2027,4,Q4,10,October,Oct,42,18,1,18A27,FALSE
20271019,2027-10-19,2027,4,Q4,10,October,Oct,42,19,2,19A27,FALSE
20271020,2027-10-20,2027,4,Q4,10,October,Oct,42,20,3,20A27,FALSE
20271021,2027-10-21,2027,4,Q4,10,October,Oct,42,21,4,21A27,FALSE
20271022,2027-10-22,2027,4,Q4,10,October,Oct,42,22,5,22A27,FALSE
20271023,2027-10-23,2027,4,Q4,10,October,Oct,42,23,6,23A27,TRUE
20271024,2027-10-24,2027,4,Q4,10,October,Oct,42,24,0,24A27,TRUE
20271025,2027-10-25,2027,4,Q4,10,October,Oct,43,25,1,25A27,FALSE
20271026,2027-10-26,2027,4,Q4,10,October,Oct,43,26,2,26A27,FALSE
20271027,2027-10-27,2027,4,Q4,10,October,Oct,43,27,3,27A27,FALSE
20271028,2027-10-28,2027,4,Q4,10,October,Oct,43,28,4,28A27,FALSE
20271029,2027-10-29,2027,4,Q4,10,October,Oct,43,29,5,29A27,FALSE
20271030,2027-10-30,2027,4,Q4,10,October,Oct,43,30,6,30A27,TRUE
20271031,2027-10-31,2027,4,Q4,10,October,Oct,43,31,0,31A27,TRUE
20271101,2027-11-01,2027,4,Q4,11,November,Nov,44,1,1,1A27,FALSE
20271102,2027-11-02,2027,4,Q4,11,November,Nov,44,2,2,2A27,FALSE
20271103,2027-11-03,2027,4,Q4,11,November,Nov,44,3,3,3A27,FALSE
20271104,2027-11-04,2027,4,Q4,11,November,Nov,44,4,4,4A27,FALSE
20271105,2027-11-05,2027,4,Q4,11,November,Nov,44,5,5,5A27,FALSE
20271106,2027-11-06,2027,4,Q4,11,November,Nov,44,6,6,6A27,TRUE
20271107,2027-11-07,2027,4,Q4,11,November,Nov,44,7,0,7A27,TRUE
20271108,2027-11-08,2027,4,Q4,11,November,Nov,45,8,1,8A27,FALSE
20271109,2027-11-09,2027,4,Q4,11,November,Nov,45,9,2,9A27,FALSE
20271110,2027-11-10,2027,4,Q4,11,November,Nov,45,10,3,10A27,FALSE
20271111,2027-11-11,2027,4,Q4,11,November,Nov,45,11,4,11A27,FALSE
20271112,2027-11-12,2027,4,Q4,11,November,Nov,45,12,5,12A27,FALSE
20271113,2027-11-13,2027,4,Q4,11,November,Nov,45,13,6,13A27,TRUE
20271114,2027-11-14,2027,4,Q4,11,November,Nov,45,14,0,14A27,TRUE
20271115,2027-11-15,2027,4,Q4,11,November,Nov,46,15,1,15A27,FALSE
20271116,2027-11-16,2027,4,Q4,11,November,Nov,46,16,2,16A27,FALSE
20271117,2027-11-17,2027,4,Q4,11,November,Nov,46,17,3,17A27,FALSE
20271118,2027-11-18,2027,4,Q4,11,November,Nov,46,18,4,18A27,FALSE
20271119,2027-11-19,2027,4,Q4,11,November,Nov,46,19,5,19A27,FALSE
20271120,2027-11-20,2027,4,Q4,11,November,Nov,46,20,6,20A27,TRUE
20271121,2027-11-21,2027,4,Q4,11,November,Nov,46,21,0,21A27,TRUE
20271122,2027-11-22,2027,4,Q4,11,November,Nov,47,22,1,22A27,FALSE
20271123,2027-11-23,2027,4,Q4,11,November,Nov,47,23,2,23A27,FALSE
20271124,2027-11-24,2027,4,Q4,11,November,Nov,47,24,3,24A27,FALSE
20271125,2027-11-25,2027,4,Q4,11,November,Nov,47,25,4,25A27,FALSE
20271126,2027-11-26,2027,4,Q4,11,November,Nov,47,26,5,26A27,FALSE
20271127,2027-11-27,2027,4,Q4,11,November,Nov,47,27,6,27A27,TRUE
20271128,2027-11-28,2027,4,Q4,11,November,Nov,47,28,0,28A27,TRUE
20271129,2027-11-29,2027,4,Q4,11,November,Nov,48,29,1,29A27,FALSE
20271130,2027-11-30,2027,4,Q4,11,November,Nov,48,30,2,30A27,FALSE
20271201,2027-12-01,2027,4,Q4,12,December,Dec,48,1,3,1A27,FALSE
20271202,2027-12-02,2027,4,Q4,12,December,Dec,48,2,4,2A27,FALSE
20271203,2027-12-03,2027,4,Q4,12,December,Dec,48,3,5,3A27,FALSE
20271204,2027-12-04,2027,4,Q4,12,December,Dec,48,4,6,4A27,TRUE
20271205,2027-12-05,2027,4,Q4,12,December,Dec,48,5,0,5A27,TRUE
20271206,2027-12-06,2027,4,Q4,12,December,Dec,49,6,1,6A27,FALSE
20271207,2027-12-07,2027,4,Q4,12,December,Dec,49,7,2,7A27,FALSE
20271208,2027-12-08,2027,4,Q4,12,December,Dec,49,8,3,8A27,FALSE
20271209,2027-12-09,2027,4,Q4,12,December,Dec,49,9,4,9A27,FALSE
20271210,2027-12-10,2027,4,Q4,12,December,Dec,49,10,5,10A27,FALSE
20271211,2027-12-11,2027,4,Q4,12,December,Dec,49,11,6,11A27,TRUE
20271212,2027-12-12,2027,4,Q4,12,December,Dec,49,12,0,12A27,TRUE
20271213,2027-12-13,2027,4,Q4,12,December,Dec,50,13,1,13A27,FALSE
20271214,2027-12-14,2027,4,Q4,12,December,Dec,50,14,2,14A27,FALSE
20271215,2027-12-15,2027,4,Q4,12,December,Dec,50,15,3,15A27,FALSE
20271216,2027-12-16,2027,4,Q4,12,December,Dec,50,16,4,16A27,FALSE
20271217,2027-12-17,2027,4,Q4,12,December,Dec,50,17,5,17A27,FALSE
20271218,2027-12-18,2027,4,Q4,12,December,Dec,50,18,6,18A27,TRUE
20271219,2027-12-19,2027,4,Q4,12,December,Dec,50,19,0,19A27,TRUE
20271220,2027-12-20,2027,4,Q4,12,December,Dec,51,20,1,20A27,FALSE
20271221,2027-12-21,2027,4,Q4,12,December,Dec,51,21,2,21A27,FALSE
20271222,2027-12-22,2027,4,Q4,12,December,Dec,51,22,3,22A27,FALSE
20271223,2027-12-23,2027,4,Q4,12,December,Dec,51,23,4,23A27,FALSE
20271224,2027-12-24,2027,4,Q4,12,December,Dec,51,24,5,24A27,FALSE
20271225,2027-12-25,2027,4,Q4,12,December,Dec,51,25,6,25A27,TRUE
20271226,2027-12-26,2027,4,Q4,12,December,Dec,51,26,0,26A27,TRUE
20271227,2027-12-27,2027,4,Q4,12,December,Dec,52,27,1,27A27,FALSE
20271228,2027-12-28,2027,4,Q4,12,December,Dec,52,28,2,28A27,FALSE
20271229,2027-12-29,2027,4,Q4,12,December,Dec,52,29,3,29A27,FALSE
20271230,2027-12-30,2027,4,Q4,12,December,Dec,52,30,4,30A27,FALSE
20271231,2027-12-31,2027,4,Q4,12,December,Dec,52,31,5,31A27,FALSE
20280101,2028-01-01,2028,1,Q1,1,January,Jan,52,1,6,1A28,TRUE
20280102,2028-01-02,2028,1,Q1,1,January,Jan,52,2,0,2A28,TRUE
20280103,2028-01-03,2028,1,Q1,1,January,Jan,1,3,1,3A28,FALSE
20280104,2028-01-04,2028,1,Q1,1,January,Jan,1,4,2,4A28,FALSE
20280105,2028-01-05,2028,1,Q1,1,January,Jan,1,5,3,5A28,FALSE
20280106,2028-01-06,2028,1,Q1,1,January,Jan,1,6,4,6A28,FALSE
20280107,2028-01-07,2028,1,Q1,1,January,Jan,1,7,5,7A28,FALSE
20280108,2028-01-08,2028,1,Q1,1,January,Jan,1,8,6,8A28,TRUE
20280109,2028-01-09,2028,1,Q1,1,January,Jan,1,9,0,9A28,TRUE
20280110,2028-01-10,2028,1,Q1,1,January,Jan,2,10,1,10A28,FALSE
20280111,2028-01-11,2028,1,Q1,1,January,Jan,2,11,2,11A28,FALSE
20280112,2028-01-12,2028,1,Q1,1,January,Jan,2,12,3,12A28,FALSE
20280113,2028-01-13,2028,1,Q1,1,January,Jan,2,13,4,13A28,FALSE
20280114,2028-01-14,2028,1,Q1,1,January,Jan,2,14,5,14A28,FALSE
20280115,2028-01-15,2028,1,Q1,1,January,Jan,2,15,6,15A28,TRUE
20280116,2028-01-16,2028,1,Q1,1,January,Jan,2,16,0,16A28,TRUE
20280117,2028-01-17,2028,1,Q1,1,January,Jan,3,17,1,17A28,FALSE
20280118,2028-01-18,2028,1,Q1,1,January,Jan,3,18,2,18A28,FALSE
20280119,2028-01-19,2028,1,Q1,1,January,Jan,3,19,3,19A28,FALSE
20280120,2028-01-20,2028,1,Q1,1,January,Jan,3,20,4,20A28,FALSE
20280121,2028-01-21,2028,1,Q1,1,January,Jan,3,21,5,21A28,FALSE
20280122,2028-01-22,2028,1,Q1,1,January,Jan,3,22,6,22A28,TRUE
20280123,2028-01-23,2028,1,Q1,1,January,Jan,3,23,0,23A28,TRUE
20280124,2028-01-24,2028,1,Q1,1,January,Jan,4,24,1,24A28,FALSE
20280125,2028-01-25,2028,1,Q1,1,January,Jan,4,25,2,25A28,FALSE
20280126,2028-01-26,2028,1,Q1,1,January,Jan,4,26,3,26A28,FALSE
20280127,2028-01-27,2028,1,Q1,1,January,Jan,4,27,4,27A28,FALSE
20280128,2028-01-28,2028,1,Q1,1,January,Jan,4,28,5,28A28,FALSE
20280129,2028-01-29,2028,1,Q1,1,January,Jan,4,29,6,29A28,TRUE
20280130,2028-01-30,2028,1,Q1,1,January,Jan,4,30,0,30A28,TRUE
20280131,2028-01-31,2028,1,Q1,1,January,Jan,5,31,1,31A28,FALSE
20280201,2028-02-01,2028,1,Q1,2,February,Feb,5,1,2,1A28,FALSE
20280202,2028-02-02,2028,1,Q1,2,February,Feb,5,2,3,2A28,FALSE
20280203,2028-02-03,2028,1,Q1,2,February,Feb,5,3,4,3A28,FALSE
20280204,2028-02-04,2028,1,Q1,2,February,Feb,5,4,5,4A28,FALSE
20280205,2028-02-05,2028,1,Q1,2,February,Feb,5,5,6,5A28,TRUE
20280206,2028-02-06,2028,1,Q1,2,February,Feb,5,6,0,6A28,TRUE
20280207,2028-02-07,2028,1,Q1,2,February,Feb,6,7,1,7A28,FALSE
20280208,2028-02-08,2028,1,Q1,2,February,Feb,6,8,2,8A28,FALSE
20280209,2028-02-09,2028,1,Q1,2,February,Feb,6,9,3,9A28,FALSE
20280210,2028-02-10,2028,1,Q1,2,February,Feb,6,10,4,10A28,FALSE
20280211,2028-02-11,2028,1,Q1,2,February,Feb,6,11,5,11A28,FALSE
20280212,2028-02-12,2028,1,Q1,2,February,Feb,6,12,6,12A28,TRUE
20280213,2028-02-13,2028,1,Q1,2,February,Feb,6,13,0,13A28,TRUE
20280214,2028-02-14,2028,1,Q1,2,February,Feb,7,14,1,14A28,FALSE
20280215,2028-02-15,2028,1,Q1,2,February,Feb,7,15,2,15A28,FALSE
20280216,2028-02-16,2028,1,Q1,2,February,Feb,7,16,3,16A28,FALSE
20280217,2028-02-17,2028,1,Q1,2,February,Feb,7,17,4,17A28,FALSE
20280218,2028-02-18,2028,1,Q1,2,February,Feb,7,18,5,18A28,FALSE
20280219,2028-02-19,2028,1,Q1,2,February,Feb,7,19,6,19A28,TRUE
20280220,2028-02-20,2028,1,Q1,2,February,Feb,7,20,0,20A28,TRUE
20280221,2028-02-21,2028,1,Q1,2,February,Feb,8,21,1,21A28,FALSE
20280222,2028-02-22,2028,1,Q1,2,February,Feb,8,22,2,22A28,FALSE
20280223,2028-02-23,2028,1,Q1,2,February,Feb,8,23,3,23A28,FALSE
20280224,2028-02-24,2028,1,Q1,2,February,Feb,8,24,4,24A28,FALSE
20280225,2028-02-25,2028,1,Q1,2,February,Feb,8,25,5,25A28,FALSE
20280226,2028-02-26,2028,1,Q1,2,February,Feb,8,26,6,26A28,TRUE
20280227,2028-02-27,2028,1,Q1,2,February,Feb,8,27,0,27A28,TRUE
20280228,2028-02-28,2028,1,Q1,2,February,Feb,9,28,1,28A28,FALSE
20280229,2028-02-29,2028,1,Q1,2,February,Feb,9,29,2,29A28,FALSE
20280301,2028-03-01,2028,1,Q1,3,March,Mar,9,1,3,1A28,FALSE
20280302,2028-03-02,2028,1,Q1,3,March,Mar,9,2,4,2A28,FALSE
20280303,2028-03-03,2028,1,Q1,3,March,Mar,9,3,5,3A28,FALSE
20280304,2028-03-04,2028,1,Q1,3,March,Mar,9,4,6,4A28,TRUE
20280305,2028-03-05,2028,1,Q1,3,March,Mar,9,5,0,5A28,TRUE
20280306,2028-03-06,2028,1,Q1,3,March,Mar,10,6,1,6A28,FALSE
20280307,2028-03-07,2028,1,Q1,3,March,Mar,10,7,2,7A28,FALSE
20280308,2028-03-08,2028,1,Q1,3,March,Mar,10,8,3,8A28,FALSE
20280309,2028-03-09,2028,1,Q1,3,March,Mar,10,9,4,9A28,FALSE
20280310,2028-03-10,2028,1,Q1,3,March,Mar,10,10,5,10A28,FALSE
20280311,2028-03-11,2028,1,Q1,3,March,Mar,10,11,6,11A28,TRUE
20280312,2028-03-12,2028,1,Q1,3,March,Mar,10,12,0,12A28,TRUE
20280313,2028-03-13,2028,1,Q1,3,March,Mar,11,13,1,13A28,FALSE
20280314,2028-03-14,2028,1,Q1,3,March,Mar,11,14,2,14A28,FALSE
20280315,2028-03-15,2028,1,Q1,3,March,Mar,11,15,3,15A28,FALSE
20280316,2028-03-16,2028,1,Q1,3,March,Mar,11,16,4,16A28,FALSE
20280317,2028-03-17,2028,1,Q1,3,March,Mar,11,17,5,17A28,FALSE
20280318,2028-03-18,2028,1,Q1,3,March,Mar,11,18,6,18A28,TRUE
20280319,2028-03-19,2028,1,Q1,3,March,Mar,11,19,0,19A28,TRUE
20280320,2028-03-20,2028,1,Q1,3,March,Mar,12,20,1,20A28,FALSE
20280321,2028-03-21,2028,1,Q1,3,March,Mar,12,21,2,21A28,FALSE
20280322,2028-03-22,2028,1,Q1,3,March,Mar,12,22,3,22A28,FALSE
20280323,2028-03-23,2028,1,Q1,3,March,Mar,12,23,4,23A28,FALSE
20280324,2028-03-24,2028,1,Q1,3,March,Mar,12,24,5,24A28,FALSE
20280325,2028-03-25,2028,1,Q1,3,March,Mar,12,25,6,25A28,TRUE
20280326,2028-03-26,2028,1,Q1,3,March,Mar,12,26,0,26A28,TRUE
20280327,2028-03-27,2028,1,Q1,3,March,Mar,13,27,1,27A28,FALSE
20280328,2028-03-28,2028,1,Q1,3,March,Mar,13,28,2,28A28,FALSE
20280329,2028-03-29,2028,1,Q1,3,March,Mar,13,29,3,29A28,FALSE
20280330,2028-03-30,2028,1,Q1,3,March,Mar,13,30,4,30A28,FALSE
20280331,2028-03-31,2028,1,Q1,3,March,Mar,13,31,5,31A28,FALSE
20280401,2028-04-01,2028,2,Q2,4,April,Apr,13,1,6,1A28,TRUE
20280402,2028-04-02,2028,2,Q2,4,April,Apr,13,2,0,2A28,TRUE
20280403,2028-04-03,2028,2,Q2,4,April,Apr,14,3,1,3A28,FALSE
20280404,2028-04-04,2028,2,Q2,4,April,Apr,14,4,2,4A28,FALSE
20280405,2028-04-05,2028,2,Q2,4,April,Apr,14,5,3,5A28,FALSE
20280406,2028-04-06,2028,2,Q2,4,April,Apr,14,6,4,6A28,FALSE
20280407,2028-04-07,2028,2,Q2,4,April,Apr,14,7,5,7A28,FALSE
20280408,2028-04-08,2028,2,Q2,4,April,Apr,14,8,6,8A28,TRUE
20280409,2028-04-09,2028,2,Q2,4,April,Apr,14,9,0,9A28,TRUE
20280410,2028-04-10,2028,2,Q2,4,April,Apr,15,10,1,10A28,FALSE
20280411,2028-04-11,2028,2,Q2,4,April,Apr,15,11,2,11A28,FALSE
20280412,2028-04-12,2028,2,Q2,4,April,Apr,15,12,3,12A28,FALSE
20280413,2028-04-13,2028,2,Q2,4,April,Apr,15,13,4,13A28,FALSE
20280414,2028-04-14,2028,2,Q2,4,April,Apr,15,14,5,14A28,FALSE
20280415,2028-04-15,2028,2,Q2,4,April,Apr,15,15,6,15A28,TRUE
20280416,2028-04-16,2028,2,Q2,4,April,Apr,15,16,0,16A28,TRUE
20280417,2028-04-17,2028,2,Q2,4,April,Apr,16,17,1,17A28,FALSE
20280418,2028-04-18,2028,2,Q2,4,April,Apr,16,18,2,18A28,FALSE
20280419,2028-04-19,2028,2,Q2,4,April,Apr,16,19,3,19A28,FALSE
20280420,2028-04-20,2028,2,Q2,4,April,Apr,16,20,4,20A28,FALSE
20280421,2028-04-21,2028,2,Q2,4,April,Apr,16,21,5,21A28,FALSE
20280422,2028-04-22,2028,2,Q2,4,April,Apr,16,22,6,22A28,TRUE
20280423,2028-04-23,2028,2,Q2,4,April,Apr,16,23,0,23A28,TRUE
20280424,2028-04-24,2028,2,Q2,4,April,Apr,17,24,1,24A28,FALSE
20280425,2028-04-25,2028,2,Q2,4,April,Apr,17,25,2,25A28,FALSE
20280426,2028-04-26,2028,2,Q2,4,April,Apr,17,26,3,26A28,FALSE
20280427,2028-04-27,2028,2,Q2,4,April,Apr,17,27,4,27A28,FALSE
20280428,2028-04-28,2028,2,Q2,4,April,Apr,17,28,5,28A28,FALSE
20280429,2028-04-29,2028,2,Q2,4,April,Apr,17,29,6,29A28,TRUE
20280430,2028-04-30,2028,2,Q2,4,April,Apr,17,30,0,30A28,TRUE
20280501,2028-05-01,2028,2,Q2,5,May,May,18,1,1,1A28,FALSE
20280502,2028-05-02,2028,2,Q2,5,May,May,18,2,2,2A28,FALSE
20280503,2028-05-03,2028,2,Q2,5,May,May,18,3,3,3A28,FALSE
20280504,2028-05-04,2028,2,Q2,5,May,May,18,4,4,4A28,FALSE
20280505,2028-05-05,2028,2,Q2,5,May,May,18,5,5,5A28,FALSE
20280506,2028-05-06,2028,2,Q2,5,May,May,18,6,6,6A28,TRUE
20280507,2028-05-07,2028,2,Q2,5,May,May,18,7,0,7A28,TRUE
20280508,2028-05-08,2028,2,Q2,5,May,May,19,8,1,8A28,FALSE
20280509,2028-05-09,2028,2,Q2,5,May,May,19,9,2,9A28,FALSE
20280510,2028-05-10,2028,2,Q2,5,May,May,19,10,3,10A28,FALSE
20280511,2028-05-11,2028,2,Q2,5,May,May,19,11,4,11A28,FALSE
20280512,2028-05-12,2028,2,Q2,5,May,May,19,12,5,12A28,FALSE
20280513,2028-05-13,2028,2,Q2,5,May,May,19,13,6,13A28,TRUE
20280514,2028-05-14,2028,2,Q2,5,May,May,19,14,0,14A28,TRUE
20280515,2028-05-15,2028,2,Q2,5,May,May,20,15,1,15A28,FALSE
20280516,2028-05-16,2028,2,Q2,5,May,May,20,16,2,16A28,FALSE
20280517,2028-05-17,2028,2,Q2,5,May,May,20,17,3,17A28,FALSE
20280518,2028-05-18,2028,2,Q2,5,May,May,20,18,4,18A28,FALSE
20280519,2028-05-19,2028,2,Q2,5,May,May,20,19,5,19A28,FALSE
20280520,2028-05-20,2028,2,Q2,5,May,May,20,20,6,20A28,TRUE
20280521,2028-05-21,2028,2,Q2,5,May,May,20,21,0,21A28,TRUE
20280522,2028-05-22,2028,2,Q2,5,May,May,21,22,1,22A28,FALSE
20280523,2028-05-23,2028,2,Q2,5,May,May,21,23,2,23A28,FALSE
20280524,2028-05-24,2028,2,Q2,5,May,May,21,24,3,24A28,FALSE
20280525,2028-05-25,2028,2,Q2,5,May,May,21,25,4,25A28,FALSE
20280526,2028-05-26,2028,2,Q2,5,May,May,21,26,5,26A28,FALSE
20280527,2028-05-27,2028,2,Q2,5,May,May,21,27,6,27A28,TRUE
20280528,2028-05-28,2028,2,Q2,5,May,May,21,28,0,28A28,TRUE
20280529,2028-05-29,2028,2,Q2,5,May,May,22,29,1,29A28,FALSE
20280530,2028-05-30,2028,2,Q2,5,May,May,22,30,2,30A28,FALSE
20280531,2028-05-31,2028,2,Q2,5,May,May,22,31,3,31A28,FALSE
20280601,2028-06-01,2028,2,Q2,6,June,Jun,22,1,4,1A28,FALSE
20280602,2028-06-02,2028,2,Q2,6,June,Jun,22,2,5,2A28,FALSE
20280603,2028-06-03,2028,2,Q2,6,June,Jun,22,3,6,3A28,TRUE
20280604,2028-06-04,2028,2,Q2,6,June,Jun,22,4,0,4A28,TRUE
20280605,2028-06-05,2028,2,Q2,6,June,Jun,23,5,1,5A28,FALSE
20280606,2028-06-06,2028,2,Q2,6,June,Jun,23,6,2,6A28,FALSE
20280607,2028-06-07,2028,2,Q2,6,June,Jun,23,7,3,7A28,FALSE
20280608,2028-06-08,2028,2,Q2,6,June,Jun,23,8,4,8A28,FALSE
20280609,2028-06-09,2028,2,Q2,6,June,Jun,23,9,5,9A28,FALSE
20280610,2028-06-10,2028,2,Q2,6,June,Jun,23,10,6,10A28,TRUE
20280611,2028-06-11,2028,2,Q2,6,June,Jun,23,11,0,11A28,TRUE
20280612,2028-06-12,2028,2,Q2,6,June,Jun,24,12,1,12A28,FALSE
20280613,2028-06-13,2028,2,Q2,6,June,Jun,24,13,2,13A28,FALSE
20280614,2028-06-14,2028,2,Q2,6,June,Jun,24,14,3,14A28,FALSE
20280615,2028-06-15,2028,2,Q2,6,June,Jun,24,15,4,15A28,FALSE
20280616,2028-06-16,2028,2,Q2,6,June,Jun,24,16,5,16A28,FALSE
20280617,2028-06-17,2028,2,Q2,6,June,Jun,24,17,6,17A28,TRUE
20280618,2028-06-18,2028,2,Q2,6,June,Jun,24,18,0,18A28,TRUE
20280619,2028-06-19,2028,2,Q2,6,June,Jun,25,19,1,19A28,FALSE
20280620,2028-06-20,2028,2,Q2,6,June,Jun,25,20,2,20A28,FALSE
20280621,2028-06-21,2028,2,Q2,6,June,Jun,25,21,3,21A28,FALSE
20280622,2028-06-22,2028,2,Q2,6,June,Jun,25,22,4,22A28,FALSE
20280623,2028-06-23,2028,2,Q2,6,June,Jun,25,23,5,23A28,FALSE
20280624,2028-06-24,2028,2,Q2,6,June,Jun,25,24,6,24A28,TRUE
20280625,2028-06-25,2028,2,Q2,6,June,Jun,25,25,0,25A28,TRUE
20280626,2028-06-26,2028,2,Q2,6,June,Jun,26,26,1,26A28,FALSE
20280627,2028-06-27,2028,2,Q2,6,June,Jun,26,27,2,27A28,FALSE
20280628,2028-06-28,2028,2,Q2,6,June,Jun,26,28,3,28A28,FALSE
20280629,2028-06-29,2028,2,Q2,6,June,Jun,26,29,4,29A28,FALSE
20280630,2028-06-30,2028,2,Q2,6,June,Jun,26,30,5,30A28,FALSE
20280701,2028-07-01,2028,3,Q3,7,July,Jul,26,1,6,1A28,TRUE
20280702,2028-07-02,2028,3,Q3,7,July,Jul,26,2,0,2A28,TRUE
20280703,2028-07-03,2028,3,Q3,7,July,Jul,27,3,1,3A28,FALSE
20280704,2028-07-04,2028,3,Q3,7,July,Jul,27,4,2,4A28,FALSE
20280705,2028-07-05,2028,3,Q3,7,July,Jul,27,5,3,5A28,FALSE
20280706,2028-07-06,2028,3,Q3,7,July,Jul,27,6,4,6A28,FALSE
20280707,2028-07-07,2028,3,Q3,7,July,Jul,27,7,5,7A28,FALSE
20280708,2028-07-08,2028,3,Q3,7,July,Jul,27,8,6,8A28,TRUE
20280709,2028-07-09,2028,3,Q3,7,July,Jul,27,9,0,9A28,TRUE
20280710,2028-07-10,2028,3,Q3,7,July,Jul,28,10,1,10A28,FALSE
20280711,2028-07-11,2028,3,Q3,7,July,Jul,28,11,2,11A28,FALSE
20280712,2028-07-12,2028,3,Q3,7,July,Jul,28,12,3,12A28,FALSE
20280713,2028-07-13,2028,3,Q3,7,July,Jul,28,13,4,13A28,FALSE
20280714,2028-07-14,2028,3,Q3,7,July,Jul,28,14,5,14A28,FALSE
20280715,2028-07-15,2028,3,Q3,7,July,Jul,28,15,6,15A28,TRUE
20280716,2028-07-16,2028,3,Q3,7,July,Jul,28,16,0,16A28,TRUE
20280717,2028-07-17,2028,3,Q3,7,July,Jul,29,17,1,17A28,FALSE
20280718,2028-07-18,2028,3,Q3,7,July,Jul,29,18,2,18A28,FALSE
20280719,2028-07-19,2028,3,Q3,7,July,Jul,29,19,3,19A28,FALSE
20280720,2028-07-20,2028,3,Q3,7,July,Jul,29,20,4,20A28,FALSE
20280721,2028-07-21,2028,3,Q3,7,July,Jul,29,21,5,21A28,FALSE
20280722,2028-07-22,2028,3,Q3,7,July,Jul,29,22,6,22A28,TRUE
20280723,2028-07-23,2028,3,Q3,7,July,Jul,29,23,0,23A28,TRUE
20280724,2028-07-24,2028,3,Q3,7,July,Jul,30,24,1,24A28,FALSE
20280725,2028-07-25,2028,3,Q3,7,July,Jul,30,25,2,25A28,FALSE
20280726,2028-07-26,2028,3,Q3,7,July,Jul,30,26,3,26A28,FALSE
20280727,2028-07-27,2028,3,Q3,7,July,Jul,30,27,4,27A28,FALSE
20280728,2028-07-28,2028,3,Q3,7,July,Jul,30,28,5,28A28,FALSE
20280729,2028-07-29,2028,3,Q3,7,July,Jul,30,29,6,29A28,TRUE
20280730,2028-07-30,2028,3,Q3,7,July,Jul,30,30,0,30A28,TRUE
20280731,2028-07-31,2028,3,Q3,7,July,Jul,31,31,1,31A28,FALSE
20280801,2028-08-01,2028,3,Q3,8,August,Aug,31,1,2,1A28,FALSE
20280802,2028-08-02,2028,3,Q3,8,August,Aug,31,2,3,2A28,FALSE
20280803,2028-08-03,2028,3,Q3,8,August,Aug,31,3,4,3A28,FALSE
20280804,2028-08-04,2028,3,Q3,8,August,Aug,31,4,5,4A28,FALSE
20280805,2028-08-05,2028,3,Q3,8,August,Aug,31,5,6,5A28,TRUE
20280806,2028-08-06,2028,3,Q3,8,August,Aug,31,6,0,6A28,TRUE
20280807,2028-08-07,2028,3,Q3,8,August,Aug,32,7,1,7A28,FALSE
20280808,2028-08-08,2028,3,Q3,8,August,Aug,32,8,2,8A28,FALSE
20280809,2028-08-09,2028,3,Q3,8,August,Aug,32,9,3,9A28,FALSE
20280810,2028-08-10,2028,3,Q3,8,August,Aug,32,10,4,10A28,FALSE
20280811,2028-08-11,2028,3,Q3,8,August,Aug,32,11,5,11A28,FALSE
20280812,2028-08-12,2028,3,Q3,8,August,Aug,32,12,6,12A28,TRUE
20280813,2028-08-13,2028,3,Q3,8,August,Aug,32,13,0,13A28,TRUE
20280814,2028-08-14,2028,3,Q3,8,August,Aug,33,14,1,14A28,FALSE
20280815,2028-08-15,2028,3,Q3,8,August,Aug,33,15,2,15A28,FALSE
20280816,2028-08-16,2028,3,Q3,8,August,Aug,33,16,3,16A28,FALSE
20280817,2028-08-17,2028,3,Q3,8,August,Aug,33,17,4,17A28,FALSE
20280818,2028-08-18,2028,3,Q3,8,August,Aug,33,18,5,18A28,FALSE
20280819,2028-08-19,2028,3,Q3,8,August,Aug,33,19,6,19A28,TRUE
20280820,2028-08-20,2028,3,Q3,8,August,Aug,33,20,0,20A28,TRUE
20280821,2028-08-21,2028,3,Q3,8,August,Aug,34,21,1,21A28,FALSE
20280822,2028-08-22,2028,3,Q3,8,August,Aug,34,22,2,22A28,FALSE
20280823,2028-08-23,2028,3,Q3,8,August,Aug,34,23,3,23A28,FALSE
20280824,2028-08-24,2028,3,Q3,8,August,Aug,34,24,4,24A28,FALSE
20280825,2028-08-25,2028,3,Q3,8,August,Aug,34,25,5,25A28,FALSE
20280826,2028-08-26,2028,3,Q3,8,August,Aug,34,26,6,26A28,TRUE
20280827,2028-08-27,2028,3,Q3,8,August,Aug,34,27,0,27A28,TRUE
20280828,2028-08-28,2028,3,Q3,8,August,Aug,35,28,1,28A28,FALSE
20280829,2028-08-29,2028,3,Q3,8,August,Aug,35,29,2,29A28,FALSE
20280830,2028-08-30,2028,3,Q3,8,August,Aug,35,30,3,30A28,FALSE
20280831,2028-08-31,2028,3,Q3,8,August,Aug,35,31,4,31A28,FALSE
20280901,2028-09-01,2028,3,Q3,9,September,Sep,35,1,5,1A28,FALSE
20280902,2028-09-02,2028,3,Q3,9,September,Sep,35,2,6,2A28,TRUE
20280903,2028-09-03,2028,3,Q3,9,September,Sep,35,3,0,3A28,TRUE
20280904,2028-09-04,2028,3,Q3,9,September,Sep,36,4,1,4A28,FALSE
20280905,2028-09-05,2028,3,Q3,9,September,Sep,36,5,2,5A28,FALSE
20280906,2028-09-06,2028,3,Q3,9,September,Sep,36,6,3,6A28,FALSE
20280907,2028-09-07,2028,3,Q3,9,September,Sep,36,7,4,7A28,FALSE
20280908,2028-09-08,2028,3,Q3,9,September,Sep,36,8,5,8A28,FALSE
20280909,2028-09-09,2028,3,Q3,9,September,Sep,36,9,6,9A28,TRUE
20280910,2028-09-10,2028,3,Q3,9,September,Sep,36,10,0,10A28,TRUE
20280911,2028-09-11,2028,3,Q3,9,September,Sep,37,11,1,11A28,FALSE
20280912,2028-09-12,2028,3,Q3,9,September,Sep,37,12,2,12A28,FALSE
20280913,2028-09-13,2028,3,Q3,9,September,Sep,37,13,3,13A28,FALSE
20280914,2028-09-14,2028,3,Q3,9,September,Sep,37,14,4,14A28,FALSE
20280915,2028-09-15,2028,3,Q3,9,September,Sep,37,15,5,15A28,FALSE
20280916,2028-09-16,2028,3,Q3,9,September,Sep,37,16,6,16A28,TRUE
20280917,2028-09-17,2028,3,Q3,9,September,Sep,37,17,0,17A28,TRUE
20280918,2028-09-18,2028,3,Q3,9,September,Sep,38,18,1,18A28,FALSE
20280919,2028-09-19,2028,3,Q3,9,September,Sep,38,19,2,19A28,FALSE
20280920,2028-09-20,2028,3,Q3,9,September,Sep,38,20,3,20A28,FALSE
20280921,2028-09-21,2028,3,Q3,9,September,Sep,38,21,4,21A28,FALSE
20280922,2028-09-22,2028,3,Q3,9,September,Sep,38,22,5,22A28,FALSE
20280923,2028-09-23,2028,3,Q3,9,September,Sep,38,23,6,23A28,TRUE
20280924,2028-09-24,2028,3,Q3,9,September,Sep,38,24,0,24A28,TRUE
20280925,2028-09-25,2028,3,Q3,9,September,Sep,39,25,1,25A28,FALSE
20280926,2028-09-26,2028,3,Q3,9,September,Sep,39,26,2,26A28,FALSE
20280927,2028-09-27,2028,3,Q3,9,September,Sep,39,27,3,27A28,FALSE
20280928,2028-09-28,2028,3,Q3,9,September,Sep,39,28,4,28A28,FALSE
20280929,2028-09-29,2028,3,Q3,9,September,Sep,39,29,5,29A28,FALSE
20280930,2028-09-30,2028,3,Q3,9,September,Sep,39,30,6,30A28,TRUE
20281001,2028-10-01,2028,4,Q4,10,October,Oct,39,1,0,1A28,TRUE
20281002,2028-10-02,2028,4,Q4,10,October,Oct,40,2,1,2A28,FALSE
20281003,2028-10-03,2028,4,Q4,10,October,Oct,40,3,2,3A28,FALSE
20281004,2028-10-04,2028,4,Q4,10,October,Oct,40,4,3,4A28,FALSE
20281005,2028-10-05,2028,4,Q4,10,October,Oct,40,5,4,5A28,FALSE
20281006,2028-10-06,2028,4,Q4,10,October,Oct,40,6,5,6A28,FALSE
20281007,2028-10-07,2028,4,Q4,10,October,Oct,40,7,6,7A28,TRUE
20281008,2028-10-08,2028,4,Q4,10,October,Oct,40,8,0,8A28,TRUE
20281009,2028-10-09,2028,4,Q4,10,October,Oct,41,9,1,9A28,FALSE
20281010,2028-10-10,2028,4,Q4,10,October,Oct,41,10,2,10A28,FALSE
20281011,2028-10-11,2028,4,Q4,10,October,Oct,41,11,3,11A28,FALSE
20281012,2028-10-12,2028,4,Q4,10,October,Oct,41,12,4,12A28,FALSE
20281013,2028-10-13,2028,4,Q4,10,October,Oct,41,13,5,13A28,FALSE
20281014,2028-10-14,2028,4,Q4,10,October,Oct,41,14,6,14A28,TRUE
20281015,2028-10-15,2028,4,Q4,10,October,Oct,41,15,0,15A28,TRUE
20281016,2028-10-16,2028,4,Q4,10,October,Oct,42,16,1,16A28,FALSE
20281017,2028-10-17,2028,4,Q4,10,October,Oct,42,17,2,17A28,FALSE
20281018,2028-10-18,2028,4,Q4,10,October,Oct,42,18,3,18A28,FALSE
20281019,2028-10-19,2028,4,Q4,10,October,Oct,42,19,4,19A28,FALSE
20281020,2028-10-20,2028,4,Q4,10,October,Oct,42,20,5,20A28,FALSE
20281021,2028-10-21,2028,4,Q4,10,October,Oct,42,21,6,21A28,TRUE
20281022,2028-10-22,2028,4,Q4,10,October,Oct,42,22,0,22A28,TRUE
20281023,2028-10-23,2028,4,Q4,10,October,Oct,43,23,1,23A28,FALSE
20281024,2028-10-24,2028,4,Q4,10,October,Oct,43,24,2,24A28,FALSE
20281025,2028-10-25,2028,4,Q4,10,October,Oct,43,25,3,25A28,FALSE
20281026,2028-10-26,2028,4,Q4,10,October,Oct,43,26,4,26A28,FALSE
20281027,2028-10-27,2028,4,Q4,10,October,Oct,43,27,5,27A28,FALSE
20281028,2028-10-28,2028,4,Q4,10,October,Oct,43,28,6,28A28,TRUE
20281029,2028-10-29,2028,4,Q4,10,October,Oct,43,29,0,29A28,TRUE
20281030,2028-10-30,2028,4,Q4,10,October,Oct,44,30,1,30A28,FALSE
20281031,2028-10-31,2028,4,Q4,10,October,Oct,44,31,2,31A28,FALSE
20281101,2028-11-01,2028,4,Q4,11,November,Nov,44,1,3,1A28,FALSE
20281102,2028-11-02,2028,4,Q4,11,November,Nov,44,2,4,2A28,FALSE
20281103,2028-11-03,2028,4,Q4,11,November,Nov,44,3,5,3A28,FALSE
20281104,2028-11-04,2028,4,Q4,11,November,Nov,44,4,6,4A28,TRUE
20281105,2028-11-05,2028,4,Q4,11,November,Nov,44,5,0,5A28,TRUE
20281106,2028-11-06,2028,4,Q4,11,November,Nov,45,6,1,6A28,FALSE
20281107,2028-11-07,2028,4,Q4,11,November,Nov,45,7,2,7A28,FALSE
20281108,2028-11-08,2028,4,Q4,11,November,Nov,45,8,3,8A28,FALSE
20281109,2028-11-09,2028,4,Q4,11,November,Nov,45,9,4,9A28,FALSE
20281110,2028-11-10,2028,4,Q4,11,November,Nov,45,10,5,10A28,FALSE
20281111,2028-11-11,2028,4,Q4,11,November,Nov,45,11,6,11A28,TRUE
20281112,2028-11-12,2028,4,Q4,11,November,Nov,45,12,0,12A28,TRUE
20281113,2028-11-13,2028,4,Q4,11,November,Nov,46,13,1,13A28,FALSE
20281114,2028-11-14,2028,4,Q4,11,November,Nov,46,14,2,14A28,FALSE
20281115,2028-11-15,2028,4,Q4,11,November,Nov,46,15,3,15A28,FALSE
20281116,2028-11-16,2028,4,Q4,11,November,Nov,46,16,4,16A28,FALSE
20281117,2028-11-17,2028,4,Q4,11,November,Nov,46,17,5,17A28,FALSE
20281118,2028-11-18,2028,4,Q4,11,November,Nov,46,18,6,18A28,TRUE
20281119,2028-11-19,2028,4,Q4,11,November,Nov,46,19,0,19A28,TRUE
20281120,2028-11-20,2028,4,Q4,11,November,Nov,47,20,1,20A28,FALSE
20281121,2028-11-21,2028,4,Q4,11,November,Nov,47,21,2,21A28,FALSE
20281122,2028-11-22,2028,4,Q4,11,November,Nov,47,22,3,22A28,FALSE
20281123,2028-11-23,2028,4,Q4,11,November,Nov,47,23,4,23A28,FALSE
20281124,2028-11-24,2028,4,Q4,11,November,Nov,47,24,5,24A28,FALSE
20281125,2028-11-25,2028,4,Q4,11,November,Nov,47,25,6,25A28,TRUE
20281126,2028-11-26,2028,4,Q4,11,November,Nov,47,26,0,26A28,TRUE
20281127,2028-11-27,2028,4,Q4,11,November,Nov,48,27,1,27A28,FALSE
20281128,2028-11-28,2028,4,Q4,11,November,Nov,48,28,2,28A28,FALSE
20281129,2028-11-29,2028,4,Q4,11,November,Nov,48,29,3,29A28,FALSE
20281130,2028-11-30,2028,4,Q4,11,November,Nov,48,30,4,30A28,FALSE
20281201,2028-12-01,2028,4,Q4,12,December,Dec,48,1,5,1A28,FALSE
20281202,2028-12-02,2028,4,Q4,12,December,Dec,48,2,6,2A28,TRUE
20281203,2028-12-03,2028,4,Q4,12,December,Dec,48,3,0,3A28,TRUE
20281204,2028-12-04,2028,4,Q4,12,December,Dec,49,4,1,4A28,FALSE
20281205,2028-12-05,2028,4,Q4,12,December,Dec,49,5,2,5A28,FALSE
20281206,2028-12-06,2028,4,Q4,12,December,Dec,49,6,3,6A28,FALSE
20281207,2028-12-07,2028,4,Q4,12,December,Dec,49,7,4,7A28,FALSE
20281208,2028-12-08,2028,4,Q4,12,December,Dec,49,8,5,8A28,FALSE
20281209,2028-12-09,2028,4,Q4,12,December,Dec,49,9,6,9A28,TRUE
20281210,2028-12-10,2028,4,Q4,12,December,Dec,49,10,0,10A28,TRUE
20281211,2028-12-11,2028,4,Q4,12,December,Dec,50,11,1,11A28,FALSE
20281212,2028-12-12,2028,4,Q4,12,December,Dec,50,12,2,12A28,FALSE
20281213,2028-12-13,2028,4,Q4,12,December,Dec,50,13,3,13A28,FALSE
20281214,2028-12-14,2028,4,Q4,12,December,Dec,50,14,4,14A28,FALSE
20281215,2028-12-15,2028,4,Q4,12,December,Dec,50,15,5,15A28,FALSE
20281216,2028-12-16,2028,4,Q4,12,December,Dec,50,16,6,16A28,TRUE
20281217,2028-12-17,2028,4,Q4,12,December,Dec,50,17,0,17A28,TRUE
20281218,2028-12-18,2028,4,Q4,12,December,Dec,51,18,1,18A28,FALSE
20281219,2028-12-19,2028,4,Q4,12,December,Dec,51,19,2,19A28,FALSE
20281220,2028-12-20,2028,4,Q4,12,December,Dec,51,20,3,20A28,FALSE
20281221,2028-12-21,2028,4,Q4,12,December,Dec,51,21,4,21A28,FALSE
20281222,2028-12-22,2028,4,Q4,12,December,Dec,51,22,5,22A28,FALSE
20281223,2028-12-23,2028,4,Q4,12,December,Dec,51,23,6,23A28,TRUE
20281224,2028-12-24,2028,4,Q4,12,December,Dec,51,24,0,24A28,TRUE
20281225,2028-12-25,2028,4,Q4,12,December,Dec,52,25,1,25A28,FALSE
20281226,2028-12-26,2028,4,Q4,12,December,Dec,52,26,2,26A28,FALSE
20281227,2028-12-27,2028,4,Q4,12,December,Dec,52,27,3,27A28,FALSE
20281228,2028-12-28,2028,4,Q4,12,December,Dec,52,28,4,28A28,FALSE
20281229,2028-12-29,2028,4,Q4,12,December,Dec,52,29,5,29A28,FALSE
20281230,2028-12-30,2028,4,Q4,12,December,Dec,52,30,6,30A28,TRUE
20281231,2028-12-31,2028,4,Q4,12,December,Dec,52,31,0,31A28,TRUE
20290101,2029-01-01,2029,1,Q1,1,January,Jan,1,1,1,1A29,FALSE
20290102,2029-01-02,2029,1,Q1,1,January,Jan,1,2,2,2A29,FALSE
20290103,2029-01-03,2029,1,Q1,1,January,Jan,1,3,3,3A29,FALSE
20290104,2029-01-04,2029,1,Q1,1,January,Jan,1,4,4,4A29,FALSE
20290105,2029-01-05,2029,1,Q1,1,January,Jan,1,5,5,5A29,FALSE
20290106,2029-01-06,2029,1,Q1,1,January,Jan,1,6,6,6A29,TRUE
20290107,2029-01-07,2029,1,Q1,1,January,Jan,1,7,0,7A29,TRUE
20290108,2029-01-08,2029,1,Q1,1,January,Jan,2,8,1,8A29,FALSE
20290109,2029-01-09,2029,1,Q1,1,January,Jan,2,9,2,9A29,FALSE
20290110,2029-01-10,2029,1,Q1,1,January,Jan,2,10,3,10A29,FALSE
20290111,2029-01-11,2029,1,Q1,1,January,Jan,2,11,4,11A29,FALSE
20290112,2029-01-12,2029,1,Q1,1,January,Jan,2,12,5,12A29,FALSE
20290113,2029-01-13,2029,1,Q1,1,January,Jan,2,13,6,13A29,TRUE
20290114,2029-01-14,2029,1,Q1,1,January,Jan,2,14,0,14A29,TRUE
20290115,2029-01-15,2029,1,Q1,1,January,Jan,3,15,1,15A29,FALSE
20290116,2029-01-16,2029,1,Q1,1,January,Jan,3,16,2,16A29,FALSE
20290117,2029-01-17,2029,1,Q1,1,January,Jan,3,17,3,17A29,FALSE
20290118,2029-01-18,2029,1,Q1,1,January,Jan,3,18,4,18A29,FALSE
20290119,2029-01-19,2029,1,Q1,1,January,Jan,3,19,5,19A29,FALSE
20290120,2029-01-20,2029,1,Q1,1,January,Jan,3,20,6,20A29,TRUE
20290121,2029-01-21,2029,1,Q1,1,January,Jan,3,21,0,21A29,TRUE
20290122,2029-01-22,2029,1,Q1,1,January,Jan,4,22,1,22A29,FALSE
20290123,2029-01-23,2029,1,Q1,1,January,Jan,4,23,2,23A29,FALSE
20290124,2029-01-24,2029,1,Q1,1,January,Jan,4,24,3,24A29,FALSE
20290125,2029-01-25,2029,1,Q1,1,January,Jan,4,25,4,25A29,FALSE
20290126,2029-01-26,2029,1,Q1,1,January,Jan,4,26,5,26A29,FALSE
20290127,2029-01-27,2029,1,Q1,1,January,Jan,4,27,6,27A29,TRUE
20290128,2029-01-28,2029,1,Q1,1,January,Jan,4,28,0,28A29,TRUE
20290129,2029-01-29,2029,1,Q1,1,January,Jan,5,29,1,29A29,FALSE
20290130,2029-01-30,2029,1,Q1,1,January,Jan,5,30,2,30A29,FALSE
20290131,2029-01-31,2029,1,Q1,1,January,Jan,5,31,3,31A29,FALSE
20290201,2029-02-01,2029,1,Q1,2,February,Feb,5,1,4,1A29,FALSE
20290202,2029-02-02,2029,1,Q1,2,February,Feb,5,2,5,2A29,FALSE
20290203,2029-02-03,2029,1,Q1,2,February,Feb,5,3,6,3A29,TRUE
20290204,2029-02-04,2029,1,Q1,2,February,Feb,5,4,0,4A29,TRUE
20290205,2029-02-05,2029,1,Q1,2,February,Feb,6,5,1,5A29,FALSE
20290206,2029-02-06,2029,1,Q1,2,February,Feb,6,6,2,6A29,FALSE
20290207,2029-02-07,2029,1,Q1,2,February,Feb,6,7,3,7A29,FALSE
20290208,2029-02-08,2029,1,Q1,2,February,Feb,6,8,4,8A29,FALSE
20290209,2029-02-09,2029,1,Q1,2,February,Feb,6,9,5,9A29,FALSE
20290210,2029-02-10,2029,1,Q1,2,February,Feb,6,10,6,10A29,TRUE
20290211,2029-02-11,2029,1,Q1,2,February,Feb,6,11,0,11A29,TRUE
20290212,2029-02-12,2029,1,Q1,2,February,Feb,7,12,1,12A29,FALSE
20290213,2029-02-13,2029,1,Q1,2,February,Feb,7,13,2,13A29,FALSE
20290214,2029-02-14,2029,1,Q1,2,February,Feb,7,14,3,14A29,FALSE
20290215,2029-02-15,2029,1,Q1,2,February,Feb,7,15,4,15A29,FALSE
20290216,2029-02-16,2029,1,Q1,2,February,Feb,7,16,5,16A29,FALSE
20290217,2029-02-17,2029,1,Q1,2,February,Feb,7,17,6,17A29,TRUE
20290218,2029-02-18,2029,1,Q1,2,February,Feb,7,18,0,18A29,TRUE
20290219,2029-02-19,2029,1,Q1,2,February,Feb,8,19,1,19A29,FALSE
20290220,2029-02-20,2029,1,Q1,2,February,Feb,8,20,2,20A29,FALSE
20290221,2029-02-21,2029,1,Q1,2,February,Feb,8,21,3,21A29,FALSE
20290222,2029-02-22,2029,1,Q1,2,February,Feb,8,22,4,22A29,FALSE
20290223,2029-02-23,2029,1,Q1,2,February,Feb,8,23,5,23A29,FALSE
20290224,2029-02-24,2029,1,Q1,2,February,Feb,8,24,6,24A29,TRUE
20290225,2029-02-25,2029,1,Q1,2,February,Feb,8,25,0,25A29,TRUE
20290226,2029-02-26,2029,1,Q1,2,February,Feb,9,26,1,26A29,FALSE
20290227,2029-02-27,2029,1,Q1,2,February,Feb,9,27,2,27A29,FALSE
20290228,2029-02-28,2029,1,Q1,2,February,Feb,9,28,3,28A29,FALSE
20290301,2029-03-01,2029,1,Q1,3,March,Mar,9,1,4,1A29,FALSE
20290302,2029-03-02,2029,1,Q1,3,March,Mar,9,2,5,2A29,FALSE
20290303,2029-03-03,2029,1,Q1,3,March,Mar,9,3,6,3A29,TRUE
20290304,2029-03-04,2029,1,Q1,3,March,Mar,9,4,0,4A29,TRUE
20290305,2029-03-05,2029,1,Q1,3,March,Mar,10,5,1,5A29,FALSE
20290306,2029-03-06,2029,1,Q1,3,March,Mar,10,6,2,6A29,FALSE
20290307,2029-03-07,2029,1,Q1,3,March,Mar,10,7,3,7A29,FALSE
20290308,2029-03-08,2029,1,Q1,3,March,Mar,10,8,4,8A29,FALSE
20290309,2029-03-09,2029,1,Q1,3,March,Mar,10,9,5,9A29,FALSE
20290310,2029-03-10,2029,1,Q1,3,March,Mar,10,10,6,10A29,TRUE
20290311,2029-03-11,2029,1,Q1,3,March,Mar,10,11,0,11A29,TRUE
20290312,2029-03-12,2029,1,Q1,3,March,Mar,11,12,1,12A29,FALSE
20290313,2029-03-13,2029,1,Q1,3,March,Mar,11,13,2,13A29,FALSE
20290314,2029-03-14,2029,1,Q1,3,March,Mar,11,14,3,14A29,FALSE
20290315,2029-03-15,2029,1,Q1,3,March,Mar,11,15,4,15A29,FALSE
20290316,2029-03-16,2029,1,Q1,3,March,Mar,11,16,5,16A29,FALSE
20290317,2029-03-17,2029,1,Q1,3,March,Mar,11,17,6,17A29,TRUE
20290318,2029-03-18,2029,1,Q1,3,March,Mar,11,18,0,18A29,TRUE
20290319,2029-03-19,2029,1,Q1,3,March,Mar,12,19,1,19A29,FALSE
20290320,2029-03-20,2029,1,Q1,3,March,Mar,12,20,2,20A29,FALSE
20290321,2029-03-21,2029,1,Q1,3,March,Mar,12,21,3,21A29,FALSE
20290322,2029-03-22,2029,1,Q1,3,March,Mar,12,22,4,22A29,FALSE
20290323,2029-03-23,2029,1,Q1,3,March,Mar,12,23,5,23A29,FALSE
20290324,2029-03-24,2029,1,Q1,3,March,Mar,12,24,6,24A29,TRUE
20290325,2029-03-25,2029,1,Q1,3,March,Mar,12,25,0,25A29,TRUE
20290326,2029-03-26,2029,1,Q1,3,March,Mar,13,26,1,26A29,FALSE
20290327,2029-03-27,2029,1,Q1,3,March,Mar,13,27,2,27A29,FALSE
20290328,2029-03-28,2029,1,Q1,3,March,Mar,13,28,3,28A29,FALSE
20290329,2029-03-29,2029,1,Q1,3,March,Mar,13,29,4,29A29,FALSE
20290330,2029-03-30,2029,1,Q1,3,March,Mar,13,30,5,30A29,FALSE
20290331,2029-03-31,2029,1,Q1,3,March,Mar,13,31,6,31A29,TRUE
20290401,2029-04-01,2029,2,Q2,4,April,Apr,13,1,0,1A29,TRUE
20290402,2029-04-02,2029,2,Q2,4,April,Apr,14,2,1,2A29,FALSE
20290403,2029-04-03,2029,2,Q2,4,April,Apr,14,3,2,3A29,FALSE
20290404,2029-04-04,2029,2,Q2,4,April,Apr,14,4,3,4A29,FALSE
20290405,2029-04-05,2029,2,Q2,4,April,Apr,14,5,4,5A29,FALSE
20290406,2029-04-06,2029,2,Q2,4,April,Apr,14,6,5,6A29,FALSE
20290407,2029-04-07,2029,2,Q2,4,April,Apr,14,7,6,7A29,TRUE
20290408,2029-04-08,2029,2,Q2,4,April,Apr,14,8,0,8A29,TRUE
20290409,2029-04-09,2029,2,Q2,4,April,Apr,15,9,1,9A29,FALSE
20290410,2029-04-10,2029,2,Q2,4,April,Apr,15,10,2,10A29,FALSE
20290411,2029-04-11,2029,2,Q2,4,April,Apr,15,11,3,11A29,FALSE
20290412,2029-04-12,2029,2,Q2,4,April,Apr,15,12,4,12A29,FALSE
20290413,2029-04-13,2029,2,Q2,4,April,Apr,15,13,5,13A29,FALSE
20290414,2029-04-14,2029,2,Q2,4,April,Apr,15,14,6,14A29,TRUE
20290415,2029-04-15,2029,2,Q2,4,April,Apr,15,15,0,15A29,TRUE
20290416,2029-04-16,2029,2,Q2,4,April,Apr,16,16,1,16A29,FALSE
20290417,2029-04-17,2029,2,Q2,4,April,Apr,16,17,2,17A29,FALSE
20290418,2029-04-18,2029,2,Q2,4,April,Apr,16,18,3,18A29,FALSE
20290419,2029-04-19,2029,2,Q2,4,April,Apr,16,19,4,19A29,FALSE
20290420,2029-04-20,2029,2,Q2,4,April,Apr,16,20,5,20A29,FALSE
20290421,2029-04-21,2029,2,Q2,4,April,Apr,16,21,6,21A29,TRUE
20290422,2029-04-22,2029,2,Q2,4,April,Apr,16,22,0,22A29,TRUE
20290423,2029-04-23,2029,2,Q2,4,April,Apr,17,23,1,23A29,FALSE
20290424,2029-04-24,2029,2,Q2,4,April,Apr,17,24,2,24A29,FALSE
20290425,2029-04-25,2029,2,Q2,4,April,Apr,17,25,3,25A29,FALSE
20290426,2029-04-26,2029,2,Q2,4,April,Apr,17,26,4,26A29,FALSE
20290427,2029-04-27,2029,2,Q2,4,April,Apr,17,27,5,27A29,FALSE
20290428,2029-04-28,2029,2,Q2,4,April,Apr,17,28,6,28A29,TRUE
20290429,2029-04-29,2029,2,Q2,4,April,Apr,17,29,0,29A29,TRUE
20290430,2029-04-30,2029,2,Q2,4,April,Apr,18,30,1,30A29,FALSE
20290501,2029-05-01,2029,2,Q2,5,May,May,18,1,2,1A29,FALSE
20290502,2029-05-02,2029,2,Q2,5,May,May,18,2,3,2A29,FALSE
20290503,2029-05-03,2029,2,Q2,5,May,May,18,3,4,3A29,FALSE
20290504,2029-05-04,2029,2,Q2,5,May,May,18,4,5,4A29,FALSE
20290505,2029-05-05,2029,2,Q2,5,May,May,18,5,6,5A29,TRUE
20290506,2029-05-06,2029,2,Q2,5,May,May,18,6,0,6A29,TRUE
20290507,2029-05-07,2029,2,Q2,5,May,May,19,7,1,7A29,FALSE
20290508,2029-05-08,2029,2,Q2,5,May,May,19,8,2,8A29,FALSE
20290509,2029-05-09,2029,2,Q2,5,May,May,19,9,3,9A29,FALSE
20290510,2029-05-10,2029,2,Q2,5,May,May,19,10,4,10A29,FALSE
20290511,2029-05-11,2029,2,Q2,5,May,May,19,11,5,11A29,FALSE
20290512,2029-05-12,2029,2,Q2,5,May,May,19,12,6,12A29,TRUE
20290513,2029-05-13,2029,2,Q2,5,May,May,19,13,0,13A29,TRUE
20290514,2029-05-14,2029,2,Q2,5,May,May,20,14,1,14A29,FALSE
20290515,2029-05-15,2029,2,Q2,5,May,May,20,15,2,15A29,FALSE
20290516,2029-05-16,2029,2,Q2,5,May,May,20,16,3,16A29,FALSE
20290517,2029-05-17,2029,2,Q2,5,May,May,20,17,4,17A29,FALSE
20290518,2029-05-18,2029,2,Q2,5,May,May,20,18,5,18A29,FALSE
20290519,2029-05-19,2029,2,Q2,5,May,May,20,19,6,19A29,TRUE
20290520,2029-05-20,2029,2,Q2,5,May,May,20,20,0,20A29,TRUE
20290521,2029-05-21,2029,2,Q2,5,May,May,21,21,1,21A29,FALSE
20290522,2029-05-22,2029,2,Q2,5,May,May,21,22,2,22A29,FALSE
20290523,2029-05-23,2029,2,Q2,5,May,May,21,23,3,23A29,FALSE
20290524,2029-05-24,2029,2,Q2,5,May,May,21,24,4,24A29,FALSE
20290525,2029-05-25,2029,2,Q2,5,May,May,21,25,5,25A29,FALSE
20290526,2029-05-26,2029,2,Q2,5,May,May,21,26,6,26A29,TRUE
20290527,2029-05-27,2029,2,Q2,5,May,May,21,27,0,27A29,TRUE
20290528,2029-05-28,2029,2,Q2,5,May,May,22,28,1,28A29,FALSE
20290529,2029-05-29,2029,2,Q2,5,May,May,22,29,2,29A29,FALSE
20290530,2029-05-30,2029,2,Q2,5,May,May,22,30,3,30A29,FALSE
20290531,2029-05-31,2029,2,Q2,5,May,May,22,31,4,31A29,FALSE
20290601,2029-06-01,2029,2,Q2,6,June,Jun,22,1,5,1A29,FALSE
20290602,2029-06-02,2029,2,Q2,6,June,Jun,22,2,6,2A29,TRUE
20290603,2029-06-03,2029,2,Q2,6,June,Jun,22,3,0,3A29,TRUE
20290604,2029-06-04,2029,2,Q2,6,June,Jun,23,4,1,4A29,FALSE
20290605,2029-06-05,2029,2,Q2,6,June,Jun,23,5,2,5A29,FALSE
20290606,2029-06-06,2029,2,Q2,6,June,Jun,23,6,3,6A29,FALSE
20290607,2029-06-07,2029,2,Q2,6,June,Jun,23,7,4,7A29,FALSE
20290608,2029-06-08,2029,2,Q2,6,June,Jun,23,8,5,8A29,FALSE
20290609,2029-06-09,2029,2,Q2,6,June,Jun,23,9,6,9A29,TRUE
20290610,2029-06-10,2029,2,Q2,6,June,Jun,23,10,0,10A29,TRUE
20290611,2029-06-11,2029,2,Q2,6,June,Jun,24,11,1,11A29,FALSE
20290612,2029-06-12,2029,2,Q2,6,June,Jun,24,12,2,12A29,FALSE
20290613,2029-06-13,2029,2,Q2,6,June,Jun,24,13,3,13A29,FALSE
20290614,2029-06-14,2029,2,Q2,6,June,Jun,24,14,4,14A29,FALSE
20290615,2029-06-15,2029,2,Q2,6,June,Jun,24,15,5,15A29,FALSE
20290616,2029-06-16,2029,2,Q2,6,June,Jun,24,16,6,16A29,TRUE
20290617,2029-06-17,2029,2,Q2,6,June,Jun,24,17,0,17A29,TRUE
20290618,2029-06-18,2029,2,Q2,6,June,Jun,25,18,1,18A29,FALSE
20290619,2029-06-19,2029,2,Q2,6,June,Jun,25,19,2,19A29,FALSE
20290620,2029-06-20,2029,2,Q2,6,June,Jun,25,20,3,20A29,FALSE
20290621,2029-06-21,2029,2,Q2,6,June,Jun,25,21,4,21A29,FALSE
20290622,2029-06-22,2029,2,Q2,6,June,Jun,25,22,5,22A29,FALSE
20290623,2029-06-23,2029,2,Q2,6,June,Jun,25,23,6,23A29,TRUE
20290624,2029-06-24,2029,2,Q2,6,June,Jun,25,24,0,24A29,TRUE
20290625,2029-06-25,2029,2,Q2,6,June,Jun,26,25,1,25A29,FALSE
20290626,2029-06-26,2029,2,Q2,6,June,Jun,26,26,2,26A29,FALSE
20290627,2029-06-27,2029,2,Q2,6,June,Jun,26,27,3,27A29,FALSE
20290628,2029-06-28,2029,2,Q2,6,June,Jun,26,28,4,28A29,FALSE
20290629,2029-06-29,2029,2,Q2,6,June,Jun,26,29,5,29A29,FALSE
20290630,2029-06-30,2029,2,Q2,6,June,Jun,26,30,6,30A29,TRUE
20290701,2029-07-01,2029,3,Q3,7,July,Jul,26,1,0,1A29,TRUE
20290702,2029-07-02,2029,3,Q3,7,July,Jul,27,2,1,2A29,FALSE
20290703,2029-07-03,2029,3,Q3,7,July,Jul,27,3,2,3A29,FALSE
20290704,2029-07-04,2029,3,Q3,7,July,Jul,27,4,3,4A29,FALSE
20290705,2029-07-05,2029,3,Q3,7,July,Jul,27,5,4,5A29,FALSE
20290706,2029-07-06,2029,3,Q3,7,July,Jul,27,6,5,6A29,FALSE
20290707,2029-07-07,2029,3,Q3,7,July,Jul,27,7,6,7A29,TRUE
20290708,2029-07-08,2029,3,Q3,7,July,Jul,27,8,0,8A29,TRUE
20290709,2029-07-09,2029,3,Q3,7,July,Jul,28,9,1,9A29,FALSE
20290710,2029-07-10,2029,3,Q3,7,July,Jul,28,10,2,10A29,FALSE
20290711,2029-07-11,2029,3,Q3,7,July,Jul,28,11,3,11A29,FALSE
20290712,2029-07-12,2029,3,Q3,7,July,Jul,28,12,4,12A29,FALSE
20290713,2029-07-13,2029,3,Q3,7,July,Jul,28,13,5,13A29,FALSE
20290714,2029-07-14,2029,3,Q3,7,July,Jul,28,14,6,14A29,TRUE
20290715,2029-07-15,2029,3,Q3,7,July,Jul,28,15,0,15A29,TRUE
20290716,2029-07-16,2029,3,Q3,7,July,Jul,29,16,1,16A29,FALSE
20290717,2029-07-17,2029,3,Q3,7,July,Jul,29,17,2,17A29,FALSE
20290718,2029-07-18,2029,3,Q3,7,July,Jul,29,18,3,18A29,FALSE
20290719,2029-07-19,2029,3,Q3,7,July,Jul,29,19,4,19A29,FALSE
20290720,2029-07-20,2029,3,Q3,7,July,Jul,29,20,5,20A29,FALSE
20290721,2029-07-21,2029,3,Q3,7,July,Jul,29,21,6,21A29,TRUE
20290722,2029-07-22,2029,3,Q3,7,July,Jul,29,22,0,22A29,TRUE
20290723,2029-07-23,2029,3,Q3,7,July,Jul,30,23,1,23A29,FALSE
20290724,2029-07-24,2029,3,Q3,7,July,Jul,30,24,2,24A29,FALSE
20290725,2029-07-25,2029,3,Q3,7,July,Jul,30,25,3,25A29,FALSE
20290726,2029-07-26,2029,3,Q3,7,July,Jul,30,26,4,26A29,FALSE
20290727,2029-07-27,2029,3,Q3,7,July,Jul,30,27,5,27A29,FALSE
20290728,2029-07-28,2029,3,Q3,7,July,Jul,30,28,6,28A29,TRUE
20290729,2029-07-29,2029,3,Q3,7,July,Jul,30,29,0,29A29,TRUE
20290730,2029-07-30,2029,3,Q3,7,July,Jul,31,30,1,30A29,FALSE
20290731,2029-07-31,2029,3,Q3,7,July,Jul,31,31,2,31A29,FALSE
20290801,2029-08-01,2029,3,Q3,8,August,Aug,31,1,3,1A29,FALSE
20290802,2029-08-02,2029,3,Q3,8,August,Aug,31,2,4,2A29,FALSE
20290803,2029-08-03,2029,3,Q3,8,August,Aug,31,3,5,3A29,FALSE
20290804,2029-08-04,2029,3,Q3,8,August,Aug,31,4,6,4A29,TRUE
20290805,2029-08-05,2029,3,Q3,8,August,Aug,31,5,0,5A29,TRUE
20290806,2029-08-06,2029,3,Q3,8,August,Aug,32,6,1,6A29,FALSE
20290807,2029-08-07,2029,3,Q3,8,August,Aug,32,7,2,7A29,FALSE
20290808,2029-08-08,2029,3,Q3,8,August,Aug,32,8,3,8A29,FALSE
20290809,2029-08-09,2029,3,Q3,8,August,Aug,32,9,4,9A29,FALSE
20290810,2029-08-10,2029,3,Q3,8,August,Aug,32,10,5,10A29,FALSE
20290811,2029-08-11,2029,3,Q3,8,August,Aug,32,11,6,11A29,TRUE
20290812,2029-08-12,2029,3,Q3,8,August,Aug,32,12,0,12A29,TRUE
20290813,2029-08-13,2029,3,Q3,8,August,Aug,33,13,1,13A29,FALSE
20290814,2029-08-14,2029,3,Q3,8,August,Aug,33,14,2,14A29,FALSE
20290815,2029-08-15,2029,3,Q3,8,August,Aug,33,15,3,15A29,FALSE
20290816,2029-08-16,2029,3,Q3,8,August,Aug,33,16,4,16A29,FALSE
20290817,2029-08-17,2029,3,Q3,8,August,Aug,33,17,5,17A29,FALSE
20290818,2029-08-18,2029,3,Q3,8,August,Aug,33,18,6,18A29,TRUE
20290819,2029-08-19,2029,3,Q3,8,August,Aug,33,19,0,19A29,TRUE
20290820,2029-08-20,2029,3,Q3,8,August,Aug,34,20,1,20A29,FALSE
20290821,2029-08-21,2029,3,Q3,8,August,Aug,34,21,2,21A29,FALSE
20290822,2029-08-22,2029,3,Q3,8,August,Aug,34,22,3,22A29,FALSE
20290823,2029-08-23,2029,3,Q3,8,August,Aug,34,23,4,23A29,FALSE
20290824,2029-08-24,2029,3,Q3,8,August,Aug,34,24,5,24A29,FALSE
20290825,2029-08-25,2029,3,Q3,8,August,Aug,34,25,6,25A29,TRUE
20290826,2029-08-26,2029,3,Q3,8,August,Aug,34,26,0,26A29,TRUE
20290827,2029-08-27,2029,3,Q3,8,August,Aug,35,27,1,27A29,FALSE
20290828,2029-08-28,2029,3,Q3,8,August,Aug,35,28,2,28A29,FALSE
20290829,2029-08-29,2029,3,Q3,8,August,Aug,35,29,3,29A29,FALSE
20290830,2029-08-30,2029,3,Q3,8,August,Aug,35,30,4,30A29,FALSE
20290831,2029-08-31,2029,3,Q3,8,August,Aug,35,31,5,31A29,FALSE
20290901,2029-09-01,2029,3,Q3,9,September,Sep,35,1,6,1A29,TRUE
20290902,2029-09-02,2029,3,Q3,9,September,Sep,35,2,0,2A29,TRUE
20290903,2029-09-03,2029,3,Q3,9,September,Sep,36,3,1,3A29,FALSE
20290904,2029-09-04,2029,3,Q3,9,September,Sep,36,4,2,4A29,FALSE
20290905,2029-09-05,2029,3,Q3,9,September,Sep,36,5,3,5A29,FALSE
20290906,2029-09-06,2029,3,Q3,9,September,Sep,36,6,4,6A29,FALSE
20290907,2029-09-07,2029,3,Q3,9,September,Sep,36,7,5,7A29,FALSE
20290908,2029-09-08,2029,3,Q3,9,September,Sep,36,8,6,8A29,TRUE
20290909,2029-09-09,2029,3,Q3,9,September,Sep,36,9,0,9A29,TRUE
20290910,2029-09-10,2029,3,Q3,9,September,Sep,37,10,1,10A29,FALSE
20290911,2029-09-11,2029,3,Q3,9,September,Sep,37,11,2,11A29,FALSE
20290912,2029-09-12,2029,3,Q3,9,September,Sep,37,12,3,12A29,FALSE
20290913,2029-09-13,2029,3,Q3,9,September,Sep,37,13,4,13A29,FALSE
20290914,2029-09-14,2029,3,Q3,9,September,Sep,37,14,5,14A29,FALSE
20290915,2029-09-15,2029,3,Q3,9,September,Sep,37,15,6,15A29,TRUE
20290916,2029-09-16,2029,3,Q3,9,September,Sep,37,16,0,16A29,TRUE
20290917,2029-09-17,2029,3,Q3,9,September,Sep,38,17,1,17A29,FALSE
20290918,2029-09-18,2029,3,Q3,9,September,Sep,38,18,2,18A29,FALSE
20290919,2029-09-19,2029,3,Q3,9,September,Sep,38,19,3,19A29,FALSE
20290920,2029-09-20,2029,3,Q3,9,September,Sep,38,20,4,20A29,FALSE
20290921,2029-09-21,2029,3,Q3,9,September,Sep,38,21,5,21A29,FALSE
20290922,2029-09-22,2029,3,Q3,9,September,Sep,38,22,6,22A29,TRUE
20290923,2029-09-23,2029,3,Q3,9,September,Sep,38,23,0,23A29,TRUE
20290924,2029-09-24,2029,3,Q3,9,September,Sep,39,24,1,24A29,FALSE
20290925,2029-09-25,2029,3,Q3,9,September,Sep,39,25,2,25A29,FALSE
20290926,2029-09-26,2029,3,Q3,9,September,Sep,39,26,3,26A29,FALSE
20290927,2029-09-27,2029,3,Q3,9,September,Sep,39,27,4,27A29,FALSE
20290928,2029-09-28,2029,3,Q3,9,September,Sep,39,28,5,28A29,FALSE
20290929,2029-09-29,2029,3,Q3,9,September,Sep,39,29,6,29A29,TRUE
20290930,2029-09-30,2029,3,Q3,9,September,Sep,39,30,0,30A29,TRUE
20291001,2029-10-01,2029,4,Q4,10,October,Oct,40,1,1,1A29,FALSE
20291002,2029-10-02,2029,4,Q4,10,October,Oct,40,2,2,2A29,FALSE
20291003,2029-10-03,2029,4,Q4,10,October,Oct,40,3,3,3A29,FALSE
20291004,2029-10-04,2029,4,Q4,10,October,Oct,40,4,4,4A29,FALSE
20291005,2029-10-05,2029,4,Q4,10,October,Oct,40,5,5,5A29,FALSE
20291006,2029-10-06,2029,4,Q4,10,October,Oct,40,6,6,6A29,TRUE
20291007,2029-10-07,2029,4,Q4,10,October,Oct,40,7,0,7A29,TRUE
20291008,2029-10-08,2029,4,Q4,10,October,Oct,41,8,1,8A29,FALSE
20291009,2029-10-09,2029,4,Q4,10,October,Oct,41,9,2,9A29,FALSE
20291010,2029-10-10,2029,4,Q4,10,October,Oct,41,10,3,10A29,FALSE
20291011,2029-10-11,2029,4,Q4,10,October,Oct,41,11,4,11A29,FALSE
20291012,2029-10-12,2029,4,Q4,10,October,Oct,41,12,5,12A29,FALSE
20291013,2029-10-13,2029,4,Q4,10,October,Oct,41,13,6,13A29,TRUE
20291014,2029-10-14,2029,4,Q4,10,October,Oct,41,14,0,14A29,TRUE
20291015,2029-10-15,2029,4,Q4,10,October,Oct,42,15,1,15A29,FALSE
20291016,2029-10-16,2029,4,Q4,10,October,Oct,42,16,2,16A29,FALSE
20291017,2029-10-17,2029,4,Q4,10,October,Oct,42,17,3,17A29,FALSE
20291018,2029-10-18,2029,4,Q4,10,October,Oct,42,18,4,18A29,FALSE
20291019,2029-10-19,2029,4,Q4,10,October,Oct,42,19,5,19A29,FALSE
20291020,2029-10-20,2029,4,Q4,10,October,Oct,42,20,6,20A29,TRUE
20291021,2029-10-21,2029,4,Q4,10,October,Oct,42,21,0,21A29,TRUE
20291022,2029-10-22,2029,4,Q4,10,October,Oct,43,22,1,22A29,FALSE
20291023,2029-10-23,2029,4,Q4,10,October,Oct,43,23,2,23A29,FALSE
20291024,2029-10-24,2029,4,Q4,10,October,Oct,43,24,3,24A29,FALSE
20291025,2029-10-25,2029,4,Q4,10,October,Oct,43,25,4,25A29,FALSE
20291026,2029-10-26,2029,4,Q4,10,October,Oct,43,26,5,26A29,FALSE
20291027,2029-10-27,2029,4,Q4,10,October,Oct,43,27,6,27A29,TRUE
20291028,2029-10-28,2029,4,Q4,10,October,Oct,43,28,0,28A29,TRUE
20291029,2029-10-29,2029,4,Q4,10,October,Oct,44,29,1,29A29,FALSE
20291030,2029-10-30,2029,4,Q4,10,October,Oct,44,30,2,30A29,FALSE
20291031,2029-10-31,2029,4,Q4,10,October,Oct,44,31,3,31A29,FALSE
20291101,2029-11-01,2029,4,Q4,11,November,Nov,44,1,4,1A29,FALSE
20291102,2029-11-02,2029,4,Q4,11,November,Nov,44,2,5,2A29,FALSE
20291103,2029-11-03,2029,4,Q4,11,November,Nov,44,3,6,3A29,TRUE
20291104,2029-11-04,2029,4,Q4,11,November,Nov,44,4,0,4A29,TRUE
20291105,2029-11-05,2029,4,Q4,11,November,Nov,45,5,1,5A29,FALSE
20291106,2029-11-06,2029,4,Q4,11,November,Nov,45,6,2,6A29,FALSE
20291107,2029-11-07,2029,4,Q4,11,November,Nov,45,7,3,7A29,FALSE
20291108,2029-11-08,2029,4,Q4,11,November,Nov,45,8,4,8A29,FALSE
20291109,2029-11-09,2029,4,Q4,11,November,Nov,45,9,5,9A29,FALSE
20291110,2029-11-10,2029,4,Q4,11,November,Nov,45,10,6,10A29,TRUE
20291111,2029-11-11,2029,4,Q4,11,November,Nov,45,11,0,11A29,TRUE
20291112,2029-11-12,2029,4,Q4,11,November,Nov,46,12,1,12A29,FALSE
20291113,2029-11-13,2029,4,Q4,11,November,Nov,46,13,2,13A29,FALSE
20291114,2029-11-14,2029,4,Q4,11,November,Nov,46,14,3,14A29,FALSE
20291115,2029-11-15,2029,4,Q4,11,November,Nov,46,15,4,15A29,FALSE
20291116,2029-11-16,2029,4,Q4,11,November,Nov,46,16,5,16A29,FALSE
20291117,2029-11-17,2029,4,Q4,11,November,Nov,46,17,6,17A29,TRUE
20291118,2029-11-18,2029,4,Q4,11,November,Nov,46,18,0,18A29,TRUE
20291119,2029-11-19,2029,4,Q4,11,November,Nov,47,19,1,19A29,FALSE
20291120,2029-11-20,2029,4,Q4,11,November,Nov,47,20,2,20A29,FALSE
20291121,2029-11-21,2029,4,Q4,11,November,Nov,47,21,3,21A29,FALSE
20291122,2029-11-22,2029,4,Q4,11,November,Nov,47,22,4,22A29,FALSE
20291123,2029-11-23,2029,4,Q4,11,November,Nov,47,23,5,23A29,FALSE
20291124,2029-11-24,2029,4,Q4,11,November,Nov,47,24,6,24A29,TRUE
20291125,2029-11-25,2029,4,Q4,11,November,Nov,47,25,0,25A29,TRUE
20291126,2029-11-26,2029,4,Q4,11,November,Nov,48,26,1,26A29,FALSE
20291127,2029-11-27,2029,4,Q4,11,November,Nov,48,27,2,27A29,FALSE
20291128,2029-11-28,2029,4,Q4,11,November,Nov,48,28,3,28A29,FALSE
20291129,2029-11-29,2029,4,Q4,11,November,Nov,48,29,4,29A29,FALSE
20291130,2029-11-30,2029,4,Q4,11,November,Nov,48,30,5,30A29,FALSE
20291201,2029-12-01,2029,4,Q4,12,December,Dec,48,1,6,1A29,TRUE
20291202,2029-12-02,2029,4,Q4,12,December,Dec,48,2,0,2A29,TRUE
20291203,2029-12-03,2029,4,Q4,12,December,Dec,49,3,1,3A29,FALSE
20291204,2029-12-04,2029,4,Q4,12,December,Dec,49,4,2,4A29,FALSE
20291205,2029-12-05,2029,4,Q4,12,December,Dec,49,5,3,5A29,FALSE
20291206,2029-12-06,2029,4,Q4,12,December,Dec,49,6,4,6A29,FALSE
20291207,2029-12-07,2029,4,Q4,12,December,Dec,49,7,5,7A29,FALSE
20291208,2029-12-08,2029,4,Q4,12,December,Dec,49,8,6,8A29,TRUE
20291209,2029-12-09,2029,4,Q4,12,December,Dec,49,9,0,9A29,TRUE
20291210,2029-12-10,2029,4,Q4,12,December,Dec,50,10,1,10A29,FALSE
20291211,2029-12-11,2029,4,Q4,12,December,Dec,50,11,2,11A29,FALSE
20291212,2029-12-12,2029,4,Q4,12,December,Dec,50,12,3,12A29,FALSE
20291213,2029-12-13,2029,4,Q4,12,December,Dec,50,13,4,13A29,FALSE
20291214,2029-12-14,2029,4,Q4,12,December,Dec,50,14,5,14A29,FALSE
20291215,2029-12-15,2029,4,Q4,12,December,Dec,50,15,6,15A29,TRUE
20291216,2029-12-16,2029,4,Q4,12,December,Dec,50,16,0,16A29,TRUE
20291217,2029-12-17,2029,4,Q4,12,December,Dec,51,17,1,17A29,FALSE
20291218,2029-12-18,2029,4,Q4,12,December,Dec,51,18,2,18A29,FALSE
20291219,2029-12-19,2029,4,Q4,12,December,Dec,51,19,3,19A29,FALSE
20291220,2029-12-20,2029,4,Q4,12,December,Dec,51,20,4,20A29,FALSE
20291221,2029-12-21,2029,4,Q4,12,December,Dec,51,21,5,21A29,FALSE
20291222,2029-12-22,2029,4,Q4,12,December,Dec,51,22,6,22A29,TRUE
20291223,2029-12-23,2029,4,Q4,12,December,Dec,51,23,0,23A29,TRUE
20291224,2029-12-24,2029,4,Q4,12,December,Dec,52,24,1,24A29,FALSE
20291225,2029-12-25,2029,4,Q4,12,December,Dec,52,25,2,25A29,FALSE
20291226,2029-12-26,2029,4,Q4,12,December,Dec,52,26,3,26A29,FALSE
20291227,2029-12-27,2029,4,Q4,12,December,Dec,52,27,4,27A29,FALSE
20291228,2029-12-28,2029,4,Q4,12,December,Dec,52,28,5,28A29,FALSE
20291229,2029-12-29,2029,4,Q4,12,December,Dec,52,29,6,29A29,TRUE
20291230,2029-12-30,2029,4,Q4,12,December,Dec,52,30,0,30A29,TRUE
20291231,2029-12-31,2029,4,Q4,12,December,Dec,1,31,1,31A29,FALSE
20300101,2030-01-01,2030,1,Q1,1,January,Jan,1,1,2,1A30,FALSE
20300102,2030-01-02,2030,1,Q1,1,January,Jan,1,2,3,2A30,FALSE
20300103,2030-01-03,2030,1,Q1,1,January,Jan,1,3,4,3A30,FALSE
20300104,2030-01-04,2030,1,Q1,1,January,Jan,1,4,5,4A30,FALSE
20300105,2030-01-05,2030,1,Q1,1,January,Jan,1,5,6,5A30,TRUE
20300106,2030-01-06,2030,1,Q1,1,January,Jan,1,6,0,6A30,TRUE
20300107,2030-01-07,2030,1,Q1,1,January,Jan,2,7,1,7A30,FALSE
20300108,2030-01-08,2030,1,Q1,1,January,Jan,2,8,2,8A30,FALSE
20300109,2030-01-09,2030,1,Q1,1,January,Jan,2,9,3,9A30,FALSE
20300110,2030-01-10,2030,1,Q1,1,January,Jan,2,10,4,10A30,FALSE
20300111,2030-01-11,2030,1,Q1,1,January,Jan,2,11,5,11A30,FALSE
20300112,2030-01-12,2030,1,Q1,1,January,Jan,2,12,6,12A30,TRUE
20300113,2030-01-13,2030,1,Q1,1,January,Jan,2,13,0,13A30,TRUE
20300114,2030-01-14,2030,1,Q1,1,January,Jan,3,14,1,14A30,FALSE
20300115,2030-01-15,2030,1,Q1,1,January,Jan,3,15,2,15A30,FALSE
20300116,2030-01-16,2030,1,Q1,1,January,Jan,3,16,3,16A30,FALSE
20300117,2030-01-17,2030,1,Q1,1,January,Jan,3,17,4,17A30,FALSE
20300118,2030-01-18,2030,1,Q1,1,January,Jan,3,18,5,18A30,FALSE
20300119,2030-01-19,2030,1,Q1,1,January,Jan,3,19,6,19A30,TRUE
20300120,2030-01-20,2030,1,Q1,1,January,Jan,3,20,0,20A30,TRUE
20300121,2030-01-21,2030,1,Q1,1,January,Jan,4,21,1,21A30,FALSE
20300122,2030-01-22,2030,1,Q1,1,January,Jan,4,22,2,22A30,FALSE
20300123,2030-01-23,2030,1,Q1,1,January,Jan,4,23,3,23A30,FALSE
20300124,2030-01-24,2030,1,Q1,1,January,Jan,4,24,4,24A30,FALSE
20300125,2030-01-25,2030,1,Q1,1,January,Jan,4,25,5,25A30,FALSE
20300126,2030-01-26,2030,1,Q1,1,January,Jan,4,26,6,26A30,TRUE
20300127,2030-01-27,2030,1,Q1,1,January,Jan,4,27,0,27A30,TRUE
20300128,2030-01-28,2030,1,Q1,1,January,Jan,5,28,1,28A30,FALSE
20300129,2030-01-29,2030,1,Q1,1,January,Jan,5,29,2,29A30,FALSE
20300130,2030-01-30,2030,1,Q1,1,January,Jan,5,30,3,30A30,FALSE
20300131,2030-01-31,2030,1,Q1,1,January,Jan,5,31,4,31A30,FALSE
20300201,2030-02-01,2030,1,Q1,2,February,Feb,5,1,5,1A30,FALSE
20300202,2030-02-02,2030,1,Q1,2,February,Feb,5,2,6,2A30,TRUE
20300203,2030-02-03,2030,1,Q1,2,February,Feb,5,3,0,3A30,TRUE
20300204,2030-02-04,2030,1,Q1,2,February,Feb,6,4,1,4A30,FALSE
20300205,2030-02-05,2030,1,Q1,2,February,Feb,6,5,2,5A30,FALSE
20300206,2030-02-06,2030,1,Q1,2,February,Feb,6,6,3,6A30,FALSE
20300207,2030-02-07,2030,1,Q1,2,February,Feb,6,7,4,7A30,FALSE
20300208,2030-02-08,2030,1,Q1,2,February,Feb,6,8,5,8A30,FALSE
20300209,2030-02-09,2030,1,Q1,2,February,Feb,6,9,6,9A30,TRUE
20300210,2030-02-10,2030,1,Q1,2,February,Feb,6,10,0,10A30,TRUE
20300211,2030-02-11,2030,1,Q1,2,February,Feb,7,11,1,11A30,FALSE
