TRACK_ID,TRACK_NAME,ALBUM_TITLE,ARTIST_NAME,GENRE_NAME,MEDIA_TYPE_NAME,COMPOSER,SECONDS,BYTES
1,For Those About To Rock (We Salute You),For Those About To Rock We Salute You,AC/DC,Rock,MPEG audio file,"Angus Young, Malcolm Young, Brian Johnson",343.72,11170334
2,Balls to the Wall,Balls to the Wall,Accept,Rock,Protected AAC audio file,"U. Dirkschneider, W. Hoffmann, H. Frank, P. Baltes, S. Kaufmann, G. Hoffmann",342.56,5510424
3,Fast As a Shark,Restless and Wild,Accept,Rock,Protected AAC audio file,"F. Baltes, S. Kaufman, U. Dirkscneider & W. Hoffman",230.62,3990994
4,Restless and Wild,Restless and Wild,Accept,Rock,Protected AAC audio file,"F. Baltes, R.A. Smith-Diesel, S. Kaufman, U. Dirkscneider & W. Hoffman",252.05,4331779
5,Princess of the Dawn,Restless and Wild,Accept,Rock,Protected AAC audio file,Deaffy & R.A. Smith-Diesel,375.42,6290521
6,Put The Finger On You,For Those About To Rock We Salute You,AC/DC,Rock,MPEG audio file,"Angus Young, Malcolm Young, Brian Johnson",205.66,6713451
7,Let's Get It Up,For Those About To Rock We Salute You,AC/DC,Rock,MPEG audio file,"Angus Young, Malcolm Young, Brian Johnson",233.93,7636561
8,Inject The Venom,For Those About To Rock We Salute You,AC/DC,Rock,MPEG audio file,"Angus Young, Malcolm Young, Brian Johnson",210.83,6852860
9,Snowballed,For Those About To Rock We Salute You,AC/DC,Rock,MPEG audio file,"Angus Young, Malcolm Young, Brian Johnson",203.10,6599424
10,Evil Walks,For Those About To Rock We Salute You,AC/DC,Rock,MPEG audio file,"Angus Young, Malcolm Young, Brian Johnson",263.50,8611245
11,C.O.D.,For Those About To Rock We Salute You,AC/DC,Rock,MPEG audio file,"Angus Young, Malcolm Young, Brian Johnson",199.84,6566314
12,Breaking The Rules,For Those About To Rock We Salute You,AC/DC,Rock,MPEG audio file,"Angus Young, Malcolm Young, Brian Johnson",263.29,8596840
13,Night Of The Long Knives,For Those About To Rock We Salute You,AC/DC,Rock,MPEG audio file,"Angus Young, Malcolm Young, Brian Johnson",205.69,6706347
14,Spellbound,For Those About To Rock We Salute You,AC/DC,Rock,MPEG audio file,"Angus Young, Malcolm Young, Brian Johnson",270.86,8817038
15,Go Down,Let There Be Rock,AC/DC,Rock,MPEG audio file,AC/DC,331.18,10847611
16,Dog Eat Dog,Let There Be Rock,AC/DC,Rock,MPEG audio file,AC/DC,215.20,7032162
17,Let There Be Rock,Let There Be Rock,AC/DC,Rock,MPEG audio file,AC/DC,366.65,12021261
18,Bad Boy Boogie,Let There Be Rock,AC/DC,Rock,MPEG audio file,AC/DC,267.73,8776140
19,Problem Child,Let There Be Rock,AC/DC,Rock,MPEG audio file,AC/DC,325.04,10617116
20,Overdose,Let There Be Rock,AC/DC,Rock,MPEG audio file,AC/DC,369.32,12066294
21,Hell Ain't A Bad Place To Be,Let There Be Rock,AC/DC,Rock,MPEG audio file,AC/DC,254.38,8331286
22,Whole Lotta Rosie,Let There Be Rock,AC/DC,Rock,MPEG audio file,AC/DC,323.76,10547154
23,Walk On Water,Big Ones,Aerosmith,Rock,MPEG audio file,"Steven Tyler, Joe Perry, Jack Blades, Tommy Shaw",295.68,9719579
24,Love In An Elevator,Big Ones,Aerosmith,Rock,MPEG audio file,"Steven Tyler, Joe Perry",321.83,10552051
25,Rag Doll,Big Ones,Aerosmith,Rock,MPEG audio file,"Steven Tyler, Joe Perry, Jim Vallance, Holly Knight",264.70,8675345
26,What It Takes,Big Ones,Aerosmith,Rock,MPEG audio file,"Steven Tyler, Joe Perry, Desmond Child",310.62,10144730
27,Dude (Looks Like A Lady),Big Ones,Aerosmith,Rock,MPEG audio file,"Steven Tyler, Joe Perry, Desmond Child",264.86,8679940
28,Janie's Got A Gun,Big Ones,Aerosmith,Rock,MPEG audio file,"Steven Tyler, Tom Hamilton",330.74,10869391
29,Cryin',Big Ones,Aerosmith,Rock,MPEG audio file,"Steven Tyler, Joe Perry, Taylor Rhodes",309.26,10056995
30,Amazing,Big Ones,Aerosmith,Rock,MPEG audio file,"Steven Tyler, Richie Supa",356.52,11616195
31,Blind Man,Big Ones,Aerosmith,Rock,MPEG audio file,"Steven Tyler, Joe Perry, Taylor Rhodes",240.72,7877453
32,Deuces Are Wild,Big Ones,Aerosmith,Rock,MPEG audio file,"Steven Tyler, Jim Vallance",215.88,7074167
33,The Other Side,Big Ones,Aerosmith,Rock,MPEG audio file,"Steven Tyler, Jim Vallance",244.38,7983270
34,Crazy,Big Ones,Aerosmith,Rock,MPEG audio file,"Steven Tyler, Joe Perry, Desmond Child",316.66,10402398
35,Eat The Rich,Big Ones,Aerosmith,Rock,MPEG audio file,"Steven Tyler, Joe Perry, Jim Vallance",251.04,8262039
36,Angel,Big Ones,Aerosmith,Rock,MPEG audio file,"Steven Tyler, Desmond Child",307.62,9989331
37,Livin' On The Edge,Big Ones,Aerosmith,Rock,MPEG audio file,"Steven Tyler, Joe Perry, Mark Hudson",381.23,12374569
38,All I Really Want,Jagged Little Pill,Alanis Morissette,Rock,MPEG audio file,Alanis Morissette & Glenn Ballard,284.89,9375567
39,You Oughta Know,Jagged Little Pill,Alanis Morissette,Rock,MPEG audio file,Alanis Morissette & Glenn Ballard,249.23,8196916
40,Perfect,Jagged Little Pill,Alanis Morissette,Rock,MPEG audio file,Alanis Morissette & Glenn Ballard,188.13,6145404
41,Hand In My Pocket,Jagged Little Pill,Alanis Morissette,Rock,MPEG audio file,Alanis Morissette & Glenn Ballard,221.57,7224246
42,Right Through You,Jagged Little Pill,Alanis Morissette,Rock,MPEG audio file,Alanis Morissette & Glenn Ballard,176.12,5793082
43,Forgiven,Jagged Little Pill,Alanis Morissette,Rock,MPEG audio file,Alanis Morissette & Glenn Ballard,300.36,9753256
44,You Learn,Jagged Little Pill,Alanis Morissette,Rock,MPEG audio file,Alanis Morissette & Glenn Ballard,239.70,7824837
45,Head Over Feet,Jagged Little Pill,Alanis Morissette,Rock,MPEG audio file,Alanis Morissette & Glenn Ballard,267.49,8758008
46,Mary Jane,Jagged Little Pill,Alanis Morissette,Rock,MPEG audio file,Alanis Morissette & Glenn Ballard,280.61,9163588
47,Ironic,Jagged Little Pill,Alanis Morissette,Rock,MPEG audio file,Alanis Morissette & Glenn Ballard,229.83,7598866
48,Not The Doctor,Jagged Little Pill,Alanis Morissette,Rock,MPEG audio file,Alanis Morissette & Glenn Ballard,227.63,7604601
49,Wake Up,Jagged Little Pill,Alanis Morissette,Rock,MPEG audio file,Alanis Morissette & Glenn Ballard,293.49,9703359
50,You Oughta Know (Alternate),Jagged Little Pill,Alanis Morissette,Rock,MPEG audio file,Alanis Morissette & Glenn Ballard,491.89,16008629
51,We Die Young,Facelift,Alice In Chains,Rock,MPEG audio file,Jerry Cantrell,152.08,4925362
52,Man In The Box,Facelift,Alice In Chains,Rock,MPEG audio file,"Jerry Cantrell, Layne Staley",286.64,9310272
53,Sea Of Sorrow,Facelift,Alice In Chains,Rock,MPEG audio file,Jerry Cantrell,349.83,11316328
54,Bleed The Freak,Facelift,Alice In Chains,Rock,MPEG audio file,Jerry Cantrell,241.95,7847716
55,I Can't Remember,Facelift,Alice In Chains,Rock,MPEG audio file,"Jerry Cantrell, Layne Staley",222.96,7302550
56,"Love, Hate, Love",Facelift,Alice In Chains,Rock,MPEG audio file,"Jerry Cantrell, Layne Staley",387.13,12575396
57,It Ain't Like That,Facelift,Alice In Chains,Rock,MPEG audio file,"Jerry Cantrell, Michael Starr, Sean Kinney",277.58,8993793
58,Sunshine,Facelift,Alice In Chains,Rock,MPEG audio file,Jerry Cantrell,284.97,9216057
59,Put You Down,Facelift,Alice In Chains,Rock,MPEG audio file,Jerry Cantrell,196.23,6420530
60,Confusion,Facelift,Alice In Chains,Rock,MPEG audio file,"Jerry Cantrell, Michael Starr, Layne Staley",344.16,11183647
61,I Know Somethin (Bout You),Facelift,Alice In Chains,Rock,MPEG audio file,Jerry Cantrell,261.96,8497788
62,Real Thing,Facelift,Alice In Chains,Rock,MPEG audio file,"Jerry Cantrell, Layne Staley",243.88,7937731
63,Desafinado,Warner 25 Anos,Antônio Carlos Jobim,Jazz,MPEG audio file,,185.34,5990473
64,Garota De Ipanema,Warner 25 Anos,Antônio Carlos Jobim,Jazz,MPEG audio file,,285.05,9348428
65,Samba De Uma Nota Só (One Note Samba),Warner 25 Anos,Antônio Carlos Jobim,Jazz,MPEG audio file,,137.27,4535401
66,Por Causa De Você,Warner 25 Anos,Antônio Carlos Jobim,Jazz,MPEG audio file,,169.90,5536496
67,Ligia,Warner 25 Anos,Antônio Carlos Jobim,Jazz,MPEG audio file,,251.98,8226934
68,Fotografia,Warner 25 Anos,Antônio Carlos Jobim,Jazz,MPEG audio file,,129.23,4198774
69,Dindi (Dindi),Warner 25 Anos,Antônio Carlos Jobim,Jazz,MPEG audio file,,253.18,8149148
70,Se Todos Fossem Iguais A Você (Instrumental),Warner 25 Anos,Antônio Carlos Jobim,Jazz,MPEG audio file,,134.95,4393377
71,Falando De Amor,Warner 25 Anos,Antônio Carlos Jobim,Jazz,MPEG audio file,,219.66,7121735
72,Angela,Warner 25 Anos,Antônio Carlos Jobim,Jazz,MPEG audio file,,169.51,5574957
73,Corcovado (Quiet Nights Of Quiet Stars),Warner 25 Anos,Antônio Carlos Jobim,Jazz,MPEG audio file,,205.66,6687994
74,Outra Vez,Warner 25 Anos,Antônio Carlos Jobim,Jazz,MPEG audio file,,126.51,4110053
75,O Boto (Bôto),Warner 25 Anos,Antônio Carlos Jobim,Jazz,MPEG audio file,,366.84,12089673
76,"Canta, Canta Mais",Warner 25 Anos,Antônio Carlos Jobim,Jazz,MPEG audio file,,271.86,8719426
77,Enter Sandman,Plays Metallica By Four Cellos,Apocalyptica,Metal,MPEG audio file,Apocalyptica,221.70,7286305
78,Master Of Puppets,Plays Metallica By Four Cellos,Apocalyptica,Metal,MPEG audio file,Apocalyptica,436.45,14375310
79,Harvester Of Sorrow,Plays Metallica By Four Cellos,Apocalyptica,Metal,MPEG audio file,Apocalyptica,374.54,12372536
80,The Unforgiven,Plays Metallica By Four Cellos,Apocalyptica,Metal,MPEG audio file,Apocalyptica,322.93,10422447
81,Sad But True,Plays Metallica By Four Cellos,Apocalyptica,Metal,MPEG audio file,Apocalyptica,288.21,9405526
82,Creeping Death,Plays Metallica By Four Cellos,Apocalyptica,Metal,MPEG audio file,Apocalyptica,308.04,10110980
83,Wherever I May Roam,Plays Metallica By Four Cellos,Apocalyptica,Metal,MPEG audio file,Apocalyptica,369.35,12033110
84,Welcome Home (Sanitarium),Plays Metallica By Four Cellos,Apocalyptica,Metal,MPEG audio file,Apocalyptica,350.20,11406431
85,Cochise,Audioslave,Audioslave,Rock,MPEG audio file,Audioslave/Chris Cornell,222.38,5339931
86,Show Me How to Live,Audioslave,Audioslave,Rock,MPEG audio file,Audioslave/Chris Cornell,277.89,6672176
87,Gasoline,Audioslave,Audioslave,Rock,MPEG audio file,Audioslave/Chris Cornell,279.46,6709793
88,What You Are,Audioslave,Audioslave,Rock,MPEG audio file,Audioslave/Chris Cornell,249.39,5988186
89,Like a Stone,Audioslave,Audioslave,Rock,MPEG audio file,Audioslave/Chris Cornell,294.03,7059624
90,Set It Off,Audioslave,Audioslave,Rock,MPEG audio file,Audioslave/Chris Cornell,263.26,6321091
91,Shadow on the Sun,Audioslave,Audioslave,Rock,MPEG audio file,Audioslave/Chris Cornell,343.46,8245793
92,I am the Highway,Audioslave,Audioslave,Rock,MPEG audio file,Audioslave/Chris Cornell,334.94,8041411
93,Exploder,Audioslave,Audioslave,Rock,MPEG audio file,Audioslave/Chris Cornell,206.05,4948095
94,Hypnotize,Audioslave,Audioslave,Rock,MPEG audio file,Audioslave/Chris Cornell,206.63,4961887
95,Bring'em Back Alive,Audioslave,Audioslave,Rock,MPEG audio file,Audioslave/Chris Cornell,329.53,7911634
96,Light My Way,Audioslave,Audioslave,Rock,MPEG audio file,Audioslave/Chris Cornell,303.60,7289084
97,Getaway Car,Audioslave,Audioslave,Rock,MPEG audio file,Audioslave/Chris Cornell,299.60,7193162
98,The Last Remaining Light,Audioslave,Audioslave,Rock,MPEG audio file,Audioslave/Chris Cornell,317.49,7622615
99,Your Time Has Come,Out Of Exile,Audioslave,Alternative & Punk,MPEG audio file,"Cornell, Commerford, Morello, Wilk",255.53,8273592
100,Out Of Exile,Out Of Exile,Audioslave,Alternative & Punk,MPEG audio file,"Cornell, Commerford, Morello, Wilk",291.29,9506571
101,Be Yourself,Out Of Exile,Audioslave,Alternative & Punk,MPEG audio file,"Cornell, Commerford, Morello, Wilk",279.48,9106160
102,Doesn't Remind Me,Out Of Exile,Audioslave,Alternative & Punk,MPEG audio file,"Cornell, Commerford, Morello, Wilk",255.87,8357387
103,Drown Me Slowly,Out Of Exile,Audioslave,Alternative & Punk,MPEG audio file,"Cornell, Commerford, Morello, Wilk",233.69,7609178
104,Heaven's Dead,Out Of Exile,Audioslave,Alternative & Punk,MPEG audio file,"Cornell, Commerford, Morello, Wilk",276.69,9006158
105,The Worm,Out Of Exile,Audioslave,Alternative & Punk,MPEG audio file,"Cornell, Commerford, Morello, Wilk",237.71,7710800
106,Man Or Animal,Out Of Exile,Audioslave,Alternative & Punk,MPEG audio file,"Cornell, Commerford, Morello, Wilk",233.20,7542942
107,Yesterday To Tomorrow,Out Of Exile,Audioslave,Alternative & Punk,MPEG audio file,"Cornell, Commerford, Morello, Wilk",273.76,8944205
108,Dandelion,Out Of Exile,Audioslave,Alternative & Punk,MPEG audio file,"Cornell, Commerford, Morello, Wilk",278.13,9003592
109,#1 Zero,Out Of Exile,Audioslave,Alternative & Punk,MPEG audio file,"Cornell, Commerford, Morello, Wilk",299.10,9731988
110,The Curse,Out Of Exile,Audioslave,Alternative & Punk,MPEG audio file,"Cornell, Commerford, Morello, Wilk",309.79,10029406
111,Money,BackBeat Soundtrack,BackBeat,Rock And Roll,MPEG audio file,"Berry Gordy, Jr./Janie Bradford",147.59,2365897
112,Long Tall Sally,BackBeat Soundtrack,BackBeat,Rock And Roll,MPEG audio file,"Enotris Johnson/Little Richard/Robert ""Bumps"" Blackwell",106.40,1707084
113,Bad Boy,BackBeat Soundtrack,BackBeat,Rock And Roll,MPEG audio file,Larry Williams,116.09,1862126
114,Twist And Shout,BackBeat Soundtrack,BackBeat,Rock And Roll,MPEG audio file,Bert Russell/Phil Medley,161.12,2582553
115,Please Mr. Postman,BackBeat Soundtrack,BackBeat,Rock And Roll,MPEG audio file,Brian Holland/Freddie Gorman/Georgia Dobbins/Robert Bateman/William Garrett,137.64,2206986
116,C'Mon Everybody,BackBeat Soundtrack,BackBeat,Rock And Roll,MPEG audio file,Eddie Cochran/Jerry Capehart,140.20,2247846
117,Rock 'N' Roll Music,BackBeat Soundtrack,BackBeat,Rock And Roll,MPEG audio file,Chuck Berry,141.92,2276788
118,Slow Down,BackBeat Soundtrack,BackBeat,Rock And Roll,MPEG audio file,Larry Williams,163.27,2616981
119,Roadrunner,BackBeat Soundtrack,BackBeat,Rock And Roll,MPEG audio file,Bo Diddley,143.60,2301989
120,Carol,BackBeat Soundtrack,BackBeat,Rock And Roll,MPEG audio file,Chuck Berry,143.83,2306019
121,Good Golly Miss Molly,BackBeat Soundtrack,BackBeat,Rock And Roll,MPEG audio file,Little Richard,106.27,1704918
122,20 Flight Rock,BackBeat Soundtrack,BackBeat,Rock And Roll,MPEG audio file,Ned Fairchild,107.81,1299960
123,Quadrant,The Best Of Billy Cobham,Billy Cobham,Jazz,MPEG audio file,Billy Cobham,261.85,8538199
124,Snoopy's search-Red baron,The Best Of Billy Cobham,Billy Cobham,Jazz,MPEG audio file,Billy Cobham,456.07,15075616
125,"Spanish moss-""A sound portrait""-Spanish moss",The Best Of Billy Cobham,Billy Cobham,Jazz,MPEG audio file,Billy Cobham,248.08,8217867
126,Moon germs,The Best Of Billy Cobham,Billy Cobham,Jazz,MPEG audio file,Billy Cobham,294.06,9714812
127,Stratus,The Best Of Billy Cobham,Billy Cobham,Jazz,MPEG audio file,Billy Cobham,582.09,19115680
128,The pleasant pheasant,The Best Of Billy Cobham,Billy Cobham,Jazz,MPEG audio file,Billy Cobham,318.07,10630578
129,Solo-Panhandler,The Best Of Billy Cobham,Billy Cobham,Jazz,MPEG audio file,Billy Cobham,246.15,8230661
130,Do what cha wanna,The Best Of Billy Cobham,Billy Cobham,Jazz,MPEG audio file,George Duke,274.16,9018565
131,Intro/ Low Down,Alcohol Fueled Brewtality Live! [Disc 1],Black Label Society,Metal,MPEG audio file,,323.68,10642901
132,13 Years Of Grief,Alcohol Fueled Brewtality Live! [Disc 1],Black Label Society,Metal,MPEG audio file,,246.99,8137421
133,Stronger Than Death,Alcohol Fueled Brewtality Live! [Disc 1],Black Label Society,Metal,MPEG audio file,,300.75,9869647
134,All For You,Alcohol Fueled Brewtality Live! [Disc 1],Black Label Society,Metal,MPEG audio file,,235.83,7726948
135,Super Terrorizer,Alcohol Fueled Brewtality Live! [Disc 1],Black Label Society,Metal,MPEG audio file,,319.37,10513905
136,Phoney Smile Fake Hellos,Alcohol Fueled Brewtality Live! [Disc 1],Black Label Society,Metal,MPEG audio file,,273.61,9011701
137,Lost My Better Half,Alcohol Fueled Brewtality Live! [Disc 1],Black Label Society,Metal,MPEG audio file,,284.08,9355309
138,Bored To Tears,Alcohol Fueled Brewtality Live! [Disc 1],Black Label Society,Metal,MPEG audio file,,247.33,8130090
139,A.N.D.R.O.T.A.Z.,Alcohol Fueled Brewtality Live! [Disc 1],Black Label Society,Metal,MPEG audio file,,266.27,8574746
140,Born To Booze,Alcohol Fueled Brewtality Live! [Disc 1],Black Label Society,Metal,MPEG audio file,,282.12,9257358
141,World Of Trouble,Alcohol Fueled Brewtality Live! [Disc 1],Black Label Society,Metal,MPEG audio file,,359.16,11820932
142,No More Tears,Alcohol Fueled Brewtality Live! [Disc 1],Black Label Society,Metal,MPEG audio file,,555.08,18041629
143,The Begining... At Last,Alcohol Fueled Brewtality Live! [Disc 1],Black Label Society,Metal,MPEG audio file,,365.66,11965109
144,Heart Of Gold,Alcohol Fueled Brewtality Live! [Disc 2],Black Label Society,Metal,MPEG audio file,,194.87,6417460
145,Snowblind,Alcohol Fueled Brewtality Live! [Disc 2],Black Label Society,Metal,MPEG audio file,,420.02,13842549
146,Like A Bird,Alcohol Fueled Brewtality Live! [Disc 2],Black Label Society,Metal,MPEG audio file,,276.53,9115657
147,Blood In The Wall,Alcohol Fueled Brewtality Live! [Disc 2],Black Label Society,Metal,MPEG audio file,,284.37,9359475
148,The Beginning...At Last,Alcohol Fueled Brewtality Live! [Disc 2],Black Label Society,Metal,MPEG audio file,,271.96,8975814
149,Black Sabbath,Black Sabbath,Black Sabbath,Metal,MPEG audio file,,382.07,12440200
150,The Wizard,Black Sabbath,Black Sabbath,Metal,MPEG audio file,,264.83,8646737
151,Behind The Wall Of Sleep,Black Sabbath,Black Sabbath,Metal,MPEG audio file,,217.57,7169049
152,N.I.B.,Black Sabbath,Black Sabbath,Metal,MPEG audio file,,368.77,12029390
153,Evil Woman,Black Sabbath,Black Sabbath,Metal,MPEG audio file,,204.93,6655170
154,Sleeping Village,Black Sabbath,Black Sabbath,Metal,MPEG audio file,,644.57,21128525
155,Warning,Black Sabbath,Black Sabbath,Metal,MPEG audio file,,212.06,6893363
156,Wheels Of Confusion / The Straightener,Black Sabbath Vol. 4 (Remaster),Black Sabbath,Metal,MPEG audio file,"Tony Iommi, Bill Ward, Geezer Butler, Ozzy Osbourne",494.52,16065830
157,Tomorrow's Dream,Black Sabbath Vol. 4 (Remaster),Black Sabbath,Metal,MPEG audio file,"Tony Iommi, Bill Ward, Geezer Butler, Ozzy Osbourne",192.50,6252071
158,Changes,Black Sabbath Vol. 4 (Remaster),Black Sabbath,Metal,MPEG audio file,"Tony Iommi, Bill Ward, Geezer Butler, Ozzy Osbourne",286.28,9175517
159,FX,Black Sabbath Vol. 4 (Remaster),Black Sabbath,Metal,MPEG audio file,"Tony Iommi, Bill Ward, Geezer Butler, Ozzy Osbourne",103.16,3331776
160,Supernaut,Black Sabbath Vol. 4 (Remaster),Black Sabbath,Metal,MPEG audio file,"Tony Iommi, Bill Ward, Geezer Butler, Ozzy Osbourne",285.78,9245971
161,Snowblind,Black Sabbath Vol. 4 (Remaster),Black Sabbath,Metal,MPEG audio file,"Tony Iommi, Bill Ward, Geezer Butler, Ozzy Osbourne",331.68,10813386
162,Cornucopia,Black Sabbath Vol. 4 (Remaster),Black Sabbath,Metal,MPEG audio file,"Tony Iommi, Bill Ward, Geezer Butler, Ozzy Osbourne",234.81,7653880
163,Laguna Sunrise,Black Sabbath Vol. 4 (Remaster),Black Sabbath,Metal,MPEG audio file,"Tony Iommi, Bill Ward, Geezer Butler, Ozzy Osbourne",173.09,5671374
164,St. Vitus Dance,Black Sabbath Vol. 4 (Remaster),Black Sabbath,Metal,MPEG audio file,"Tony Iommi, Bill Ward, Geezer Butler, Ozzy Osbourne",149.66,4884969
165,Under The Sun/Every Day Comes and Goes,Black Sabbath Vol. 4 (Remaster),Black Sabbath,Metal,MPEG audio file,"Tony Iommi, Bill Ward, Geezer Butler, Ozzy Osbourne",350.46,11360486
166,Smoked Pork,Body Count,Body Count,Alternative & Punk,MPEG audio file,,47.33,1549074
167,Body Count's In The House,Body Count,Body Count,Alternative & Punk,MPEG audio file,,204.25,6715413
168,Now Sports,Body Count,Body Count,Alternative & Punk,MPEG audio file,,4.88,161266
169,Body Count,Body Count,Body Count,Alternative & Punk,MPEG audio file,,317.94,10489139
170,A Statistic,Body Count,Body Count,Alternative & Punk,MPEG audio file,,6.37,211997
171,Bowels Of The Devil,Body Count,Body Count,Alternative & Punk,MPEG audio file,,223.22,7324125
172,The Real Problem,Body Count,Body Count,Alternative & Punk,MPEG audio file,,11.65,387360
173,KKK Bitch,Body Count,Body Count,Alternative & Punk,MPEG audio file,,173.01,5709631
174,D Note,Body Count,Body Count,Alternative & Punk,MPEG audio file,,95.74,3067064
175,Voodoo,Body Count,Body Count,Alternative & Punk,MPEG audio file,,300.72,9875962
176,The Winner Loses,Body Count,Body Count,Alternative & Punk,MPEG audio file,,392.25,12843821
177,There Goes The Neighborhood,Body Count,Body Count,Alternative & Punk,MPEG audio file,,350.17,11443471
178,Oprah,Body Count,Body Count,Alternative & Punk,MPEG audio file,,6.64,224313
179,Evil Dick,Body Count,Body Count,Alternative & Punk,MPEG audio file,,239.02,7828873
180,Body Count Anthem,Body Count,Body Count,Alternative & Punk,MPEG audio file,,166.43,5463690
181,Momma's Gotta Die Tonight,Body Count,Body Count,Alternative & Punk,MPEG audio file,,371.54,12122946
182,Freedom Of Speech,Body Count,Body Count,Alternative & Punk,MPEG audio file,,281.23,9337917
183,King In Crimson,Chemical Wedding,Bruce Dickinson,Metal,MPEG audio file,Roy Z,283.17,9218499
184,Chemical Wedding,Chemical Wedding,Bruce Dickinson,Metal,MPEG audio file,Roy Z,246.18,8022764
185,The Tower,Chemical Wedding,Bruce Dickinson,Metal,MPEG audio file,Roy Z,285.26,9435693
186,Killing Floor,Chemical Wedding,Bruce Dickinson,Metal,MPEG audio file,Adrian Smith,269.56,8854240
187,Book Of Thel,Chemical Wedding,Bruce Dickinson,Metal,MPEG audio file,Eddie Casillas/Roy Z,494.39,16034404
188,Gates Of Urizen,Chemical Wedding,Bruce Dickinson,Metal,MPEG audio file,Roy Z,265.35,8627004
189,Jerusalem,Chemical Wedding,Bruce Dickinson,Metal,MPEG audio file,Roy Z,402.39,13194463
190,Trupets Of Jericho,Chemical Wedding,Bruce Dickinson,Metal,MPEG audio file,Roy Z,359.13,11820908
191,Machine Men,Chemical Wedding,Bruce Dickinson,Metal,MPEG audio file,Adrian Smith,341.66,11138147
192,The Alchemist,Chemical Wedding,Bruce Dickinson,Metal,MPEG audio file,Roy Z,509.41,16545657
193,Realword,Chemical Wedding,Bruce Dickinson,Metal,MPEG audio file,Roy Z,237.53,7802095
194,First Time I Met The Blues,The Best Of Buddy Guy - The Millenium Collection,Buddy Guy,Blues,MPEG audio file,Eurreal Montgomery,140.43,4604995
195,Let Me Love You Baby,The Best Of Buddy Guy - The Millenium Collection,Buddy Guy,Blues,MPEG audio file,Willie Dixon,175.39,5716994
196,Stone Crazy,The Best Of Buddy Guy - The Millenium Collection,Buddy Guy,Blues,MPEG audio file,Buddy Guy,433.40,14184984
197,Pretty Baby,The Best Of Buddy Guy - The Millenium Collection,Buddy Guy,Blues,MPEG audio file,Willie Dixon,237.66,7848282
198,When My Left Eye Jumps,The Best Of Buddy Guy - The Millenium Collection,Buddy Guy,Blues,MPEG audio file,Al Perkins/Willie Dixon,235.31,7685363
199,Leave My Girl Alone,The Best Of Buddy Guy - The Millenium Collection,Buddy Guy,Blues,MPEG audio file,Buddy Guy,204.72,6859518
200,She Suits Me To A Tee,The Best Of Buddy Guy - The Millenium Collection,Buddy Guy,Blues,MPEG audio file,Buddy Guy,136.80,4456321
201,Keep It To Myself (Aka Keep It To Yourself),The Best Of Buddy Guy - The Millenium Collection,Buddy Guy,Blues,MPEG audio file,Sonny Boy Williamson [I],166.06,5487056
202,My Time After Awhile,The Best Of Buddy Guy - The Millenium Collection,Buddy Guy,Blues,MPEG audio file,Robert Geddins/Ron Badger/Sheldon Feinberg,182.49,6022698
203,Too Many Ways (Alternate),The Best Of Buddy Guy - The Millenium Collection,Buddy Guy,Blues,MPEG audio file,Willie Dixon,135.05,4459946
204,Talkin' 'Bout Women Obviously,The Best Of Buddy Guy - The Millenium Collection,Buddy Guy,Blues,MPEG audio file,Amos Blakemore/Buddy Guy,589.53,19161377
205,Jorge Da Capadócia,Prenda Minha,Caetano Veloso,Latin,MPEG audio file,Jorge Ben,177.40,5842196
206,Prenda Minha,Prenda Minha,Caetano Veloso,Latin,MPEG audio file,Tradicional,99.37,3225364
207,Meditação,Prenda Minha,Caetano Veloso,Latin,MPEG audio file,Tom Jobim - Newton Mendoça,148.79,4865597
208,Terra,Prenda Minha,Caetano Veloso,Latin,MPEG audio file,Caetano Veloso,482.43,15889054
209,Eclipse Oculto,Prenda Minha,Caetano Veloso,Latin,MPEG audio file,Caetano Veloso,221.94,7382703
210,"Texto ""Verdade Tropical""",Prenda Minha,Caetano Veloso,Latin,MPEG audio file,Caetano Veloso,84.09,2752161
211,Bem Devagar,Prenda Minha,Caetano Veloso,Latin,MPEG audio file,Gilberto Gil,133.17,4333651
212,Drão,Prenda Minha,Caetano Veloso,Latin,MPEG audio file,Gilberto Gil,156.26,5065932
213,Saudosismo,Prenda Minha,Caetano Veloso,Latin,MPEG audio file,Caetano Veloso,144.33,4726981
214,Carolina,Prenda Minha,Caetano Veloso,Latin,MPEG audio file,Chico Buarque,181.81,5924159
215,Sozinho,Prenda Minha,Caetano Veloso,Latin,MPEG audio file,Peninha,190.59,6253200
216,Esse Cara,Prenda Minha,Caetano Veloso,Latin,MPEG audio file,Caetano Veloso,223.11,7217126
217,Mel,Prenda Minha,Caetano Veloso,Latin,MPEG audio file,Caetano Veloso - Waly Salomão,294.77,9854062
218,Linha Do Equador,Prenda Minha,Caetano Veloso,Latin,MPEG audio file,Caetano Veloso - Djavan,299.34,10003747
219,Odara,Prenda Minha,Caetano Veloso,Latin,MPEG audio file,Caetano Veloso,141.27,4704104
220,A Luz De Tieta,Prenda Minha,Caetano Veloso,Latin,MPEG audio file,Caetano Veloso,251.74,8507446
221,Atrás Da Verd-E-Rosa Só Não Vai Quem Já Morreu,Prenda Minha,Caetano Veloso,Latin,MPEG audio file,David Corrêa - Paulinho Carvalho - Carlos Sena - Bira do Ponto,307.25,10364247
222,Vida Boa,Prenda Minha,Caetano Veloso,Latin,MPEG audio file,Fausto Nilo - Armandinho,281.73,9411272
223,Sozinho (Hitmakers Classic Mix),Sozinho Remix Ao Vivo,Caetano Veloso,Latin,MPEG audio file,,436.64,14462072
224,Sozinho (Hitmakers Classic Radio Edit),Sozinho Remix Ao Vivo,Caetano Veloso,Latin,MPEG audio file,,195.00,6455134
225,Sozinho (Caêdrum 'n' Bass),Sozinho Remix Ao Vivo,Caetano Veloso,Latin,MPEG audio file,,328.07,10975007
226,Carolina,Minha Historia,Chico Buarque,Latin,MPEG audio file,,163.06,5375395
227,Essa Moça Ta Diferente,Minha Historia,Chico Buarque,Latin,MPEG audio file,,167.24,5568574
228,Vai Passar,Minha Historia,Chico Buarque,Latin,MPEG audio file,,369.76,12359161
229,Samba De Orly,Minha Historia,Chico Buarque,Latin,MPEG audio file,,162.43,5431854
230,"Bye, Bye Brasil",Minha Historia,Chico Buarque,Latin,MPEG audio file,,283.40,9499590
231,Atras Da Porta,Minha Historia,Chico Buarque,Latin,MPEG audio file,,189.68,6132843
232,Tatuagem,Minha Historia,Chico Buarque,Latin,MPEG audio file,,172.12,5645703
233,O Que Será (À Flor Da Terra),Minha Historia,Chico Buarque,Latin,MPEG audio file,,167.29,5574848
234,Morena De Angola,Minha Historia,Chico Buarque,Latin,MPEG audio file,,186.80,6373932
235,Apesar De Você,Minha Historia,Chico Buarque,Latin,MPEG audio file,,234.50,7886937
236,A Banda,Minha Historia,Chico Buarque,Latin,MPEG audio file,,132.49,4349539
237,Minha Historia,Minha Historia,Chico Buarque,Latin,MPEG audio file,,182.26,6029673
238,Com Açúcar E Com Afeto,Minha Historia,Chico Buarque,Latin,MPEG audio file,,175.39,5846442
239,Brejo Da Cruz,Minha Historia,Chico Buarque,Latin,MPEG audio file,,214.10,7270749
240,Meu Caro Amigo,Minha Historia,Chico Buarque,Latin,MPEG audio file,,260.26,8778172
241,Geni E O Zepelim,Minha Historia,Chico Buarque,Latin,MPEG audio file,,317.57,10342226
242,Trocando Em Miúdos,Minha Historia,Chico Buarque,Latin,MPEG audio file,,169.72,5461468
243,Vai Trabalhar Vagabundo,Minha Historia,Chico Buarque,Latin,MPEG audio file,,139.15,4693941
244,Gota D'água,Minha Historia,Chico Buarque,Latin,MPEG audio file,,153.21,5074189
245,Construção / Deus Lhe Pague,Minha Historia,Chico Buarque,Latin,MPEG audio file,,383.06,12675305
246,Mateus Enter,Afrociberdelia,Chico Science & Nação Zumbi,Latin,MPEG audio file,Chico Science,33.15,1103013
247,O Cidadão Do Mundo,Afrociberdelia,Chico Science & Nação Zumbi,Latin,MPEG audio file,Chico Science,200.93,6724966
248,Etnia,Afrociberdelia,Chico Science & Nação Zumbi,Latin,MPEG audio file,Chico Science,152.56,5061413
249,Quilombo Groove [Instrumental],Afrociberdelia,Chico Science & Nação Zumbi,Latin,MPEG audio file,Chico Science,151.82,5042447
250,Macô,Afrociberdelia,Chico Science & Nação Zumbi,Latin,MPEG audio file,Chico Science,249.60,8253934
251,Um Passeio No Mundo Livre,Afrociberdelia,Chico Science & Nação Zumbi,Latin,MPEG audio file,Chico Science,240.09,7984291
252,Samba Do Lado,Afrociberdelia,Chico Science & Nação Zumbi,Latin,MPEG audio file,Chico Science,227.32,7541688
253,Maracatu Atômico,Afrociberdelia,Chico Science & Nação Zumbi,Latin,MPEG audio file,Chico Science,284.26,9670057
254,O Encontro De Isaac Asimov Com Santos Dumont No Céu,Afrociberdelia,Chico Science & Nação Zumbi,Latin,MPEG audio file,Chico Science,99.11,3240816
255,Corpo De Lama,Afrociberdelia,Chico Science & Nação Zumbi,Latin,MPEG audio file,Chico Science,232.67,7714954
256,Sobremesa,Afrociberdelia,Chico Science & Nação Zumbi,Latin,MPEG audio file,Chico Science,240.09,7960868
257,Manguetown,Afrociberdelia,Chico Science & Nação Zumbi,Latin,MPEG audio file,Chico Science,194.56,6475159
258,Um Satélite Na Cabeça,Afrociberdelia,Chico Science & Nação Zumbi,Latin,MPEG audio file,Chico Science,126.62,4272821
259,Baião Ambiental [Instrumental],Afrociberdelia,Chico Science & Nação Zumbi,Latin,MPEG audio file,Chico Science,152.66,5198539
260,Sangue De Bairro,Afrociberdelia,Chico Science & Nação Zumbi,Latin,MPEG audio file,Chico Science,132.23,4415557
261,Enquanto O Mundo Explode,Afrociberdelia,Chico Science & Nação Zumbi,Latin,MPEG audio file,Chico Science,88.76,2968650
262,Interlude Zumbi,Afrociberdelia,Chico Science & Nação Zumbi,Latin,MPEG audio file,Chico Science,71.63,2408550
263,Criança De Domingo,Afrociberdelia,Chico Science & Nação Zumbi,Latin,MPEG audio file,Chico Science,208.22,6984813
264,Amor De Muito,Afrociberdelia,Chico Science & Nação Zumbi,Latin,MPEG audio file,Chico Science,175.33,5881293
265,Samidarish [Instrumental],Afrociberdelia,Chico Science & Nação Zumbi,Latin,MPEG audio file,Chico Science,272.43,8911641
266,Maracatu Atômico [Atomic Version],Afrociberdelia,Chico Science & Nação Zumbi,Latin,MPEG audio file,Chico Science,273.08,9019677
267,Maracatu Atômico [Ragga Mix],Afrociberdelia,Chico Science & Nação Zumbi,Latin,MPEG audio file,Chico Science,210.16,6986421
268,Maracatu Atômico [Trip Hop],Afrociberdelia,Chico Science & Nação Zumbi,Latin,MPEG audio file,Chico Science,221.49,7380787
269,Banditismo Por Uma Questa,Da Lama Ao Caos,Chico Science & Nação Zumbi,Latin,MPEG audio file,,307.10,10251097
270,Banditismo Por Uma Questa,Da Lama Ao Caos,Chico Science & Nação Zumbi,Latin,MPEG audio file,,243.64,8147224
271,Rios Pontes & Overdrives,Da Lama Ao Caos,Chico Science & Nação Zumbi,Latin,MPEG audio file,,286.72,9659152
272,Cidade,Da Lama Ao Caos,Chico Science & Nação Zumbi,Latin,MPEG audio file,,216.35,7241817
273,Praiera,Da Lama Ao Caos,Chico Science & Nação Zumbi,Latin,MPEG audio file,,183.64,6172781
274,Samba Makossa,Da Lama Ao Caos,Chico Science & Nação Zumbi,Latin,MPEG audio file,,271.86,9095410
275,Da Lama Ao Caos,Da Lama Ao Caos,Chico Science & Nação Zumbi,Latin,MPEG audio file,,251.56,8378065
276,Maracatu De Tiro Certeiro,Da Lama Ao Caos,Chico Science & Nação Zumbi,Latin,MPEG audio file,,88.87,2901397
277,Salustiano Song,Da Lama Ao Caos,Chico Science & Nação Zumbi,Latin,MPEG audio file,,215.41,7183969
278,Antene Se,Da Lama Ao Caos,Chico Science & Nação Zumbi,Latin,MPEG audio file,,248.37,8253618
279,Risoflora,Da Lama Ao Caos,Chico Science & Nação Zumbi,Latin,MPEG audio file,,105.59,3536938
280,Lixo Do Mangue,Da Lama Ao Caos,Chico Science & Nação Zumbi,Latin,MPEG audio file,,193.25,6534200
281,Computadores Fazem Arte,Da Lama Ao Caos,Chico Science & Nação Zumbi,Latin,MPEG audio file,,404.32,13702771
282,Girassol,Acústico MTV [Live],Cidade Negra,Reggae,MPEG audio file,Bino Farias/Da Gama/Lazão/Pedro Luis/Toni Garrido,249.81,8327676
283,A Sombra Da Maldade,Acústico MTV [Live],Cidade Negra,Reggae,MPEG audio file,Da Gama/Toni Garrido,230.92,7697230
284,Johnny B. Goode,Acústico MTV [Live],Cidade Negra,Reggae,MPEG audio file,Chuck Berry,254.62,8505985
285,Soldado Da Paz,Acústico MTV [Live],Cidade Negra,Reggae,MPEG audio file,Herbert Vianna,194.22,6455080
286,Firmamento,Acústico MTV [Live],Cidade Negra,Reggae,MPEG audio file,Bino Farias/Da Gama/Henry Lawes/Lazão/Toni Garrido/Winston Foser-Vers,222.15,7402658
287,Extra,Acústico MTV [Live],Cidade Negra,Reggae,MPEG audio file,Gilberto Gil,304.35,10078050
288,O Erê,Acústico MTV [Live],Cidade Negra,Reggae,MPEG audio file,Bernardo Vilhena/Bino Farias/Da Gama/Lazão/Toni Garrido,236.38,7866924
289,Podes Crer,Acústico MTV [Live],Cidade Negra,Reggae,MPEG audio file,Bino Farias/Da Gama/Lazão/Toni Garrido,232.28,7747747
290,A Estrada,Acústico MTV [Live],Cidade Negra,Reggae,MPEG audio file,Bino Farias/Da Gama/Lazão/Toni Garrido,248.84,8275673
291,Berlim,Acústico MTV [Live],Cidade Negra,Reggae,MPEG audio file,Da Gama/Toni Garrido,207.54,6920424
292,Já Foi,Acústico MTV [Live],Cidade Negra,Reggae,MPEG audio file,Bino Farias/Da Gama/Lazão/Toni Garrido,221.54,7388466
293,Onde Você Mora?,Acústico MTV [Live],Cidade Negra,Reggae,MPEG audio file,Marisa Monte/Nando Reis,256.03,8502588
294,Pensamento,Acústico MTV [Live],Cidade Negra,Reggae,MPEG audio file,Bino Farias/Da Gamma/Lazão/Rás Bernard,173.01,5748424
295,Conciliação,Acústico MTV [Live],Cidade Negra,Reggae,MPEG audio file,Da Gama/Lazão/Rás Bernardo,257.62,8552474
296,Realidade Virtual,Acústico MTV [Live],Cidade Negra,Reggae,MPEG audio file,Bino Farias/Da Gama/Lazão/Toni Garrido,195.24,6503533
297,Mensagem,Acústico MTV [Live],Cidade Negra,Reggae,MPEG audio file,Bino Farias/Da Gama/Lazão/Rás Bernardo,225.33,7488852
298,A Cor Do Sol,Acústico MTV [Live],Cidade Negra,Reggae,MPEG audio file,Bernardo Vilhena/Da Gama/Lazão,231.39,7663348
299,Onde Você Mora?,Cidade Negra - Hits,Cidade Negra,Reggae,MPEG audio file,Marisa Monte/Nando Reis,298.40,10056970
300,O Erê,Cidade Negra - Hits,Cidade Negra,Reggae,MPEG audio file,Bernardo Vilhena/Bino/Da Gama/Lazao/Toni Garrido,206.94,6950332
301,A Sombra Da Maldade,Cidade Negra - Hits,Cidade Negra,Reggae,MPEG audio file,Da Gama/Toni Garrido,285.23,9544383
302,A Estrada,Cidade Negra - Hits,Cidade Negra,Reggae,MPEG audio file,Da Gama/Lazao/Toni Garrido,282.17,9344477
303,Falar A Verdade,Cidade Negra - Hits,Cidade Negra,Reggae,MPEG audio file,Bino/Da Gama/Ras Bernardo,244.95,8189093
304,Firmamento,Cidade Negra - Hits,Cidade Negra,Reggae,MPEG audio file,Harry Lawes/Winston Foster-Vers,225.49,7507866
305,Pensamento,Cidade Negra - Hits,Cidade Negra,Reggae,MPEG audio file,Bino/Da Gama/Ras Bernardo,192.39,6399761
306,Realidade Virtual,Cidade Negra - Hits,Cidade Negra,Reggae,MPEG audio file,Bino/Da Gamma/Lazao/Toni Garrido,240.30,8069934
307,Doutor,Cidade Negra - Hits,Cidade Negra,Reggae,MPEG audio file,Bino/Da Gama/Toni Garrido,178.16,5950952
308,Na Frente Da TV,Cidade Negra - Hits,Cidade Negra,Reggae,MPEG audio file,Bino/Da Gama/Lazao/Ras Bernardo,289.75,9633659
309,Downtown,Cidade Negra - Hits,Cidade Negra,Reggae,MPEG audio file,Cidade Negra,239.73,8024386
310,Sábado A Noite,Cidade Negra - Hits,Cidade Negra,Reggae,MPEG audio file,Lulu Santos,267.36,8895073
311,A Cor Do Sol,Cidade Negra - Hits,Cidade Negra,Reggae,MPEG audio file,Bernardo Vilhena/Da Gama/Lazao,273.03,9142937
312,Eu Também Quero Beijar,Cidade Negra - Hits,Cidade Negra,Reggae,MPEG audio file,Fausto Nilo/Moraes Moreira/Pepeu Gomes,211.15,7029400
313,Noite Do Prazer,Na Pista,Cláudio Zoli,Latin,MPEG audio file,,311.35,10309980
314,À Francesa,Na Pista,Cláudio Zoli,Latin,MPEG audio file,,244.53,8150846
315,Cada Um Cada Um (A Namoradeira),Na Pista,Cláudio Zoli,Latin,MPEG audio file,,253.49,8441034
316,Linha Do Equador,Na Pista,Cláudio Zoli,Latin,MPEG audio file,,244.72,8123466
317,Amor Demais,Na Pista,Cláudio Zoli,Latin,MPEG audio file,,254.04,8420093
318,Férias,Na Pista,Cláudio Zoli,Latin,MPEG audio file,,264.20,8731945
319,Gostava Tanto De Você,Na Pista,Cláudio Zoli,Latin,MPEG audio file,,230.45,7685326
320,Flor Do Futuro,Na Pista,Cláudio Zoli,Latin,MPEG audio file,,275.75,9205941
321,Felicidade Urgente,Na Pista,Cláudio Zoli,Latin,MPEG audio file,,266.61,8873358
322,Livre Pra Viver,Na Pista,Cláudio Zoli,Latin,MPEG audio file,,214.60,7111596
323,"Dig-Dig, Lambe-Lambe (Ao Vivo)",Axé Bahia 2001,Various Artists,Pop,MPEG audio file,Cassiano Costa/Cintia Maviane/J.F./Lucas Costa,205.48,6892516
324,Pererê,Axé Bahia 2001,Various Artists,Pop,MPEG audio file,Augusto Conceição/Chiclete Com Banana,198.66,6643207
325,TriboTchan,Axé Bahia 2001,Various Artists,Pop,MPEG audio file,Cal Adan/Paulo Levi,194.19,6507950
326,"Tapa Aqui, Descobre Ali",Axé Bahia 2001,Various Artists,Pop,MPEG audio file,Paulo Levi/W. Rangel,188.63,6327391
327,Daniela,Axé Bahia 2001,Various Artists,Pop,MPEG audio file,Jorge Cardoso/Pierre Onasis,230.79,7748006
328,Bate Lata,Axé Bahia 2001,Various Artists,Pop,MPEG audio file,Fábio Nolasco/Gal Sales/Ivan Brasil,206.73,7034985
329,Garotas do Brasil,Axé Bahia 2001,Various Artists,Pop,MPEG audio file,"Garay, Ricardo Engels/Luca Predabom/Ludwig, Carlos Henrique/Maurício Vieira",210.16,6973625
330,Levada do Amor (Ailoviu),Axé Bahia 2001,Various Artists,Pop,MPEG audio file,Luiz Wanderley/Paulo Levi,190.09,6457752
331,Lavadeira,Axé Bahia 2001,Various Artists,Pop,MPEG audio file,"Do Vale, Valverde/Gal Oliveira/Luciano Pinto",214.26,7254147
332,Reboladeira,Axé Bahia 2001,Various Artists,Pop,MPEG audio file,Cal Adan/Ferrugem/Julinho Carioca/Tríona Ní Dhomhnaill,210.60,7027525
333,É que Nessa Encarnação Eu Nasci Manga,Axé Bahia 2001,Various Artists,Pop,MPEG audio file,Lucina/Luli,196.52,6568081
334,Reggae Tchan,Axé Bahia 2001,Various Artists,Pop,MPEG audio file,"Cal Adan/Del Rey, Tension/Edu Casanova",206.65,6931328
335,My Love,Axé Bahia 2001,Various Artists,Pop,MPEG audio file,Jauperi/Zeu Góes,203.49,6772813
336,Latinha de Cerveja,Axé Bahia 2001,Various Artists,Pop,MPEG audio file,Adriano Bernandes/Edmar Neves,166.69,5532564
337,You Shook Me,BBC Sessions [Disc 1] [Live],Led Zeppelin,Rock,MPEG audio file,J B Lenoir/Willie Dixon,315.95,10249958
338,I Can't Quit You Baby,BBC Sessions [Disc 1] [Live],Led Zeppelin,Rock,MPEG audio file,Willie Dixon,263.84,8581414
339,Communication Breakdown,BBC Sessions [Disc 1] [Live],Led Zeppelin,Rock,MPEG audio file,Jimmy Page/John Bonham/John Paul Jones,192.65,6287257
340,Dazed and Confused,BBC Sessions [Disc 1] [Live],Led Zeppelin,Rock,MPEG audio file,Jimmy Page,401.92,13035765
341,The Girl I Love She Got Long Black Wavy Hair,BBC Sessions [Disc 1] [Live],Led Zeppelin,Rock,MPEG audio file,Jimmy Page/John Bonham/John Estes/John Paul Jones/Robert Plant,183.33,5995686
342,What is and Should Never Be,BBC Sessions [Disc 1] [Live],Led Zeppelin,Rock,MPEG audio file,Jimmy Page/Robert Plant,260.68,8497116
343,Communication Breakdown(2),BBC Sessions [Disc 1] [Live],Led Zeppelin,Rock,MPEG audio file,Jimmy Page/John Bonham/John Paul Jones,161.15,5261022
344,Travelling Riverside Blues,BBC Sessions [Disc 1] [Live],Led Zeppelin,Rock,MPEG audio file,Jimmy Page/Robert Johnson/Robert Plant,312.03,10232581
345,Whole Lotta Love,BBC Sessions [Disc 1] [Live],Led Zeppelin,Rock,MPEG audio file,Jimmy Page/John Bonham/John Paul Jones/Robert Plant/Willie Dixon,373.39,12258175
346,Somethin' Else,BBC Sessions [Disc 1] [Live],Led Zeppelin,Rock,MPEG audio file,Bob Cochran/Sharon Sheeley,127.87,4165650
347,Communication Breakdown(3),BBC Sessions [Disc 1] [Live],Led Zeppelin,Rock,MPEG audio file,Jimmy Page/John Bonham/John Paul Jones,185.26,6041133
348,I Can't Quit You Baby(2),BBC Sessions [Disc 1] [Live],Led Zeppelin,Rock,MPEG audio file,Willie Dixon,380.55,12377615
349,You Shook Me(2),BBC Sessions [Disc 1] [Live],Led Zeppelin,Rock,MPEG audio file,J B Lenoir/Willie Dixon,619.47,20138673
350,How Many More Times,BBC Sessions [Disc 1] [Live],Led Zeppelin,Rock,MPEG audio file,Chester Burnett/Jimmy Page/John Bonham/John Paul Jones/Robert Plant,711.84,23092953
351,Debra Kadabra,Bongo Fury,Frank Zappa & Captain Beefheart,Rock,MPEG audio file,Frank Zappa,234.55,7649679
352,Carolina Hard-Core Ecstasy,Bongo Fury,Frank Zappa & Captain Beefheart,Rock,MPEG audio file,Frank Zappa,359.68,11731061
353,Sam With The Showing Scalp Flat Top,Bongo Fury,Frank Zappa & Captain Beefheart,Rock,MPEG audio file,Don Van Vliet,171.28,5572993
354,Poofter's Froth Wyoming Plans Ahead,Bongo Fury,Frank Zappa & Captain Beefheart,Rock,MPEG audio file,Frank Zappa,183.90,6007019
355,200 Years Old,Bongo Fury,Frank Zappa & Captain Beefheart,Rock,MPEG audio file,Frank Zappa,272.56,8912465
356,Cucamonga,Bongo Fury,Frank Zappa & Captain Beefheart,Rock,MPEG audio file,Frank Zappa,144.48,4728586
357,Advance Romance,Bongo Fury,Frank Zappa & Captain Beefheart,Rock,MPEG audio file,Frank Zappa,677.69,22080051
358,Man With The Woman Head,Bongo Fury,Frank Zappa & Captain Beefheart,Rock,MPEG audio file,Don Van Vliet,88.89,2922044
359,Muffin Man,Bongo Fury,Frank Zappa & Captain Beefheart,Rock,MPEG audio file,Frank Zappa,332.88,10891682
360,Vai-Vai 2001,Carnaval 2001,Various Artists,Soundtrack,MPEG audio file,,276.35,9402241
361,X-9 2001,Carnaval 2001,Various Artists,Soundtrack,MPEG audio file,,273.92,9310370
362,Gavioes 2001,Carnaval 2001,Various Artists,Soundtrack,MPEG audio file,,282.72,9616640
363,Nene 2001,Carnaval 2001,Various Artists,Soundtrack,MPEG audio file,,284.97,9694508
364,Rosas De Ouro 2001,Carnaval 2001,Various Artists,Soundtrack,MPEG audio file,,284.34,9721084
365,Mocidade Alegre 2001,Carnaval 2001,Various Artists,Soundtrack,MPEG audio file,,282.49,9599937
366,Camisa Verde 2001,Carnaval 2001,Various Artists,Soundtrack,MPEG audio file,,283.45,9633755
367,Leandro De Itaquera 2001,Carnaval 2001,Various Artists,Soundtrack,MPEG audio file,,274.81,9451845
368,Tucuruvi 2001,Carnaval 2001,Various Artists,Soundtrack,MPEG audio file,,287.92,9883335
369,Aguia De Ouro 2001,Carnaval 2001,Various Artists,Soundtrack,MPEG audio file,,284.16,9698729
370,Ipiranga 2001,Carnaval 2001,Various Artists,Soundtrack,MPEG audio file,,248.29,8522591
371,Morro Da Casa Verde 2001,Carnaval 2001,Various Artists,Soundtrack,MPEG audio file,,284.71,9718778
372,Perola Negra 2001,Carnaval 2001,Various Artists,Soundtrack,MPEG audio file,,281.63,9619196
373,Sao Lucas 2001,Carnaval 2001,Various Artists,Soundtrack,MPEG audio file,,296.25,10020122
374,Guanabara,Chill: Brazil (Disc 1),Marcos Valle,Latin,MPEG audio file,Marcos Valle,247.61,8499591
375,Mas Que Nada,Chill: Brazil (Disc 1),Marcos Valle,Latin,MPEG audio file,Jorge Ben,248.40,8255254
376,Vôo Sobre o Horizonte,Chill: Brazil (Disc 1),Marcos Valle,Latin,MPEG audio file,J.r.Bertami/Parana,225.10,7528825
377,A Paz,Chill: Brazil (Disc 1),Marcos Valle,Latin,MPEG audio file,Donato/Gilberto Gil,263.18,8619173
378,Wave (Vou te Contar),Chill: Brazil (Disc 1),Marcos Valle,Latin,MPEG audio file,Antonio Carlos Jobim,271.65,9057557
379,Água de Beber,Chill: Brazil (Disc 1),Marcos Valle,Latin,MPEG audio file,Antonio Carlos Jobim/Vinicius de Moraes,146.68,4866476
380,Samba da Bençaco,Chill: Brazil (Disc 1),Marcos Valle,Latin,MPEG audio file,Baden Powell/Vinicius de Moraes,282.20,9440676
381,Pode Parar,Chill: Brazil (Disc 1),Marcos Valle,Latin,MPEG audio file,Jorge Vercilo/Jota Maranhao,179.41,6046678
382,Menino do Rio,Chill: Brazil (Disc 1),Marcos Valle,Latin,MPEG audio file,Caetano Veloso,262.71,8737489
383,Ando Meio Desligado,Chill: Brazil (Disc 1),Marcos Valle,Latin,MPEG audio file,Caetano Veloso,195.81,6547648
384,Mistério da Raça,Chill: Brazil (Disc 1),Marcos Valle,Latin,MPEG audio file,Luiz Melodia/Ricardo Augusto,184.32,6191752
385,All Star,Chill: Brazil (Disc 1),Marcos Valle,Latin,MPEG audio file,Nando Reis,176.33,5891697
386,Menina Bonita,Chill: Brazil (Disc 1),Marcos Valle,Latin,MPEG audio file,Alexandre Brazil/Pedro Luis/Rodrigo Cabelo,237.09,7938246
387,Pescador de Ilusões,Chill: Brazil (Disc 1),Marcos Valle,Latin,MPEG audio file,Macelo Yuka/O Rappa,245.52,8267067
388,À Vontade (Live Mix),Chill: Brazil (Disc 1),Marcos Valle,Latin,MPEG audio file,Bombom/Ed Motta,180.64,5972430
389,Maria Fumaça,Chill: Brazil (Disc 1),Marcos Valle,Latin,MPEG audio file,Luiz Carlos/Oberdan,141.01,4743149
390,Sambassim (dj patife remix),Chill: Brazil (Disc 1),Marcos Valle,Latin,MPEG audio file,Alba Carvalho/Fernando Porto,213.66,7243166
391,Garota De Ipanema,Chill: Brazil (Disc 2),Antônio Carlos Jobim,Latin,MPEG audio file,Vários,279.54,9141343
392,Tim Tim Por Tim Tim,Chill: Brazil (Disc 2),Antônio Carlos Jobim,Latin,MPEG audio file,Vários,213.24,7143328
393,Tarde Em Itapoã,Chill: Brazil (Disc 2),Antônio Carlos Jobim,Latin,MPEG audio file,Vários,313.70,10344491
394,Tanto Tempo,Chill: Brazil (Disc 2),Antônio Carlos Jobim,Latin,MPEG audio file,Vários,170.29,5572240
395,Eu Vim Da Bahia - Live,Chill: Brazil (Disc 2),Antônio Carlos Jobim,Latin,MPEG audio file,Vários,157.99,5115428
396,Alô Alô Marciano,Chill: Brazil (Disc 2),Antônio Carlos Jobim,Latin,MPEG audio file,Vários,238.11,8013065
397,Linha Do Horizonte,Chill: Brazil (Disc 2),Antônio Carlos Jobim,Latin,MPEG audio file,Vários,279.48,9275929
398,Only A Dream In Rio,Chill: Brazil (Disc 2),Antônio Carlos Jobim,Latin,MPEG audio file,Vários,371.36,12192989
399,Abrir A Porta,Chill: Brazil (Disc 2),Antônio Carlos Jobim,Latin,MPEG audio file,Vários,271.96,8991141
400,Alice,Chill: Brazil (Disc 2),Antônio Carlos Jobim,Latin,MPEG audio file,Vários,165.98,5594341
401,Momentos Que Marcam,Chill: Brazil (Disc 2),Antônio Carlos Jobim,Latin,MPEG audio file,Vários,280.14,9313740
402,Um Jantar Pra Dois,Chill: Brazil (Disc 2),Antônio Carlos Jobim,Latin,MPEG audio file,Vários,237.71,7819755
403,Bumbo Da Mangueira,Chill: Brazil (Disc 2),Antônio Carlos Jobim,Latin,MPEG audio file,Vários,270.16,9073350
404,Mr Funk Samba,Chill: Brazil (Disc 2),Antônio Carlos Jobim,Latin,MPEG audio file,Vários,213.89,7102545
405,Santo Antonio,Chill: Brazil (Disc 2),Antônio Carlos Jobim,Latin,MPEG audio file,Vários,162.72,5492069
406,Por Você,Chill: Brazil (Disc 2),Antônio Carlos Jobim,Latin,MPEG audio file,Vários,205.56,6792493
407,Só Tinha De Ser Com Você,Chill: Brazil (Disc 2),Antônio Carlos Jobim,Latin,MPEG audio file,Vários,389.64,13085596
408,Free Speech For The Dumb,Garage Inc. (Disc 1),Metallica,Metal,MPEG audio file,Molaney/Morris/Roberts/Wainwright,155.43,5076048
409,It's Electric,Garage Inc. (Disc 1),Metallica,Metal,MPEG audio file,Harris/Tatler,214.00,6978601
410,Sabbra Cadabra,Garage Inc. (Disc 1),Metallica,Metal,MPEG audio file,Black Sabbath,380.34,12418147
411,Turn The Page,Garage Inc. (Disc 1),Metallica,Metal,MPEG audio file,Seger,366.52,11946327
412,Die Die My Darling,Garage Inc. (Disc 1),Metallica,Metal,MPEG audio file,Danzig,149.32,4867667
413,Loverman,Garage Inc. (Disc 1),Metallica,Metal,MPEG audio file,Cave,472.76,15446975
414,Mercyful Fate,Garage Inc. (Disc 1),Metallica,Metal,MPEG audio file,Diamond/Shermann,671.71,21942829
415,Astronomy,Garage Inc. (Disc 1),Metallica,Metal,MPEG audio file,A.Bouchard/J.Bouchard/S.Pearlman,397.53,13065612
416,Whiskey In The Jar,Garage Inc. (Disc 1),Metallica,Metal,MPEG audio file,Traditional,305.01,9943129
417,Tuesday's Gone,Garage Inc. (Disc 1),Metallica,Metal,MPEG audio file,Collins/Van Zandt,545.75,17900787
418,The More I See,Garage Inc. (Disc 1),Metallica,Metal,MPEG audio file,Molaney/Morris/Roberts/Wainwright,287.97,9378873
419,A Kind Of Magic,Greatest Hits II,Queen,Rock,MPEG audio file,Roger Taylor,262.61,8689618
420,Under Pressure,Greatest Hits II,Queen,Rock,MPEG audio file,Queen & David Bowie,236.62,7739042
421,Radio GA GA,Greatest Hits II,Queen,Rock,MPEG audio file,Roger Taylor,343.75,11358573
422,I Want It All,Greatest Hits II,Queen,Rock,MPEG audio file,Queen,241.68,7876564
423,I Want To Break Free,Greatest Hits II,Queen,Rock,MPEG audio file,John Deacon,259.11,8552861
424,Innuendo,Greatest Hits II,Queen,Rock,MPEG audio file,Queen,387.76,12664591
425,It's A Hard Life,Greatest Hits II,Queen,Rock,MPEG audio file,Freddie Mercury,249.42,8112242
426,Breakthru,Greatest Hits II,Queen,Rock,MPEG audio file,Queen,249.23,8150479
427,Who Wants To Live Forever,Greatest Hits II,Queen,Rock,MPEG audio file,Brian May,297.69,9577577
428,Headlong,Greatest Hits II,Queen,Rock,MPEG audio file,Queen,273.06,8921404
429,The Miracle,Greatest Hits II,Queen,Rock,MPEG audio file,Queen,294.97,9671923
430,I'm Going Slightly Mad,Greatest Hits II,Queen,Rock,MPEG audio file,Queen,248.03,8192339
431,The Invisible Man,Greatest Hits II,Queen,Rock,MPEG audio file,Queen,238.99,7920353
432,Hammer To Fall,Greatest Hits II,Queen,Rock,MPEG audio file,Brian May,220.32,7255404
433,Friends Will Be Friends,Greatest Hits II,Queen,Rock,MPEG audio file,Freddie Mercury & John Deacon,248.92,8114582
434,The Show Must Go On,Greatest Hits II,Queen,Rock,MPEG audio file,Queen,263.78,8526760
435,One Vision,Greatest Hits II,Queen,Rock,MPEG audio file,Queen,242.60,7936928
436,Detroit Rock City,Greatest Kiss,Kiss,Rock,MPEG audio file,"Paul Stanley, B. Ezrin",218.88,7146372
437,Black Diamond,Greatest Kiss,Kiss,Rock,MPEG audio file,Paul Stanley,314.15,10266007
438,Hard Luck Woman,Greatest Kiss,Kiss,Rock,MPEG audio file,Paul Stanley,216.03,7109267
439,Sure Know Something,Greatest Kiss,Kiss,Rock,MPEG audio file,"Paul Stanley, Vincent Poncia",242.47,7939886
440,Love Gun,Greatest Kiss,Kiss,Rock,MPEG audio file,Paul Stanley,196.26,6424915
441,Deuce,Greatest Kiss,Kiss,Rock,MPEG audio file,Gene Simmons,185.08,6097210
442,Goin' Blind,Greatest Kiss,Kiss,Rock,MPEG audio file,"Gene Simmons, S. Coronel",216.22,7045314
443,Shock Me,Greatest Kiss,Kiss,Rock,MPEG audio file,Ace Frehley,227.29,7529336
444,Do You Love Me,Greatest Kiss,Kiss,Rock,MPEG audio file,"Paul Stanley, B. Ezrin, K. Fowley",214.99,6976194
445,She,Greatest Kiss,Kiss,Rock,MPEG audio file,"Gene Simmons, S. Coronel",248.35,8229734
446,I Was Made For Loving You,Greatest Kiss,Kiss,Rock,MPEG audio file,"Paul Stanley, Vincent Poncia, Desmond Child",271.36,9018078
447,Shout It Out Loud,Greatest Kiss,Kiss,Rock,MPEG audio file,"Paul Stanley, Gene Simmons, B. Ezrin",219.74,7194424
448,God Of Thunder,Greatest Kiss,Kiss,Rock,MPEG audio file,Paul Stanley,255.79,8309077
449,Calling Dr. Love,Greatest Kiss,Kiss,Rock,MPEG audio file,Gene Simmons,225.33,7395034
450,Beth,Greatest Kiss,Kiss,Rock,MPEG audio file,"S. Penridge, Bob Ezrin, Peter Criss",166.97,5360574
451,Strutter,Greatest Kiss,Kiss,Rock,MPEG audio file,"Paul Stanley, Gene Simmons",192.50,6317021
452,Rock And Roll All Nite,Greatest Kiss,Kiss,Rock,MPEG audio file,"Paul Stanley, Gene Simmons",173.61,5735902
453,Cold Gin,Greatest Kiss,Kiss,Rock,MPEG audio file,Ace Frehley,262.24,8609783
454,Plaster Caster,Greatest Kiss,Kiss,Rock,MPEG audio file,Gene Simmons,207.33,6801116
455,God Gave Rock 'n' Roll To You,Greatest Kiss,Kiss,Rock,MPEG audio file,"Paul Stanley, Gene Simmons, Rus Ballard, Bob Ezrin",320.44,10441590
456,Heart of the Night,Heart of the Night,Spyro Gyra,Jazz,MPEG audio file,,273.74,9098263
457,De La Luz,Heart of the Night,Spyro Gyra,Jazz,MPEG audio file,,315.22,10518284
458,Westwood Moon,Heart of the Night,Spyro Gyra,Jazz,MPEG audio file,,295.63,9765802
459,Midnight,Heart of the Night,Spyro Gyra,Jazz,MPEG audio file,,266.87,8851060
460,Playtime,Heart of the Night,Spyro Gyra,Jazz,MPEG audio file,,273.58,9070880
461,Surrender,Heart of the Night,Spyro Gyra,Jazz,MPEG audio file,,287.63,9422926
462,Valentino's,Heart of the Night,Spyro Gyra,Jazz,MPEG audio file,,296.12,9848545
463,Believe,Heart of the Night,Spyro Gyra,Jazz,MPEG audio file,,310.78,10317185
464,As We Sleep,Heart of the Night,Spyro Gyra,Jazz,MPEG audio file,,316.87,10429398
465,When Evening Falls,Heart of the Night,Spyro Gyra,Jazz,MPEG audio file,,298.14,9863942
466,J Squared,Heart of the Night,Spyro Gyra,Jazz,MPEG audio file,,288.76,9480777
467,Best Thing,Heart of the Night,Spyro Gyra,Jazz,MPEG audio file,,274.26,9069394
468,Maria,International Superhits,Green Day,Alternative & Punk,MPEG audio file,Billie Joe Armstrong -Words Green Day -Music,167.26,5484747
469,Poprocks And Coke,International Superhits,Green Day,Alternative & Punk,MPEG audio file,Billie Joe Armstrong -Words Green Day -Music,158.35,5243078
470,Longview,International Superhits,Green Day,Alternative & Punk,MPEG audio file,Billie Joe Armstrong -Words Green Day -Music,234.08,7714939
471,Welcome To Paradise,International Superhits,Green Day,Alternative & Punk,MPEG audio file,Billie Joe Armstrong -Words Green Day -Music,224.21,7406008
472,Basket Case,International Superhits,Green Day,Alternative & Punk,MPEG audio file,Billie Joe Armstrong -Words Green Day -Music,181.63,5951736
473,When I Come Around,International Superhits,Green Day,Alternative & Punk,MPEG audio file,Billie Joe Armstrong -Words Green Day -Music,178.36,5839426
474,She,International Superhits,Green Day,Alternative & Punk,MPEG audio file,Billie Joe Armstrong -Words Green Day -Music,134.16,4425128
475,J.A.R. (Jason Andrew Relva),International Superhits,Green Day,Alternative & Punk,MPEG audio file,Mike Dirnt -Words Green Day -Music,171.00,5645755
476,Geek Stink Breath,International Superhits,Green Day,Alternative & Punk,MPEG audio file,Billie Joe Armstrong -Words Green Day -Music,135.89,4408983
477,Brain Stew,International Superhits,Green Day,Alternative & Punk,MPEG audio file,Billie Joe Armstrong -Words Green Day -Music,193.15,6305550
478,Jaded,International Superhits,Green Day,Alternative & Punk,MPEG audio file,Billie Joe Armstrong -Words Green Day -Music,90.33,2950224
479,Walking Contradiction,International Superhits,Green Day,Alternative & Punk,MPEG audio file,Billie Joe Armstrong -Words Green Day -Music,151.17,4932366
480,Stuck With Me,International Superhits,Green Day,Alternative & Punk,MPEG audio file,Billie Joe Armstrong -Words Green Day -Music,135.52,4431357
481,Hitchin' A Ride,International Superhits,Green Day,Alternative & Punk,MPEG audio file,Billie Joe Armstrong -Words Green Day -Music,171.55,5616891
482,Good Riddance (Time Of Your Life),International Superhits,Green Day,Alternative & Punk,MPEG audio file,Billie Joe Armstrong -Words Green Day -Music,153.60,5075241
483,Redundant,International Superhits,Green Day,Alternative & Punk,MPEG audio file,Billie Joe Armstrong -Words Green Day -Music,198.16,6481753
484,Nice Guys Finish Last,International Superhits,Green Day,Alternative & Punk,MPEG audio file,Billie Joe Armstrong -Words Green Day -Music,170.19,5604618
485,Minority,International Superhits,Green Day,Alternative & Punk,MPEG audio file,Billie Joe Armstrong -Words Green Day -Music,168.80,5535061
486,Warning,International Superhits,Green Day,Alternative & Punk,MPEG audio file,Billie Joe Armstrong -Words Green Day -Music,221.91,7343176
487,Waiting,International Superhits,Green Day,Alternative & Punk,MPEG audio file,Billie Joe Armstrong -Words Green Day -Music,192.76,6316430
488,Macy's Day Parade,International Superhits,Green Day,Alternative & Punk,MPEG audio file,Billie Joe Armstrong -Words Green Day -Music,213.42,7075573
489,Into The Light,Into The Light,David Coverdale,Rock,MPEG audio file,David Coverdale,76.30,2452653
490,River Song,Into The Light,David Coverdale,Rock,MPEG audio file,David Coverdale,439.51,14359478
491,She Give Me ...,Into The Light,David Coverdale,Rock,MPEG audio file,David Coverdale,252.55,8385478
492,Don't You Cry,Into The Light,David Coverdale,Rock,MPEG audio file,David Coverdale,347.04,11269612
493,Love Is Blind,Into The Light,David Coverdale,Rock,MPEG audio file,David Coverdale/Earl Slick,345.00,11409720
494,Slave,Into The Light,David Coverdale,Rock,MPEG audio file,David Coverdale/Earl Slick,291.89,9425200
495,Cry For Love,Into The Light,David Coverdale,Rock,MPEG audio file,Bossi/David Coverdale/Earl Slick,293.02,9567075
496,Living On Love,Into The Light,David Coverdale,Rock,MPEG audio file,Bossi/David Coverdale/Earl Slick,391.55,12785876
497,Midnight Blue,Into The Light,David Coverdale,Rock,MPEG audio file,David Coverdale/Earl Slick,298.63,9750990
498,Too Many Tears,Into The Light,David Coverdale,Rock,MPEG audio file,Adrian Vanderberg/David Coverdale,359.50,11810238
499,Don't Lie To Me,Into The Light,David Coverdale,Rock,MPEG audio file,David Coverdale/Earl Slick,283.59,9288007
500,Wherever You May Go,Into The Light,David Coverdale,Rock,MPEG audio file,David Coverdale,239.70,7803074
501,Grito De Alerta,Meus Momentos,Gonzaguinha,Latin,MPEG audio file,Gonzaga Jr.,202.21,6539422
502,Não Dá Mais Pra Segurar (Explode Coração),Meus Momentos,Gonzaguinha,Latin,MPEG audio file,,219.77,7083012
503,Começaria Tudo Outra Vez,Meus Momentos,Gonzaguinha,Latin,MPEG audio file,,196.55,6473395
504,O Que É O Que É ?,Meus Momentos,Gonzaguinha,Latin,MPEG audio file,,259.29,8650647
505,Sangrando,Meus Momentos,Gonzaguinha,Latin,MPEG audio file,Gonzaga Jr/Gonzaguinha,169.72,5494406
506,"Diga Lá, Coração",Meus Momentos,Gonzaguinha,Latin,MPEG audio file,,255.92,8280636
507,Lindo Lago Do Amor,Meus Momentos,Gonzaguinha,Latin,MPEG audio file,Gonzaga Jr.,249.68,8353191
508,Eu Apenas Queria Que Voçê Soubesse,Meus Momentos,Gonzaguinha,Latin,MPEG audio file,,155.64,5130056
509,Com A Perna No Mundo,Meus Momentos,Gonzaguinha,Latin,MPEG audio file,Gonzaga Jr.,227.45,7747108
510,E Vamos À Luta,Meus Momentos,Gonzaguinha,Latin,MPEG audio file,,222.41,7585112
511,Um Homem Também Chora (Guerreiro Menino),Meus Momentos,Gonzaguinha,Latin,MPEG audio file,,207.23,6854219
512,Comportamento Geral,Meus Momentos,Gonzaguinha,Latin,MPEG audio file,Gonzaga Jr,181.58,5997444
513,Ponto De Interrogação,Meus Momentos,Gonzaguinha,Latin,MPEG audio file,,180.95,5946265
514,"Espere Por Mim, Morena",Meus Momentos,Gonzaguinha,Latin,MPEG audio file,Gonzaguinha,207.07,6796523
515,Meia-Lua Inteira,Minha Historia,Chico Buarque,Latin,MPEG audio file,,222.09,7466288
516,Voce e Linda,Minha Historia,Chico Buarque,Latin,MPEG audio file,,242.94,8050268
517,Um Indio,Minha Historia,Chico Buarque,Latin,MPEG audio file,,195.94,6453213
518,Podres Poderes,Minha Historia,Chico Buarque,Latin,MPEG audio file,,259.76,8622495
519,Voce Nao Entende Nada - Cotidiano,Minha Historia,Chico Buarque,Latin,MPEG audio file,,421.98,13885612
520,O Estrangeiro,Minha Historia,Chico Buarque,Latin,MPEG audio file,,374.70,12472890
521,Menino Do Rio,Minha Historia,Chico Buarque,Latin,MPEG audio file,,147.67,4862277
522,Qualquer Coisa,Minha Historia,Chico Buarque,Latin,MPEG audio file,,193.41,6372433
523,Sampa,Minha Historia,Chico Buarque,Latin,MPEG audio file,,185.05,6151831
524,Queixa,Minha Historia,Chico Buarque,Latin,MPEG audio file,,299.68,9953962
525,O Leaozinho,Minha Historia,Chico Buarque,Latin,MPEG audio file,,184.40,6098150
526,Fora Da Ordem,Minha Historia,Chico Buarque,Latin,MPEG audio file,,354.01,11746781
527,Terra,Minha Historia,Chico Buarque,Latin,MPEG audio file,,401.32,13224055
528,"Alegria, Alegria",Minha Historia,Chico Buarque,Latin,MPEG audio file,,169.22,5497025
529,Balada Do Louco,Minha História,Os Mutantes,Alternative & Punk,MPEG audio file,Arnaldo Baptista - Rita Lee,241.06,7852328
530,Ando Meio Desligado,Minha História,Os Mutantes,Alternative & Punk,MPEG audio file,Arnaldo Baptista - Rita Lee -  Sérgio Dias,287.82,9484504
531,Top Top,Minha História,Os Mutantes,Alternative & Punk,MPEG audio file,Os Mutantes - Arnolpho Lima Filho,146.94,4875374
532,Baby,Minha História,Os Mutantes,Alternative & Punk,MPEG audio file,Caetano Veloso,177.19,5798202
533,A E O Z,Minha História,Os Mutantes,Alternative & Punk,MPEG audio file,Mutantes,518.56,16873005
534,Panis Et Circenses,Minha História,Os Mutantes,Alternative & Punk,MPEG audio file,Caetano Veloso - Gilberto Gil,125.15,4069688
535,Chão De Estrelas,Minha História,Os Mutantes,Alternative & Punk,MPEG audio file,Orestes Barbosa-Sílvio Caldas,284.81,9433620
536,Vida De Cachorro,Minha História,Os Mutantes,Alternative & Punk,MPEG audio file,Rita Lee - Arnaldo Baptista - Sérgio Baptista,195.19,6411149
537,Bat Macumba,Minha História,Os Mutantes,Alternative & Punk,MPEG audio file,Gilberto Gil - Caetano Veloso,187.79,6295223
538,Desculpe Babe,Minha História,Os Mutantes,Alternative & Punk,MPEG audio file,Arnaldo Baptista - Rita Lee,170.42,5637959
539,Rita Lee,Minha História,Os Mutantes,Alternative & Punk,MPEG audio file,Arnaldo Baptista/Rita Lee/Sérgio Dias,189.26,6270503
540,"Posso Perder Minha Mulher, Minha Mãe, Desde Que Eu Tenha O Rock And Roll",Minha História,Os Mutantes,Alternative & Punk,MPEG audio file,Arnaldo Baptista - Rita Lee - Arnolpho Lima Filho,222.96,7346254
541,Banho De Lua,Minha História,Os Mutantes,Alternative & Punk,MPEG audio file,B. de Filippi - F. Migliaci - Versão: Fred Jorge,221.83,7232123
542,Meu Refrigerador Não Funciona,Minha História,Os Mutantes,Alternative & Punk,MPEG audio file,Arnaldo Baptista - Rita Lee - Sérgio Dias,382.98,12495906
543,Burn,MK III The Final Concerts [Disc 1],Deep Purple,Rock,MPEG audio file,Coverdale/Lord/Paice,453.96,14775708
544,Stormbringer,MK III The Final Concerts [Disc 1],Deep Purple,Rock,MPEG audio file,Coverdale,277.13,9050022
545,Gypsy,MK III The Final Concerts [Disc 1],Deep Purple,Rock,MPEG audio file,Coverdale/Hughes/Lord/Paice,339.17,11046952
546,Lady Double Dealer,MK III The Final Concerts [Disc 1],Deep Purple,Rock,MPEG audio file,Coverdale,233.59,7608759
547,Mistreated,MK III The Final Concerts [Disc 1],Deep Purple,Rock,MPEG audio file,Coverdale,758.65,24596235
548,Smoke On The Water,MK III The Final Concerts [Disc 1],Deep Purple,Rock,MPEG audio file,Gillan/Glover/Lord/Paice,618.03,20103125
549,You Fool No One,MK III The Final Concerts [Disc 1],Deep Purple,Rock,MPEG audio file,Coverdale/Lord/Paice,804.10,26369966
550,Custard Pie,Physical Graffiti [Disc 1],Led Zeppelin,Rock,MPEG audio file,Jimmy Page/Robert Plant,253.96,8348257
551,The Rover,Physical Graffiti [Disc 1],Led Zeppelin,Rock,MPEG audio file,Jimmy Page/Robert Plant,337.08,11011286
552,In My Time Of Dying,Physical Graffiti [Disc 1],Led Zeppelin,Rock,MPEG audio file,John Bonham/John Paul Jones,666.02,21676727
553,Houses Of The Holy,Physical Graffiti [Disc 1],Led Zeppelin,Rock,MPEG audio file,Jimmy Page/Robert Plant,242.49,7972503
554,Trampled Under Foot,Physical Graffiti [Disc 1],Led Zeppelin,Rock,MPEG audio file,John Paul Jones,336.69,11154468
555,Kashmir,Physical Graffiti [Disc 1],Led Zeppelin,Rock,MPEG audio file,John Bonham,508.60,16686580
556,Imperatriz,Sambas De Enredo 2001,Various Artists,Latin,MPEG audio file,Guga/Marquinho Lessa/Tuninho Professor,339.17,11348710
557,Beija-Flor,Sambas De Enredo 2001,Various Artists,Latin,MPEG audio file,Caruso/Cleber/Deo/Osmar,327.00,10991159
558,Viradouro,Sambas De Enredo 2001,Various Artists,Latin,MPEG audio file,Dadinho/Gilbreto Gomes/Gustavo/P.C. Portugal/R. Mocoto,344.32,11484362
559,Mocidade,Sambas De Enredo 2001,Various Artists,Latin,MPEG audio file,"Domenil/J. Brito/Joaozinho/Rap, Marcelo Do",261.72,8817757
560,Unidos Da Tijuca,Sambas De Enredo 2001,Various Artists,Latin,MPEG audio file,"Douglas/Neves, Vicente Das/Silva, Gilmar L./Toninho Gentil/Wantuir",338.83,11440689
561,Salgueiro,Sambas De Enredo 2001,Various Artists,Latin,MPEG audio file,"Augusto/Craig Negoescu/Rocco Filho/Saara, Ze Carlos Da",305.92,10294741
562,Mangueira,Sambas De Enredo 2001,Various Artists,Latin,MPEG audio file,Bizuca/Clóvis Pê/Gilson Bernini/Marelo D'Aguia,298.32,9999506
563,União Da Ilha,Sambas De Enredo 2001,Various Artists,Latin,MPEG audio file,"Dito/Djalma Falcao/Ilha, Almir Da/Márcio André",330.95,11100945
564,Grande Rio,Sambas De Enredo 2001,Various Artists,Latin,MPEG audio file,Carlos Santos/Ciro/Claudio Russo/Zé Luiz,307.25,10251428
565,Portela,Sambas De Enredo 2001,Various Artists,Latin,MPEG audio file,Flavio Bororo/Paulo Apparicio/Wagner Alves/Zeca Sereno,319.61,10712216
566,Caprichosos,Sambas De Enredo 2001,Various Artists,Latin,MPEG audio file,Gule/Jorge 101/Lequinho/Luiz Piao,351.32,11870956
567,Tradição,Sambas De Enredo 2001,Various Artists,Latin,MPEG audio file,Adalto Magalha/Lourenco,269.17,9114880
568,Império Serrano,Sambas De Enredo 2001,Various Artists,Latin,MPEG audio file,Arlindo Cruz/Carlos Sena/Elmo Caetano/Mauricao,334.94,11161196
569,Tuiuti,Sambas De Enredo 2001,Various Artists,Latin,MPEG audio file,"Claudio Martins/David Lima/Kleber Rodrigues/Livre, Cesare Som",259.66,8749492
570,(Da Le) Yaleo,Supernatural,Santana,Rock,MPEG audio file,Santana,353.49,11769507
571,Love Of My Life,Supernatural,Santana,Rock,MPEG audio file,Carlos Santana & Dave Matthews,347.82,11634337
572,Put Your Lights On,Supernatural,Santana,Rock,MPEG audio file,E. Shrody,285.18,9394769
573,Africa Bamba,Supernatural,Santana,Rock,MPEG audio file,"I. Toure, S. Tidiane Toure, Carlos Santana & K. Perazzo",282.83,9492487
574,Smooth,Supernatural,Santana,Rock,MPEG audio file,M. Itaal Shur & Rob Thomas,298.16,9867455
575,Do You Like The Way,Supernatural,Santana,Rock,MPEG audio file,L. Hill,354.90,11741062
576,Maria Maria,Supernatural,Santana,Rock,MPEG audio file,"W. Jean, J. Duplessis, Carlos Santana, K. Perazzo & R. Rekow",262.64,8664601
577,Migra,Supernatural,Santana,Rock,MPEG audio file,"R. Taha, Carlos Santana & T. Lindsay",329.06,10963305
578,Corazon Espinado,Supernatural,Santana,Rock,MPEG audio file,F. Olivera,276.11,9206802
579,Wishing It Was,Supernatural,Santana,Rock,MPEG audio file,"Eale-Eye Cherry, M. Simpson, J. King & M. Nishita",292.83,9771348
580,El Farol,Supernatural,Santana,Rock,MPEG audio file,Carlos Santana & KC Porter,291.16,9599353
581,Primavera,Supernatural,Santana,Rock,MPEG audio file,KC Porter & JB Eckl,378.62,12504234
582,The Calling,Supernatural,Santana,Rock,MPEG audio file,Carlos Santana & C. Thompson,747.76,24703884
583,Solução,The Best of Ed Motta,Ed Motta,Latin,MPEG audio file,,247.43,8100449
584,Manuel,The Best of Ed Motta,Ed Motta,Latin,MPEG audio file,,230.27,7677671
585,Entre E Ouça,The Best of Ed Motta,Ed Motta,Latin,MPEG audio file,,286.30,9391004
586,Um Contrato Com Deus,The Best of Ed Motta,Ed Motta,Latin,MPEG audio file,,202.50,6636465
587,Um Jantar Pra Dois,The Best of Ed Motta,Ed Motta,Latin,MPEG audio file,,244.01,8021589
588,Vamos Dançar,The Best of Ed Motta,Ed Motta,Latin,MPEG audio file,,226.19,7617432
589,Um Love,The Best of Ed Motta,Ed Motta,Latin,MPEG audio file,,181.60,6095524
590,Seis Da Tarde,The Best of Ed Motta,Ed Motta,Latin,MPEG audio file,,238.45,7935898
591,Baixo Rio,The Best of Ed Motta,Ed Motta,Latin,MPEG audio file,,198.01,6521676
592,Sombras Do Meu Destino,The Best of Ed Motta,Ed Motta,Latin,MPEG audio file,,280.69,9161539
593,Do You Have Other Loves?,The Best of Ed Motta,Ed Motta,Latin,MPEG audio file,,295.24,9604273
594,Agora Que O Dia Acordou,The Best of Ed Motta,Ed Motta,Latin,MPEG audio file,,323.21,10572752
595,Já!!!,The Best of Ed Motta,Ed Motta,Latin,MPEG audio file,,217.78,7103608
596,A Rua,The Best of Ed Motta,Ed Motta,Latin,MPEG audio file,,238.03,7930264
597,Now's The Time,The Essential Miles Davis [Disc 1],Miles Davis,Jazz,MPEG audio file,Miles Davis,197.46,6358868
598,Jeru,The Essential Miles Davis [Disc 1],Miles Davis,Jazz,MPEG audio file,Miles Davis,193.41,6222536
599,Compulsion,The Essential Miles Davis [Disc 1],Miles Davis,Jazz,MPEG audio file,Miles Davis,345.03,11254474
600,Tempus Fugit,The Essential Miles Davis [Disc 1],Miles Davis,Jazz,MPEG audio file,Miles Davis,231.78,7548434
601,Walkin',The Essential Miles Davis [Disc 1],Miles Davis,Jazz,MPEG audio file,Miles Davis,807.39,26411634
602,'Round Midnight,The Essential Miles Davis [Disc 1],Miles Davis,Jazz,MPEG audio file,Miles Davis,357.46,11590284
603,Bye Bye Blackbird,The Essential Miles Davis [Disc 1],Miles Davis,Jazz,MPEG audio file,Miles Davis,476.00,15549224
604,New Rhumba,The Essential Miles Davis [Disc 1],Miles Davis,Jazz,MPEG audio file,Miles Davis,277.97,9018024
605,Generique,The Essential Miles Davis [Disc 1],Miles Davis,Jazz,MPEG audio file,Miles Davis,168.78,5437017
606,Summertime,The Essential Miles Davis [Disc 1],Miles Davis,Jazz,MPEG audio file,Miles Davis,200.44,6461370
607,So What,The Essential Miles Davis [Disc 1],Miles Davis,Jazz,MPEG audio file,Miles Davis,564.01,18360449
608,The Pan Piper,The Essential Miles Davis [Disc 1],Miles Davis,Jazz,MPEG audio file,Miles Davis,233.77,7593713
609,Someday My Prince Will Come,The Essential Miles Davis [Disc 1],Miles Davis,Jazz,MPEG audio file,Miles Davis,544.08,17890773
610,My Funny Valentine (Live),The Essential Miles Davis [Disc 2],Miles Davis,Jazz,MPEG audio file,Miles Davis,907.52,29416781
611,E.S.P.,The Essential Miles Davis [Disc 2],Miles Davis,Jazz,MPEG audio file,Miles Davis,330.68,11079866
612,Nefertiti,The Essential Miles Davis [Disc 2],Miles Davis,Jazz,MPEG audio file,Miles Davis,473.50,15478450
613,Petits Machins (Little Stuff),The Essential Miles Davis [Disc 2],Miles Davis,Jazz,MPEG audio file,Miles Davis,487.39,16131272
614,Miles Runs The Voodoo Down,The Essential Miles Davis [Disc 2],Miles Davis,Jazz,MPEG audio file,Miles Davis,843.96,27967919
615,Little Church (Live),The Essential Miles Davis [Disc 2],Miles Davis,Jazz,MPEG audio file,Miles Davis,196.10,6273225
616,Black Satin,The Essential Miles Davis [Disc 2],Miles Davis,Jazz,MPEG audio file,Miles Davis,316.68,10529483
617,Jean Pierre (Live),The Essential Miles Davis [Disc 2],Miles Davis,Jazz,MPEG audio file,Miles Davis,243.46,7955114
618,Time After Time,The Essential Miles Davis [Disc 2],Miles Davis,Jazz,MPEG audio file,Miles Davis,220.73,7292197
619,Portia,The Essential Miles Davis [Disc 2],Miles Davis,Jazz,MPEG audio file,Miles Davis,378.78,12520126
620,Space Truckin',The Final Concerts (Disc 2),Deep Purple,Rock,MPEG audio file,Blackmore/Gillan/Glover/Lord/Paice,1196.09,39267613
621,Going Down / Highway Star,The Final Concerts (Disc 2),Deep Purple,Rock,MPEG audio file,Gillan/Glover/Lord/Nix - Blackmore/Paice,913.66,29846063
622,Mistreated (Alternate Version),The Final Concerts (Disc 2),Deep Purple,Rock,MPEG audio file,Blackmore/Coverdale,854.70,27775442
623,You Fool No One (Alternate Version),The Final Concerts (Disc 2),Deep Purple,Rock,MPEG audio file,Blackmore/Coverdale/Lord/Paice,763.92,24887209
624,Jeepers Creepers,Up An' Atom,Gene Krupa,Jazz,MPEG audio file,,185.97,5991903
625,Blue Rythm Fantasy,Up An' Atom,Gene Krupa,Jazz,MPEG audio file,,348.21,11204006
626,Drum Boogie,Up An' Atom,Gene Krupa,Jazz,MPEG audio file,,191.56,6185636
627,Let Me Off Uptown,Up An' Atom,Gene Krupa,Jazz,MPEG audio file,,187.64,6034685
628,Leave Us Leap,Up An' Atom,Gene Krupa,Jazz,MPEG audio file,,182.73,5898810
629,Opus No.1,Up An' Atom,Gene Krupa,Jazz,MPEG audio file,,179.80,5846041
630,Boogie Blues,Up An' Atom,Gene Krupa,Jazz,MPEG audio file,,204.20,6603153
631,How High The Moon,Up An' Atom,Gene Krupa,Jazz,MPEG audio file,,201.43,6529487
632,Disc Jockey Jump,Up An' Atom,Gene Krupa,Jazz,MPEG audio file,,193.15,6260820
633,Up An' Atom,Up An' Atom,Gene Krupa,Jazz,MPEG audio file,,179.57,5822645
634,Bop Boogie,Up An' Atom,Gene Krupa,Jazz,MPEG audio file,,189.60,6093124
635,Lemon Drop,Up An' Atom,Gene Krupa,Jazz,MPEG audio file,,194.09,6287531
636,Coronation Drop,Up An' Atom,Gene Krupa,Jazz,MPEG audio file,,176.22,5899898
637,Overtime,Up An' Atom,Gene Krupa,Jazz,MPEG audio file,,163.03,5432236
638,Imagination,Up An' Atom,Gene Krupa,Jazz,MPEG audio file,,289.31,9444385
639,Don't Take Your Love From Me,Up An' Atom,Gene Krupa,Jazz,MPEG audio file,,282.33,9244238
640,Midget,Up An' Atom,Gene Krupa,Jazz,MPEG audio file,,217.03,7257663
641,I'm Coming Virginia,Up An' Atom,Gene Krupa,Jazz,MPEG audio file,,280.16,9209827
642,Payin' Them Dues Blues,Up An' Atom,Gene Krupa,Jazz,MPEG audio file,,198.56,6536918
643,Jungle Drums,Up An' Atom,Gene Krupa,Jazz,MPEG audio file,,199.63,6546063
644,Showcase,Up An' Atom,Gene Krupa,Jazz,MPEG audio file,,201.56,6697510
645,Swedish Schnapps,Up An' Atom,Gene Krupa,Jazz,MPEG audio file,,191.27,6359750
646,Samba Da Bênção,Vinícius De Moraes - Sem Limite,Toquinho & Vinícius,Bossa Nova,MPEG audio file,,409.97,13490008
647,Pot-Pourri N.º 4,Vinícius De Moraes - Sem Limite,Toquinho & Vinícius,Bossa Nova,MPEG audio file,,392.44,13125975
648,Onde Anda Você,Vinícius De Moraes - Sem Limite,Toquinho & Vinícius,Bossa Nova,MPEG audio file,,168.44,5550356
649,Samba Da Volta,Vinícius De Moraes - Sem Limite,Toquinho & Vinícius,Bossa Nova,MPEG audio file,,170.63,5676090
650,Canto De Ossanha,Vinícius De Moraes - Sem Limite,Toquinho & Vinícius,Bossa Nova,MPEG audio file,,204.96,6771624
651,Pot-Pourri N.º 5,Vinícius De Moraes - Sem Limite,Toquinho & Vinícius,Bossa Nova,MPEG audio file,,219.90,7117769
652,Formosa,Vinícius De Moraes - Sem Limite,Toquinho & Vinícius,Bossa Nova,MPEG audio file,,137.48,4560873
653,Como É Duro Trabalhar,Vinícius De Moraes - Sem Limite,Toquinho & Vinícius,Bossa Nova,MPEG audio file,,226.17,7541177
654,Minha Namorada,Vinícius De Moraes - Sem Limite,Toquinho & Vinícius,Bossa Nova,MPEG audio file,,244.30,7927967
655,Por Que Será,Vinícius De Moraes - Sem Limite,Toquinho & Vinícius,Bossa Nova,MPEG audio file,,162.14,5371483
656,Berimbau,Vinícius De Moraes - Sem Limite,Toquinho & Vinícius,Bossa Nova,MPEG audio file,,190.67,6335548
657,Deixa,Vinícius De Moraes - Sem Limite,Toquinho & Vinícius,Bossa Nova,MPEG audio file,,179.83,5932799
658,Pot-Pourri N.º 2,Vinícius De Moraes - Sem Limite,Toquinho & Vinícius,Bossa Nova,MPEG audio file,,211.75,6878359
659,Samba Em Prelúdio,Vinícius De Moraes - Sem Limite,Toquinho & Vinícius,Bossa Nova,MPEG audio file,,212.64,6923473
660,Carta Ao Tom 74,Vinícius De Moraes - Sem Limite,Toquinho & Vinícius,Bossa Nova,MPEG audio file,,162.56,5382354
661,Linha de Passe (João Bosco),Vozes do MPB,Various Artists,Latin,MPEG audio file,,230.95,7902328
662,Pela Luz dos Olhos Teus (Miúcha e Tom Jobim),Vozes do MPB,Various Artists,Latin,MPEG audio file,,163.97,5399626
663,Chão de Giz (Elba Ramalho),Vozes do MPB,Various Artists,Latin,MPEG audio file,,274.83,9016916
664,Marina (Dorival Caymmi),Vozes do MPB,Various Artists,Latin,MPEG audio file,,172.64,5523628
665,Aquarela (Toquinho),Vozes do MPB,Various Artists,Latin,MPEG audio file,,259.94,8480140
666,Coração do Agreste (Fafá de Belém),Vozes do MPB,Various Artists,Latin,MPEG audio file,,258.19,8380320
667,Dona (Roupa Nova),Vozes do MPB,Various Artists,Latin,MPEG audio file,,243.36,7991295
668,Começaria Tudo Outra Vez (Maria Creuza),Vozes do MPB,Various Artists,Latin,MPEG audio file,,206.99,6851151
669,Caçador de Mim (Sá & Guarabyra),Vozes do MPB,Various Artists,Latin,MPEG audio file,,238.34,7751360
670,Romaria (Renato Teixeira),Vozes do MPB,Various Artists,Latin,MPEG audio file,,244.79,8033885
671,As Rosas Não Falam (Beth Carvalho),Vozes do MPB,Various Artists,Latin,MPEG audio file,,116.77,3836641
672,Wave (Os Cariocas),Vozes do MPB,Various Artists,Latin,MPEG audio file,,130.06,4298006
673,Garota de Ipanema (Dick Farney),Vozes do MPB,Various Artists,Latin,MPEG audio file,,174.37,5767474
674,Preciso Apender a Viver Só (Maysa),Vozes do MPB,Various Artists,Latin,MPEG audio file,,143.46,4642359
675,Susie Q,"Chronicle, Vol. 1",Creedence Clearwater Revival,Rock,MPEG audio file,Hawkins-Lewis-Broadwater,275.57,9043825
676,I Put A Spell On You,"Chronicle, Vol. 1",Creedence Clearwater Revival,Rock,MPEG audio file,Jay Hawkins,272.09,8943000
677,Proud Mary,"Chronicle, Vol. 1",Creedence Clearwater Revival,Rock,MPEG audio file,J. C. Fogerty,189.02,6229590
678,Bad Moon Rising,"Chronicle, Vol. 1",Creedence Clearwater Revival,Rock,MPEG audio file,J. C. Fogerty,140.15,4609835
679,Lodi,"Chronicle, Vol. 1",Creedence Clearwater Revival,Rock,MPEG audio file,J. C. Fogerty,191.45,6260214
680,Green River,"Chronicle, Vol. 1",Creedence Clearwater Revival,Rock,MPEG audio file,J. C. Fogerty,154.28,5105874
681,Commotion,"Chronicle, Vol. 1",Creedence Clearwater Revival,Rock,MPEG audio file,J. C. Fogerty,162.90,5354252
682,Down On The Corner,"Chronicle, Vol. 1",Creedence Clearwater Revival,Rock,MPEG audio file,J. C. Fogerty,164.86,5521804
683,Fortunate Son,"Chronicle, Vol. 1",Creedence Clearwater Revival,Rock,MPEG audio file,J. C. Fogerty,140.33,4617559
684,Travelin' Band,"Chronicle, Vol. 1",Creedence Clearwater Revival,Rock,MPEG audio file,J. C. Fogerty,129.36,4270414
685,Who'll Stop The Rain,"Chronicle, Vol. 1",Creedence Clearwater Revival,Rock,MPEG audio file,J. C. Fogerty,149.39,4899579
686,Up Around The Bend,"Chronicle, Vol. 1",Creedence Clearwater Revival,Rock,MPEG audio file,J. C. Fogerty,162.43,5368701
687,Run Through The Jungle,"Chronicle, Vol. 1",Creedence Clearwater Revival,Rock,MPEG audio file,J. C. Fogerty,186.04,6156567
688,Lookin' Out My Back Door,"Chronicle, Vol. 1",Creedence Clearwater Revival,Rock,MPEG audio file,J. C. Fogerty,152.95,5034670
689,Long As I Can See The Light,"Chronicle, Vol. 1",Creedence Clearwater Revival,Rock,MPEG audio file,J. C. Fogerty,213.24,6924024
690,I Heard It Through The Grapevine,"Chronicle, Vol. 1",Creedence Clearwater Revival,Rock,MPEG audio file,Whitfield-Strong,664.89,21947845
691,Have You Ever Seen The Rain?,"Chronicle, Vol. 1",Creedence Clearwater Revival,Rock,MPEG audio file,J. C. Fogerty,160.05,5263675
692,Hey Tonight,"Chronicle, Vol. 1",Creedence Clearwater Revival,Rock,MPEG audio file,J. C. Fogerty,162.85,5343807
693,Sweet Hitch-Hiker,"Chronicle, Vol. 1",Creedence Clearwater Revival,Rock,MPEG audio file,J. C. Fogerty,175.49,5716603
694,Someday Never Comes,"Chronicle, Vol. 1",Creedence Clearwater Revival,Rock,MPEG audio file,J. C. Fogerty,239.36,7945235
695,Walking On The Water,"Chronicle, Vol. 2",Creedence Clearwater Revival,Rock,MPEG audio file,J.C. Fogerty,281.29,9302129
696,"Suzie-Q, Pt. 2","Chronicle, Vol. 2",Creedence Clearwater Revival,Rock,MPEG audio file,J.C. Fogerty,244.11,7986637
697,Born On The Bayou,"Chronicle, Vol. 2",Creedence Clearwater Revival,Rock,MPEG audio file,J.C. Fogerty,316.63,10361866
698,Good Golly Miss Molly,"Chronicle, Vol. 2",Creedence Clearwater Revival,Rock,MPEG audio file,J.C. Fogerty,163.60,5348175
699,Tombstone Shadow,"Chronicle, Vol. 2",Creedence Clearwater Revival,Rock,MPEG audio file,J.C. Fogerty,218.88,7209080
700,Wrote A Song For Everyone,"Chronicle, Vol. 2",Creedence Clearwater Revival,Rock,MPEG audio file,J.C. Fogerty,296.39,9675875
701,Night Time Is The Right Time,"Chronicle, Vol. 2",Creedence Clearwater Revival,Rock,MPEG audio file,J.C. Fogerty,190.12,6211173
702,Cotton Fields,"Chronicle, Vol. 2",Creedence Clearwater Revival,Rock,MPEG audio file,J.C. Fogerty,178.18,5919224
703,It Came Out Of The Sky,"Chronicle, Vol. 2",Creedence Clearwater Revival,Rock,MPEG audio file,J.C. Fogerty,176.72,5807474
704,Don't Look Now,"Chronicle, Vol. 2",Creedence Clearwater Revival,Rock,MPEG audio file,J.C. Fogerty,131.92,4366455
705,The Midnight Special,"Chronicle, Vol. 2",Creedence Clearwater Revival,Rock,MPEG audio file,J.C. Fogerty,253.60,8297482
706,Before You Accuse Me,"Chronicle, Vol. 2",Creedence Clearwater Revival,Rock,MPEG audio file,J.C. Fogerty,207.80,6815126
707,My Baby Left Me,"Chronicle, Vol. 2",Creedence Clearwater Revival,Rock,MPEG audio file,J.C. Fogerty,140.46,4633440
708,Pagan Baby,"Chronicle, Vol. 2",Creedence Clearwater Revival,Rock,MPEG audio file,J.C. Fogerty,385.62,12713813
709,(Wish I Could) Hideaway,"Chronicle, Vol. 2",Creedence Clearwater Revival,Rock,MPEG audio file,J.C. Fogerty,228.47,7432978
710,It's Just A Thought,"Chronicle, Vol. 2",Creedence Clearwater Revival,Rock,MPEG audio file,J.C. Fogerty,237.37,7778319
711,Molina,"Chronicle, Vol. 2",Creedence Clearwater Revival,Rock,MPEG audio file,J.C. Fogerty,163.24,5390811
712,Born To Move,"Chronicle, Vol. 2",Creedence Clearwater Revival,Rock,MPEG audio file,J.C. Fogerty,342.80,11260814
713,Lookin' For A Reason,"Chronicle, Vol. 2",Creedence Clearwater Revival,Rock,MPEG audio file,J.C. Fogerty,209.79,6933135
714,Hello Mary Lou,"Chronicle, Vol. 2",Creedence Clearwater Revival,Rock,MPEG audio file,J.C. Fogerty,132.83,4476563
715,Gatas Extraordinárias,Cássia Eller - Coleção Sem Limite [Disc 2],Cássia Eller,Latin,MPEG audio file,,212.51,7095702
716,Brasil,Cássia Eller - Coleção Sem Limite [Disc 2],Cássia Eller,Latin,MPEG audio file,,243.70,7911683
717,Eu Sou Neguinha (Ao Vivo),Cássia Eller - Coleção Sem Limite [Disc 2],Cássia Eller,Latin,MPEG audio file,,251.77,8376000
718,Geração Coca-Cola (Ao Vivo),Cássia Eller - Coleção Sem Limite [Disc 2],Cássia Eller,Latin,MPEG audio file,,228.15,7573301
719,Lanterna Dos Afogados,Cássia Eller - Coleção Sem Limite [Disc 2],Cássia Eller,Latin,MPEG audio file,,204.54,6714582
720,Coroné Antonio Bento,Cássia Eller - Coleção Sem Limite [Disc 2],Cássia Eller,Latin,MPEG audio file,,200.44,6713066
721,"Você Passa, Eu Acho Graça (Ao Vivo)",Cássia Eller - Coleção Sem Limite [Disc 2],Cássia Eller,Latin,MPEG audio file,,206.73,6943576
722,Meu Mundo Fica Completo (Com Você),Cássia Eller - Coleção Sem Limite [Disc 2],Cássia Eller,Latin,MPEG audio file,,247.77,8322240
723,1° De Julho,Cássia Eller - Coleção Sem Limite [Disc 2],Cássia Eller,Latin,MPEG audio file,,270.26,9017535
724,Música Urbana 2,Cássia Eller - Coleção Sem Limite [Disc 2],Cássia Eller,Latin,MPEG audio file,,194.90,6383472
725,Vida Bandida (Ao Vivo),Cássia Eller - Coleção Sem Limite [Disc 2],Cássia Eller,Latin,MPEG audio file,,192.63,6360785
726,Palavras Ao Vento,Cássia Eller - Coleção Sem Limite [Disc 2],Cássia Eller,Latin,MPEG audio file,,212.45,7048676
727,Não Sei O Que Eu Quero Da Vida,Cássia Eller - Coleção Sem Limite [Disc 2],Cássia Eller,Latin,MPEG audio file,,151.85,5024963
728,Woman Of The World (Ao Vivo),Cássia Eller - Coleção Sem Limite [Disc 2],Cássia Eller,Latin,MPEG audio file,,298.92,9724145
729,Juventude Transviada (Ao Vivo),Cássia Eller - Coleção Sem Limite [Disc 2],Cássia Eller,Latin,MPEG audio file,,278.62,9183808
730,Malandragem,Cássia Eller - Sem Limite [Disc 1],Cássia Eller,Latin,MPEG audio file,,247.59,8165048
731,O Segundo Sol,Cássia Eller - Sem Limite [Disc 1],Cássia Eller,Latin,MPEG audio file,,252.13,8335629
732,Smells Like Teen Spirit (Ao Vivo),Cássia Eller - Sem Limite [Disc 1],Cássia Eller,Latin,MPEG audio file,,316.87,10384506
733,E.C.T.,Cássia Eller - Sem Limite [Disc 1],Cássia Eller,Latin,MPEG audio file,,227.50,7571834
734,Todo Amor Que Houver Nesta Vida,Cássia Eller - Sem Limite [Disc 1],Cássia Eller,Latin,MPEG audio file,,227.16,7420347
735,Metrô. Linha 743,Cássia Eller - Sem Limite [Disc 1],Cássia Eller,Latin,MPEG audio file,,174.65,5837495
736,Nós (Ao Vivo),Cássia Eller - Sem Limite [Disc 1],Cássia Eller,Latin,MPEG audio file,,193.83,6498661
737,Na Cadência Do Samba,Cássia Eller - Sem Limite [Disc 1],Cássia Eller,Latin,MPEG audio file,,196.08,6483952
738,Admirável Gado Novo,Cássia Eller - Sem Limite [Disc 1],Cássia Eller,Latin,MPEG audio file,,274.39,9144031
739,Eleanor Rigby,Cássia Eller - Sem Limite [Disc 1],Cássia Eller,Latin,MPEG audio file,,189.47,6303205
740,Socorro,Cássia Eller - Sem Limite [Disc 1],Cássia Eller,Latin,MPEG audio file,,258.59,8549393
741,Blues Da Piedade,Cássia Eller - Sem Limite [Disc 1],Cássia Eller,Latin,MPEG audio file,,257.12,8472964
742,Rubens,Cássia Eller - Sem Limite [Disc 1],Cássia Eller,Latin,MPEG audio file,,211.85,7026317
743,Não Deixe O Samba Morrer - Cassia Eller e Alcione,Cássia Eller - Sem Limite [Disc 1],Cássia Eller,Latin,MPEG audio file,,268.17,8936345
744,Mis Penas Lloraba Yo (Ao Vivo) Soy Gitano (Tangos),Cássia Eller - Sem Limite [Disc 1],Cássia Eller,Latin,MPEG audio file,,188.47,6195854
745,Comin' Home,Come Taste The Band,Deep Purple,Rock,MPEG audio file,Bolin/Coverdale/Paice,235.78,7644604
746,Lady Luck,Come Taste The Band,Deep Purple,Rock,MPEG audio file,Cook/Coverdale,168.20,5501379
747,Gettin' Tighter,Come Taste The Band,Deep Purple,Rock,MPEG audio file,Bolin/Hughes,218.04,7176909
748,Dealer,Come Taste The Band,Deep Purple,Rock,MPEG audio file,Bolin/Coverdale,230.92,7591066
749,I Need Love,Come Taste The Band,Deep Purple,Rock,MPEG audio file,Bolin/Coverdale,263.84,8701064
750,Drifter,Come Taste The Band,Deep Purple,Rock,MPEG audio file,Bolin/Coverdale,242.83,8001505
751,Love Child,Come Taste The Band,Deep Purple,Rock,MPEG audio file,Bolin/Coverdale,188.16,6173806
752,This Time Around / Owed to 'G' [Instrumental],Come Taste The Band,Deep Purple,Rock,MPEG audio file,Bolin/Hughes/Lord,370.10,11995679
753,You Keep On Moving,Come Taste The Band,Deep Purple,Rock,MPEG audio file,Coverdale/Hughes,319.11,10447868
754,Speed King,Deep Purple In Rock,Deep Purple,Rock,MPEG audio file,"Blackmore, Gillan, Glover, Lord, Paice",264.39,8587578
755,Bloodsucker,Deep Purple In Rock,Deep Purple,Rock,MPEG audio file,"Blackmore, Gillan, Glover, Lord, Paice",256.26,8344405
756,Child In Time,Deep Purple In Rock,Deep Purple,Rock,MPEG audio file,"Blackmore, Gillan, Glover, Lord, Paice",620.46,20230089
757,Flight Of The Rat,Deep Purple In Rock,Deep Purple,Rock,MPEG audio file,"Blackmore, Gillan, Glover, Lord, Paice",478.30,15563967
758,Into The Fire,Deep Purple In Rock,Deep Purple,Rock,MPEG audio file,"Blackmore, Gillan, Glover, Lord, Paice",210.26,6849310
759,Living Wreck,Deep Purple In Rock,Deep Purple,Rock,MPEG audio file,"Blackmore, Gillan, Glover, Lord, Paice",274.89,8993056
760,Hard Lovin' Man,Deep Purple In Rock,Deep Purple,Rock,MPEG audio file,"Blackmore, Gillan, Glover, Lord, Paice",431.20,13931179
761,Fireball,Fireball,Deep Purple,Rock,MPEG audio file,"Ritchie Blackmore, Ian Gillan, Roger Glover, Jon Lord, Ian Paice",204.72,6714807
762,No No No,Fireball,Deep Purple,Rock,MPEG audio file,"Ritchie Blackmore, Ian Gillan, Roger Glover, Jon Lord, Ian Paice",414.90,13646606
763,Strange Kind Of Woman,Fireball,Deep Purple,Rock,MPEG audio file,"Ritchie Blackmore, Ian Gillan, Roger Glover, Jon Lord, Ian Paice",247.09,8072036
764,Anyone's Daughter,Fireball,Deep Purple,Rock,MPEG audio file,"Ritchie Blackmore, Ian Gillan, Roger Glover, Jon Lord, Ian Paice",284.68,9354480
765,The Mule,Fireball,Deep Purple,Rock,MPEG audio file,"Ritchie Blackmore, Ian Gillan, Roger Glover, Jon Lord, Ian Paice",322.06,10638390
766,Fools,Fireball,Deep Purple,Rock,MPEG audio file,"Ritchie Blackmore, Ian Gillan, Roger Glover, Jon Lord, Ian Paice",500.43,16279366
767,No One Came,Fireball,Deep Purple,Rock,MPEG audio file,"Ritchie Blackmore, Ian Gillan, Roger Glover, Jon Lord, Ian Paice",385.88,12643813
768,Knocking At Your Back Door,Knocking at Your Back Door: The Best Of Deep Purple in the 80's,Deep Purple,Rock,MPEG audio file,"Richie Blackmore, Ian Gillian, Roger Glover",424.83,13779332
769,Bad Attitude,Knocking at Your Back Door: The Best Of Deep Purple in the 80's,Deep Purple,Rock,MPEG audio file,"Richie Blackmore, Ian Gillian, Roger Glover, Jon Lord",307.91,10035180
770,Child In Time (Son Of Aleric - Instrumental),Knocking at Your Back Door: The Best Of Deep Purple in the 80's,Deep Purple,Rock,MPEG audio file,"Richie Blackmore, Ian Gillian, Roger Glover, Jon Lord, Ian Paice",602.88,19712753
771,Nobody's Home,Knocking at Your Back Door: The Best Of Deep Purple in the 80's,Deep Purple,Rock,MPEG audio file,"Richie Blackmore, Ian Gillian, Roger Glover, Jon Lord, Ian Paice",243.02,7929493
772,Black Night,Knocking at Your Back Door: The Best Of Deep Purple in the 80's,Deep Purple,Rock,MPEG audio file,"Richie Blackmore, Ian Gillian, Roger Glover, Jon Lord, Ian Paice",368.77,12058906
773,Perfect Strangers,Knocking at Your Back Door: The Best Of Deep Purple in the 80's,Deep Purple,Rock,MPEG audio file,"Richie Blackmore, Ian Gillian, Roger Glover",321.15,10445353
774,The Unwritten Law,Knocking at Your Back Door: The Best Of Deep Purple in the 80's,Deep Purple,Rock,MPEG audio file,"Richie Blackmore, Ian Gillian, Roger Glover, Ian Paice",295.05,9740361
775,Call Of The Wild,Knocking at Your Back Door: The Best Of Deep Purple in the 80's,Deep Purple,Rock,MPEG audio file,"Richie Blackmore, Ian Gillian, Roger Glover, Jon Lord",293.85,9575295
776,Hush,Knocking at Your Back Door: The Best Of Deep Purple in the 80's,Deep Purple,Rock,MPEG audio file,South,213.05,6944928
777,Smoke On The Water,Knocking at Your Back Door: The Best Of Deep Purple in the 80's,Deep Purple,Rock,MPEG audio file,"Richie Blackmore, Ian Gillian, Roger Glover, Jon Lord, Ian Paice",464.38,15180849
778,Space Trucking,Knocking at Your Back Door: The Best Of Deep Purple in the 80's,Deep Purple,Rock,MPEG audio file,"Richie Blackmore, Ian Gillian, Roger Glover, Jon Lord, Ian Paice",341.19,11122183
779,Highway Star,Machine Head,Deep Purple,Rock,MPEG audio file,Ian Gillan/Ian Paice/Jon Lord/Ritchie Blckmore/Roger Glover,368.77,12012452
780,Maybe I'm A Leo,Machine Head,Deep Purple,Rock,MPEG audio file,Ian Gillan/Ian Paice/Jon Lord/Ritchie Blckmore/Roger Glover,290.46,9502646
781,Pictures Of Home,Machine Head,Deep Purple,Rock,MPEG audio file,Ian Gillan/Ian Paice/Jon Lord/Ritchie Blckmore/Roger Glover,303.78,9903835
782,Never Before,Machine Head,Deep Purple,Rock,MPEG audio file,Ian Gillan/Ian Paice/Jon Lord/Ritchie Blckmore/Roger Glover,239.83,7832790
783,Smoke On The Water,Machine Head,Deep Purple,Rock,MPEG audio file,Ian Gillan/Ian Paice/Jon Lord/Ritchie Blckmore/Roger Glover,340.87,11246496
784,Lazy,Machine Head,Deep Purple,Rock,MPEG audio file,Ian Gillan/Ian Paice/Jon Lord/Ritchie Blckmore/Roger Glover,442.10,14397671
785,Space Truckin',Machine Head,Deep Purple,Rock,MPEG audio file,Ian Gillan/Ian Paice/Jon Lord/Ritchie Blckmore/Roger Glover,272.80,8981030
786,Vavoom : Ted The Mechanic,Purpendicular,Deep Purple,Rock,MPEG audio file,"Ian Gillan, Roger Glover, Jon Lord, Steve Morse, Ian Paice",257.38,8510755
787,Loosen My Strings,Purpendicular,Deep Purple,Rock,MPEG audio file,"Ian Gillan, Roger Glover, Jon Lord, Steve Morse, Ian Paice",359.68,11702232
788,Soon Forgotten,Purpendicular,Deep Purple,Rock,MPEG audio file,"Ian Gillan, Roger Glover, Jon Lord, Steve Morse, Ian Paice",287.79,9401383
789,Sometimes I Feel Like Screaming,Purpendicular,Deep Purple,Rock,MPEG audio file,"Ian Gillan, Roger Glover, Jon Lord, Steve Morse, Ian Paice",451.84,14789410
790,Cascades : I'm Not Your Lover,Purpendicular,Deep Purple,Rock,MPEG audio file,"Ian Gillan, Roger Glover, Jon Lord, Steve Morse, Ian Paice",283.69,9209693
791,The Aviator,Purpendicular,Deep Purple,Rock,MPEG audio file,"Ian Gillan, Roger Glover, Jon Lord, Steve Morse, Ian Paice",320.99,10532053
792,Rosa's Cantina,Purpendicular,Deep Purple,Rock,MPEG audio file,"Ian Gillan, Roger Glover, Jon Lord, Steve Morse, Ian Paice",312.37,10323804
793,A Castle Full Of Rascals,Purpendicular,Deep Purple,Rock,MPEG audio file,"Ian Gillan, Roger Glover, Jon Lord, Steve Morse, Ian Paice",311.69,10159566
794,A Touch Away,Purpendicular,Deep Purple,Rock,MPEG audio file,"Ian Gillan, Roger Glover, Jon Lord, Steve Morse, Ian Paice",276.32,9098561
795,Hey Cisco,Purpendicular,Deep Purple,Rock,MPEG audio file,"Ian Gillan, Roger Glover, Jon Lord, Steve Morse, Ian Paice",354.09,11600029
796,Somebody Stole My Guitar,Purpendicular,Deep Purple,Rock,MPEG audio file,"Ian Gillan, Roger Glover, Jon Lord, Steve Morse, Ian Paice",249.44,8180421
797,The Purpendicular Waltz,Purpendicular,Deep Purple,Rock,MPEG audio file,"Ian Gillan, Roger Glover, Jon Lord, Steve Morse, Ian Paice",283.92,9299131
798,King Of Dreams,Slaves And Masters,Deep Purple,Rock,MPEG audio file,"Blackmore, Glover, Turner",328.39,10733847
799,The Cut Runs Deep,Slaves And Masters,Deep Purple,Rock,MPEG audio file,"Blackmore, Glover, Turner, Lord, Paice",342.75,11191650
800,Fire In The Basement,Slaves And Masters,Deep Purple,Rock,MPEG audio file,"Blackmore, Glover, Turner, Lord, Paice",283.98,9267550
801,Truth Hurts,Slaves And Masters,Deep Purple,Rock,MPEG audio file,"Blackmore, Glover, Turner",314.83,10224612
802,Breakfast In Bed,Slaves And Masters,Deep Purple,Rock,MPEG audio file,"Blackmore, Glover, Turner",317.13,10323804
803,Love Conquers All,Slaves And Masters,Deep Purple,Rock,MPEG audio file,"Blackmore, Glover, Turner",227.19,7328516
804,Fortuneteller,Slaves And Masters,Deep Purple,Rock,MPEG audio file,"Blackmore, Glover, Turner, Lord, Paice",349.34,11369671
805,Too Much Is Not Enough,Slaves And Masters,Deep Purple,Rock,MPEG audio file,"Turner, Held, Greenwood",257.72,8382800
806,Wicked Ways,Slaves And Masters,Deep Purple,Rock,MPEG audio file,"Blackmore, Glover, Turner, Lord, Paice",393.69,12826582
807,Stormbringer,Stormbringer,Deep Purple,Rock,MPEG audio file,D.Coverdale/R.Blackmore/Ritchie Blackmore,246.41,8044864
808,Love Don't Mean a Thing,Stormbringer,Deep Purple,Rock,MPEG audio file,D.Coverdale/G.Hughes/Glenn Hughes/I.Paice/Ian Paice/J.Lord/John Lord/R.Blackmore/Ritchie Blackmore,263.86,8675026
809,Holy Man,Stormbringer,Deep Purple,Rock,MPEG audio file,D.Coverdale/G.Hughes/Glenn Hughes/J.Lord/John Lord,270.24,8818093
810,Hold On,Stormbringer,Deep Purple,Rock,MPEG audio file,D.Coverdal/G.Hughes/Glenn Hughes/I.Paice/Ian Paice/J.Lord/John Lord,306.86,10022428
811,Lady Double Dealer,Stormbringer,Deep Purple,Rock,MPEG audio file,D.Coverdale/R.Blackmore/Ritchie Blackmore,201.48,6554330
812,You Can't Do it Right (With the One You Love),Stormbringer,Deep Purple,Rock,MPEG audio file,D.Coverdale/G.Hughes/Glenn Hughes/R.Blackmore/Ritchie Blackmore,203.76,6709579
813,High Ball Shooter,Stormbringer,Deep Purple,Rock,MPEG audio file,D.Coverdale/G.Hughes/Glenn Hughes/I.Paice/Ian Paice/J.Lord/John Lord/R.Blackmore/Ritchie Blackmore,267.83,8772471
814,The Gypsy,Stormbringer,Deep Purple,Rock,MPEG audio file,D.Coverdale/G.Hughes/Glenn Hughes/I.Paice/Ian Paice/J.Lord/John Lord/R.Blackmore/Ritchie Blackmore,242.89,7946614
815,Soldier Of Fortune,Stormbringer,Deep Purple,Rock,MPEG audio file,D.Coverdale/R.Blackmore/Ritchie Blackmore,193.75,6315321
816,The Battle Rages On,The Battle Rages On,Deep Purple,Rock,MPEG audio file,ian paice/jon lord,356.96,11626228
817,Lick It Up,The Battle Rages On,Deep Purple,Rock,MPEG audio file,roger glover,240.27,7792604
818,Anya,The Battle Rages On,Deep Purple,Rock,MPEG audio file,jon lord/roger glover,392.44,12754921
819,Talk About Love,The Battle Rages On,Deep Purple,Rock,MPEG audio file,roger glover,247.82,8072171
820,Time To Kill,The Battle Rages On,Deep Purple,Rock,MPEG audio file,roger glover,351.03,11354742
821,Ramshackle Man,The Battle Rages On,Deep Purple,Rock,MPEG audio file,roger glover,334.45,10874679
822,A Twist In The Tail,The Battle Rages On,Deep Purple,Rock,MPEG audio file,roger glover,257.46,8413103
823,Nasty Piece Of Work,The Battle Rages On,Deep Purple,Rock,MPEG audio file,jon lord/roger glover,276.66,9076997
824,Solitaire,The Battle Rages On,Deep Purple,Rock,MPEG audio file,roger glover,282.23,9157021
825,One Man's Meat,The Battle Rages On,Deep Purple,Rock,MPEG audio file,roger glover,278.80,9068960
826,Pour Some Sugar On Me,Vault: Def Leppard's Greatest Hits,Def Leppard,Rock,MPEG audio file,,292.52,9518842
827,Photograph,Vault: Def Leppard's Greatest Hits,Def Leppard,Rock,MPEG audio file,,248.63,8108507
828,Love Bites,Vault: Def Leppard's Greatest Hits,Def Leppard,Rock,MPEG audio file,,346.85,11305791
829,Let's Get Rocked,Vault: Def Leppard's Greatest Hits,Def Leppard,Rock,MPEG audio file,,296.02,9724150
830,Two Steps Behind [Acoustic Version],Vault: Def Leppard's Greatest Hits,Def Leppard,Rock,MPEG audio file,,259.79,8523388
831,Animal,Vault: Def Leppard's Greatest Hits,Def Leppard,Rock,MPEG audio file,,244.74,7985133
832,Heaven Is,Vault: Def Leppard's Greatest Hits,Def Leppard,Rock,MPEG audio file,,214.02,6988128
833,Rocket,Vault: Def Leppard's Greatest Hits,Def Leppard,Rock,MPEG audio file,,247.25,8092463
834,When Love & Hate Collide,Vault: Def Leppard's Greatest Hits,Def Leppard,Rock,MPEG audio file,,257.28,8364633
835,Action,Vault: Def Leppard's Greatest Hits,Def Leppard,Rock,MPEG audio file,,220.60,7130830
836,Make Love Like A Man,Vault: Def Leppard's Greatest Hits,Def Leppard,Rock,MPEG audio file,,255.66,8309725
837,Armageddon It,Vault: Def Leppard's Greatest Hits,Def Leppard,Rock,MPEG audio file,,322.46,10522352
838,Have You Ever Needed Someone So Bad,Vault: Def Leppard's Greatest Hits,Def Leppard,Rock,MPEG audio file,,319.32,10400020
839,Rock Of Ages,Vault: Def Leppard's Greatest Hits,Def Leppard,Rock,MPEG audio file,,248.42,8150318
840,Hysteria,Vault: Def Leppard's Greatest Hits,Def Leppard,Rock,MPEG audio file,,355.06,11622738
841,Bringin' On The Heartbreak,Vault: Def Leppard's Greatest Hits,Def Leppard,Rock,MPEG audio file,,272.46,8853324
842,Roll Call,Outbreak,Dennis Chambers,Jazz,MPEG audio file,Jim Beard,321.36,10653494
843,Otay,Outbreak,Dennis Chambers,Jazz,MPEG audio file,"John Scofield, Robert Aries, Milton Chambers and Gary Grainger",423.65,14176083
844,Groovus Interruptus,Outbreak,Dennis Chambers,Jazz,MPEG audio file,Jim Beard,319.37,10602166
845,Paris On Mine,Outbreak,Dennis Chambers,Jazz,MPEG audio file,Jon Herington,368.88,12059507
846,In Time,Outbreak,Dennis Chambers,Jazz,MPEG audio file,Sylvester Stewart,368.95,12287103
847,Plan B,Outbreak,Dennis Chambers,Jazz,MPEG audio file,"Dean Brown, Dennis Chambers & Jim Beard",272.04,9032315
848,Outbreak,Outbreak,Dennis Chambers,Jazz,MPEG audio file,Jim Beard & Jon Herington,659.23,21685807
849,"Baltimore, DC",Outbreak,Dennis Chambers,Jazz,MPEG audio file,John Scofield,346.93,11394473
850,Talkin Loud and Saying Nothin,Outbreak,Dennis Chambers,Jazz,MPEG audio file,James Brown & Bobby Byrd,360.41,11994859
851,Pétala,Djavan Ao Vivo - Vol. 02,Djavan,Latin,MPEG audio file,,270.08,8856165
852,Meu Bem-Querer,Djavan Ao Vivo - Vol. 02,Djavan,Latin,MPEG audio file,,255.61,8330047
853,Cigano,Djavan Ao Vivo - Vol. 02,Djavan,Latin,MPEG audio file,,304.69,10037362
854,Boa Noite,Djavan Ao Vivo - Vol. 02,Djavan,Latin,MPEG audio file,,338.76,11283582
855,Fato Consumado,Djavan Ao Vivo - Vol. 02,Djavan,Latin,MPEG audio file,,211.57,7018586
856,Faltando Um Pedaço,Djavan Ao Vivo - Vol. 02,Djavan,Latin,MPEG audio file,,267.73,8788760
857,Álibi,Djavan Ao Vivo - Vol. 02,Djavan,Latin,MPEG audio file,,213.24,6928434
858,Esquinas,Djavan Ao Vivo - Vol. 02,Djavan,Latin,MPEG audio file,,281.00,9096726
859,Se...,Djavan Ao Vivo - Vol. 02,Djavan,Latin,MPEG audio file,,286.43,9413777
860,Eu Te Devoro,Djavan Ao Vivo - Vol. 02,Djavan,Latin,MPEG audio file,,311.61,10312775
861,Lilás,Djavan Ao Vivo - Vol. 02,Djavan,Latin,MPEG audio file,,274.18,9049542
862,Acelerou,Djavan Ao Vivo - Vol. 02,Djavan,Latin,MPEG audio file,,284.08,9396942
863,Um Amor Puro,Djavan Ao Vivo - Vol. 02,Djavan,Latin,MPEG audio file,,327.78,10687311
864,Samurai,Djavan Ao Vivo - Vol. 1,Djavan,Latin,MPEG audio file,Djavan,331.00,10872787
865,Nem Um Dia,Djavan Ao Vivo - Vol. 1,Djavan,Latin,MPEG audio file,Djavan,337.42,11181446
866,Oceano,Djavan Ao Vivo - Vol. 1,Djavan,Latin,MPEG audio file,Djavan,217.34,7026441
867,Açai,Djavan Ao Vivo - Vol. 1,Djavan,Latin,MPEG audio file,Djavan,270.97,8893682
868,Serrado,Djavan Ao Vivo - Vol. 1,Djavan,Latin,MPEG audio file,Djavan,295.31,9842240
869,Flor De Lis,Djavan Ao Vivo - Vol. 1,Djavan,Latin,MPEG audio file,Djavan,236.36,7801108
870,Amar É Tudo,Djavan Ao Vivo - Vol. 1,Djavan,Latin,MPEG audio file,Djavan,211.62,7073899
871,Azul,Djavan Ao Vivo - Vol. 1,Djavan,Latin,MPEG audio file,Djavan,253.96,8381029
872,Seduzir,Djavan Ao Vivo - Vol. 1,Djavan,Latin,MPEG audio file,Djavan,277.52,9163253
873,A Carta,Djavan Ao Vivo - Vol. 1,Djavan,Latin,MPEG audio file,"Djavan - Gabriel, O Pensador",347.30,11493463
874,Sina,Djavan Ao Vivo - Vol. 1,Djavan,Latin,MPEG audio file,Djavan,268.17,8906539
875,Acelerou,Djavan Ao Vivo - Vol. 1,Djavan,Latin,MPEG audio file,Djavan,284.13,9391439
876,Um Amor Puro,Djavan Ao Vivo - Vol. 1,Djavan,Latin,MPEG audio file,Djavan,327.11,10664698
877,O Bêbado e a Equilibrista,Elis Regina-Minha História,Elis Regina,Latin,MPEG audio file,,223.06,7306143
878,O Mestre-Sala dos Mares,Elis Regina-Minha História,Elis Regina,Latin,MPEG audio file,,186.23,6180414
879,Atrás da Porta,Elis Regina-Minha História,Elis Regina,Latin,MPEG audio file,,166.61,5432518
880,"Dois Pra Lá, Dois Pra Cá",Elis Regina-Minha História,Elis Regina,Latin,MPEG audio file,,263.03,8684639
881,Casa no Campo,Elis Regina-Minha História,Elis Regina,Latin,MPEG audio file,,170.79,5531841
882,Romaria,Elis Regina-Minha História,Elis Regina,Latin,MPEG audio file,,242.83,7968525
883,"Alô, Alô, Marciano",Elis Regina-Minha História,Elis Regina,Latin,MPEG audio file,,241.40,8137254
884,Me Deixas Louca,Elis Regina-Minha História,Elis Regina,Latin,MPEG audio file,,214.83,6888030
885,Fascinação,Elis Regina-Minha História,Elis Regina,Latin,MPEG audio file,,180.79,5793959
886,Saudosa Maloca,Elis Regina-Minha História,Elis Regina,Latin,MPEG audio file,,278.13,9059416
887,As Aparências Enganam,Elis Regina-Minha História,Elis Regina,Latin,MPEG audio file,,247.38,8014346
888,Madalena,Elis Regina-Minha História,Elis Regina,Latin,MPEG audio file,,157.39,5243721
889,Maria Rosa,Elis Regina-Minha História,Elis Regina,Latin,MPEG audio file,,232.80,7592504
890,Aprendendo A Jogar,Elis Regina-Minha História,Elis Regina,Latin,MPEG audio file,,290.66,9391041
891,Layla,The Cream Of Clapton,Eric Clapton,Blues,MPEG audio file,Clapton/Gordon,430.73,14115792
892,Badge,The Cream Of Clapton,Eric Clapton,Blues,MPEG audio file,Clapton/Harrison,163.55,5322942
893,I Feel Free,The Cream Of Clapton,Eric Clapton,Blues,MPEG audio file,Bruce/Clapton,174.58,5725684
894,Sunshine Of Your Love,The Cream Of Clapton,Eric Clapton,Blues,MPEG audio file,Bruce/Clapton,252.89,8225889
895,Crossroads,The Cream Of Clapton,Eric Clapton,Blues,MPEG audio file,Clapton/Robert Johnson Arr: Eric Clapton,253.34,8273540
896,Strange Brew,The Cream Of Clapton,Eric Clapton,Blues,MPEG audio file,Clapton/Collins/Pappalardi,167.81,5489787
897,White Room,The Cream Of Clapton,Eric Clapton,Blues,MPEG audio file,Bruce/Clapton,301.58,9872606
898,Bell Bottom Blues,The Cream Of Clapton,Eric Clapton,Blues,MPEG audio file,Clapton,304.74,9946681
899,Cocaine,The Cream Of Clapton,Eric Clapton,Blues,MPEG audio file,Cale/Clapton,215.93,7138399
900,I Shot The Sheriff,The Cream Of Clapton,Eric Clapton,Blues,MPEG audio file,Marley,263.86,8738973
901,After Midnight,The Cream Of Clapton,Eric Clapton,Blues,MPEG audio file,Clapton/J. J. Cale,191.32,6460941
902,Swing Low Sweet Chariot,The Cream Of Clapton,Eric Clapton,Blues,MPEG audio file,Clapton/Trad. Arr. Clapton,208.14,6896288
903,Lay Down Sally,The Cream Of Clapton,Eric Clapton,Blues,MPEG audio file,Clapton/Levy,231.73,7774207
904,Knockin On Heavens Door,The Cream Of Clapton,Eric Clapton,Blues,MPEG audio file,Clapton/Dylan,264.41,8758819
905,Wonderful Tonight,The Cream Of Clapton,Eric Clapton,Blues,MPEG audio file,Clapton,221.39,7326923
906,Let It Grow,The Cream Of Clapton,Eric Clapton,Blues,MPEG audio file,Clapton,297.06,9742568
907,Promises,The Cream Of Clapton,Eric Clapton,Blues,MPEG audio file,Clapton/F.eldman/Linn,180.40,6006154
908,I Can't Stand It,The Cream Of Clapton,Eric Clapton,Blues,MPEG audio file,Clapton,249.73,8271980
909,Signe,Unplugged,Eric Clapton,Blues,MPEG audio file,Eric Clapton,193.52,6475042
910,Before You Accuse Me,Unplugged,Eric Clapton,Blues,MPEG audio file,Eugene McDaniel,224.34,7456807
911,Hey Hey,Unplugged,Eric Clapton,Blues,MPEG audio file,Big Bill Broonzy,196.47,6543487
912,Tears In Heaven,Unplugged,Eric Clapton,Blues,MPEG audio file,"Eric Clapton, Will Jennings",274.73,9032835
913,Lonely Stranger,Unplugged,Eric Clapton,Blues,MPEG audio file,Eric Clapton,328.72,10894406
914,Nobody Knows You When You're Down & Out,Unplugged,Eric Clapton,Blues,MPEG audio file,Jimmy Cox,231.84,7669922
915,Layla,Unplugged,Eric Clapton,Blues,MPEG audio file,"Eric Clapton, Jim Gordon",285.39,9490542
916,Running On Faith,Unplugged,Eric Clapton,Blues,MPEG audio file,Jerry Lynn Williams,378.98,12536275
917,Walkin' Blues,Unplugged,Eric Clapton,Blues,MPEG audio file,Robert Johnson,226.43,7435192
918,Alberta,Unplugged,Eric Clapton,Blues,MPEG audio file,Traditional,222.41,7412975
919,San Francisco Bay Blues,Unplugged,Eric Clapton,Blues,MPEG audio file,Jesse Fuller,203.36,6724021
920,Malted Milk,Unplugged,Eric Clapton,Blues,MPEG audio file,Robert Johnson,216.53,7096781
921,Old Love,Unplugged,Eric Clapton,Blues,MPEG audio file,"Eric Clapton, Robert Cray",472.92,15780747
922,Rollin' And Tumblin',Unplugged,Eric Clapton,Blues,MPEG audio file,McKinley Morgenfield (Muddy Waters),251.77,8407355
923,Collision,Album Of The Year,Faith No More,Alternative & Punk,MPEG audio file,Jon Hudson/Mike Patton,204.30,6656596
924,Stripsearch,Album Of The Year,Faith No More,Alternative & Punk,MPEG audio file,Jon Hudson/Mike Bordin/Mike Patton,270.11,8861119
925,Last Cup Of Sorrow,Album Of The Year,Faith No More,Alternative & Punk,MPEG audio file,Bill Gould/Mike Patton,251.66,8221247
926,Naked In Front Of The Computer,Album Of The Year,Faith No More,Alternative & Punk,MPEG audio file,Mike Patton,128.76,4225077
927,Helpless,Album Of The Year,Faith No More,Alternative & Punk,MPEG audio file,Bill Gould/Mike Bordin/Mike Patton,326.22,10753135
928,Mouth To Mouth,Album Of The Year,Faith No More,Alternative & Punk,MPEG audio file,Bill Gould/Jon Hudson/Mike Bordin/Mike Patton,228.49,7505887
929,Ashes To Ashes,Album Of The Year,Faith No More,Alternative & Punk,MPEG audio file,Bill Gould/Jon Hudson/Mike Bordin/Mike Patton/Roddy Bottum,217.39,7093746
930,She Loves Me Not,Album Of The Year,Faith No More,Alternative & Punk,MPEG audio file,Bill Gould/Mike Bordin/Mike Patton,209.87,6887544
931,Got That Feeling,Album Of The Year,Faith No More,Alternative & Punk,MPEG audio file,Mike Patton,140.85,4643227
932,Paths Of Glory,Album Of The Year,Faith No More,Alternative & Punk,MPEG audio file,Bill Gould/Jon Hudson/Mike Bordin/Mike Patton/Roddy Bottum,257.25,8436300
933,Home Sick Home,Album Of The Year,Faith No More,Alternative & Punk,MPEG audio file,Mike Patton,119.04,3898976
934,Pristina,Album Of The Year,Faith No More,Alternative & Punk,MPEG audio file,Bill Gould/Mike Patton,232.70,7497361
935,Land Of Sunshine,Angel Dust,Faith No More,Alternative & Punk,MPEG audio file,,223.92,7353567
936,Caffeine,Angel Dust,Faith No More,Alternative & Punk,MPEG audio file,,267.94,8747367
937,Midlife Crisis,Angel Dust,Faith No More,Alternative & Punk,MPEG audio file,,263.24,8628841
938,RV,Angel Dust,Faith No More,Alternative & Punk,MPEG audio file,,223.24,7288162
939,Smaller And Smaller,Angel Dust,Faith No More,Alternative & Punk,MPEG audio file,,310.83,10180103
940,Everything's Ruined,Angel Dust,Faith No More,Alternative & Punk,MPEG audio file,,273.66,9010917
941,Malpractice,Angel Dust,Faith No More,Alternative & Punk,MPEG audio file,,241.37,7900683
942,Kindergarten,Angel Dust,Faith No More,Alternative & Punk,MPEG audio file,,270.68,8853647
943,Be Aggressive,Angel Dust,Faith No More,Alternative & Punk,MPEG audio file,,222.43,7298027
944,A Small Victory,Angel Dust,Faith No More,Alternative & Punk,MPEG audio file,,297.17,9733572
945,Crack Hitler,Angel Dust,Faith No More,Alternative & Punk,MPEG audio file,,279.14,9162435
946,Jizzlobber,Angel Dust,Faith No More,Alternative & Punk,MPEG audio file,,398.34,12926140
947,Midnight Cowboy,Angel Dust,Faith No More,Alternative & Punk,MPEG audio file,,251.92,8242626
948,Easy,Angel Dust,Faith No More,Alternative & Punk,MPEG audio file,,185.84,6073008
949,Get Out,King For A Day Fool For A Lifetime,Faith No More,Rock,MPEG audio file,"Mike Bordin, Billy Gould, Mike Patton",137.48,4524972
950,Ricochet,King For A Day Fool For A Lifetime,Faith No More,Rock,MPEG audio file,"Mike Bordin, Billy Gould, Mike Patton",269.40,8808812
951,Evidence,King For A Day Fool For A Lifetime,Faith No More,Rock,MPEG audio file,"Mike Bordin, Billy Gould, Mike Patton, Trey Spruance",293.59,9626136
952,The Gentle Art Of Making Enemies,King For A Day Fool For A Lifetime,Faith No More,Rock,MPEG audio file,"Mike Bordin, Billy Gould, Mike Patton",209.32,6908609
953,Star A.D.,King For A Day Fool For A Lifetime,Faith No More,Rock,MPEG audio file,"Mike Bordin, Billy Gould, Mike Patton",203.81,6747658
954,Cuckoo For Caca,King For A Day Fool For A Lifetime,Faith No More,Rock,MPEG audio file,"Mike Bordin, Billy Gould, Mike Patton, Trey Spruance",222.90,7388369
955,Caralho Voador,King For A Day Fool For A Lifetime,Faith No More,Rock,MPEG audio file,"Mike Bordin, Billy Gould, Mike Patton, Trey Spruance",242.10,8029054
956,Ugly In The Morning,King For A Day Fool For A Lifetime,Faith No More,Rock,MPEG audio file,"Mike Bordin, Billy Gould, Mike Patton",186.44,6224997
957,Digging The Grave,King For A Day Fool For A Lifetime,Faith No More,Rock,MPEG audio file,"Mike Bordin, Billy Gould, Mike Patton",185.13,6109259
958,Take This Bottle,King For A Day Fool For A Lifetime,Faith No More,Rock,MPEG audio file,"Mike Bordin, Billy Gould, Mike Patton, Trey Spruance",299.00,9779971
959,King For A Day,King For A Day Fool For A Lifetime,Faith No More,Rock,MPEG audio file,"Mike Bordin, Billy Gould, Mike Patton, Trey Spruance",395.86,13163733
960,What A Day,King For A Day Fool For A Lifetime,Faith No More,Rock,MPEG audio file,"Mike Bordin, Billy Gould, Mike Patton",158.28,5203430
961,The Last To Know,King For A Day Fool For A Lifetime,Faith No More,Rock,MPEG audio file,"Mike Bordin, Billy Gould, Mike Patton",267.83,8736776
962,Just A Man,King For A Day Fool For A Lifetime,Faith No More,Rock,MPEG audio file,"Mike Bordin, Billy Gould, Mike Patton",336.67,11031254
963,Absolute Zero,King For A Day Fool For A Lifetime,Faith No More,Rock,MPEG audio file,"Mike Bordin, Billy Gould, Mike Patton",182.00,5929427
964,From Out Of Nowhere,The Real Thing,Faith No More,Alternative & Punk,MPEG audio file,Faith No More,202.53,6587802
965,Epic,The Real Thing,Faith No More,Alternative & Punk,MPEG audio file,Faith No More,294.01,9631296
966,Falling To Pieces,The Real Thing,Faith No More,Alternative & Punk,MPEG audio file,Faith No More,316.06,10333123
967,Surprise! You're Dead!,The Real Thing,Faith No More,Alternative & Punk,MPEG audio file,Faith No More,147.23,4823036
968,Zombie Eaters,The Real Thing,Faith No More,Alternative & Punk,MPEG audio file,Faith No More,360.88,11835367
969,The Real Thing,The Real Thing,Faith No More,Alternative & Punk,MPEG audio file,Faith No More,493.64,16233080
970,Underwater Love,The Real Thing,Faith No More,Alternative & Punk,MPEG audio file,Faith No More,231.99,7634387
971,The Morning After,The Real Thing,Faith No More,Alternative & Punk,MPEG audio file,Faith No More,223.76,7355898
972,Woodpecker From Mars,The Real Thing,Faith No More,Alternative & Punk,MPEG audio file,Faith No More,340.53,11174250
973,War Pigs,The Real Thing,Faith No More,Alternative & Punk,MPEG audio file,"Tony Iommi, Bill Ward, Geezer Butler, Ozzy Osbourne",464.77,15267802
974,Edge Of The World,The Real Thing,Faith No More,Alternative & Punk,MPEG audio file,Faith No More,250.36,8235607
975,Deixa Entrar,Deixa Entrar,Falamansa,Latin,MPEG audio file,,33.62,1095012
976,Falamansa Song,Deixa Entrar,Falamansa,Latin,MPEG audio file,,237.17,7921313
977,Xote Dos Milagres,Deixa Entrar,Falamansa,Latin,MPEG audio file,,269.56,8897778
978,Rindo À Toa,Deixa Entrar,Falamansa,Latin,MPEG audio file,,222.07,7365321
979,Confidência,Deixa Entrar,Falamansa,Latin,MPEG audio file,,222.20,7460829
980,Forró De Tóquio,Deixa Entrar,Falamansa,Latin,MPEG audio file,,169.27,5588756
981,Zeca Violeiro,Deixa Entrar,Falamansa,Latin,MPEG audio file,,143.67,4781949
982,Avisa,Deixa Entrar,Falamansa,Latin,MPEG audio file,,355.03,11844320
983,Principiando/Decolagem,Deixa Entrar,Falamansa,Latin,MPEG audio file,,116.77,3923789
984,Asas,Deixa Entrar,Falamansa,Latin,MPEG audio file,,231.92,7711669
985,Medo De Escuro,Deixa Entrar,Falamansa,Latin,MPEG audio file,,213.76,7056323
986,Oração,Deixa Entrar,Falamansa,Latin,MPEG audio file,,271.07,9003882
987,Minha Gata,Deixa Entrar,Falamansa,Latin,MPEG audio file,,181.84,6039502
988,Desaforo,Deixa Entrar,Falamansa,Latin,MPEG audio file,,174.52,5853561
989,In Your Honor,In Your Honor [Disc 1],Foo Fighters,Rock,MPEG audio file,"Dave Grohl, Taylor Hawkins, Nate Mendel, Chris Shiflett",230.19,7468463
990,No Way Back,In Your Honor [Disc 1],Foo Fighters,Rock,MPEG audio file,"Dave Grohl, Taylor Hawkins, Nate Mendel, Chris Shiflett",196.68,6421400
991,Best Of You,In Your Honor [Disc 1],Foo Fighters,Rock,MPEG audio file,"Dave Grohl, Taylor Hawkins, Nate Mendel, Chris Shiflett",255.71,8363467
992,DOA,In Your Honor [Disc 1],Foo Fighters,Rock,MPEG audio file,"Dave Grohl, Taylor Hawkins, Nate Mendel, Chris Shiflett",252.19,8232342
993,Hell,In Your Honor [Disc 1],Foo Fighters,Rock,MPEG audio file,"Dave Grohl, Taylor Hawkins, Nate Mendel, Chris Shiflett",117.08,3819255
994,The Last Song,In Your Honor [Disc 1],Foo Fighters,Rock,MPEG audio file,"Dave Grohl, Taylor Hawkins, Nate Mendel, Chris Shiflett",199.52,6496742
995,Free Me,In Your Honor [Disc 1],Foo Fighters,Rock,MPEG audio file,"Dave Grohl, Taylor Hawkins, Nate Mendel, Chris Shiflett",278.70,9109340
996,Resolve,In Your Honor [Disc 1],Foo Fighters,Rock,MPEG audio file,"Dave Grohl, Taylor Hawkins, Nate Mendel, Chris Shiflett",288.73,9416186
997,The Deepest Blues Are Black,In Your Honor [Disc 1],Foo Fighters,Rock,MPEG audio file,"Dave Grohl, Taylor Hawkins, Nate Mendel, Chris Shiflett",238.42,7735473
998,End Over End,In Your Honor [Disc 1],Foo Fighters,Rock,MPEG audio file,"Dave Grohl, Taylor Hawkins, Nate Mendel, Chris Shiflett",352.08,11395296
999,Still,In Your Honor [Disc 2],Foo Fighters,Rock,MPEG audio file,"Dave Grohl, Taylor Hawkins, Nate Mendel, Chris Shiflett/FOO FIGHTERS",313.18,10323157
1000,What If I Do?,In Your Honor [Disc 2],Foo Fighters,Rock,MPEG audio file,"Dave Grohl, Taylor Hawkins, Nate Mendel, Chris Shiflett/FOO FIGHTERS",302.99,9929799
1001,Miracle,In Your Honor [Disc 2],Foo Fighters,Rock,MPEG audio file,"Dave Grohl, Taylor Hawkins, Nate Mendel, Chris Shiflett/FOO FIGHTERS",209.68,6877994
1002,Another Round,In Your Honor [Disc 2],Foo Fighters,Rock,MPEG audio file,"Dave Grohl, Taylor Hawkins, Nate Mendel, Chris Shiflett/FOO FIGHTERS",265.85,8752670
1003,Friend Of A Friend,In Your Honor [Disc 2],Foo Fighters,Rock,MPEG audio file,"Dave Grohl, Taylor Hawkins, Nate Mendel, Chris Shiflett/FOO FIGHTERS",193.28,6355088
1004,Over And Out,In Your Honor [Disc 2],Foo Fighters,Rock,MPEG audio file,"Dave Grohl, Taylor Hawkins, Nate Mendel, Chris Shiflett/FOO FIGHTERS",316.26,10428382
1005,On The Mend,In Your Honor [Disc 2],Foo Fighters,Rock,MPEG audio file,"Dave Grohl, Taylor Hawkins, Nate Mendel, Chris Shiflett/FOO FIGHTERS",271.91,9071997
1006,Virginia Moon,In Your Honor [Disc 2],Foo Fighters,Rock,MPEG audio file,"Dave Grohl, Taylor Hawkins, Nate Mendel, Chris Shiflett/FOO FIGHTERS",229.20,7494639
1007,Cold Day In The Sun,In Your Honor [Disc 2],Foo Fighters,Rock,MPEG audio file,"Dave Grohl, Taylor Hawkins, Nate Mendel, Chris Shiflett/FOO FIGHTERS",200.72,6596617
1008,Razor,In Your Honor [Disc 2],Foo Fighters,Rock,MPEG audio file,"Dave Grohl, Taylor Hawkins, Nate Mendel, Chris Shiflett/FOO FIGHTERS",293.28,9721373
1009,All My Life,One By One,Foo Fighters,Alternative & Punk,MPEG audio file,Foo Fighters,263.65,8665545
1010,Low,One By One,Foo Fighters,Alternative & Punk,MPEG audio file,Foo Fighters,268.12,8847196
1011,Have It All,One By One,Foo Fighters,Alternative & Punk,MPEG audio file,Foo Fighters,298.06,9729292
1012,Times Like These,One By One,Foo Fighters,Alternative & Punk,MPEG audio file,Foo Fighters,266.37,8624691
1013,Disenchanted Lullaby,One By One,Foo Fighters,Alternative & Punk,MPEG audio file,Foo Fighters,273.53,8919111
1014,Tired Of You,One By One,Foo Fighters,Alternative & Punk,MPEG audio file,Foo Fighters,311.35,10094743
1015,Halo,One By One,Foo Fighters,Alternative & Punk,MPEG audio file,Foo Fighters,306.44,10026371
1016,Lonely As You,One By One,Foo Fighters,Alternative & Punk,MPEG audio file,Foo Fighters,277.19,9022628
1017,Overdrive,One By One,Foo Fighters,Alternative & Punk,MPEG audio file,Foo Fighters,270.55,8793187
1018,Burn Away,One By One,Foo Fighters,Alternative & Punk,MPEG audio file,Foo Fighters,298.40,9678073
1019,Come Back,One By One,Foo Fighters,Alternative & Punk,MPEG audio file,Foo Fighters,469.97,15371980
1020,Doll,The Colour And The Shape,Foo Fighters,Rock,MPEG audio file,"Dave, Taylor, Nate, Chris",83.49,2702572
1021,Monkey Wrench,The Colour And The Shape,Foo Fighters,Rock,MPEG audio file,"Dave, Taylor, Nate, Chris",231.52,7527531
1022,"Hey, Johnny Park!",The Colour And The Shape,Foo Fighters,Rock,MPEG audio file,"Dave, Taylor, Nate, Chris",248.53,8079480
1023,My Poor Brain,The Colour And The Shape,Foo Fighters,Rock,MPEG audio file,"Dave, Taylor, Nate, Chris",213.45,6973746
1024,Wind Up,The Colour And The Shape,Foo Fighters,Rock,MPEG audio file,"Dave, Taylor, Nate, Chris",152.16,4950667
1025,Up In Arms,The Colour And The Shape,Foo Fighters,Rock,MPEG audio file,"Dave, Taylor, Nate, Chris",135.73,4406227
1026,My Hero,The Colour And The Shape,Foo Fighters,Rock,MPEG audio file,"Dave, Taylor, Nate, Chris",260.10,8472365
1027,See You,The Colour And The Shape,Foo Fighters,Rock,MPEG audio file,"Dave, Taylor, Nate, Chris",146.78,4888173
1028,Enough Space,The Colour And The Shape,Foo Fighters,Rock,MPEG audio file,Dave Grohl,157.39,5169280
1029,February Stars,The Colour And The Shape,Foo Fighters,Rock,MPEG audio file,"Dave, Taylor, Nate, Chris",289.31,9344875
1030,Everlong,The Colour And The Shape,Foo Fighters,Rock,MPEG audio file,Dave Grohl,250.75,8270816
1031,Walking After You,The Colour And The Shape,Foo Fighters,Rock,MPEG audio file,Dave Grohl,303.86,9898992
1032,New Way Home,The Colour And The Shape,Foo Fighters,Rock,MPEG audio file,"Dave, Taylor, Nate, Chris",342.23,11205664
1033,My Way,My Way: The Best Of Frank Sinatra [Disc 1],Frank Sinatra,Easy Listening,MPEG audio file,claude françois/gilles thibault/jacques revaux/paul anka,275.88,8928684
1034,Strangers In The Night,My Way: The Best Of Frank Sinatra [Disc 1],Frank Sinatra,Easy Listening,MPEG audio file,berthold kaempfert/charles singleton/eddie snyder,155.79,5055295
1035,"New York, New York",My Way: The Best Of Frank Sinatra [Disc 1],Frank Sinatra,Easy Listening,MPEG audio file,fred ebb/john kander,206.00,6707993
1036,I Get A Kick Out Of You,My Way: The Best Of Frank Sinatra [Disc 1],Frank Sinatra,Easy Listening,MPEG audio file,cole porter,194.43,6332441
1037,Something Stupid,My Way: The Best Of Frank Sinatra [Disc 1],Frank Sinatra,Easy Listening,MPEG audio file,carson c. parks,158.62,5210643
1038,Moon River,My Way: The Best Of Frank Sinatra [Disc 1],Frank Sinatra,Easy Listening,MPEG audio file,henry mancini/johnny mercer,198.92,6395808
1039,What Now My Love,My Way: The Best Of Frank Sinatra [Disc 1],Frank Sinatra,Easy Listening,MPEG audio file,carl sigman/gilbert becaud/pierre leroyer,150.00,4913383
1040,Summer Love,My Way: The Best Of Frank Sinatra [Disc 1],Frank Sinatra,Easy Listening,MPEG audio file,hans bradtke/heinz meier/johnny mercer,174.99,5693242
1041,For Once In My Life,My Way: The Best Of Frank Sinatra [Disc 1],Frank Sinatra,Easy Listening,MPEG audio file,orlando murden/ronald miller,171.15,5557537
1042,Love And Marriage,My Way: The Best Of Frank Sinatra [Disc 1],Frank Sinatra,Easy Listening,MPEG audio file,jimmy van heusen/sammy cahn,89.73,2930596
1043,They Can't Take That Away From Me,My Way: The Best Of Frank Sinatra [Disc 1],Frank Sinatra,Easy Listening,MPEG audio file,george gershwin/ira gershwin,161.23,5240043
1044,My Kind Of Town,My Way: The Best Of Frank Sinatra [Disc 1],Frank Sinatra,Easy Listening,MPEG audio file,jimmy van heusen/sammy cahn,188.50,6119915
1045,Fly Me To The Moon,My Way: The Best Of Frank Sinatra [Disc 1],Frank Sinatra,Easy Listening,MPEG audio file,bart howard,149.26,4856954
1046,I've Got You Under My Skin,My Way: The Best Of Frank Sinatra [Disc 1],Frank Sinatra,Easy Listening,MPEG audio file,cole porter,210.81,6883787
1047,The Best Is Yet To Come,My Way: The Best Of Frank Sinatra [Disc 1],Frank Sinatra,Easy Listening,MPEG audio file,carolyn leigh/cy coleman,173.58,5633730
1048,It Was A Very Good Year,My Way: The Best Of Frank Sinatra [Disc 1],Frank Sinatra,Easy Listening,MPEG audio file,ervin drake,266.61,8554066
1049,Come Fly With Me,My Way: The Best Of Frank Sinatra [Disc 1],Frank Sinatra,Easy Listening,MPEG audio file,jimmy van heusen/sammy cahn,190.46,6231029
1050,That's Life,My Way: The Best Of Frank Sinatra [Disc 1],Frank Sinatra,Easy Listening,MPEG audio file,dean kay thompson/kelly gordon,187.01,6095727
1051,The Girl From Ipanema,My Way: The Best Of Frank Sinatra [Disc 1],Frank Sinatra,Easy Listening,MPEG audio file,antonio carlos jobim/norman gimbel/vinicius de moraes,193.75,6410674
1052,The Lady Is A Tramp,My Way: The Best Of Frank Sinatra [Disc 1],Frank Sinatra,Easy Listening,MPEG audio file,lorenz hart/richard rodgers,184.11,5987372
1053,"Bad, Bad Leroy Brown",My Way: The Best Of Frank Sinatra [Disc 1],Frank Sinatra,Easy Listening,MPEG audio file,jim croce,169.90,5548581
1054,Mack The Knife,My Way: The Best Of Frank Sinatra [Disc 1],Frank Sinatra,Easy Listening,MPEG audio file,bert brecht/kurt weill/marc blitzstein,292.08,9541052
1055,Loves Been Good To Me,My Way: The Best Of Frank Sinatra [Disc 1],Frank Sinatra,Easy Listening,MPEG audio file,rod mckuen,203.96,6645365
1056,L.A. Is My Lady,My Way: The Best Of Frank Sinatra [Disc 1],Frank Sinatra,Easy Listening,MPEG audio file,alan bergman/marilyn bergman/peggy lipton jones/quincy jones,193.18,6378511
1057,Entrando Na Sua (Intro),Roda De Funk,Funk Como Le Gusta,Latin,MPEG audio file,,179.25,5840027
1058,Nervosa,Roda De Funk,Funk Como Le Gusta,Latin,MPEG audio file,,229.54,7680421
1059,Funk De Bamba (Com Fernanda Abreu),Roda De Funk,Funk Como Le Gusta,Latin,MPEG audio file,,237.19,7866165
1060,Call Me At Cleo´s,Roda De Funk,Funk Como Le Gusta,Latin,MPEG audio file,,236.62,7920510
1061,Olhos Coloridos (Com Sandra De Sá),Roda De Funk,Funk Como Le Gusta,Latin,MPEG audio file,,321.33,10567404
1062,Zambação,Roda De Funk,Funk Como Le Gusta,Latin,MPEG audio file,,301.11,10030604
1063,Funk Hum,Roda De Funk,Funk Como Le Gusta,Latin,MPEG audio file,,244.45,8084475
1064,Forty Days (Com DJ Hum),Roda De Funk,Funk Como Le Gusta,Latin,MPEG audio file,,221.73,7347172
1065,Balada Da Paula,Roda De Funk,Funk Como Le Gusta,Latin,MPEG audio file,Emerson Villani,322.82,10603717
1066,Dujji,Roda De Funk,Funk Como Le Gusta,Latin,MPEG audio file,,324.60,10833935
1067,Meu Guarda-Chuva,Roda De Funk,Funk Como Le Gusta,Latin,MPEG audio file,,248.53,8216625
1068,Motéis,Roda De Funk,Funk Como Le Gusta,Latin,MPEG audio file,,213.50,7041077
1069,Whistle Stop,Roda De Funk,Funk Como Le Gusta,Latin,MPEG audio file,,526.13,17533664
1070,16 Toneladas,Roda De Funk,Funk Como Le Gusta,Latin,MPEG audio file,,191.63,6390885
1071,Divirta-Se (Saindo Da Sua),Roda De Funk,Funk Como Le Gusta,Latin,MPEG audio file,,74.92,2439206
1072,Forty Days Instrumental,Roda De Funk,Funk Como Le Gusta,Latin,MPEG audio file,,292.49,9584317
1073,Óia Eu Aqui De Novo,As Canções de Eu Tu Eles,Gilberto Gil,Soundtrack,MPEG audio file,,219.45,7469735
1074,Baião Da Penha,As Canções de Eu Tu Eles,Gilberto Gil,Soundtrack,MPEG audio file,,247.93,8393047
1075,Esperando Na Janela,As Canções de Eu Tu Eles,Gilberto Gil,Soundtrack,MPEG audio file,Manuca/Raimundinho DoAcordion/Targino Godim,261.04,8660617
1076,Juazeiro,As Canções de Eu Tu Eles,Gilberto Gil,Soundtrack,MPEG audio file,Humberto Teixeira/Luiz Gonzaga,222.28,7349779
1077,Último Pau-De-Arara,As Canções de Eu Tu Eles,Gilberto Gil,Soundtrack,MPEG audio file,Corumbá/José Gumarães/Venancio,200.44,6638563
1078,Asa Branca,As Canções de Eu Tu Eles,Gilberto Gil,Soundtrack,MPEG audio file,Humberto Teixeira/Luiz Gonzaga,217.05,7387183
1079,Qui Nem Jiló,As Canções de Eu Tu Eles,Gilberto Gil,Soundtrack,MPEG audio file,Humberto Teixeira/Luiz Gonzaga,204.70,6937472
1080,Assum Preto,As Canções de Eu Tu Eles,Gilberto Gil,Soundtrack,MPEG audio file,Humberto Teixeira/Luiz Gonzaga,199.65,6625000
1081,Pau-De-Arara,As Canções de Eu Tu Eles,Gilberto Gil,Soundtrack,MPEG audio file,"Guio De Morais E Seus ""Parentes""/Luiz Gonzaga",191.66,6340649
1082,A Volta Da Asa Branca,As Canções de Eu Tu Eles,Gilberto Gil,Soundtrack,MPEG audio file,Luiz Gonzaga/Zé Dantas,271.02,9098093
1083,O Amor Daqui De Casa,As Canções de Eu Tu Eles,Gilberto Gil,Soundtrack,MPEG audio file,Gilberto Gil,148.64,4888292
1084,As Pegadas Do Amor,As Canções de Eu Tu Eles,Gilberto Gil,Soundtrack,MPEG audio file,Gilberto Gil,209.14,6899062
1085,Lamento Sertanejo,As Canções de Eu Tu Eles,Gilberto Gil,Soundtrack,MPEG audio file,Dominguinhos/Gilberto Gil,260.96,8518290
1086,Casinha Feliz,As Canções de Eu Tu Eles,Gilberto Gil,Soundtrack,MPEG audio file,Gilberto Gil,32.29,1039615
1087,Introdução (Live),Quanta Gente Veio Ver (Live),Gilberto Gil,Latin,MPEG audio file,,154.10,5227579
1088,Palco (Live),Quanta Gente Veio Ver (Live),Gilberto Gil,Latin,MPEG audio file,,238.32,8026622
1089,Is This Love (Live),Quanta Gente Veio Ver (Live),Gilberto Gil,Latin,MPEG audio file,,295.26,9819759
1090,Stir It Up (Live),Quanta Gente Veio Ver (Live),Gilberto Gil,Latin,MPEG audio file,,282.41,9594738
1091,Refavela (Live),Quanta Gente Veio Ver (Live),Gilberto Gil,Latin,MPEG audio file,,236.70,7985305
1092,Vendedor De Caranguejo (Live),Quanta Gente Veio Ver (Live),Gilberto Gil,Latin,MPEG audio file,,248.84,8358128
1093,Quanta (Live),Quanta Gente Veio Ver (Live),Gilberto Gil,Latin,MPEG audio file,,357.49,11774865
1094,Estrela (Live),Quanta Gente Veio Ver (Live),Gilberto Gil,Latin,MPEG audio file,,285.31,9436411
1095,Pela Internet (Live),Quanta Gente Veio Ver (Live),Gilberto Gil,Latin,MPEG audio file,,263.47,8804401
1096,Cérebro Eletrônico (Live),Quanta Gente Veio Ver (Live),Gilberto Gil,Latin,MPEG audio file,,231.63,7805352
1097,Opachorô (Live),Quanta Gente Veio Ver (Live),Gilberto Gil,Latin,MPEG audio file,,259.53,8596384
1098,Copacabana (Live),Quanta Gente Veio Ver (Live),Gilberto Gil,Latin,MPEG audio file,,289.67,9673672
1099,A Novidade (Live),Quanta Gente Veio Ver (Live),Gilberto Gil,Latin,MPEG audio file,,316.97,10508000
1100,Ghandi (Live),Quanta Gente Veio Ver (Live),Gilberto Gil,Latin,MPEG audio file,,222.46,7481950
1101,De Ouro E Marfim (Live),Quanta Gente Veio Ver (Live),Gilberto Gil,Latin,MPEG audio file,,234.97,7838453
1102,Doce De Carnaval (Candy All),Quanta Gente Veio ver--Bônus De Carnaval,Gilberto Gil,Jazz,MPEG audio file,,356.10,11998470
1103,Lamento De Carnaval,Quanta Gente Veio ver--Bônus De Carnaval,Gilberto Gil,Jazz,MPEG audio file,,294.53,9819276
1104,Pretinha,Quanta Gente Veio ver--Bônus De Carnaval,Gilberto Gil,Jazz,MPEG audio file,,265.27,8914579
1105,A Novidade,Unplugged,Eric Clapton,Latin,MPEG audio file,Gilberto Gil,324.78,10765600
1106,Tenho Sede,Unplugged,Eric Clapton,Latin,MPEG audio file,Gilberto Gil,261.62,8708114
1107,Refazenda,Unplugged,Eric Clapton,Latin,MPEG audio file,Gilberto Gil,218.31,7237784
1108,Realce,Unplugged,Eric Clapton,Latin,MPEG audio file,Gilberto Gil,264.49,8847612
1109,Esotérico,Unplugged,Eric Clapton,Latin,MPEG audio file,Gilberto Gil,317.78,10530533
1110,Drão,Unplugged,Eric Clapton,Latin,MPEG audio file,Gilberto Gil,301.45,9931950
1111,A Paz,Unplugged,Eric Clapton,Latin,MPEG audio file,Gilberto Gil,293.09,9593064
1112,Beira Mar,Unplugged,Eric Clapton,Latin,MPEG audio file,Gilberto Gil,295.44,9597994
1113,Sampa,Unplugged,Eric Clapton,Latin,MPEG audio file,Gilberto Gil,225.70,7469905
1114,Parabolicamará,Unplugged,Eric Clapton,Latin,MPEG audio file,Gilberto Gil,284.94,9543435
1115,Tempo Rei,Unplugged,Eric Clapton,Latin,MPEG audio file,Gilberto Gil,302.73,10019269
1116,Expresso 2222,Unplugged,Eric Clapton,Latin,MPEG audio file,Gilberto Gil,284.76,9690577
1117,Aquele Abraço,Unplugged,Eric Clapton,Latin,MPEG audio file,Gilberto Gil,263.99,8805003
1118,Palco,Unplugged,Eric Clapton,Latin,MPEG audio file,Gilberto Gil,270.55,9049901
1119,Toda Menina Baiana,Unplugged,Eric Clapton,Latin,MPEG audio file,Gilberto Gil,278.18,9351000
1120,Sítio Do Pica-Pau Amarelo,Unplugged,Eric Clapton,Latin,MPEG audio file,Gilberto Gil,218.07,7217955
1121,Straight Out Of Line,Faceless,Godsmack,Metal,MPEG audio file,Sully Erna,259.21,8511877
1122,Faceless,Faceless,Godsmack,Metal,MPEG audio file,Sully Erna,216.01,6992417
1123,Changes,Faceless,Godsmack,Metal,MPEG audio file,Sully Erna; Tony Rombola,260.02,8455835
1124,Make Me Believe,Faceless,Godsmack,Metal,MPEG audio file,Sully Erna,248.61,8075050
1125,I Stand Alone,Faceless,Godsmack,Metal,MPEG audio file,Sully Erna,246.13,8017041
1126,Re-Align,Faceless,Godsmack,Metal,MPEG audio file,Sully Erna,260.88,8513891
1127,I Fucking Hate You,Faceless,Godsmack,Metal,MPEG audio file,Sully Erna,247.17,8059642
1128,Releasing The Demons,Faceless,Godsmack,Metal,MPEG audio file,Sully Erna,252.76,8276372
1129,Dead And Broken,Faceless,Godsmack,Metal,MPEG audio file,Sully Erna,251.45,8206611
1130,I Am,Faceless,Godsmack,Metal,MPEG audio file,Sully Erna,239.52,7803270
1131,The Awakening,Faceless,Godsmack,Metal,MPEG audio file,Sully Erna,89.55,3035251
1132,Serenity,Faceless,Godsmack,Metal,MPEG audio file,Sully Erna; Tony Rombola,274.83,9172976
1133,American Idiot,American Idiot,Green Day,Alternative & Punk,MPEG audio file,"Billie Joe Armstrong, Mike Dirnt, Tré Cool",174.42,5705793
1134,Jesus Of Suburbia / City Of The Damned / I Don't Care / Dearly Beloved / Tales Of Another Broken Home,American Idiot,Green Day,Alternative & Punk,MPEG audio file,Billie Joe Armstrong/Green Day,548.34,17875209
1135,Holiday,American Idiot,Green Day,Alternative & Punk,MPEG audio file,"Billie Joe Armstrong, Mike Dirnt, Tré Cool",232.72,7599602
1136,Boulevard Of Broken Dreams,American Idiot,Green Day,Alternative & Punk,MPEG audio file,"Mike Dint, Billie Joe, Tré Cool",260.86,8485122
1137,Are We The Waiting,American Idiot,Green Day,Alternative & Punk,MPEG audio file,Green Day,163.00,5328329
1138,St. Jimmy,American Idiot,Green Day,Alternative & Punk,MPEG audio file,Green Day,175.31,5716589
1139,Give Me Novacaine,American Idiot,Green Day,Alternative & Punk,MPEG audio file,Green Day,205.87,6752485
1140,She's A Rebel,American Idiot,Green Day,Alternative & Punk,MPEG audio file,Green Day,120.53,3901226
1141,Extraordinary Girl,American Idiot,Green Day,Alternative & Punk,MPEG audio file,Green Day,214.02,6975177
1142,Letterbomb,American Idiot,Green Day,Alternative & Punk,MPEG audio file,Green Day,246.15,7980902
1143,Wake Me Up When September Ends,American Idiot,Green Day,Alternative & Punk,MPEG audio file,"Mike Dint, Billie Joe, Tré Cool",285.75,9325597
1144,Homecoming / The Death Of St. Jimmy / East 12th St. / Nobody Likes You / Rock And Roll Girlfriend / We're Coming Home Again,American Idiot,Green Day,Alternative & Punk,MPEG audio file,Mike Dirnt/Tré Cool,558.60,18139840
1145,Whatsername,American Idiot,Green Day,Alternative & Punk,MPEG audio file,Green Day,252.32,8244843
1146,Welcome to the Jungle,Appetite for Destruction,Guns N' Roses,Rock,Protected AAC audio file,,273.55,4538451
1147,It's So Easy,Appetite for Destruction,Guns N' Roses,Rock,Protected AAC audio file,,202.82,3394019
1148,Nightrain,Appetite for Destruction,Guns N' Roses,Rock,Protected AAC audio file,,268.54,4457283
1149,Out Ta Get Me,Appetite for Destruction,Guns N' Roses,Rock,Protected AAC audio file,,263.89,4382147
1150,Mr. Brownstone,Appetite for Destruction,Guns N' Roses,Rock,Protected AAC audio file,,228.92,3816323
1151,Paradise City,Appetite for Destruction,Guns N' Roses,Rock,Protected AAC audio file,,406.35,6687123
1152,My Michelle,Appetite for Destruction,Guns N' Roses,Rock,Protected AAC audio file,,219.96,3671299
1153,Think About You,Appetite for Destruction,Guns N' Roses,Rock,Protected AAC audio file,,231.64,3860275
1154,Sweet Child O' Mine,Appetite for Destruction,Guns N' Roses,Rock,Protected AAC audio file,,356.42,5879347
1155,You're Crazy,Appetite for Destruction,Guns N' Roses,Rock,Protected AAC audio file,,197.14,3301971
1156,Anything Goes,Appetite for Destruction,Guns N' Roses,Rock,Protected AAC audio file,,206.40,3451891
1157,Rocket Queen,Appetite for Destruction,Guns N' Roses,Rock,Protected AAC audio file,,375.35,6185539
1158,Right Next Door to Hell,Use Your Illusion I,Guns N' Roses,Rock,Protected AAC audio file,,182.32,3175950
1159,Dust N' Bones,Use Your Illusion I,Guns N' Roses,Rock,Protected AAC audio file,,298.37,5053742
1160,Live and Let Die,Use Your Illusion I,Guns N' Roses,Rock,Protected AAC audio file,,184.02,3203390
1161,Don't Cry (Original),Use Your Illusion I,Guns N' Roses,Rock,Protected AAC audio file,,284.74,4833259
1162,Perfect Crime,Use Your Illusion I,Guns N' Roses,Rock,Protected AAC audio file,,143.64,2550030
1163,You Ain't the First,Use Your Illusion I,Guns N' Roses,Rock,Protected AAC audio file,,156.27,2754414
1164,Bad Obsession,Use Your Illusion I,Guns N' Roses,Rock,Protected AAC audio file,,328.28,5537678
1165,Back off Bitch,Use Your Illusion I,Guns N' Roses,Rock,Protected AAC audio file,,303.44,5135662
1166,Double Talkin' Jive,Use Your Illusion I,Guns N' Roses,Rock,Protected AAC audio file,,203.64,3520862
1167,November Rain,Use Your Illusion I,Guns N' Roses,Rock,Protected AAC audio file,,537.54,8923566
1168,The Garden,Use Your Illusion I,Guns N' Roses,Rock,Protected AAC audio file,,322.18,5438862
1169,Garden of Eden,Use Your Illusion I,Guns N' Roses,Rock,Protected AAC audio file,,161.54,2839694
1170,Don't Damn Me,Use Your Illusion I,Guns N' Roses,Rock,Protected AAC audio file,,318.90,5385886
1171,Bad Apples,Use Your Illusion I,Guns N' Roses,Rock,Protected AAC audio file,,268.35,4567966
1172,Dead Horse,Use Your Illusion I,Guns N' Roses,Rock,Protected AAC audio file,,257.60,4394014
1173,Coma,Use Your Illusion I,Guns N' Roses,Rock,Protected AAC audio file,,616.51,10201342
1174,Civil War,Use Your Illusion II,Guns N' Roses,Metal,MPEG audio file,Duff McKagan/Slash/W. Axl Rose,461.17,15046579
1175,14 Years,Use Your Illusion II,Guns N' Roses,Metal,MPEG audio file,Izzy Stradlin'/W. Axl Rose,261.36,8543664
1176,Yesterdays,Use Your Illusion II,Guns N' Roses,Metal,MPEG audio file,Billy/Del James/W. Axl Rose/West Arkeen,196.21,6398489
1177,Knockin' On Heaven's Door,Use Your Illusion II,Guns N' Roses,Metal,MPEG audio file,Bob Dylan,336.46,10986716
1178,Get In The Ring,Use Your Illusion II,Guns N' Roses,Metal,MPEG audio file,Duff McKagan/Slash/W. Axl Rose,341.05,11134105
1179,Shotgun Blues,Use Your Illusion II,Guns N' Roses,Metal,MPEG audio file,W. Axl Rose,203.21,6623916
1180,Breakdown,Use Your Illusion II,Guns N' Roses,Metal,MPEG audio file,W. Axl Rose,424.96,13978284
1181,Pretty Tied Up,Use Your Illusion II,Guns N' Roses,Metal,MPEG audio file,Izzy Stradlin',287.48,9408754
1182,Locomotive,Use Your Illusion II,Guns N' Roses,Metal,MPEG audio file,Slash/W. Axl Rose,522.40,17236842
1183,So Fine,Use Your Illusion II,Guns N' Roses,Metal,MPEG audio file,Duff McKagan,246.49,8039484
1184,Estranged,Use Your Illusion II,Guns N' Roses,Metal,MPEG audio file,W. Axl Rose,563.80,18343787
1185,You Could Be Mine,Use Your Illusion II,Guns N' Roses,Metal,MPEG audio file,Izzy Stradlin'/W. Axl Rose,343.88,11207355
1186,Don't Cry,Use Your Illusion II,Guns N' Roses,Metal,MPEG audio file,Izzy Stradlin'/W. Axl Rose,284.24,9222458
1187,My World,Use Your Illusion II,Guns N' Roses,Metal,MPEG audio file,W. Axl Rose,84.53,2764045
1188,Colibri,Blue Moods,Incognito,Jazz,MPEG audio file,Richard Bull,361.01,12055329
1189,Love Is The Colour,Blue Moods,Incognito,Jazz,MPEG audio file,R. Carless,251.59,8419165
1190,Magnetic Ocean,Blue Moods,Incognito,Jazz,MPEG audio file,Patrick Claher/Richard Bull,321.12,10720741
1191,Deep Waters,Blue Moods,Incognito,Jazz,MPEG audio file,Richard Bull,396.46,13075359
1192,L'Arc En Ciel De Miles,Blue Moods,Incognito,Jazz,MPEG audio file,Kevin Robinson/Richard Bull,242.39,8053997
1193,Gypsy,Blue Moods,Incognito,Jazz,MPEG audio file,Kevin Robinson,331.00,11083374
1194,Journey Into Sunlight,Blue Moods,Incognito,Jazz,MPEG audio file,Jean Paul Maunick,249.76,8241177
1195,Sunchild,Blue Moods,Incognito,Jazz,MPEG audio file,Graham Harvey,259.97,8593143
1196,Millenium,Blue Moods,Incognito,Jazz,MPEG audio file,Maxton Gig Beesley Jnr.,379.17,12511939
1197,Thinking 'Bout Tomorrow,Blue Moods,Incognito,Jazz,MPEG audio file,Fayyaz Virgi/Richard Bull,355.40,11865384
1198,Jacob's Ladder,Blue Moods,Incognito,Jazz,MPEG audio file,Julian Crampton,367.65,12201595
1199,She Wears Black,Blue Moods,Incognito,Jazz,MPEG audio file,G Harvey/R Hope-Taylor,528.67,17617944
1200,Dark Side Of The Cog,Blue Moods,Incognito,Jazz,MPEG audio file,Jean Paul Maunick,377.16,12491122
1201,Different World,A Matter of Life and Death,Iron Maiden,Rock,Protected AAC audio file,,258.69,4383764
1202,These Colours Don't Run,A Matter of Life and Death,Iron Maiden,Rock,Protected AAC audio file,,412.15,6883500
1203,Brighter Than a Thousand Suns,A Matter of Life and Death,Iron Maiden,Rock,Protected AAC audio file,,526.26,8721490
1204,The Pilgrim,A Matter of Life and Death,Iron Maiden,Rock,Protected AAC audio file,,307.59,5172144
1205,The Longest Day,A Matter of Life and Death,Iron Maiden,Rock,Protected AAC audio file,,467.81,7785748
1206,Out of the Shadows,A Matter of Life and Death,Iron Maiden,Rock,Protected AAC audio file,,336.90,5647303
1207,The Reincarnation of Benjamin Breeg,A Matter of Life and Death,Iron Maiden,Rock,Protected AAC audio file,,442.11,7367736
1208,For the Greater Good of God,A Matter of Life and Death,Iron Maiden,Rock,Protected AAC audio file,,564.89,9367328
1209,Lord of Light,A Matter of Life and Death,Iron Maiden,Rock,Protected AAC audio file,,444.61,7393698
1210,The Legacy,A Matter of Life and Death,Iron Maiden,Rock,Protected AAC audio file,,562.97,9314287
1211,Hallowed Be Thy Name (Live) [Non Album Bonus Track],A Matter of Life and Death,Iron Maiden,Rock,Protected AAC audio file,,431.26,7205816
1212,The Number Of The Beast,A Real Dead One,Iron Maiden,Metal,MPEG audio file,Steve Harris,294.64,4718897
1213,The Trooper,A Real Dead One,Iron Maiden,Metal,MPEG audio file,Steve Harris,235.31,3766272
1214,Prowler,A Real Dead One,Iron Maiden,Metal,MPEG audio file,Steve Harris,255.63,4091904
1215,Transylvania,A Real Dead One,Iron Maiden,Metal,MPEG audio file,Steve Harris,265.87,4255744
1216,Remember Tomorrow,A Real Dead One,Iron Maiden,Metal,MPEG audio file,Paul Di'Anno/Steve Harris,352.73,5648438
1217,Where Eagles Dare,A Real Dead One,Iron Maiden,Metal,MPEG audio file,Steve Harris,289.36,4630528
1218,Sanctuary,A Real Dead One,Iron Maiden,Metal,MPEG audio file,David Murray/Paul Di'Anno/Steve Harris,293.25,4694016
1219,Running Free,A Real Dead One,Iron Maiden,Metal,MPEG audio file,Paul Di'Anno/Steve Harris,228.94,3663872
1220,Run To The Hilss,A Real Dead One,Iron Maiden,Metal,MPEG audio file,Steve Harris,237.56,3803136
1221,2 Minutes To Midnight,A Real Dead One,Iron Maiden,Metal,MPEG audio file,Adrian Smith/Bruce Dickinson,337.42,5400576
1222,Iron Maiden,A Real Dead One,Iron Maiden,Metal,MPEG audio file,Steve Harris,324.62,5195776
1223,Hallowed Be Thy Name,A Real Dead One,Iron Maiden,Metal,MPEG audio file,Steve Harris,471.85,7550976
1224,Be Quick Or Be Dead,A Real Live One,Iron Maiden,Metal,MPEG audio file,Bruce Dickinson/Janick Gers,196.91,3151872
1225,From Here To Eternity,A Real Live One,Iron Maiden,Metal,MPEG audio file,Steve Harris,259.87,4159488
1226,Can I Play With Madness,A Real Live One,Iron Maiden,Metal,MPEG audio file,Adrian Smith/Bruce Dickinson/Steve Harris,282.49,4521984
1227,Wasting Love,A Real Live One,Iron Maiden,Metal,MPEG audio file,Bruce Dickinson/Janick Gers,347.85,5566464
1228,Tailgunner,A Real Live One,Iron Maiden,Metal,MPEG audio file,Bruce Dickinson/Steve Harris,249.47,3993600
1229,The Evil That Men Do,A Real Live One,Iron Maiden,Metal,MPEG audio file,Adrian Smith/Bruce Dickinson/Steve Harris,325.93,5216256
1230,Afraid To Shoot Strangers,A Real Live One,Iron Maiden,Metal,MPEG audio file,Steve Harris,407.98,6529024
1231,Bring Your Daughter... To The Slaughter,A Real Live One,Iron Maiden,Metal,MPEG audio file,Bruce Dickinson,317.73,5085184
1232,Heaven Can Wait,A Real Live One,Iron Maiden,Metal,MPEG audio file,Steve Harris,448.57,7178240
1233,The Clairvoyant,A Real Live One,Iron Maiden,Metal,MPEG audio file,Steve Harris,269.87,4319232
1234,Fear Of The Dark,A Real Live One,Iron Maiden,Metal,MPEG audio file,Steve Harris,431.33,6906078
1235,The Wicker Man,Brave New World,Iron Maiden,Rock,MPEG audio file,Adrian Smith/Bruce Dickinson/Steve Harris,275.54,11022464
1236,Ghost Of The Navigator,Brave New World,Iron Maiden,Rock,MPEG audio file,Bruce Dickinson/Janick Gers/Steve Harris,410.07,16404608
1237,Brave New World,Brave New World,Iron Maiden,Rock,MPEG audio file,Bruce Dickinson/David Murray/Steve Harris,378.98,15161472
1238,Blood Brothers,Brave New World,Iron Maiden,Rock,MPEG audio file,Steve Harris,434.44,17379456
1239,The Mercenary,Brave New World,Iron Maiden,Rock,MPEG audio file,Janick Gers/Steve Harris,282.49,11300992
1240,Dream Of Mirrors,Brave New World,Iron Maiden,Rock,MPEG audio file,Janick Gers/Steve Harris,561.16,22448256
1241,The Fallen Angel,Brave New World,Iron Maiden,Rock,MPEG audio file,Adrian Smith/Steve Harris,240.72,9629824
1242,The Nomad,Brave New World,Iron Maiden,Rock,MPEG audio file,David Murray/Steve Harris,546.12,21846144
1243,Out Of The Silent Planet,Brave New World,Iron Maiden,Rock,MPEG audio file,Bruce Dickinson/Janick Gers/Steve Harris,385.54,15423616
1244,The Thin Line Between Love & Hate,Brave New World,Iron Maiden,Rock,MPEG audio file,David Murray/Steve Harris,506.80,20273280
1245,Wildest Dreams,Dance Of Death,Iron Maiden,Heavy Metal,MPEG audio file,Adrian Smith/Steve Harris,232.78,9312384
1246,Rainmaker,Dance Of Death,Iron Maiden,Heavy Metal,MPEG audio file,Bruce Dickinson/David Murray/Steve Harris,228.62,9146496
1247,No More Lies,Dance Of Death,Iron Maiden,Heavy Metal,MPEG audio file,Steve Harris,441.78,17672320
1248,Montsegur,Dance Of Death,Iron Maiden,Heavy Metal,MPEG audio file,Bruce Dickinson/Janick Gers/Steve Harris,350.48,14020736
1249,Dance Of Death,Dance Of Death,Iron Maiden,Heavy Metal,MPEG audio file,Janick Gers/Steve Harris,516.65,20670727
1250,Gates Of Tomorrow,Dance Of Death,Iron Maiden,Heavy Metal,MPEG audio file,Bruce Dickinson/Janick Gers/Steve Harris,312.03,12482688
1251,New Frontier,Dance Of Death,Iron Maiden,Heavy Metal,MPEG audio file,Adrian Smith/Bruce Dickinson/Nicko McBrain,304.51,12181632
1252,Paschendale,Dance Of Death,Iron Maiden,Heavy Metal,MPEG audio file,Adrian Smith/Steve Harris,508.11,20326528
1253,Face In The Sand,Dance Of Death,Iron Maiden,Heavy Metal,MPEG audio file,Adrian Smith/Bruce Dickinson/Steve Harris,391.11,15648948
1254,Age Of Innocence,Dance Of Death,Iron Maiden,Heavy Metal,MPEG audio file,David Murray/Steve Harris,370.47,14823478
1255,Journeyman,Dance Of Death,Iron Maiden,Heavy Metal,MPEG audio file,Bruce Dickinson/David Murray/Steve Harris,427.02,17082496
1256,Be Quick Or Be Dead,Fear Of The Dark,Iron Maiden,Rock,MPEG audio file,Bruce Dickinson/Janick Gers,204.51,8181888
1257,From Here To Eternity,Fear Of The Dark,Iron Maiden,Rock,MPEG audio file,Steve Harris,218.36,8739038
1258,Afraid To Shoot Strangers,Fear Of The Dark,Iron Maiden,Rock,MPEG audio file,Steve Harris,416.50,16664589
1259,Fear Is The Key,Fear Of The Dark,Iron Maiden,Rock,MPEG audio file,Bruce Dickinson/Janick Gers,335.31,13414528
1260,Childhood's End,Fear Of The Dark,Iron Maiden,Rock,MPEG audio file,Steve Harris,280.61,11225216
1261,Wasting Love,Fear Of The Dark,Iron Maiden,Rock,MPEG audio file,Bruce Dickinson/Janick Gers,350.98,14041216
1262,The Fugitive,Fear Of The Dark,Iron Maiden,Rock,MPEG audio file,Steve Harris,294.11,11765888
1263,Chains Of Misery,Fear Of The Dark,Iron Maiden,Rock,MPEG audio file,Bruce Dickinson/David Murray,217.44,8700032
1264,The Apparition,Fear Of The Dark,Iron Maiden,Rock,MPEG audio file,Janick Gers/Steve Harris,234.61,9386112
1265,Judas Be My Guide,Fear Of The Dark,Iron Maiden,Rock,MPEG audio file,Bruce Dickinson/David Murray,188.79,7553152
1266,Weekend Warrior,Fear Of The Dark,Iron Maiden,Rock,MPEG audio file,Janick Gers/Steve Harris,339.75,13594678
1267,Fear Of The Dark,Fear Of The Dark,Iron Maiden,Rock,MPEG audio file,Steve Harris,436.98,17483789
1268,01 - Prowler,Iron Maiden,Iron Maiden,Blues,MPEG audio file,Steve Harris,236.17,5668992
1269,02 - Sanctuary,Iron Maiden,Iron Maiden,Blues,MPEG audio file,David Murray/Paul Di'Anno/Steve Harris,196.28,4712576
1270,03 - Remember Tomorrow,Iron Maiden,Iron Maiden,Blues,MPEG audio file,Harris/Paul Di´Anno,328.62,7889024
1271,04 - Running Free,Iron Maiden,Iron Maiden,Blues,MPEG audio file,Harris/Paul Di´Anno,197.28,4739122
1272,05 - Phantom of the Opera,Iron Maiden,Iron Maiden,Blues,MPEG audio file,Steve Harris,428.02,10276872
1273,06 - Transylvania,Iron Maiden,Iron Maiden,Blues,MPEG audio file,Steve Harris,259.34,6226048
1274,07 - Strange World,Iron Maiden,Iron Maiden,Blues,MPEG audio file,Steve Harris,332.46,7981184
1275,08 - Charlotte the Harlot,Iron Maiden,Iron Maiden,Blues,MPEG audio file,Murray  Dave,252.71,6066304
1276,09 - Iron Maiden,Iron Maiden,Iron Maiden,Blues,MPEG audio file,Steve Harris,216.06,5189891
1277,The Ides Of March,Killers,Iron Maiden,Heavy Metal,MPEG audio file,Steve Harris,105.93,2543744
1278,Wrathchild,Killers,Iron Maiden,Heavy Metal,MPEG audio file,Steve Harris,174.47,4188288
1279,Murders In The Rue Morgue,Killers,Iron Maiden,Heavy Metal,MPEG audio file,Steve Harris,258.38,6205786
1280,Another Life,Killers,Iron Maiden,Heavy Metal,MPEG audio file,Steve Harris,203.05,4874368
1281,Genghis Khan,Killers,Iron Maiden,Heavy Metal,MPEG audio file,Steve Harris,187.14,4493440
1282,Innocent Exile,Killers,Iron Maiden,Heavy Metal,MPEG audio file,Di´Anno/Harris,232.52,5584861
1283,Killers,Killers,Iron Maiden,Heavy Metal,MPEG audio file,Steve Harris,300.96,7227440
1284,Prodigal Son,Killers,Iron Maiden,Heavy Metal,MPEG audio file,Steve Harris,372.35,8937600
1285,Purgatory,Killers,Iron Maiden,Heavy Metal,MPEG audio file,Steve Harris,200.15,4804736
1286,Drifter,Killers,Iron Maiden,Heavy Metal,MPEG audio file,Steve Harris,288.76,6934660
1287,Intro- Churchill S Speech,Live After Death,Iron Maiden,Heavy Metal,MPEG audio file,,48.01,1154488
1288,Aces High,Live After Death,Iron Maiden,Heavy Metal,MPEG audio file,,276.38,6635187
1289,2 Minutes To Midnight,Live After Death,Iron Maiden,Metal,MPEG audio file,Smith/Dickinson,366.55,8799380
1290,The Trooper,Live After Death,Iron Maiden,Metal,MPEG audio file,Harris,268.88,6455255
1291,Revelations,Live After Death,Iron Maiden,Metal,MPEG audio file,Dickinson,371.83,8926021
1292,Flight Of Icarus,Live After Death,Iron Maiden,Metal,MPEG audio file,Smith/Dickinson,229.98,5521744
1293,Rime Of The Ancient Mariner,Live After Death,Iron Maiden,Metal,MPEG audio file,,789.47,18949518
1294,Powerslave,Live After Death,Iron Maiden,Metal,MPEG audio file,,454.97,10921567
1295,The Number Of The Beast,Live After Death,Iron Maiden,Metal,MPEG audio file,Harris,275.12,6605094
1296,Hallowed Be Thy Name,Live After Death,Iron Maiden,Metal,MPEG audio file,Harris,451.42,10836304
1297,Iron Maiden,Live After Death,Iron Maiden,Metal,MPEG audio file,Harris,261.96,6289117
1298,Run To The Hills,Live After Death,Iron Maiden,Metal,MPEG audio file,Harris,231.63,5561241
1299,Running Free,Live After Death,Iron Maiden,Metal,MPEG audio file,Harris/Di Anno,204.62,4912986
1300,Wrathchild,Live After Death,Iron Maiden,Heavy Metal,MPEG audio file,Steve Harris,183.67,4410181
1301,Acacia Avenue,Live After Death,Iron Maiden,Heavy Metal,MPEG audio file,,379.87,9119118
1302,Children Of The Damned,Live After Death,Iron Maiden,Heavy Metal,MPEG audio file,Steve Harris,278.18,6678446
1303,Die With Your Boots On,Live After Death,Iron Maiden,Heavy Metal,MPEG audio file,Adrian Smith/Bruce Dickinson/Steve Harris,314.17,7542367
1304,Phantom Of The Opera,Live After Death,Iron Maiden,Heavy Metal,MPEG audio file,Steve Harris,441.16,10589917
1305,Be Quick Or Be Dead,Live At Donington 1992 (Disc 1),Iron Maiden,Rock,MPEG audio file,,233.14,5599853
1306,The Number Of The Beast,Live At Donington 1992 (Disc 1),Iron Maiden,Rock,MPEG audio file,,294.01,7060625
1307,Wrathchild,Live At Donington 1992 (Disc 1),Iron Maiden,Rock,MPEG audio file,,174.11,4182963
1308,From Here To Eternity,Live At Donington 1992 (Disc 1),Iron Maiden,Rock,MPEG audio file,,284.45,6831163
1309,Can I Play With Madness,Live At Donington 1992 (Disc 1),Iron Maiden,Rock,MPEG audio file,,213.11,5118995
1310,Wasting Love,Live At Donington 1992 (Disc 1),Iron Maiden,Rock,MPEG audio file,,336.95,8091301
1311,Tailgunner,Live At Donington 1992 (Disc 1),Iron Maiden,Rock,MPEG audio file,,247.64,5947795
1312,The Evil That Men Do,Live At Donington 1992 (Disc 1),Iron Maiden,Rock,MPEG audio file,,478.15,11479913
1313,Afraid To Shoot Strangers,Live At Donington 1992 (Disc 1),Iron Maiden,Rock,MPEG audio file,,412.53,9905048
1314,Fear Of The Dark,Live At Donington 1992 (Disc 1),Iron Maiden,Rock,MPEG audio file,,431.54,10361452
1315,Bring Your Daughter... To The Slaughter...,Live At Donington 1992 (Disc 2),Iron Maiden,Rock,MPEG audio file,,376.71,9045532
1316,The Clairvoyant,Live At Donington 1992 (Disc 2),Iron Maiden,Rock,MPEG audio file,,262.43,6302648
1317,Heaven Can Wait,Live At Donington 1992 (Disc 2),Iron Maiden,Rock,MPEG audio file,,440.56,10577743
1318,Run To The Hills,Live At Donington 1992 (Disc 2),Iron Maiden,Rock,MPEG audio file,,235.86,5665052
1319,2 Minutes To Midnight,Live At Donington 1992 (Disc 2),Iron Maiden,Rock,MPEG audio file,Adrian Smith/Bruce Dickinson,338.23,8122030
1320,Iron Maiden,Live At Donington 1992 (Disc 2),Iron Maiden,Rock,MPEG audio file,,494.60,11874875
1321,Hallowed Be Thy Name,Live At Donington 1992 (Disc 2),Iron Maiden,Rock,MPEG audio file,,447.79,10751410
1322,The Trooper,Live At Donington 1992 (Disc 2),Iron Maiden,Rock,MPEG audio file,,232.67,5588560
1323,Sanctuary,Live At Donington 1992 (Disc 2),Iron Maiden,Rock,MPEG audio file,,318.51,7648679
1324,Running Free,Live At Donington 1992 (Disc 2),Iron Maiden,Rock,MPEG audio file,,474.02,11380851
1325,Tailgunner,No Prayer For The Dying,Iron Maiden,Metal,MPEG audio file,Bruce Dickinson/Steve Harris,255.58,4089856
1326,Holy Smoke,No Prayer For The Dying,Iron Maiden,Metal,MPEG audio file,Bruce Dickinson/Steve Harris,229.46,3672064
1327,No Prayer For The Dying,No Prayer For The Dying,Iron Maiden,Metal,MPEG audio file,Steve Harris,263.94,4225024
1328,Public Enema Number One,No Prayer For The Dying,Iron Maiden,Metal,MPEG audio file,Bruce Dickinson/David Murray,254.20,4071587
1329,Fates Warning,No Prayer For The Dying,Iron Maiden,Metal,MPEG audio file,David Murray/Steve Harris,250.85,4018088
1330,The Assassin,No Prayer For The Dying,Iron Maiden,Metal,MPEG audio file,Steve Harris,258.77,4141056
1331,Run Silent Run Deep,No Prayer For The Dying,Iron Maiden,Metal,MPEG audio file,Bruce Dickinson/Steve Harris,275.41,4407296
1332,Hooks In You,No Prayer For The Dying,Iron Maiden,Metal,MPEG audio file,Adrian Smith/Bruce Dickinson,247.51,3960832
1333,Bring Your Daughter... ...To The Slaughter,No Prayer For The Dying,Iron Maiden,Metal,MPEG audio file,Bruce Dickinson,284.24,4548608
1334,Mother Russia,No Prayer For The Dying,Iron Maiden,Metal,MPEG audio file,Steve Harris,332.62,5322752
1335,Where Eagles Dare,Piece Of Mind,Iron Maiden,Metal,MPEG audio file,Steve Harris,369.55,5914624
1336,Revelations,Piece Of Mind,Iron Maiden,Metal,MPEG audio file,Bruce Dickinson,408.61,6539264
1337,Flight Of The Icarus,Piece Of Mind,Iron Maiden,Metal,MPEG audio file,Adrian Smith/Bruce Dickinson,230.27,3686400
1338,Die With Your Boots On,Piece Of Mind,Iron Maiden,Metal,MPEG audio file,Adrian Smith/Bruce Dickinson/Steve Harris,325.69,5212160
1339,The Trooper,Piece Of Mind,Iron Maiden,Metal,MPEG audio file,Steve Harris,251.45,4024320
1340,Still Life,Piece Of Mind,Iron Maiden,Metal,MPEG audio file,David Murray/Steve Harris,294.35,4710400
1341,Quest For Fire,Piece Of Mind,Iron Maiden,Metal,MPEG audio file,Steve Harris,221.31,3543040
1342,Sun And Steel,Piece Of Mind,Iron Maiden,Metal,MPEG audio file,Adrian Smith/Bruce Dickinson,206.37,3306324
1343,To Tame A Land,Piece Of Mind,Iron Maiden,Metal,MPEG audio file,Steve Harris,445.28,7129264
1344,Aces High,Powerslave,Iron Maiden,Metal,MPEG audio file,Harris,269.53,6472088
1345,2 Minutes To Midnight,Powerslave,Iron Maiden,Metal,MPEG audio file,Smith/Dickinson,359.81,8638809
1346,Losfer Words,Powerslave,Iron Maiden,Metal,MPEG audio file,Steve Harris,252.89,6074756
1347,Flash of The Blade,Powerslave,Iron Maiden,Metal,MPEG audio file,Dickinson,242.73,5828861
1348,Duelists,Powerslave,Iron Maiden,Metal,MPEG audio file,Steve Harris,366.47,8800686
1349,Back in the Village,Powerslave,Iron Maiden,Metal,MPEG audio file,Dickinson/Smith,320.55,7696518
1350,Powerslave,Powerslave,Iron Maiden,Metal,MPEG audio file,Dickinson,407.82,9791106
1351,Rime of the Ancient Mariner,Powerslave,Iron Maiden,Metal,MPEG audio file,Harris,816.51,19599577
1352,Intro,Rock In Rio [CD1],Iron Maiden,Metal,MPEG audio file,,115.93,4638848
1353,The Wicker Man,Rock In Rio [CD1],Iron Maiden,Metal,MPEG audio file,Adrian Smith/Bruce Dickinson/Steve Harris,281.78,11272320
1354,Ghost Of The Navigator,Rock In Rio [CD1],Iron Maiden,Metal,MPEG audio file,Bruce Dickinson/Janick Gers/Steve Harris,408.61,16345216
1355,Brave New World,Rock In Rio [CD1],Iron Maiden,Metal,MPEG audio file,Bruce Dickinson/David Murray/Steve Harris,366.79,14676148
1356,Wrathchild,Rock In Rio [CD1],Iron Maiden,Metal,MPEG audio file,Steve Harris,185.81,7434368
1357,2 Minutes To Midnight,Rock In Rio [CD1],Iron Maiden,Metal,MPEG audio file,Adrian Smith/Bruce Dickinson,386.82,15474816
1358,Blood Brothers,Rock In Rio [CD1],Iron Maiden,Metal,MPEG audio file,Steve Harris,435.51,17422464
1359,Sign Of The Cross,Rock In Rio [CD1],Iron Maiden,Metal,MPEG audio file,Steve Harris,649.12,25966720
1360,The Mercenary,Rock In Rio [CD1],Iron Maiden,Metal,MPEG audio file,Janick Gers/Steve Harris,282.70,11309184
1361,The Trooper,Rock In Rio [CD1],Iron Maiden,Metal,MPEG audio file,Steve Harris,273.53,10942592
1362,Dream Of Mirrors,Rock In Rio [CD2],Iron Maiden,Rock,MPEG audio file,Janick Gers/Steve Harris,578.32,23134336
1363,The Clansman,Rock In Rio [CD2],Iron Maiden,Rock,MPEG audio file,Steve Harris,559.20,22370432
1364,The Evil That Men Do,Rock In Rio [CD2],Iron Maiden,Metal,MPEG audio file,Adrian Smith/Bruce Dickinson/Steve Harris,280.74,11231360
1365,Fear Of The Dark,Rock In Rio [CD2],Iron Maiden,Rock,MPEG audio file,Steve Harris,460.70,18430080
1366,Iron Maiden,Rock In Rio [CD2],Iron Maiden,Rock,MPEG audio file,Steve Harris,351.87,14076032
1367,The Number Of The Beast,Rock In Rio [CD2],Iron Maiden,Rock,MPEG audio file,Steve Harris,300.43,12022107
1368,Hallowed Be Thy Name,Rock In Rio [CD2],Iron Maiden,Rock,MPEG audio file,Steve Harris,443.98,17760384
1369,Sanctuary,Rock In Rio [CD2],Iron Maiden,Rock,MPEG audio file,David Murray/Paul Di'Anno/Steve Harris,317.34,12695680
1370,Run To The Hills,Rock In Rio [CD2],Iron Maiden,Rock,MPEG audio file,Steve Harris,292.18,11688064
1371,Moonchild,Seventh Son of a Seventh Son,Iron Maiden,Metal,MPEG audio file,Adrian Smith; Bruce Dickinson,340.77,8179151
1372,Infinite Dreams,Seventh Son of a Seventh Son,Iron Maiden,Metal,MPEG audio file,Steve Harris,369.01,8858669
1373,Can I Play With Madness,Seventh Son of a Seventh Son,Iron Maiden,Metal,MPEG audio file,Adrian Smith; Bruce Dickinson; Steve Harris,211.04,5067867
1374,The Evil That Men Do,Seventh Son of a Seventh Son,Iron Maiden,Metal,MPEG audio file,Adrian Smith; Bruce Dickinson; Steve Harris,274.00,6578930
1375,Seventh Son of a Seventh Son,Seventh Son of a Seventh Son,Iron Maiden,Metal,MPEG audio file,Steve Harris,593.58,14249000
1376,The Prophecy,Seventh Son of a Seventh Son,Iron Maiden,Metal,MPEG audio file,Dave Murray; Steve Harris,305.48,7334450
1377,The Clairvoyant,Seventh Son of a Seventh Son,Iron Maiden,Metal,MPEG audio file,Adrian Smith; Bruce Dickinson; Steve Harris,267.02,6411510
1378,Only the Good Die Young,Seventh Son of a Seventh Son,Iron Maiden,Metal,MPEG audio file,Bruce Dickinson; Harris,280.89,6744431
1379,Caught Somewhere in Time,Somewhere in Time,Iron Maiden,Metal,MPEG audio file,Steve Harris,445.78,10701149
1380,Wasted Years,Somewhere in Time,Iron Maiden,Metal,MPEG audio file,Adrian Smith,307.57,7384358
1381,Sea of Madness,Somewhere in Time,Iron Maiden,Metal,MPEG audio file,Adrian Smith,342.00,8210695
1382,Heaven Can Wait,Somewhere in Time,Iron Maiden,Metal,MPEG audio file,Steve Harris,441.42,10596431
1383,Stranger in a Strange Land,Somewhere in Time,Iron Maiden,Metal,MPEG audio file,Adrian Smith,344.50,8270899
1384,Alexander the Great,Somewhere in Time,Iron Maiden,Metal,MPEG audio file,Steve Harris,515.63,12377742
1385,De Ja Vu,Somewhere in Time,Iron Maiden,Metal,MPEG audio file,David Murray/Steve Harris,296.18,7113035
1386,The Loneliness of the Long Dis,Somewhere in Time,Iron Maiden,Metal,MPEG audio file,Steve Harris,391.31,9393598
1387,22 Acacia Avenue,The Number of The Beast,Iron Maiden,Metal,MPEG audio file,Adrian Smith/Steve Harris,395.57,5542516
1388,Children of the Damned,The Number of The Beast,Iron Maiden,Metal,MPEG audio file,Steve Harris,274.36,3845631
1389,Gangland,The Number of The Beast,Iron Maiden,Metal,MPEG audio file,Adrian Smith/Clive Burr/Steve Harris,228.44,3202866
1390,Hallowed Be Thy Name,The Number of The Beast,Iron Maiden,Metal,MPEG audio file,Steve Harris,428.67,6006107
1391,Invaders,The Number of The Beast,Iron Maiden,Metal,MPEG audio file,Steve Harris,203.18,2849181
1392,Run to the Hills,The Number of The Beast,Iron Maiden,Metal,MPEG audio file,Steve Harris,228.88,3209124
1393,The Number Of The Beast,The Number of The Beast,Iron Maiden,Rock,MPEG audio file,Steve Harris,293.41,11737216
1394,The Prisoner,The Number of The Beast,Iron Maiden,Metal,MPEG audio file,Adrian Smith/Steve Harris,361.30,5062906
1395,Sign Of The Cross,The X Factor,Iron Maiden,Rock,MPEG audio file,Steve Harris,678.01,27121792
1396,Lord Of The Flies,The X Factor,Iron Maiden,Rock,MPEG audio file,Janick Gers/Steve Harris,303.70,12148864
1397,Man On The Edge,The X Factor,Iron Maiden,Rock,MPEG audio file,Blaze Bayley/Janick Gers,253.41,10137728
1398,Fortunes Of War,The X Factor,Iron Maiden,Rock,MPEG audio file,Steve Harris,443.98,17760384
1399,Look For The Truth,The X Factor,Iron Maiden,Rock,MPEG audio file,Blaze Bayley/Janick Gers/Steve Harris,310.23,12411008
1400,The Aftermath,The X Factor,Iron Maiden,Rock,MPEG audio file,Blaze Bayley/Janick Gers/Steve Harris,380.79,15233152
1401,Judgement Of Heaven,The X Factor,Iron Maiden,Rock,MPEG audio file,Steve Harris,312.48,12501120
1402,Blood On The World's Hands,The X Factor,Iron Maiden,Rock,MPEG audio file,Steve Harris,357.80,14313600
1403,The Edge Of Darkness,The X Factor,Iron Maiden,Rock,MPEG audio file,Blaze Bayley/Janick Gers/Steve Harris,399.33,15974528
1404,2 A.M.,The X Factor,Iron Maiden,Rock,MPEG audio file,Blaze Bayley/Janick Gers/Steve Harris,337.66,13511087
1405,The Unbeliever,The X Factor,Iron Maiden,Rock,MPEG audio file,Janick Gers/Steve Harris,490.42,19617920
1406,Futureal,Virtual XI,Iron Maiden,Rock,MPEG audio file,Blaze Bayley/Steve Harris,175.78,7032960
1407,The Angel And The Gambler,Virtual XI,Iron Maiden,Rock,MPEG audio file,Steve Harris,592.74,23711872
1408,Lightning Strikes Twice,Virtual XI,Iron Maiden,Rock,MPEG audio file,David Murray/Steve Harris,290.38,11616384
1409,The Clansman,Virtual XI,Iron Maiden,Rock,MPEG audio file,Steve Harris,539.69,21592327
1410,When Two Worlds Collide,Virtual XI,Iron Maiden,Rock,MPEG audio file,Blaze Bayley/David Murray/Steve Harris,377.31,15093888
1411,The Educated Fool,Virtual XI,Iron Maiden,Rock,MPEG audio file,Steve Harris,404.77,16191616
1412,Don't Look To The Eyes Of A Stranger,Virtual XI,Iron Maiden,Rock,MPEG audio file,Steve Harris,483.66,19347584
1413,Como Estais Amigos,Virtual XI,Iron Maiden,Rock,MPEG audio file,Blaze Bayley/Janick Gers,330.29,13213824
1414,Please Please Please,Sex Machine,James Brown,R&B/Soul,MPEG audio file,James Brown/Johnny Terry,165.07,5394585
1415,Think,Sex Machine,James Brown,R&B/Soul,MPEG audio file,Lowman Pauling,166.74,5513208
1416,Night Train,Sex Machine,James Brown,R&B/Soul,MPEG audio file,Jimmy Forrest/Lewis C. Simpkins/Oscar Washington,212.40,7027377
1417,Out Of Sight,Sex Machine,James Brown,R&B/Soul,MPEG audio file,Ted Wright,143.73,4711323
1418,Papa's Got A Brand New Bag Pt.1,Sex Machine,James Brown,R&B/Soul,MPEG audio file,James Brown,127.40,4174420
1419,I Got You (I Feel Good),Sex Machine,James Brown,R&B/Soul,MPEG audio file,James Brown,167.39,5468472
1420,It's A Man's Man's Man's World,Sex Machine,James Brown,R&B/Soul,MPEG audio file,Betty Newsome/James Brown,168.23,5541611
1421,Cold Sweat,Sex Machine,James Brown,R&B/Soul,MPEG audio file,Alfred Ellis/James Brown,172.41,5643213
1422,"Say It Loud, I'm Black And I'm Proud Pt.1",Sex Machine,James Brown,R&B/Soul,MPEG audio file,Alfred Ellis/James Brown,167.39,5478117
1423,Get Up (I Feel Like Being A) Sex Machine,Sex Machine,James Brown,R&B/Soul,MPEG audio file,Bobby Byrd/James Brown/Ron Lenhoff,316.55,10498031
1424,Hey America,Sex Machine,James Brown,R&B/Soul,MPEG audio file,Addie William Jones/Nat Jones,218.23,7187857
1425,Make It Funky Pt.1,Sex Machine,James Brown,R&B/Soul,MPEG audio file,Charles Bobbitt/James Brown,196.23,6507782
1426,I'm A Greedy Man Pt.1,Sex Machine,James Brown,R&B/Soul,MPEG audio file,Charles Bobbitt/James Brown,217.73,7251211
1427,Get On The Good Foot,Sex Machine,James Brown,R&B/Soul,MPEG audio file,Fred Wesley/James Brown/Joseph Mims,215.90,7182736
1428,Get Up Offa That Thing,Sex Machine,James Brown,R&B/Soul,MPEG audio file,Deanna Brown/Deidra Jenkins/Yamma Brown,250.72,8355989
1429,It's Too Funky In Here,Sex Machine,James Brown,R&B/Soul,MPEG audio file,Brad Shapiro/George Jackson/Robert Miller/Walter Shaw,239.07,7973979
1430,Living In America,Sex Machine,James Brown,R&B/Soul,MPEG audio file,Charlie Midnight/Dan Hartman,282.88,9432346
1431,I'm Real,Sex Machine,James Brown,R&B/Soul,MPEG audio file,Full Force/James Brown,334.24,11183457
1432,Hot Pants Pt.1,Sex Machine,James Brown,R&B/Soul,MPEG audio file,Fred Wesley/James Brown,188.21,6295110
1433,Soul Power (Live),Sex Machine,James Brown,R&B/Soul,MPEG audio file,James Brown,260.73,8593206
1434,When You Gonna Learn (Digeridoo),Emergency On Planet Earth,Jamiroquai,Rock,MPEG audio file,"Jay Kay/Kay, Jay",230.64,7655482
1435,Too Young To Die,Emergency On Planet Earth,Jamiroquai,Rock,MPEG audio file,"Smith, Toby",365.82,12391660
1436,Hooked Up,Emergency On Planet Earth,Jamiroquai,Rock,MPEG audio file,"Smith, Toby",275.88,9301687
1437,"If I Like It, I Do It",Emergency On Planet Earth,Jamiroquai,Rock,MPEG audio file,"Gelder, Nick van",293.09,9848207
1438,Music Of The Wind,Emergency On Planet Earth,Jamiroquai,Rock,MPEG audio file,"Smith, Toby",383.03,12870239
1439,Emergency On Planet Earth,Emergency On Planet Earth,Jamiroquai,Rock,MPEG audio file,"Smith, Toby",245.26,8117218
1440,"Whatever It Is, I Just Can't Stop",Emergency On Planet Earth,Jamiroquai,Rock,MPEG audio file,"Jay Kay/Kay, Jay",247.22,8249453
1441,Blow Your Mind,Emergency On Planet Earth,Jamiroquai,Rock,MPEG audio file,"Smith, Toby",512.34,17089176
1442,Revolution 1993,Emergency On Planet Earth,Jamiroquai,Rock,MPEG audio file,"Smith, Toby",616.83,20816872
1443,Didgin' Out,Emergency On Planet Earth,Jamiroquai,Rock,MPEG audio file,"Buchanan, Wallis",157.10,5263555
1444,Canned Heat,Synkronized,Jamiroquai,R&B/Soul,MPEG audio file,Jay Kay,331.96,11042037
1445,Planet Home,Synkronized,Jamiroquai,R&B/Soul,MPEG audio file,Jay Kay/Toby Smith,284.45,9566237
1446,Black Capricorn Day,Synkronized,Jamiroquai,R&B/Soul,MPEG audio file,Jay Kay,341.63,11477231
1447,Soul Education,Synkronized,Jamiroquai,R&B/Soul,MPEG audio file,Jay Kay/Toby Smith,255.48,8575435
1448,Failling,Synkronized,Jamiroquai,R&B/Soul,MPEG audio file,Jay Kay/Toby Smith,225.23,7503999
1449,Destitute Illusions,Synkronized,Jamiroquai,R&B/Soul,MPEG audio file,Derrick McKenzie/Jay Kay/Toby Smith,340.22,11452651
1450,Supersonic,Synkronized,Jamiroquai,R&B/Soul,MPEG audio file,Jay Kay,315.87,10699265
1451,Butterfly,Synkronized,Jamiroquai,R&B/Soul,MPEG audio file,Jay Kay/Toby Smith,268.85,8947356
1452,Were Do We Go From Here,Synkronized,Jamiroquai,R&B/Soul,MPEG audio file,Jay Kay,313.63,10504158
1453,King For A Day,Synkronized,Jamiroquai,R&B/Soul,MPEG audio file,Jay Kay/Toby Smith,221.54,7335693
1454,Deeper Underground,Synkronized,Jamiroquai,R&B/Soul,MPEG audio file,Toby Smith,281.81,9351277
1455,Just Another Story,The Return Of The Space Cowboy,Jamiroquai,Electronica/Dance,MPEG audio file,Toby Smith,529.68,17582818
1456,Stillness In Time,The Return Of The Space Cowboy,Jamiroquai,Electronica/Dance,MPEG audio file,Toby Smith,257.10,8644290
1457,Half The Man,The Return Of The Space Cowboy,Jamiroquai,Electronica/Dance,MPEG audio file,Toby Smith,289.85,9577679
1458,Light Years,The Return Of The Space Cowboy,Jamiroquai,Electronica/Dance,MPEG audio file,Toby Smith,354.56,11796244
1459,Manifest Destiny,The Return Of The Space Cowboy,Jamiroquai,Electronica/Dance,MPEG audio file,Toby Smith,382.20,12676962
1460,The Kids,The Return Of The Space Cowboy,Jamiroquai,Electronica/Dance,MPEG audio file,Toby Smith,310.00,10334529
1461,Mr. Moon,The Return Of The Space Cowboy,Jamiroquai,Electronica/Dance,MPEG audio file,Stuard Zender/Toby Smith,329.53,11043559
1462,Scam,The Return Of The Space Cowboy,Jamiroquai,Electronica/Dance,MPEG audio file,Stuart Zender,422.32,14019705
1463,Journey To Arnhemland,The Return Of The Space Cowboy,Jamiroquai,Electronica/Dance,MPEG audio file,Toby Smith/Wallis Buchanan,322.46,10843832
1464,Morning Glory,The Return Of The Space Cowboy,Jamiroquai,Electronica/Dance,MPEG audio file,J. Kay/Jay Kay,384.13,12777210
1465,Space Cowboy,The Return Of The Space Cowboy,Jamiroquai,Electronica/Dance,MPEG audio file,J. Kay/Jay Kay,385.70,12906520
1466,Last Chance,Get Born,JET,Alternative & Punk,MPEG audio file,C. Cester/C. Muncey,112.35,3683130
1467,Are You Gonna Be My Girl,Get Born,JET,Alternative & Punk,MPEG audio file,C. Muncey/N. Cester,213.89,6992324
1468,Rollover D.J.,Get Born,JET,Alternative & Punk,MPEG audio file,C. Cester/N. Cester,196.70,6406517
1469,Look What You've Done,Get Born,JET,Alternative & Punk,MPEG audio file,N. Cester,230.97,7517083
1470,Get What You Need,Get Born,JET,Alternative & Punk,MPEG audio file,C. Cester/C. Muncey/N. Cester,247.72,8043765
1471,Move On,Get Born,JET,Alternative & Punk,MPEG audio file,C. Cester/N. Cester,260.62,8519353
1472,Radio Song,Get Born,JET,Alternative & Punk,MPEG audio file,C. Cester/C. Muncey/N. Cester,272.12,8871509
1473,Get Me Outta Here,Get Born,JET,Alternative & Punk,MPEG audio file,C. Cester/N. Cester,176.27,5729098
1474,Cold Hard Bitch,Get Born,JET,Alternative & Punk,MPEG audio file,C. Cester/C. Muncey/N. Cester,243.28,7929610
1475,Come Around Again,Get Born,JET,Alternative & Punk,MPEG audio file,C. Muncey/N. Cester,270.50,8872405
1476,Take It Or Leave It,Get Born,JET,Alternative & Punk,MPEG audio file,C. Muncey/N. Cester,142.89,4643370
1477,Lazy Gun,Get Born,JET,Alternative & Punk,MPEG audio file,C. Cester/N. Cester,282.17,9186285
1478,Timothy,Get Born,JET,Alternative & Punk,MPEG audio file,C. Cester,270.34,8856507
1479,Foxy Lady,Are You Experienced?,Jimi Hendrix,Rock,MPEG audio file,Jimi Hendrix,199.34,6480896
1480,Manic Depression,Are You Experienced?,Jimi Hendrix,Rock,MPEG audio file,Jimi Hendrix,222.30,7289272
1481,Red House,Are You Experienced?,Jimi Hendrix,Rock,MPEG audio file,Jimi Hendrix,224.13,7285851
1482,Can You See Me,Are You Experienced?,Jimi Hendrix,Rock,MPEG audio file,Jimi Hendrix,153.08,4987068
1483,Love Or Confusion,Are You Experienced?,Jimi Hendrix,Rock,MPEG audio file,Jimi Hendrix,193.12,6329408
1484,I Don't Live Today,Are You Experienced?,Jimi Hendrix,Rock,MPEG audio file,Jimi Hendrix,235.31,7661214
1485,May This Be Love,Are You Experienced?,Jimi Hendrix,Rock,MPEG audio file,Jimi Hendrix,191.22,6240028
1486,Fire,Are You Experienced?,Jimi Hendrix,Rock,MPEG audio file,Jimi Hendrix,164.99,5383075
1487,Third Stone From The Sun,Are You Experienced?,Jimi Hendrix,Rock,MPEG audio file,Jimi Hendrix,404.45,13186975
1488,Remember,Are You Experienced?,Jimi Hendrix,Rock,MPEG audio file,Jimi Hendrix,168.15,5509613
1489,Are You Experienced?,Are You Experienced?,Jimi Hendrix,Rock,MPEG audio file,Jimi Hendrix,254.54,8292497
1490,Hey Joe,Are You Experienced?,Jimi Hendrix,Rock,MPEG audio file,Billy Roberts,210.26,6870054
1491,Stone Free,Are You Experienced?,Jimi Hendrix,Rock,MPEG audio file,Jimi Hendrix,216.29,7002331
1492,Purple Haze,Are You Experienced?,Jimi Hendrix,Rock,MPEG audio file,Jimi Hendrix,171.57,5597056
1493,51st Anniversary,Are You Experienced?,Jimi Hendrix,Rock,MPEG audio file,Jimi Hendrix,196.39,6398044
1494,The Wind Cries Mary,Are You Experienced?,Jimi Hendrix,Rock,MPEG audio file,Jimi Hendrix,200.46,6540638
1495,Highway Chile,Are You Experienced?,Jimi Hendrix,Rock,MPEG audio file,Jimi Hendrix,212.45,6887949
1496,Surfing with the Alien,Surfing with the Alien (Remastered),Joe Satriani,Rock,Protected AAC audio file,,263.71,4418504
1497,Ice 9,Surfing with the Alien (Remastered),Joe Satriani,Rock,Protected AAC audio file,,239.72,4036215
1498,Crushing Day,Surfing with the Alien (Remastered),Joe Satriani,Rock,Protected AAC audio file,,314.77,5232158
1499,"Always With Me, Always With You",Surfing with the Alien (Remastered),Joe Satriani,Rock,Protected AAC audio file,,202.04,3435777
1500,Satch Boogie,Surfing with the Alien (Remastered),Joe Satriani,Rock,Protected AAC audio file,,193.56,3300654
1501,Hill of the Skull,Surfing with the Alien (Remastered),Joe Satriani,Rock,Protected AAC audio file,J. Satriani,108.44,1944738
1502,Circles,Surfing with the Alien (Remastered),Joe Satriani,Rock,Protected AAC audio file,,209.07,3548553
1503,Lords of Karma,Surfing with the Alien (Remastered),Joe Satriani,Rock,Protected AAC audio file,J. Satriani,288.23,4809279
1504,Midnight,Surfing with the Alien (Remastered),Joe Satriani,Rock,Protected AAC audio file,J. Satriani,102.63,1851753
1505,Echo,Surfing with the Alien (Remastered),Joe Satriani,Rock,Protected AAC audio file,J. Satriani,337.57,5595557
1506,Engenho De Dentro,Jorge Ben Jor 25 Anos,Jorge Ben,Latin,MPEG audio file,,310.07,10211473
1507,Alcohol,Jorge Ben Jor 25 Anos,Jorge Ben,Latin,MPEG audio file,,355.24,12010478
1508,Mama Africa,Jorge Ben Jor 25 Anos,Jorge Ben,Latin,MPEG audio file,,283.06,9488316
1509,Salve Simpatia,Jorge Ben Jor 25 Anos,Jorge Ben,Latin,MPEG audio file,,343.48,11314756
1510,W/Brasil (Chama O Síndico),Jorge Ben Jor 25 Anos,Jorge Ben,Latin,MPEG audio file,,317.10,10599953
1511,País Tropical,Jorge Ben Jor 25 Anos,Jorge Ben,Latin,MPEG audio file,,452.52,14946972
1512,Os Alquimistas Estão Chegando,Jorge Ben Jor 25 Anos,Jorge Ben,Latin,MPEG audio file,,367.28,12304520
1513,Charles Anjo 45,Jorge Ben Jor 25 Anos,Jorge Ben,Latin,MPEG audio file,,389.28,13022833
1514,Selassiê,Jorge Ben Jor 25 Anos,Jorge Ben,Latin,MPEG audio file,,326.32,10724982
1515,Menina Sarará,Jorge Ben Jor 25 Anos,Jorge Ben,Latin,MPEG audio file,,191.48,6393818
1516,Que Maravilha,Jorge Ben Jor 25 Anos,Jorge Ben,Latin,MPEG audio file,,338.08,10996656
1517,Santa Clara Clareou,Jorge Ben Jor 25 Anos,Jorge Ben,Latin,MPEG audio file,,380.08,12524725
1518,Filho Maravilha,Jorge Ben Jor 25 Anos,Jorge Ben,Latin,MPEG audio file,,227.53,7498259
1519,Taj Mahal,Jorge Ben Jor 25 Anos,Jorge Ben,Latin,MPEG audio file,,289.75,9502898
1520,Rapidamente,Jota Quest-1995,Jota Quest,Latin,MPEG audio file,,252.24,8470107
1521,As Dores do Mundo,Jota Quest-1995,Jota Quest,Latin,MPEG audio file,Hyldon,255.48,8537092
1522,Vou Pra Ai,Jota Quest-1995,Jota Quest,Latin,MPEG audio file,,300.88,10053718
1523,My Brother,Jota Quest-1995,Jota Quest,Latin,MPEG audio file,,253.23,8431821
1524,Há Quanto Tempo,Jota Quest-1995,Jota Quest,Latin,MPEG audio file,,270.03,9004470
1525,Vício,Jota Quest-1995,Jota Quest,Latin,MPEG audio file,,269.90,8887216
1526,Encontrar Alguém,Jota Quest-1995,Jota Quest,Latin,MPEG audio file,Marco Tulio Lara/Rogerio Flausino,224.08,7437935
1527,Dance Enquanto é Tempo,Jota Quest-1995,Jota Quest,Latin,MPEG audio file,,229.09,7583799
1528,A Tarde,Jota Quest-1995,Jota Quest,Latin,MPEG audio file,,266.92,8836127
1529,Always Be All Right,Jota Quest-1995,Jota Quest,Latin,MPEG audio file,,128.08,4299676
1530,Sem Sentido,Jota Quest-1995,Jota Quest,Latin,MPEG audio file,,250.46,8292108
1531,Onibusfobia,Jota Quest-1995,Jota Quest,Latin,MPEG audio file,,315.98,10474904
1532,Pura Elegancia,Cafezinho,João Suplicy,World,MPEG audio file,João Suplicy,284.11,9632269
1533,Choramingando,Cafezinho,João Suplicy,World,MPEG audio file,João Suplicy,190.48,6400532
1534,Por Merecer,Cafezinho,João Suplicy,World,MPEG audio file,João Suplicy,230.58,7764601
1535,No Futuro,Cafezinho,João Suplicy,World,MPEG audio file,João Suplicy,182.31,6056200
1536,Voce Inteira,Cafezinho,João Suplicy,World,MPEG audio file,João Suplicy,241.08,8077282
1537,Cuando A Noite Vai Chegando,Cafezinho,João Suplicy,World,MPEG audio file,João Suplicy,270.63,9081874
1538,Naquele Dia,Cafezinho,João Suplicy,World,MPEG audio file,João Suplicy,251.77,8452654
1539,Equinocio,Cafezinho,João Suplicy,World,MPEG audio file,João Suplicy,269.01,8871455
1540,Papelão,Cafezinho,João Suplicy,World,MPEG audio file,João Suplicy,213.26,7257390
1541,Cuando Eu For Pro Ceu,Cafezinho,João Suplicy,World,MPEG audio file,João Suplicy,118.80,3948371
1542,Do Nosso Amor,Cafezinho,João Suplicy,World,MPEG audio file,João Suplicy,203.42,6774566
1543,Borogodo,Cafezinho,João Suplicy,World,MPEG audio file,João Suplicy,208.46,7104588
1544,Cafezinho,Cafezinho,João Suplicy,World,MPEG audio file,João Suplicy,180.92,6031174
1545,Enquanto O Dia Não Vem,Cafezinho,João Suplicy,World,MPEG audio file,João Suplicy,220.89,7248336
1546,The Green Manalishi,Living After Midnight,Judas Priest,Metal,MPEG audio file,,205.79,6720789
1547,Living After Midnight,Living After Midnight,Judas Priest,Metal,MPEG audio file,,213.29,7056785
1548,Breaking The Law (Live),Living After Midnight,Judas Priest,Metal,MPEG audio file,,144.20,4728246
1549,Hot Rockin',Living After Midnight,Judas Priest,Metal,MPEG audio file,,197.33,6509179
1550,Heading Out To The Highway (Live),Living After Midnight,Judas Priest,Metal,MPEG audio file,,276.43,9006022
1551,The Hellion,Living After Midnight,Judas Priest,Metal,MPEG audio file,,41.90,1351993
1552,Electric Eye,Living After Midnight,Judas Priest,Metal,MPEG audio file,,222.20,7231368
1553,You've Got Another Thing Comin',Living After Midnight,Judas Priest,Metal,MPEG audio file,,305.16,9962558
1554,Turbo Lover,Living After Midnight,Judas Priest,Metal,MPEG audio file,,335.54,11068866
1555,Freewheel Burning,Living After Midnight,Judas Priest,Metal,MPEG audio file,,265.95,8713599
1556,Some Heads Are Gonna Roll,Living After Midnight,Judas Priest,Metal,MPEG audio file,,249.94,8198617
1557,Metal Meltdown,Living After Midnight,Judas Priest,Metal,MPEG audio file,,290.66,9390646
1558,Ram It Down,Living After Midnight,Judas Priest,Metal,MPEG audio file,,292.18,9554023
1559,Diamonds And Rust (Live),Living After Midnight,Judas Priest,Metal,MPEG audio file,,219.35,7163147
1560,Victim Of Change (Live),Living After Midnight,Judas Priest,Metal,MPEG audio file,,430.94,14067512
1561,Tyrant (Live),Living After Midnight,Judas Priest,Metal,MPEG audio file,,282.25,9190536
1562,Comin' Home,Unplugged [Live],Kiss,Rock,MPEG audio file,"Paul Stanley, Ace Frehley",172.07,5661120
1563,Plaster Caster,Unplugged [Live],Kiss,Rock,MPEG audio file,Gene Simmons,198.06,6528719
1564,Goin' Blind,Unplugged [Live],Kiss,Rock,MPEG audio file,"Gene Simmons, Stephen Coronel",217.65,7167523
1565,Do You Love Me,Unplugged [Live],Kiss,Rock,MPEG audio file,"Paul Stanley, Bob Ezrin, Kim Fowley",193.62,6343111
1566,Domino,Unplugged [Live],Kiss,Rock,MPEG audio file,Gene Simmons,226.38,7488191
1567,Sure Know Something,Unplugged [Live],Kiss,Rock,MPEG audio file,"Paul Stanley, Vincent Poncia",254.35,8375190
1568,A World Without Heroes,Unplugged [Live],Kiss,Rock,MPEG audio file,"Paul Stanley, Gene Simmons, Bob Ezrin, Lewis Reed",177.82,5832524
1569,Rock Bottom,Unplugged [Live],Kiss,Rock,MPEG audio file,"Paul Stanley, Ace Frehley",200.59,6560818
1570,See You Tonight,Unplugged [Live],Kiss,Rock,MPEG audio file,Gene Simmons,146.49,4817521
1571,I Still Love You,Unplugged [Live],Kiss,Rock,MPEG audio file,Paul Stanley,369.82,12086145
1572,Every Time I Look At You,Unplugged [Live],Kiss,Rock,MPEG audio file,"Paul Stanley, Vincent Cusano",283.90,9290948
1573,"2,000 Man",Unplugged [Live],Kiss,Rock,MPEG audio file,"Mick Jagger, Keith Richard",312.45,10292829
1574,Beth,Unplugged [Live],Kiss,Rock,MPEG audio file,"Peter Criss, Stan Penridge, Bob Ezrin",170.19,5577807
1575,Nothin' To Lose,Unplugged [Live],Kiss,Rock,MPEG audio file,Gene Simmons,222.35,7351460
1576,Rock And Roll All Nite,Unplugged [Live],Kiss,Rock,MPEG audio file,"Paul Stanley, Gene Simmons",259.63,8549296
1577,Immigrant Song,BBC Sessions [Disc 2] [Live],Led Zeppelin,Rock,MPEG audio file,Robert Plant,201.25,6457766
1578,Heartbreaker,BBC Sessions [Disc 2] [Live],Led Zeppelin,Rock,MPEG audio file,John Bonham/John Paul Jones/Robert Plant,316.08,10179657
1579,Since I've Been Loving You,BBC Sessions [Disc 2] [Live],Led Zeppelin,Rock,MPEG audio file,John Paul Jones/Robert Plant,416.37,13471959
1580,Black Dog,BBC Sessions [Disc 2] [Live],Led Zeppelin,Rock,MPEG audio file,John Paul Jones/Robert Plant,317.62,10267572
1581,Dazed And Confused,BBC Sessions [Disc 2] [Live],Led Zeppelin,Rock,MPEG audio file,Jimmy Page/Led Zeppelin,1116.73,36052247
1582,Stairway To Heaven,BBC Sessions [Disc 2] [Live],Led Zeppelin,Rock,MPEG audio file,Robert Plant,529.66,17050485
1583,Going To California,BBC Sessions [Disc 2] [Live],Led Zeppelin,Rock,MPEG audio file,Robert Plant,234.61,7646749
1584,That's The Way,BBC Sessions [Disc 2] [Live],Led Zeppelin,Rock,MPEG audio file,Robert Plant,343.43,11248455
1585,Whole Lotta Love (Medley),BBC Sessions [Disc 2] [Live],Led Zeppelin,Rock,MPEG audio file,Arthur Crudup/Bernard Besman/Bukka White/Doc Pomus/John Bonham/John Lee Hooker/John Paul Jones/Mort Shuman/Robert Plant/Willie Dixon,825.10,26742545
1586,Thank You,BBC Sessions [Disc 2] [Live],Led Zeppelin,Rock,MPEG audio file,Robert Plant,398.26,12831826
1587,We're Gonna Groove,Coda,Led Zeppelin,Rock,MPEG audio file,Ben E.King/James Bethea,157.57,5180975
1588,Poor Tom,Coda,Led Zeppelin,Rock,MPEG audio file,Jimmy Page/Robert Plant,182.49,6016220
1589,I Can't Quit You Baby,Coda,Led Zeppelin,Rock,MPEG audio file,Willie Dixon,258.17,8437098
1590,Walter's Walk,Coda,Led Zeppelin,Rock,MPEG audio file,"Jimmy Page, Robert Plant",270.79,8712499
1591,Ozone Baby,Coda,Led Zeppelin,Rock,MPEG audio file,"Jimmy Page, Robert Plant",215.95,7079588
1592,Darlene,Coda,Led Zeppelin,Rock,MPEG audio file,"Jimmy Page, Robert Plant, John Bonham, John Paul Jones",307.23,10078197
1593,Bonzo's Montreux,Coda,Led Zeppelin,Rock,MPEG audio file,John Bonham,258.93,8557447
1594,Wearing And Tearing,Coda,Led Zeppelin,Rock,MPEG audio file,"Jimmy Page, Robert Plant",330.00,10701590
1595,The Song Remains The Same,Houses Of The Holy,Led Zeppelin,Rock,MPEG audio file,Jimmy Page/Jimmy Page & Robert Plant/Robert Plant,330.00,10708950
1596,The Rain Song,Houses Of The Holy,Led Zeppelin,Rock,MPEG audio file,Jimmy Page/Jimmy Page & Robert Plant/Robert Plant,459.18,15029875
1597,Over The Hills And Far Away,Houses Of The Holy,Led Zeppelin,Rock,MPEG audio file,Jimmy Page/Jimmy Page & Robert Plant/Robert Plant,290.09,9552829
1598,The Crunge,Houses Of The Holy,Led Zeppelin,Rock,MPEG audio file,John Bonham/John Paul Jones,197.41,6460212
1599,Dancing Days,Houses Of The Holy,Led Zeppelin,Rock,MPEG audio file,Jimmy Page/Jimmy Page & Robert Plant/Robert Plant,223.22,7250104
1600,D'Yer Mak'er,Houses Of The Holy,Led Zeppelin,Rock,MPEG audio file,John Bonham/John Paul Jones,262.95,8645935
1601,No Quarter,Houses Of The Holy,Led Zeppelin,Rock,MPEG audio file,John Paul Jones,420.49,13656517
1602,The Ocean,Houses Of The Holy,Led Zeppelin,Rock,MPEG audio file,John Bonham/John Paul Jones,271.10,8846469
1603,In The Evening,In Through The Out Door,Led Zeppelin,Rock,MPEG audio file,"Jimmy Page, Robert Plant & John Paul Jones",410.57,13399734
1604,South Bound Saurez,In Through The Out Door,Led Zeppelin,Rock,MPEG audio file,John Paul Jones & Robert Plant,254.41,8420427
1605,Fool In The Rain,In Through The Out Door,Led Zeppelin,Rock,MPEG audio file,"Jimmy Page, Robert Plant & John Paul Jones",372.95,12371433
1606,Hot Dog,In Through The Out Door,Led Zeppelin,Rock,MPEG audio file,Jimmy Page & Robert Plant,197.20,6536167
1607,Carouselambra,In Through The Out Door,Led Zeppelin,Rock,MPEG audio file,"John Paul Jones, Jimmy Page & Robert Plant",634.44,20858315
1608,All My Love,In Through The Out Door,Led Zeppelin,Rock,MPEG audio file,Robert Plant & John Paul Jones,356.28,11684862
1609,I'm Gonna Crawl,In Through The Out Door,Led Zeppelin,Rock,MPEG audio file,"Jimmy Page, Robert Plant & John Paul Jones",329.64,10737665
1610,Black Dog,IV,Led Zeppelin,Rock,MPEG audio file,"Jimmy Page, Robert Plant, John Paul Jones",296.67,9660588
1611,Rock & Roll,IV,Led Zeppelin,Rock,MPEG audio file,"Jimmy Page, Robert Plant, John Paul Jones, John Bonham",220.92,7142127
1612,The Battle Of Evermore,IV,Led Zeppelin,Rock,MPEG audio file,"Jimmy Page, Robert Plant",351.56,11525689
1613,Stairway To Heaven,IV,Led Zeppelin,Rock,MPEG audio file,"Jimmy Page, Robert Plant",481.62,15706767
1614,Misty Mountain Hop,IV,Led Zeppelin,Rock,MPEG audio file,"Jimmy Page, Robert Plant, John Paul Jones",278.86,9092799
1615,Four Sticks,IV,Led Zeppelin,Rock,MPEG audio file,"Jimmy Page, Robert Plant",284.45,9481301
1616,Going To California,IV,Led Zeppelin,Rock,MPEG audio file,"Jimmy Page, Robert Plant",215.69,7068737
1617,When The Levee Breaks,IV,Led Zeppelin,Rock,MPEG audio file,"Jimmy Page, Robert Plant, John Paul Jones, John Bonham, Memphis Minnie",427.70,13912107
1618,Good Times Bad Times,Led Zeppelin I,Led Zeppelin,Rock,MPEG audio file,Jimmy Page/John Bonham/John Paul Jones,166.16,5464077
1619,Babe I'm Gonna Leave You,Led Zeppelin I,Led Zeppelin,Rock,MPEG audio file,Jimmy Page/Robert Plant,401.48,13189312
1620,You Shook Me,Led Zeppelin I,Led Zeppelin,Rock,MPEG audio file,J. B. Lenoir/Willie Dixon,388.18,12643067
1621,Dazed and Confused,Led Zeppelin I,Led Zeppelin,Rock,MPEG audio file,Jimmy Page,386.06,12610326
1622,Your Time Is Gonna Come,Led Zeppelin I,Led Zeppelin,Rock,MPEG audio file,Jimmy Page/John Paul Jones,274.86,9011653
1623,Black Mountain Side,Led Zeppelin I,Led Zeppelin,Rock,MPEG audio file,Jimmy Page,132.70,4440602
1624,Communication Breakdown,Led Zeppelin I,Led Zeppelin,Rock,MPEG audio file,Jimmy Page/John Bonham/John Paul Jones,150.23,4899554
1625,I Can't Quit You Baby,Led Zeppelin I,Led Zeppelin,Rock,MPEG audio file,Willie Dixon,282.67,9252733
1626,How Many More Times,Led Zeppelin I,Led Zeppelin,Rock,MPEG audio file,Jimmy Page/John Bonham/John Paul Jones,508.06,16541364
1627,Whole Lotta Love,Led Zeppelin II,Led Zeppelin,Rock,MPEG audio file,"Jimmy Page, Robert Plant, John Paul Jones, John Bonham",334.47,11026243
1628,What Is And What Should Never Be,Led Zeppelin II,Led Zeppelin,Rock,MPEG audio file,"Jimmy Page, Robert Plant",287.97,9369385
1629,The Lemon Song,Led Zeppelin II,Led Zeppelin,Rock,MPEG audio file,"Jimmy Page, Robert Plant, John Paul Jones, John Bonham",379.14,12463496
1630,Thank You,Led Zeppelin II,Led Zeppelin,Rock,MPEG audio file,"Jimmy Page, Robert Plant",287.79,9337392
1631,Heartbreaker,Led Zeppelin II,Led Zeppelin,Rock,MPEG audio file,"Jimmy Page, Robert Plant, John Paul Jones, John Bonham",253.99,8387560
1632,Living Loving Maid (She's Just A Woman),Led Zeppelin II,Led Zeppelin,Rock,MPEG audio file,"Jimmy Page, Robert Plant",159.22,5219819
1633,Ramble On,Led Zeppelin II,Led Zeppelin,Rock,MPEG audio file,"Jimmy Page, Robert Plant",275.59,9199710
1634,Moby Dick,Led Zeppelin II,Led Zeppelin,Rock,MPEG audio file,"John Bonham, John Paul Jones, Jimmy Page",260.73,8664210
1635,Bring It On Home,Led Zeppelin II,Led Zeppelin,Rock,MPEG audio file,"Jimmy Page, Robert Plant",259.97,8494731
1636,Immigrant Song,Led Zeppelin III,Led Zeppelin,Rock,MPEG audio file,"Jimmy Page, Robert Plant",144.88,4786461
1637,Friends,Led Zeppelin III,Led Zeppelin,Rock,MPEG audio file,"Jimmy Page, Robert Plant",233.56,7694220
1638,Celebration Day,Led Zeppelin III,Led Zeppelin,Rock,MPEG audio file,"Jimmy Page, Robert Plant, John Paul Jones",209.53,6871078
1639,Since I've Been Loving You,Led Zeppelin III,Led Zeppelin,Rock,MPEG audio file,"Jimmy Page, Robert Plant, John Paul Jones",444.06,14482460
1640,Out On The Tiles,Led Zeppelin III,Led Zeppelin,Rock,MPEG audio file,"Jimmy Page, Robert Plant, John Bonham",246.05,8060350
1641,Gallows Pole,Led Zeppelin III,Led Zeppelin,Rock,MPEG audio file,Traditional,296.23,9757151
1642,Tangerine,Led Zeppelin III,Led Zeppelin,Rock,MPEG audio file,Jimmy Page,189.68,6200893
1643,That's The Way,Led Zeppelin III,Led Zeppelin,Rock,MPEG audio file,"Jimmy Page, Robert Plant",337.35,11202499
1644,Bron-Y-Aur Stomp,Led Zeppelin III,Led Zeppelin,Rock,MPEG audio file,"Jimmy Page, Robert Plant, John Paul Jones",259.50,8674508
1645,Hats Off To (Roy) Harper,Led Zeppelin III,Led Zeppelin,Rock,MPEG audio file,Traditional,219.38,7236640
1646,In The Light,Physical Graffiti [Disc 2],Led Zeppelin,Rock,MPEG audio file,John Paul Jones/Robert Plant,526.79,17033046
1647,Bron-Yr-Aur,Physical Graffiti [Disc 2],Led Zeppelin,Rock,MPEG audio file,Jimmy Page,126.64,4150746
1648,Down By The Seaside,Physical Graffiti [Disc 2],Led Zeppelin,Rock,MPEG audio file,Robert Plant,316.19,10371282
1649,Ten Years Gone,Physical Graffiti [Disc 2],Led Zeppelin,Rock,MPEG audio file,Robert Plant,393.12,12756366
1650,Night Flight,Physical Graffiti [Disc 2],Led Zeppelin,Rock,MPEG audio file,John Paul Jones/Robert Plant,217.55,7160647
1651,The Wanton Song,Physical Graffiti [Disc 2],Led Zeppelin,Rock,MPEG audio file,Robert Plant,249.89,8180988
1652,Boogie With Stu,Physical Graffiti [Disc 2],Led Zeppelin,Rock,MPEG audio file,Ian Stewart/John Bonham/John Paul Jones/Mrs. Valens/Robert Plant,233.27,7657086
1653,Black Country Woman,Physical Graffiti [Disc 2],Led Zeppelin,Rock,MPEG audio file,Robert Plant,273.08,8951732
1654,Sick Again,Physical Graffiti [Disc 2],Led Zeppelin,Rock,MPEG audio file,Robert Plant,283.04,9279263
1655,Achilles Last Stand,Presence,Led Zeppelin,Rock,MPEG audio file,Jimmy Page/Robert Plant,625.50,20593955
1656,For Your Life,Presence,Led Zeppelin,Rock,MPEG audio file,Jimmy Page/Robert Plant,384.39,12633382
1657,Royal Orleans,Presence,Led Zeppelin,Rock,MPEG audio file,John Bonham/John Paul Jones,179.59,5930027
1658,Nobody's Fault But Mine,Presence,Led Zeppelin,Rock,MPEG audio file,Jimmy Page/Robert Plant,376.22,12237859
1659,Candy Store Rock,Presence,Led Zeppelin,Rock,MPEG audio file,Jimmy Page/Robert Plant,252.06,8397423
1660,Hots On For Nowhere,Presence,Led Zeppelin,Rock,MPEG audio file,Jimmy Page/Robert Plant,284.11,9342342
1661,Tea For One,Presence,Led Zeppelin,Rock,MPEG audio file,Jimmy Page/Robert Plant,566.75,18475264
1662,Rock & Roll,The Song Remains The Same (Disc 1),Led Zeppelin,Rock,MPEG audio file,John Bonham/John Paul Jones/Robert Plant,242.44,7897065
1663,Celebration Day,The Song Remains The Same (Disc 1),Led Zeppelin,Rock,MPEG audio file,John Paul Jones/Robert Plant,230.03,7478487
1664,The Song Remains The Same,The Song Remains The Same (Disc 1),Led Zeppelin,Rock,MPEG audio file,Robert Plant,353.36,11465033
1665,Rain Song,The Song Remains The Same (Disc 1),Led Zeppelin,Rock,MPEG audio file,Robert Plant,505.81,16273705
1666,Dazed And Confused,The Song Remains The Same (Disc 1),Led Zeppelin,Rock,MPEG audio file,Jimmy Page,1612.33,52490554
1667,No Quarter,The Song Remains The Same (Disc 2),Led Zeppelin,Rock,MPEG audio file,John Paul Jones/Robert Plant,749.90,24399285
1668,Stairway To Heaven,The Song Remains The Same (Disc 2),Led Zeppelin,Rock,MPEG audio file,Robert Plant,657.29,21354766
1669,Moby Dick,The Song Remains The Same (Disc 2),Led Zeppelin,Rock,MPEG audio file,John Bonham/John Paul Jones,766.35,25345841
1670,Whole Lotta Love,The Song Remains The Same (Disc 2),Led Zeppelin,Rock,MPEG audio file,John Bonham/John Paul Jones/Robert Plant/Willie Dixon,863.90,28191437
1671,Natália,A TempestadeTempestade Ou O Livro Dos Dias,Legião Urbana,Latin,MPEG audio file,Renato Russo,235.73,7640230
1672,L'Avventura,A TempestadeTempestade Ou O Livro Dos Dias,Legião Urbana,Latin,MPEG audio file,Renato Russo,278.26,9165769
1673,Música De Trabalho,A TempestadeTempestade Ou O Livro Dos Dias,Legião Urbana,Latin,MPEG audio file,Renato Russo,260.23,8590671
1674,Longe Do Meu Lado,A TempestadeTempestade Ou O Livro Dos Dias,Legião Urbana,Latin,MPEG audio file,Renato Russo - Marcelo Bonfá,266.16,8655249
1675,A Via Láctea,A TempestadeTempestade Ou O Livro Dos Dias,Legião Urbana,Latin,MPEG audio file,Renato Russo,280.08,9234879
1676,Música Ambiente,A TempestadeTempestade Ou O Livro Dos Dias,Legião Urbana,Latin,MPEG audio file,Renato Russo,247.61,8234388
1677,Aloha,A TempestadeTempestade Ou O Livro Dos Dias,Legião Urbana,Latin,MPEG audio file,Renato Russo,325.96,10793301
1678,Soul Parsifal,A TempestadeTempestade Ou O Livro Dos Dias,Legião Urbana,Latin,MPEG audio file,Renato Russo - Marisa Monte,295.05,9853589
1679,Dezesseis,A TempestadeTempestade Ou O Livro Dos Dias,Legião Urbana,Latin,MPEG audio file,Renato Russo,323.92,10573515
1680,Mil Pedaços,A TempestadeTempestade Ou O Livro Dos Dias,Legião Urbana,Latin,MPEG audio file,Renato Russo,203.34,6643291
1681,Leila,A TempestadeTempestade Ou O Livro Dos Dias,Legião Urbana,Latin,MPEG audio file,Renato Russo,323.06,10608239
1682,1º De Julho,A TempestadeTempestade Ou O Livro Dos Dias,Legião Urbana,Latin,MPEG audio file,Renato Russo,290.30,9619257
1683,Esperando Por Mim,A TempestadeTempestade Ou O Livro Dos Dias,Legião Urbana,Latin,MPEG audio file,Renato Russo,261.67,8844133
1684,Quando Você Voltar,A TempestadeTempestade Ou O Livro Dos Dias,Legião Urbana,Latin,MPEG audio file,Renato Russo,173.90,5781046
1685,O Livro Dos Dias,A TempestadeTempestade Ou O Livro Dos Dias,Legião Urbana,Latin,MPEG audio file,Renato Russo,257.25,8570929
1686,Será,Mais Do Mesmo,Legião Urbana,Latin,MPEG audio file,Dado Villa-Lobos/Marcelo Bonfá,148.40,4826528
1687,Ainda É Cedo,Mais Do Mesmo,Legião Urbana,Latin,MPEG audio file,Dado Villa-Lobos/Ico Ouro-Preto/Marcelo Bonfá,236.83,7796400
1688,Geração Coca-Cola,Mais Do Mesmo,Legião Urbana,Latin,MPEG audio file,Renato Russo,141.45,4625731
1689,Eduardo E Mônica,Mais Do Mesmo,Legião Urbana,Latin,MPEG audio file,Renato Russo,271.23,9026691
1690,Tempo Perdido,Mais Do Mesmo,Legião Urbana,Latin,MPEG audio file,Renato Russo,302.16,9963914
1691,Indios,Mais Do Mesmo,Legião Urbana,Latin,MPEG audio file,Renato Russo,258.17,8610226
1692,Que País É Este,Mais Do Mesmo,Legião Urbana,Latin,MPEG audio file,Renato Russo,177.61,5822124
1693,Faroeste Caboclo,Mais Do Mesmo,Legião Urbana,Latin,MPEG audio file,Renato Russo,543.01,18092739
1694,Há Tempos,Mais Do Mesmo,Legião Urbana,Latin,MPEG audio file,Dado Villa-Lobos/Marcelo Bonfá,197.15,6432922
1695,Pais E Filhos,Mais Do Mesmo,Legião Urbana,Latin,MPEG audio file,Dado Villa-Lobos/Marcelo Bonfá,308.40,10130685
1696,Meninos E Meninas,Mais Do Mesmo,Legião Urbana,Latin,MPEG audio file,Dado Villa-Lobos/Marcelo Bonfá,203.78,6667802
1697,Vento No Litoral,Mais Do Mesmo,Legião Urbana,Latin,MPEG audio file,Dado Villa-Lobos/Marcelo Bonfá,366.45,12063806
1698,Perfeição,Mais Do Mesmo,Legião Urbana,Latin,MPEG audio file,Dado Villa-Lobos/Marcelo Bonfá,276.56,9258489
1699,Giz,Mais Do Mesmo,Legião Urbana,Latin,MPEG audio file,Dado Villa-Lobos/Marcelo Bonfá,202.21,6677671
1700,Dezesseis,Mais Do Mesmo,Legião Urbana,Latin,MPEG audio file,Dado Villa-Lobos/Marcelo Bonfá,321.72,10501773
1701,Antes Das Seis,Mais Do Mesmo,Legião Urbana,Latin,MPEG audio file,Dado Villa-Lobos,189.23,6296531
1702,Are You Gonna Go My Way,Greatest Hits,Lenny Kravitz,Rock,MPEG audio file,Craig Ross/Lenny Kravitz,211.59,6905135
1703,Fly Away,Greatest Hits,Lenny Kravitz,Rock,MPEG audio file,Lenny Kravitz,221.96,7322085
1704,Rock And Roll Is Dead,Greatest Hits,Lenny Kravitz,Rock,MPEG audio file,Lenny Kravitz,204.20,6680312
1705,Again,Greatest Hits,Lenny Kravitz,Rock,MPEG audio file,Lenny Kravitz,228.99,7490476
1706,It Ain't Over 'Til It's Over,Greatest Hits,Lenny Kravitz,Rock,MPEG audio file,Lenny Kravitz,242.70,8078936
1707,Can't Get You Off My Mind,Greatest Hits,Lenny Kravitz,Rock,MPEG audio file,Lenny Kravitz,273.82,8937150
1708,Mr. Cab Driver,Greatest Hits,Lenny Kravitz,Rock,MPEG audio file,Lenny Kravitz,230.32,7668084
1709,American Woman,Greatest Hits,Lenny Kravitz,Rock,MPEG audio file,B. Cummings/G. Peterson/M.J. Kale/R. Bachman,261.77,8538023
1710,Stand By My Woman,Greatest Hits,Lenny Kravitz,Rock,MPEG audio file,Henry Kirssch/Lenny Kravitz/S. Pasch A. Krizan,259.68,8447611
1711,Always On The Run,Greatest Hits,Lenny Kravitz,Rock,MPEG audio file,Lenny Kravitz/Slash,232.52,7593397
1712,Heaven Help,Greatest Hits,Lenny Kravitz,Rock,MPEG audio file,Gerry DeVeaux/Terry Britten,190.35,6222092
1713,I Belong To You,Greatest Hits,Lenny Kravitz,Rock,MPEG audio file,Lenny Kravitz,257.12,8477980
1714,Believe,Greatest Hits,Lenny Kravitz,Rock,MPEG audio file,Henry Hirsch/Lenny Kravitz,295.13,9661978
1715,Let Love Rule,Greatest Hits,Lenny Kravitz,Rock,MPEG audio file,Lenny Kravitz,342.65,11298085
1716,Black Velveteen,Greatest Hits,Lenny Kravitz,Rock,MPEG audio file,Lenny Kravitz,290.90,9531301
1717,Assim Caminha A Humanidade,Lulu Santos - RCA 100 Anos De Música - Álbum 01,Lulu Santos,Latin,MPEG audio file,,210.76,6993763
1718,Honolulu,Lulu Santos - RCA 100 Anos De Música - Álbum 02,Lulu Santos,Latin,MPEG audio file,,261.43,8558481
1719,Dancin´Days,Lulu Santos - RCA 100 Anos De Música - Álbum 02,Lulu Santos,Latin,MPEG audio file,,237.40,7875347
1720,Um Pro Outro,Lulu Santos - RCA 100 Anos De Música - Álbum 01,Lulu Santos,Latin,MPEG audio file,,236.38,7825215
1721,Aviso Aos Navegantes,Lulu Santos - RCA 100 Anos De Música - Álbum 02,Lulu Santos,Latin,MPEG audio file,,242.81,8058651
1722,Casa,Lulu Santos - RCA 100 Anos De Música - Álbum 01,Lulu Santos,Latin,MPEG audio file,,307.59,10107269
1723,Condição,Lulu Santos - RCA 100 Anos De Música - Álbum 01,Lulu Santos,Latin,MPEG audio file,,263.55,8778465
1724,Hyperconectividade,Lulu Santos - RCA 100 Anos De Música - Álbum 02,Lulu Santos,Latin,MPEG audio file,,180.64,5948039
1725,O Descobridor Dos Sete Mares,Lulu Santos - RCA 100 Anos De Música - Álbum 02,Lulu Santos,Latin,MPEG audio file,,225.85,7475780
1726,Satisfação,Lulu Santos - RCA 100 Anos De Música - Álbum 01,Lulu Santos,Latin,MPEG audio file,,208.07,6901681
1727,Brumário,Lulu Santos - RCA 100 Anos De Música - Álbum 01,Lulu Santos,Latin,MPEG audio file,,216.24,7243499
1728,Um Certo Alguém,Lulu Santos - RCA 100 Anos De Música - Álbum 02,Lulu Santos,Latin,MPEG audio file,,194.06,6430939
1729,Fullgás,Lulu Santos - RCA 100 Anos De Música - Álbum 02,Lulu Santos,Latin,MPEG audio file,,346.07,11505484
1730,Sábado À Noite,Lulu Santos - RCA 100 Anos De Música - Álbum 01,Lulu Santos,Latin,MPEG audio file,,193.85,6435114
1731,A Cura,Lulu Santos - RCA 100 Anos De Música - Álbum 01,Lulu Santos,Latin,MPEG audio file,,280.92,9260588
1732,Aquilo,Lulu Santos - RCA 100 Anos De Música - Álbum 02,Lulu Santos,Latin,MPEG audio file,,246.07,8167819
1733,Atrás Do Trio Elétrico,Lulu Santos - RCA 100 Anos De Música - Álbum 01,Lulu Santos,Latin,MPEG audio file,,149.08,4917615
1734,Senta A Pua,Lulu Santos - RCA 100 Anos De Música - Álbum 02,Lulu Santos,Latin,MPEG audio file,,217.55,7205844
1735,Ro-Que-Se-Da-Ne,Lulu Santos - RCA 100 Anos De Música - Álbum 02,Lulu Santos,Latin,MPEG audio file,,146.70,4805897
1736,Tudo Bem,Lulu Santos - RCA 100 Anos De Música - Álbum 01,Lulu Santos,Latin,MPEG audio file,,196.10,6419139
1737,Toda Forma De Amor,Lulu Santos - RCA 100 Anos De Música - Álbum 01,Lulu Santos,Latin,MPEG audio file,,227.81,7496584
1738,Tudo Igual,Lulu Santos - RCA 100 Anos De Música - Álbum 02,Lulu Santos,Latin,MPEG audio file,,276.04,9201645
1739,Fogo De Palha,Lulu Santos - RCA 100 Anos De Música - Álbum 02,Lulu Santos,Latin,MPEG audio file,,246.80,8133732
1740,Sereia,Lulu Santos - RCA 100 Anos De Música - Álbum 01,Lulu Santos,Latin,MPEG audio file,,278.05,9121087
1741,Assaltaram A Gramática,Lulu Santos - RCA 100 Anos De Música - Álbum 02,Lulu Santos,Latin,MPEG audio file,,261.04,8698959
1742,Se Você Pensa,Lulu Santos - RCA 100 Anos De Música - Álbum 01,Lulu Santos,Latin,MPEG audio file,,196.00,6552490
1743,Lá Vem O Sol (Here Comes The Sun),Lulu Santos - RCA 100 Anos De Música - Álbum 01,Lulu Santos,Latin,MPEG audio file,,189.49,6229645
1744,O Último Romântico (Ao Vivo),Lulu Santos - RCA 100 Anos De Música - Álbum 02,Lulu Santos,Latin,MPEG audio file,,231.99,7692697
1745,Pseudo Silk Kimono,Misplaced Childhood,Marillion,Rock,MPEG audio file,"Kelly, Mosley, Rothery, Trewaves",134.74,4334038
1746,Kayleigh,Misplaced Childhood,Marillion,Rock,MPEG audio file,"Kelly, Mosley, Rothery, Trewaves",234.61,7716005
1747,Lavender,Misplaced Childhood,Marillion,Rock,MPEG audio file,"Kelly, Mosley, Rothery, Trewaves",153.42,4999814
1748,Bitter Suite: Brief Encounter / Lost Weekend / Blue Angel,Misplaced Childhood,Marillion,Rock,MPEG audio file,"Kelly, Mosley, Rothery, Trewaves",356.49,11791068
1749,Heart Of Lothian: Wide Boy / Curtain Call,Misplaced Childhood,Marillion,Rock,MPEG audio file,"Kelly, Mosley, Rothery, Trewaves",366.05,11893723
1750,Waterhole (Expresso Bongo),Misplaced Childhood,Marillion,Rock,MPEG audio file,"Kelly, Mosley, Rothery, Trewaves",133.09,4378835
1751,Lords Of The Backstage,Misplaced Childhood,Marillion,Rock,MPEG audio file,"Kelly, Mosley, Rothery, Trewaves",112.88,3741319
1752,Blind Curve: Vocal Under A Bloodlight / Passing Strangers / Mylo / Perimeter Walk / Threshold,Misplaced Childhood,Marillion,Rock,MPEG audio file,"Kelly, Mosley, Rothery, Trewaves",569.70,18578995
1753,Childhoods End?,Misplaced Childhood,Marillion,Rock,MPEG audio file,"Kelly, Mosley, Rothery, Trewaves",272.80,9015366
1754,White Feather,Misplaced Childhood,Marillion,Rock,MPEG audio file,"Kelly, Mosley, Rothery, Trewaves",143.60,4711776
1755,Arrepio,Barulhinho Bom,Marisa Monte,Latin,MPEG audio file,Carlinhos Brown,136.25,4511390
1756,Magamalabares,Barulhinho Bom,Marisa Monte,Latin,MPEG audio file,Carlinhos Brown,215.88,7183757
1757,Chuva No Brejo,Barulhinho Bom,Marisa Monte,Latin,MPEG audio file,Morais,145.61,4857761
1758,Cérebro Eletrônico,Barulhinho Bom,Marisa Monte,Latin,MPEG audio file,Gilberto Gil,172.80,5760864
1759,Tempos Modernos,Barulhinho Bom,Marisa Monte,Latin,MPEG audio file,Lulu Santos,183.07,6066234
1760,Maraçá,Barulhinho Bom,Marisa Monte,Latin,MPEG audio file,Carlinhos Brown,230.01,7621482
1761,Blanco,Barulhinho Bom,Marisa Monte,Latin,MPEG audio file,Marisa Monte/poema de Octavio Paz/versão: Haroldo de Campos,45.19,1454532
1762,Panis Et Circenses,Barulhinho Bom,Marisa Monte,Latin,MPEG audio file,Caetano Veloso e Gilberto Gil,192.34,6318373
1763,De Noite Na Cama,Barulhinho Bom,Marisa Monte,Latin,MPEG audio file,Caetano Veloso e Gilberto Gil,209.01,7012658
1764,Beija Eu,Barulhinho Bom,Marisa Monte,Latin,MPEG audio file,Caetano Veloso e Gilberto Gil,197.28,6512544
1765,Give Me Love,Barulhinho Bom,Marisa Monte,Latin,MPEG audio file,Caetano Veloso e Gilberto Gil,249.81,8196331
1766,Ainda Lembro,Barulhinho Bom,Marisa Monte,Latin,MPEG audio file,Caetano Veloso e Gilberto Gil,218.80,7211247
1767,A Menina Dança,Barulhinho Bom,Marisa Monte,Latin,MPEG audio file,Caetano Veloso e Gilberto Gil,129.41,4326918
1768,Dança Da Solidão,Barulhinho Bom,Marisa Monte,Latin,MPEG audio file,Caetano Veloso e Gilberto Gil,203.52,6699368
1769,Ao Meu Redor,Barulhinho Bom,Marisa Monte,Latin,MPEG audio file,Caetano Veloso e Gilberto Gil,275.59,9158834
1770,Bem Leve,Barulhinho Bom,Marisa Monte,Latin,MPEG audio file,Caetano Veloso e Gilberto Gil,159.19,5246835
1771,Segue O Seco,Barulhinho Bom,Marisa Monte,Latin,MPEG audio file,Caetano Veloso e Gilberto Gil,178.21,5922018
1772,O Xote Das Meninas,Barulhinho Bom,Marisa Monte,Latin,MPEG audio file,Caetano Veloso e Gilberto Gil,291.87,9553228
1773,Wherever I Lay My Hat,Seek And Shall Find: More Of The Best (1963-1981),Marvin Gaye,R&B/Soul,MPEG audio file,,136.99,4477321
1774,Get My Hands On Some Lovin',Seek And Shall Find: More Of The Best (1963-1981),Marvin Gaye,R&B/Soul,MPEG audio file,,149.05,4860380
1775,No Good Without You,Seek And Shall Find: More Of The Best (1963-1981),Marvin Gaye,R&B/Soul,MPEG audio file,"William ""Mickey"" Stevenson",161.41,5259218
1776,You've Been A Long Time Coming,Seek And Shall Find: More Of The Best (1963-1981),Marvin Gaye,R&B/Soul,MPEG audio file,Brian Holland/Eddie Holland/Lamont Dozier,137.22,4437949
1777,When I Had Your Love,Seek And Shall Find: More Of The Best (1963-1981),Marvin Gaye,R&B/Soul,MPEG audio file,"Robert Rogers/Warren ""Pete"" Moore/William ""Mickey"" Stevenson",152.42,4972815
1778,You're What's Happening (In The World Today),Seek And Shall Find: More Of The Best (1963-1981),Marvin Gaye,R&B/Soul,MPEG audio file,Allen Story/George Gordy/Robert Gordy,142.03,4631104
1779,Loving You Is Sweeter Than Ever,Seek And Shall Find: More Of The Best (1963-1981),Marvin Gaye,R&B/Soul,MPEG audio file,Ivy Hunter/Stevie Wonder,166.30,5377546
1780,It's A Bitter Pill To Swallow,Seek And Shall Find: More Of The Best (1963-1981),Marvin Gaye,R&B/Soul,MPEG audio file,"Smokey Robinson/Warren ""Pete"" Moore",194.82,6477882
1781,Seek And You Shall Find,Seek And Shall Find: More Of The Best (1963-1981),Marvin Gaye,R&B/Soul,MPEG audio file,"Ivy Hunter/William ""Mickey"" Stevenson",223.45,7306719
1782,Gonna Keep On Tryin' Till I Win Your Love,Seek And Shall Find: More Of The Best (1963-1981),Marvin Gaye,R&B/Soul,MPEG audio file,Barrett Strong/Norman Whitfield,176.40,5789945
1783,Gonna Give Her All The Love I've Got,Seek And Shall Find: More Of The Best (1963-1981),Marvin Gaye,R&B/Soul,MPEG audio file,Barrett Strong/Norman Whitfield,210.89,6893603
1784,I Wish It Would Rain,Seek And Shall Find: More Of The Best (1963-1981),Marvin Gaye,R&B/Soul,MPEG audio file,Barrett Strong/Norman Whitfield/Roger Penzabene,172.49,5647327
1785,"Abraham, Martin And John",Seek And Shall Find: More Of The Best (1963-1981),Marvin Gaye,R&B/Soul,MPEG audio file,Dick Holler,273.06,8888206
1786,Save The Children,Seek And Shall Find: More Of The Best (1963-1981),Marvin Gaye,R&B/Soul,MPEG audio file,Al Cleveland/Marvin Gaye/Renaldo Benson,194.82,6342021
1787,You Sure Love To Ball,Seek And Shall Find: More Of The Best (1963-1981),Marvin Gaye,R&B/Soul,MPEG audio file,Marvin Gaye,218.54,7217872
1788,Ego Tripping Out,Seek And Shall Find: More Of The Best (1963-1981),Marvin Gaye,R&B/Soul,MPEG audio file,Marvin Gaye,314.51,10383887
1789,Praise,Seek And Shall Find: More Of The Best (1963-1981),Marvin Gaye,R&B/Soul,MPEG audio file,Marvin Gaye,235.83,7839179
1790,Heavy Love Affair,Seek And Shall Find: More Of The Best (1963-1981),Marvin Gaye,R&B/Soul,MPEG audio file,Marvin Gaye,227.89,7522232
1791,Down Under,The Best Of Men At Work,Men At Work,Rock,MPEG audio file,,222.17,7366142
1792,Overkill,The Best Of Men At Work,Men At Work,Rock,MPEG audio file,,225.41,7408652
1793,Be Good Johnny,The Best Of Men At Work,Men At Work,Rock,MPEG audio file,,216.32,7139814
1794,Everything I Need,The Best Of Men At Work,Men At Work,Rock,MPEG audio file,,216.48,7107625
1795,Down by the Sea,The Best Of Men At Work,Men At Work,Rock,MPEG audio file,,408.16,13314900
1796,Who Can It Be Now?,The Best Of Men At Work,Men At Work,Rock,MPEG audio file,,202.40,6682850
1797,It's a Mistake,The Best Of Men At Work,Men At Work,Rock,MPEG audio file,,273.37,8979965
1798,Dr. Heckyll & Mr. Jive,The Best Of Men At Work,Men At Work,Rock,MPEG audio file,,278.47,9110403
1799,Shakes and Ladders,The Best Of Men At Work,Men At Work,Rock,MPEG audio file,,198.01,6560753
1800,No Sign of Yesterday,The Best Of Men At Work,Men At Work,Rock,MPEG audio file,,362.00,11829011
1801,Enter Sandman,Black Album,Metallica,Metal,MPEG audio file,"James Hetfield, Lars Ulrich and Kirk Hammett",332.25,10852002
1802,Sad But True,Black Album,Metallica,Metal,MPEG audio file,Ulrich,324.75,10541258
1803,Holier Than Thou,Black Album,Metallica,Metal,MPEG audio file,Ulrich,227.89,7462011
1804,The Unforgiven,Black Album,Metallica,Metal,MPEG audio file,"James Hetfield, Lars Ulrich and Kirk Hammett",387.08,12646886
1805,Wherever I May Roam,Black Album,Metallica,Metal,MPEG audio file,Ulrich,404.32,13161169
1806,Don't Tread On Me,Black Album,Metallica,Metal,MPEG audio file,Ulrich,240.48,7827907
1807,Through The Never,Black Album,Metallica,Metal,MPEG audio file,"James Hetfield, Lars Ulrich and Kirk Hammett",244.38,8024047
1808,Nothing Else Matters,Black Album,Metallica,Metal,MPEG audio file,Ulrich,388.83,12606241
1809,Of Wolf And Man,Black Album,Metallica,Metal,MPEG audio file,"James Hetfield, Lars Ulrich and Kirk Hammett",256.84,8339785
1810,The God That Failed,Black Album,Metallica,Metal,MPEG audio file,Ulrich,308.61,10055959
1811,My Friend Of Misery,Black Album,Metallica,Metal,MPEG audio file,"James Hetfield, Lars Ulrich and Jason Newsted",409.55,13293515
1812,The Struggle Within,Black Album,Metallica,Metal,MPEG audio file,Ulrich,234.24,7654052
1813,Helpless,Garage Inc. (Disc 2),Metallica,Metal,MPEG audio file,Harris/Tatler,398.32,12977902
1814,The Small Hours,Garage Inc. (Disc 2),Metallica,Metal,MPEG audio file,Holocaust,403.44,13215133
1815,The Wait,Garage Inc. (Disc 2),Metallica,Metal,MPEG audio file,Killing Joke,295.42,9688418
1816,Crash Course In Brain Surgery,Garage Inc. (Disc 2),Metallica,Metal,MPEG audio file,Bourge/Phillips/Shelley,190.41,6233729
1817,Last Caress/Green Hell,Garage Inc. (Disc 2),Metallica,Metal,MPEG audio file,Danzig,209.97,6854313
1818,Am I Evil?,Garage Inc. (Disc 2),Metallica,Metal,MPEG audio file,Harris/Tatler,470.26,15387219
1819,Blitzkrieg,Garage Inc. (Disc 2),Metallica,Metal,MPEG audio file,Jones/Sirotto/Smith,216.69,7090018
1820,Breadfan,Garage Inc. (Disc 2),Metallica,Metal,MPEG audio file,Bourge/Phillips/Shelley,341.55,11100130
1821,The Prince,Garage Inc. (Disc 2),Metallica,Metal,MPEG audio file,Harris/Tatler,265.77,8624492
1822,Stone Cold Crazy,Garage Inc. (Disc 2),Metallica,Metal,MPEG audio file,Deacon/May/Mercury/Taylor,137.72,4514830
1823,So What,Garage Inc. (Disc 2),Metallica,Metal,MPEG audio file,Culmer/Exalt,189.15,6162894
1824,Killing Time,Garage Inc. (Disc 2),Metallica,Metal,MPEG audio file,Sweet Savage,183.69,6021197
1825,Overkill,Garage Inc. (Disc 2),Metallica,Metal,MPEG audio file,Clarke/Kilmister/Tayler,245.13,7971330
1826,Damage Case,Garage Inc. (Disc 2),Metallica,Metal,MPEG audio file,Clarke/Farren/Kilmister/Tayler,220.21,7212997
1827,Stone Dead Forever,Garage Inc. (Disc 2),Metallica,Metal,MPEG audio file,Clarke/Kilmister/Tayler,292.13,9556060
1828,Too Late Too Late,Garage Inc. (Disc 2),Metallica,Metal,MPEG audio file,Clarke/Kilmister/Tayler,192.05,6276291
1829,Hit The Lights,Kill 'Em All,Metallica,Metal,MPEG audio file,"James Hetfield, Lars Ulrich",257.54,8357088
1830,The Four Horsemen,Kill 'Em All,Metallica,Metal,MPEG audio file,"James Hetfield, Lars Ulrich, Dave Mustaine",433.19,14178138
1831,Motorbreath,Kill 'Em All,Metallica,Metal,MPEG audio file,James Hetfield,188.40,6153933
1832,Jump In The Fire,Kill 'Em All,Metallica,Metal,MPEG audio file,"James Hetfield, Lars Ulrich, Dave Mustaine",281.57,9135755
1833,(Anesthesia) Pulling Teeth,Kill 'Em All,Metallica,Metal,MPEG audio file,Cliff Burton,254.96,8234710
1834,Whiplash,Kill 'Em All,Metallica,Metal,MPEG audio file,"James Hetfield, Lars Ulrich",249.21,8102839
1835,Phantom Lord,Kill 'Em All,Metallica,Metal,MPEG audio file,"James Hetfield, Lars Ulrich, Dave Mustaine",302.05,9817143
1836,No Remorse,Kill 'Em All,Metallica,Metal,MPEG audio file,"James Hetfield, Lars Ulrich",386.80,12672166
1837,Seek & Destroy,Kill 'Em All,Metallica,Metal,MPEG audio file,"James Hetfield, Lars Ulrich",415.82,13452301
1838,Metal Militia,Kill 'Em All,Metallica,Metal,MPEG audio file,"James Hetfield, Lars Ulrich, Dave Mustaine",311.33,10141785
1839,Ain't My Bitch,Load,Metallica,Metal,MPEG audio file,"James Hetfield, Lars Ulrich",304.46,9931015
1840,2 X 4,Load,Metallica,Metal,MPEG audio file,"James Hetfield, Lars Ulrich, Kirk Hammett",328.25,10732251
1841,The House Jack Built,Load,Metallica,Metal,MPEG audio file,"James Hetfield, Lars Ulrich, Kirk Hammett",398.94,13005152
1842,Until It Sleeps,Load,Metallica,Metal,MPEG audio file,"James Hetfield, Lars Ulrich",269.74,8837394
1843,King Nothing,Load,Metallica,Metal,MPEG audio file,"James Hetfield, Lars Ulrich, Kirk Hammett",328.10,10681477
1844,Hero Of The Day,Load,Metallica,Metal,MPEG audio file,"James Hetfield, Lars Ulrich, Kirk Hammett",261.98,8540298
1845,Bleeding Me,Load,Metallica,Metal,MPEG audio file,"James Hetfield, Lars Ulrich, Kirk Hammett",498.00,16249420
1846,Cure,Load,Metallica,Metal,MPEG audio file,"James Hetfield, Lars Ulrich",294.35,9648615
1847,Poor Twisted Me,Load,Metallica,Metal,MPEG audio file,"James Hetfield, Lars Ulrich",240.07,7854349
1848,Wasted My Hate,Load,Metallica,Metal,MPEG audio file,"James Hetfield, Lars Ulrich, Kirk Hammett",237.30,7762300
1849,Mama Said,Load,Metallica,Metal,MPEG audio file,"James Hetfield, Lars Ulrich",319.76,10508310
1850,Thorn Within,Load,Metallica,Metal,MPEG audio file,"James Hetfield, Lars Ulrich, Kirk Hammett",351.74,11486686
1851,Ronnie,Load,Metallica,Metal,MPEG audio file,"James Hetfield, Lars Ulrich",317.20,10390947
1852,The Outlaw Torn,Load,Metallica,Metal,MPEG audio file,"James Hetfield, Lars Ulrich",588.72,19286261
1853,Battery,Master Of Puppets,Metallica,Metal,MPEG audio file,J.Hetfield/L.Ulrich,312.42,10229577
1854,Master Of Puppets,Master Of Puppets,Metallica,Metal,MPEG audio file,K.Hammett,515.24,16893720
1855,The Thing That Should Not Be,Master Of Puppets,Metallica,Metal,MPEG audio file,K.Hammett,396.20,12952368
1856,Welcome Home (Sanitarium),Master Of Puppets,Metallica,Metal,MPEG audio file,K.Hammett,387.19,12679965
1857,Disposable Heroes,Master Of Puppets,Metallica,Metal,MPEG audio file,J.Hetfield/L.Ulrich,496.72,16135560
1858,Leper Messiah,Master Of Puppets,Metallica,Metal,MPEG audio file,C.Burton,347.43,11310434
1859,Orion,Master Of Puppets,Metallica,Metal,MPEG audio file,K.Hammett,500.06,16378477
1860,Damage Inc.,Master Of Puppets,Metallica,Metal,MPEG audio file,K.Hammett,330.92,10725029
1861,Fuel,ReLoad,Metallica,Metal,MPEG audio file,"Hetfield, Ulrich, Hammett",269.56,8876811
1862,The Memory Remains,ReLoad,Metallica,Metal,MPEG audio file,"Hetfield, Ulrich",279.35,9110730
1863,Devil's Dance,ReLoad,Metallica,Metal,MPEG audio file,"Hetfield, Ulrich",318.96,10414832
1864,The Unforgiven II,ReLoad,Metallica,Metal,MPEG audio file,"Hetfield, Ulrich, Hammett",395.52,12886474
1865,Better Than You,ReLoad,Metallica,Metal,MPEG audio file,"Hetfield, Ulrich",322.90,10549070
1866,Slither,ReLoad,Metallica,Metal,MPEG audio file,"Hetfield, Ulrich, Hammett",313.10,10199789
1867,Carpe Diem Baby,ReLoad,Metallica,Metal,MPEG audio file,"Hetfield, Ulrich, Hammett",372.48,12170693
1868,Bad Seed,ReLoad,Metallica,Metal,MPEG audio file,"Hetfield, Ulrich, Hammett",245.39,8019586
1869,Where The Wild Things Are,ReLoad,Metallica,Metal,MPEG audio file,"Hetfield, Ulrich, Newsted",414.38,13571280
1870,Prince Charming,ReLoad,Metallica,Metal,MPEG audio file,"Hetfield, Ulrich",365.06,12009412
1871,Low Man's Lyric,ReLoad,Metallica,Metal,MPEG audio file,"Hetfield, Ulrich",457.64,14855583
1872,Attitude,ReLoad,Metallica,Metal,MPEG audio file,"Hetfield, Ulrich",315.90,10335734
1873,Fixxxer,ReLoad,Metallica,Metal,MPEG audio file,"Hetfield, Ulrich, Hammett",496.07,16190041
1874,Fight Fire With Fire,Ride The Lightning,Metallica,Metal,MPEG audio file,Metallica,285.75,9420856
1875,Ride The Lightning,Ride The Lightning,Metallica,Metal,MPEG audio file,Metallica,397.74,13055884
1876,For Whom The Bell Tolls,Ride The Lightning,Metallica,Metal,MPEG audio file,Metallica,311.72,10159725
1877,Fade To Black,Ride The Lightning,Metallica,Metal,MPEG audio file,Metallica,414.82,13531954
1878,Trapped Under Ice,Ride The Lightning,Metallica,Metal,MPEG audio file,Metallica,244.53,7975942
1879,Escape,Ride The Lightning,Metallica,Metal,MPEG audio file,Metallica,264.36,8652332
1880,Creeping Death,Ride The Lightning,Metallica,Metal,MPEG audio file,Metallica,396.88,12955593
1881,The Call Of Ktulu,Ride The Lightning,Metallica,Metal,MPEG audio file,Metallica,534.88,17486240
1882,Frantic,St. Anger,Metallica,Metal,MPEG audio file,Bob Rock/James Hetfield/Kirk Hammett/Lars Ulrich,350.46,11510849
1883,St. Anger,St. Anger,Metallica,Metal,MPEG audio file,Bob Rock/James Hetfield/Kirk Hammett/Lars Ulrich,441.23,14363779
1884,Some Kind Of Monster,St. Anger,Metallica,Metal,MPEG audio file,Bob Rock/James Hetfield/Kirk Hammett/Lars Ulrich,505.63,16557497
1885,Dirty Window,St. Anger,Metallica,Metal,MPEG audio file,Bob Rock/James Hetfield/Kirk Hammett/Lars Ulrich,324.99,10670604
1886,Invisible Kid,St. Anger,Metallica,Metal,MPEG audio file,Bob Rock/James Hetfield/Kirk Hammett/Lars Ulrich,510.20,16591800
1887,My World,St. Anger,Metallica,Metal,MPEG audio file,Bob Rock/James Hetfield/Kirk Hammett/Lars Ulrich,345.63,11253756
1888,Shoot Me Again,St. Anger,Metallica,Metal,MPEG audio file,Bob Rock/James Hetfield/Kirk Hammett/Lars Ulrich,430.21,14093551
1889,Sweet Amber,St. Anger,Metallica,Metal,MPEG audio file,Bob Rock/James Hetfield/Kirk Hammett/Lars Ulrich,327.24,10616595
1890,The Unnamed Feeling,St. Anger,Metallica,Metal,MPEG audio file,Bob Rock/James Hetfield/Kirk Hammett/Lars Ulrich,429.48,14014582
1891,Purify,St. Anger,Metallica,Metal,MPEG audio file,Bob Rock/James Hetfield/Kirk Hammett/Lars Ulrich,314.02,10232537
1892,All Within My Hands,St. Anger,Metallica,Metal,MPEG audio file,Bob Rock/James Hetfield/Kirk Hammett/Lars Ulrich,527.99,17162741
1893,Blackened,...And Justice For All,Metallica,Metal,MPEG audio file,"James Hetfield, Lars Ulrich & Jason Newsted",403.38,13254874
1894,...And Justice For All,...And Justice For All,Metallica,Metal,MPEG audio file,"James Hetfield, Lars Ulrich & Kirk Hammett",585.77,19262088
1895,Eye Of The Beholder,...And Justice For All,Metallica,Metal,MPEG audio file,"James Hetfield, Lars Ulrich & Kirk Hammett",385.83,12747894
1896,One,...And Justice For All,Metallica,Metal,MPEG audio file,James Hetfield & Lars Ulrich,446.48,14695721
1897,The Shortest Straw,...And Justice For All,Metallica,Metal,MPEG audio file,James Hetfield and Lars Ulrich,395.39,13013990
1898,Harvester Of Sorrow,...And Justice For All,Metallica,Metal,MPEG audio file,James Hetfield and Lars Ulrich,345.55,11377339
1899,The Frayed Ends Of Sanity,...And Justice For All,Metallica,Metal,MPEG audio file,"James Hetfield, Lars Ulrich and Kirk Hammett",464.04,15198986
1900,To Live Is To Die,...And Justice For All,Metallica,Metal,MPEG audio file,"James Hetfield, Lars Ulrich and Cliff Burton",588.56,19243795
1901,Dyers Eve,...And Justice For All,Metallica,Metal,MPEG audio file,"James Hetfield, Lars Ulrich and Kirk Hammett",313.99,10302828
1902,Springsville,Miles Ahead,Miles Davis,Jazz,MPEG audio file,J. Carisi,207.73,6776219
1903,The Maids Of Cadiz,Miles Ahead,Miles Davis,Jazz,MPEG audio file,L. Delibes,233.53,7505275
1904,The Duke,Miles Ahead,Miles Davis,Jazz,MPEG audio file,Dave Brubeck,214.96,6977626
1905,My Ship,Miles Ahead,Miles Davis,Jazz,MPEG audio file,"Ira Gershwin, Kurt Weill",268.02,8581144
1906,Miles Ahead,Miles Ahead,Miles Davis,Jazz,MPEG audio file,"Miles Davis, Gil Evans",209.89,6807707
1907,Blues For Pablo,Miles Ahead,Miles Davis,Jazz,MPEG audio file,Gil Evans,318.33,10218398
1908,New Rhumba,Miles Ahead,Miles Davis,Jazz,MPEG audio file,A. Jamal,276.87,8980400
1909,The Meaning Of The Blues,Miles Ahead,Miles Davis,Jazz,MPEG audio file,"R. Troup, L. Worth",168.59,5395412
1910,Lament,Miles Ahead,Miles Davis,Jazz,MPEG audio file,J.J. Johnson,134.19,4293394
1911,I Don't Wanna Be Kissed (By Anyone But You),Miles Ahead,Miles Davis,Jazz,MPEG audio file,"H. Spina, J. Elliott",191.32,6219487
1912,Springsville (Alternate Take),Miles Ahead,Miles Davis,Jazz,MPEG audio file,J. Carisi,196.39,6382079
1913,Blues For Pablo (Alternate Take),Miles Ahead,Miles Davis,Jazz,MPEG audio file,Gil Evans,212.56,6900619
1914,The Meaning Of The Blues/Lament (Alternate Take),Miles Ahead,Miles Davis,Jazz,MPEG audio file,"J.J. Johnson/R. Troup, L. Worth",309.79,9912387
1915,I Don't Wanna Be Kissed (By Anyone But You) (Alternate Take),Miles Ahead,Miles Davis,Jazz,MPEG audio file,"H. Spina, J. Elliott",192.08,6254796
1916,Coração De Estudante,Milton Nascimento Ao Vivo,Milton Nascimento,Latin,MPEG audio file,"Wagner Tiso, Milton Nascimento",238.55,7797308
1917,A Noite Do Meu Bem,Milton Nascimento Ao Vivo,Milton Nascimento,Latin,MPEG audio file,Dolores Duran,220.08,7125225
1918,Paisagem Na Janela,Milton Nascimento Ao Vivo,Milton Nascimento,Latin,MPEG audio file,"Lô Borges, Fernando Brant",197.69,6523547
1919,Cuitelinho,Milton Nascimento Ao Vivo,Milton Nascimento,Latin,MPEG audio file,Folclore,209.40,6803970
1920,Caxangá,Milton Nascimento Ao Vivo,Milton Nascimento,Latin,MPEG audio file,"Milton Nascimento, Fernando Brant",245.55,8144179
1921,Nos Bailes Da Vida,Milton Nascimento Ao Vivo,Milton Nascimento,Latin,MPEG audio file,"Milton Nascimento, Fernando Brant",275.75,9126170
1922,Menestrel Das Alagoas,Milton Nascimento Ao Vivo,Milton Nascimento,Latin,MPEG audio file,"Milton Nascimento, Fernando Brant",199.76,6542289
1923,Brasil,Milton Nascimento Ao Vivo,Milton Nascimento,Latin,MPEG audio file,"Milton Nascimento, Fernando Brant",155.43,5252560
1924,Canção Do Novo Mundo,Milton Nascimento Ao Vivo,Milton Nascimento,Latin,MPEG audio file,"Beto Guedes, Ronaldo Bastos",215.35,7032626
1925,Um Gosto De Sol,Milton Nascimento Ao Vivo,Milton Nascimento,Latin,MPEG audio file,"Milton Nascimento, Ronaldo Bastos",307.20,9893875
1926,Solar,Milton Nascimento Ao Vivo,Milton Nascimento,Latin,MPEG audio file,"Milton Nascimento, Fernando Brant",156.21,5098288
1927,Para Lennon E McCartney,Milton Nascimento Ao Vivo,Milton Nascimento,Latin,MPEG audio file,"Lô Borges, Márcio Borges, Fernando Brant",321.83,10626920
1928,"Maria, Maria",Milton Nascimento Ao Vivo,Milton Nascimento,Latin,MPEG audio file,"Milton Nascimento, Fernando Brant",72.46,2371543
1929,Minas,Minas,Milton Nascimento,Latin,MPEG audio file,"Milton Nascimento, Caetano Veloso",152.29,4921056
1930,"Fé Cega, Faca Amolada",Minas,Milton Nascimento,Latin,MPEG audio file,"Milton Nascimento, Ronaldo Bastos",278.10,9258649
1931,Beijo Partido,Minas,Milton Nascimento,Latin,MPEG audio file,Toninho Horta,229.56,7506969
1932,Saudade Dos Aviões Da Panair (Conversando No Bar),Minas,Milton Nascimento,Latin,MPEG audio file,"Milton Nascimento, Fernando Brant",268.72,8805088
1933,Gran Circo,Minas,Milton Nascimento,Latin,MPEG audio file,"Milton Nascimento, Márcio Borges",251.30,8237026
1934,Ponta de Areia,Minas,Milton Nascimento,Latin,MPEG audio file,"Milton Nascimento, Fernando Brant",272.80,8874285
1935,Trastevere,Minas,Milton Nascimento,Latin,MPEG audio file,"Milton Nascimento, Ronaldo Bastos",265.67,8708399
1936,Idolatrada,Minas,Milton Nascimento,Latin,MPEG audio file,"Milton Nascimento, Fernando Brant",286.25,9426153
1937,Leila (Venha Ser Feliz),Minas,Milton Nascimento,Latin,MPEG audio file,Milton Nascimento,209.74,6898507
1938,Paula E Bebeto,Minas,Milton Nascimento,Latin,MPEG audio file,"Milton Nascimento, Caetano Veloso",135.73,4583956
1939,Simples,Minas,Milton Nascimento,Latin,MPEG audio file,Nelson Angelo,133.09,4326333
1940,Norwegian Wood,Minas,Milton Nascimento,Latin,MPEG audio file,"John Lennon, Paul McCartney",413.91,13520382
1941,Caso Você Queira Saber,Minas,Milton Nascimento,Latin,MPEG audio file,"Beto Guedes, Márcio Borges",205.69,6787901
1942,Ace Of Spades,Ace Of Spades,Motörhead,Metal,MPEG audio file,Clarke/Kilmister/Taylor,169.93,5523552
1943,Love Me Like A Reptile,Ace Of Spades,Motörhead,Metal,MPEG audio file,Clarke/Kilmister/Taylor,203.55,6616389
1944,Shoot You In The Back,Ace Of Spades,Motörhead,Metal,MPEG audio file,Clarke/Kilmister/Taylor,160.03,5175327
1945,Live To Win,Ace Of Spades,Motörhead,Metal,MPEG audio file,Clarke/Kilmister/Taylor,217.63,7102182
1946,Fast And Loose,Ace Of Spades,Motörhead,Metal,MPEG audio file,Clarke/Kilmister/Taylor,203.34,6643350
1947,(We Are) The Road Crew,Ace Of Spades,Motörhead,Metal,MPEG audio file,Clarke/Kilmister/Taylor,192.60,6283035
1948,Fire Fire,Ace Of Spades,Motörhead,Metal,MPEG audio file,Clarke/Kilmister/Taylor,164.68,5416114
1949,Jailbait,Ace Of Spades,Motörhead,Metal,MPEG audio file,Clarke/Kilmister/Taylor,213.92,6983609
1950,Dance,Ace Of Spades,Motörhead,Metal,MPEG audio file,Clarke/Kilmister/Taylor,158.43,5155099
1951,Bite The Bullet,Ace Of Spades,Motörhead,Metal,MPEG audio file,Clarke/Kilmister/Taylor,98.12,3195536
1952,The Chase Is Better Than The Catch,Ace Of Spades,Motörhead,Metal,MPEG audio file,Clarke/Kilmister/Taylor,258.40,8393310
1953,The Hammer,Ace Of Spades,Motörhead,Metal,MPEG audio file,Clarke/Kilmister/Taylor,168.07,5543267
1954,Dirty Love,Ace Of Spades,Motörhead,Metal,MPEG audio file,Clarke/Kilmister/Taylor,176.46,5805241
1955,Please Don't Touch,Ace Of Spades,Motörhead,Metal,MPEG audio file,Heath/Robinson,169.93,5557002
1956,Emergency,Ace Of Spades,Motörhead,Metal,MPEG audio file,Dufort/Johnson/McAuliffe/Williams,180.43,5828728
1957,Kir Royal,Demorou...,Mônica Marianno,World,MPEG audio file,Mônica Marianno,234.79,7706552
1958,O Que Vai Em Meu Coração,Demorou...,Mônica Marianno,World,MPEG audio file,Mônica Marianno,255.37,8366846
1959,Aos Leões,Demorou...,Mônica Marianno,World,MPEG audio file,Mônica Marianno,234.68,7790574
1960,Dois Índios,Demorou...,Mônica Marianno,World,MPEG audio file,Mônica Marianno,219.27,7213072
1961,Noite Negra,Demorou...,Mônica Marianno,World,MPEG audio file,Mônica Marianno,206.81,6819584
1962,Beijo do Olhar,Demorou...,Mônica Marianno,World,MPEG audio file,Mônica Marianno,252.68,8369029
1963,É Fogo,Demorou...,Mônica Marianno,World,MPEG audio file,Mônica Marianno,194.87,6501520
1964,Já Foi,Demorou...,Mônica Marianno,World,MPEG audio file,Mônica Marianno,245.68,8094872
1965,Só Se For Pelo Cabelo,Demorou...,Mônica Marianno,World,MPEG audio file,Mônica Marianno,238.29,8006345
1966,No Clima,Demorou...,Mônica Marianno,World,MPEG audio file,Mônica Marianno,249.50,8362040
1967,A Moça e a Chuva,Demorou...,Mônica Marianno,World,MPEG audio file,Mônica Marianno,274.63,8929357
1968,Demorou!,Demorou...,Mônica Marianno,World,MPEG audio file,Mônica Marianno,39.13,1287083
1969,Bitter Pill,Motley Crue Greatest Hits,Mötley Crüe,Metal,MPEG audio file,Mick Mars/Nikki Sixx/Tommy Lee/Vince Neil,266.81,8666786
1970,Enslaved,Motley Crue Greatest Hits,Mötley Crüe,Metal,MPEG audio file,Mick Mars/Nikki Sixx/Tommy Lee,269.84,8789966
1971,"Girls, Girls, Girls",Motley Crue Greatest Hits,Mötley Crüe,Metal,MPEG audio file,Mick Mars/Nikki Sixx/Tommy Lee,270.29,8874814
1972,Kickstart My Heart,Motley Crue Greatest Hits,Mötley Crüe,Metal,MPEG audio file,Nikki Sixx,283.56,9237736
1973,Wild Side,Motley Crue Greatest Hits,Mötley Crüe,Metal,MPEG audio file,Nikki Sixx/Tommy Lee/Vince Neil,276.77,9116997
1974,Glitter,Motley Crue Greatest Hits,Mötley Crüe,Metal,MPEG audio file,Bryan Adams/Nikki Sixx/Scott Humphrey,340.11,11184094
1975,Dr. Feelgood,Motley Crue Greatest Hits,Mötley Crüe,Metal,MPEG audio file,Mick Mars/Nikki Sixx,282.62,9281875
1976,Same Ol' Situation,Motley Crue Greatest Hits,Mötley Crüe,Metal,MPEG audio file,Mick Mars/Nikki Sixx/Tommy Lee/Vince Neil,254.51,8283958
1977,Home Sweet Home,Motley Crue Greatest Hits,Mötley Crüe,Metal,MPEG audio file,Nikki Sixx/Tommy Lee/Vince Neil,236.90,7697538
1978,Afraid,Motley Crue Greatest Hits,Mötley Crüe,Metal,MPEG audio file,Nikki Sixx,248.01,8077464
1979,Don't Go Away Mad (Just Go Away),Motley Crue Greatest Hits,Mötley Crüe,Metal,MPEG audio file,Mick Mars/Nikki Sixx,279.98,9188156
1980,Without You,Motley Crue Greatest Hits,Mötley Crüe,Metal,MPEG audio file,Mick Mars/Nikki Sixx,268.96,8738371
1981,Smokin' in The Boys Room,Motley Crue Greatest Hits,Mötley Crüe,Metal,MPEG audio file,Cub Coda/Michael Lutz,206.84,6735408
1982,Primal Scream,Motley Crue Greatest Hits,Mötley Crüe,Metal,MPEG audio file,Mick Mars/Nikki Sixx/Tommy Lee/Vince Neil,286.20,9421164
1983,Too Fast For Love,Motley Crue Greatest Hits,Mötley Crüe,Metal,MPEG audio file,Nikki Sixx,200.83,6580542
1984,Looks That Kill,Motley Crue Greatest Hits,Mötley Crüe,Metal,MPEG audio file,Nikki Sixx,240.98,7831122
1985,Shout At The Devil,Motley Crue Greatest Hits,Mötley Crüe,Metal,MPEG audio file,Nikki Sixx,221.96,7281974
1986,Intro,From The Muddy Banks Of The Wishkah [Live],Nirvana,Rock,MPEG audio file,Kurt Cobain,52.22,1688527
1987,School,From The Muddy Banks Of The Wishkah [Live],Nirvana,Rock,MPEG audio file,Kurt Cobain,160.24,5234885
1988,Drain You,From The Muddy Banks Of The Wishkah [Live],Nirvana,Rock,MPEG audio file,Kurt Cobain,215.20,7013175
1989,Aneurysm,From The Muddy Banks Of The Wishkah [Live],Nirvana,Rock,MPEG audio file,Nirvana,271.52,8862545
1990,Smells Like Teen Spirit,From The Muddy Banks Of The Wishkah [Live],Nirvana,Rock,MPEG audio file,Nirvana,287.19,9425215
1991,Been A Son,From The Muddy Banks Of The Wishkah [Live],Nirvana,Rock,MPEG audio file,Kurt Cobain,127.56,4170369
1992,Lithium,From The Muddy Banks Of The Wishkah [Live],Nirvana,Rock,MPEG audio file,Kurt Cobain,250.02,8148800
1993,Sliver,From The Muddy Banks Of The Wishkah [Live],Nirvana,Rock,MPEG audio file,Kurt Cobain,116.22,3784567
1994,Spank Thru,From The Muddy Banks Of The Wishkah [Live],Nirvana,Rock,MPEG audio file,Kurt Cobain,190.35,6186487
1995,Scentless Apprentice,From The Muddy Banks Of The Wishkah [Live],Nirvana,Rock,MPEG audio file,Nirvana,211.20,6898177
1996,Heart-Shaped Box,From The Muddy Banks Of The Wishkah [Live],Nirvana,Rock,MPEG audio file,Kurt Cobain,281.89,9210982
1997,Milk It,From The Muddy Banks Of The Wishkah [Live],Nirvana,Rock,MPEG audio file,Kurt Cobain,225.72,7406945
1998,Negative Creep,From The Muddy Banks Of The Wishkah [Live],Nirvana,Rock,MPEG audio file,Kurt Cobain,163.76,5354854
1999,Polly,From The Muddy Banks Of The Wishkah [Live],Nirvana,Rock,MPEG audio file,Kurt Cobain,150.00,4885331
2000,Breed,From The Muddy Banks Of The Wishkah [Live],Nirvana,Rock,MPEG audio file,Kurt Cobain,208.38,6759080
2001,Tourette's,From The Muddy Banks Of The Wishkah [Live],Nirvana,Rock,MPEG audio file,Kurt Cobain,115.59,3753246
2002,Blew,From The Muddy Banks Of The Wishkah [Live],Nirvana,Rock,MPEG audio file,Kurt Cobain,216.35,7096936
2003,Smells Like Teen Spirit,Nevermind,Nirvana,Rock,MPEG audio file,Kurt Cobain,301.30,9823847
2004,In Bloom,Nevermind,Nirvana,Rock,MPEG audio file,Kurt Cobain,254.93,8327077
2005,Come As You Are,Nevermind,Nirvana,Rock,MPEG audio file,Kurt Cobain,219.22,7123357
2006,Breed,Nevermind,Nirvana,Rock,MPEG audio file,Kurt Cobain,183.93,5984812
2007,Lithium,Nevermind,Nirvana,Rock,MPEG audio file,Kurt Cobain,256.99,8404745
2008,Polly,Nevermind,Nirvana,Rock,MPEG audio file,Kurt Cobain,177.03,5788407
2009,Territorial Pissings,Nevermind,Nirvana,Rock,MPEG audio file,Kurt Cobain,143.28,4613880
2010,Drain You,Nevermind,Nirvana,Rock,MPEG audio file,Kurt Cobain,223.97,7273440
2011,Lounge Act,Nevermind,Nirvana,Rock,MPEG audio file,Kurt Cobain,156.79,5093635
2012,Stay Away,Nevermind,Nirvana,Rock,MPEG audio file,Kurt Cobain,212.64,6956404
2013,On A Plain,Nevermind,Nirvana,Rock,MPEG audio file,Kurt Cobain,196.44,6390635
2014,Something In The Way,Nevermind,Nirvana,Rock,MPEG audio file,Kurt Cobain,230.56,7472168
2015,Time,Compositores,O Terço,Rock,MPEG audio file,,96.89,3124455
2016,P.S.Apareça,Compositores,O Terço,Rock,MPEG audio file,,209.19,6842244
2017,Sangue Latino,Compositores,O Terço,Rock,MPEG audio file,,223.03,7354184
2018,Folhas Secas,Compositores,O Terço,Rock,MPEG audio file,,161.25,5284522
2019,Poeira,Compositores,O Terço,Rock,MPEG audio file,,267.08,8784141
2020,Mágica,Compositores,O Terço,Rock,MPEG audio file,,233.74,7627348
2021,Quem Mata A Mulher Mata O Melhor,Compositores,O Terço,Rock,MPEG audio file,,262.79,8640121
2022,Mundaréu,Compositores,O Terço,Rock,MPEG audio file,,217.52,7158975
2023,O Braço Da Minha Guitarra,Compositores,O Terço,Rock,MPEG audio file,,258.35,8469531
2024,Deus,Compositores,O Terço,Rock,MPEG audio file,,284.16,9188110
2025,Mãe Terra,Compositores,O Terço,Rock,MPEG audio file,,306.63,9949269
2026,Às Vezes,Compositores,O Terço,Rock,MPEG audio file,,330.29,10706614
2027,Menino De Rua,Compositores,O Terço,Rock,MPEG audio file,,329.80,10784595
2028,Prazer E Fé,Compositores,O Terço,Rock,MPEG audio file,,214.83,7031383
2029,Elza,Compositores,O Terço,Rock,MPEG audio file,,199.11,6517629
2030,Requebra,Olodum,Olodum,Latin,MPEG audio file,,240.74,8010811
2031,Nossa Gente (Avisa Là),Olodum,Olodum,Latin,MPEG audio file,,188.21,6233201
2032,Olodum - Alegria Geral,Olodum,Olodum,Latin,MPEG audio file,,233.40,7754245
2033,Madagáscar Olodum,Olodum,Olodum,Latin,MPEG audio file,,252.26,8270584
2034,Faraó Divindade Do Egito,Olodum,Olodum,Latin,MPEG audio file,,228.57,7523278
2035,Todo Amor (Asas Da Liberdade),Olodum,Olodum,Latin,MPEG audio file,,245.13,8121434
2036,Denúncia,Olodum,Olodum,Latin,MPEG audio file,,159.56,5327433
2037,"Olodum, A Banda Do Pelô",Olodum,Olodum,Latin,MPEG audio file,,146.60,4900121
2038,Cartao Postal,Olodum,Olodum,Latin,MPEG audio file,,211.57,7082301
2039,Jeito Faceiro,Olodum,Olodum,Latin,MPEG audio file,,217.29,7233608
2040,Revolta Olodum,Olodum,Olodum,Latin,MPEG audio file,,230.19,7557065
2041,Reggae Odoyá,Olodum,Olodum,Latin,MPEG audio file,,224.47,7499807
2042,Protesto Do Olodum (Ao Vivo),Olodum,Olodum,Latin,MPEG audio file,,206.00,6766104
2043,Olodum - Smile (Instrumental),Olodum,Olodum,Latin,MPEG audio file,,235.83,7871409
2044,Vulcão Dub - Fui Eu,Acústico MTV,Os Paralamas Do Sucesso,Latin,MPEG audio file,Bi Ribeira/Herbert Vianna/João Barone,287.06,9495202
2045,O Trem Da Juventude,Acústico MTV,Os Paralamas Do Sucesso,Latin,MPEG audio file,Herbert Vianna,225.88,7507655
2046,Manguetown,Acústico MTV,Os Paralamas Do Sucesso,Latin,MPEG audio file,Chico Science/Dengue/Lúcio Maia,162.93,5382018
2047,"Um Amor, Um Lugar",Acústico MTV,Os Paralamas Do Sucesso,Latin,MPEG audio file,Herbert Vianna,184.56,6090334
2048,Bora-Bora,Acústico MTV,Os Paralamas Do Sucesso,Latin,MPEG audio file,Herbert Vianna,182.99,6036046
2049,Vai Valer,Acústico MTV,Os Paralamas Do Sucesso,Latin,MPEG audio file,Herbert Vianna,206.52,6899778
2050,I Feel Good (I Got You) - Sossego,Acústico MTV,Os Paralamas Do Sucesso,Latin,MPEG audio file,James Brown/Tim Maia,244.98,8091302
2051,Uns Dias,Acústico MTV,Os Paralamas Do Sucesso,Latin,MPEG audio file,Herbert Vianna,240.80,7931552
2052,Sincero Breu,Acústico MTV,Os Paralamas Do Sucesso,Latin,MPEG audio file,C. A./C.A./Celso Alvim/Herbert Vianna/Mário Moura/Pedro Luís/Sidon Silva,208.01,6921669
2053,Meu Erro,Acústico MTV,Os Paralamas Do Sucesso,Latin,MPEG audio file,Herbert Vianna,188.58,6192791
2054,Selvagem,Acústico MTV,Os Paralamas Do Sucesso,Latin,MPEG audio file,Bi Ribeiro/Herbert Vianna/João Barone,148.56,4942831
2055,Brasília 5:31,Acústico MTV,Os Paralamas Do Sucesso,Latin,MPEG audio file,Herbert Vianna,178.34,5857116
2056,Tendo A Lua,Acústico MTV,Os Paralamas Do Sucesso,Latin,MPEG audio file,Herbert Vianna/Tet Tillett,198.92,6568180
2057,Que País É Este,Acústico MTV,Os Paralamas Do Sucesso,Latin,MPEG audio file,Renato Russo,216.69,7137865
2058,Navegar Impreciso,Acústico MTV,Os Paralamas Do Sucesso,Latin,MPEG audio file,Herbert Vianna,262.87,8761283
2059,Feira Moderna,Acústico MTV,Os Paralamas Do Sucesso,Latin,MPEG audio file,Beto Guedes/Fernando Brant/L Borges,182.52,6001793
2060,Tequila - Lourinha Bombril (Parate Y Mira),Acústico MTV,Os Paralamas Do Sucesso,Latin,MPEG audio file,Bahiano/Chuck Rio/Diego Blanco/Herbert Vianna,255.74,8514961
2061,Vamo Batê Lata,Acústico MTV,Os Paralamas Do Sucesso,Latin,MPEG audio file,Herbert Vianna,228.75,7585707
2062,Life During Wartime,Acústico MTV,Os Paralamas Do Sucesso,Latin,MPEG audio file,Chris Frantz/David Byrne/Jerry Harrison/Tina Weymouth,259.19,8543439
2063,Nebulosa Do Amor,Acústico MTV,Os Paralamas Do Sucesso,Latin,MPEG audio file,Herbert Vianna,203.42,6732496
2064,Caleidoscópio,Acústico MTV,Os Paralamas Do Sucesso,Latin,MPEG audio file,Herbert Vianna,256.52,8484597
2065,Trac Trac,Arquivo II,Os Paralamas Do Sucesso,Latin,MPEG audio file,Fito Paez/Herbert Vianna,231.65,7638256
2066,Tendo A Lua,Arquivo II,Os Paralamas Do Sucesso,Latin,MPEG audio file,Herbert Vianna/Tetê Tillet,219.59,7342776
2067,Mensagen De Amor (2000),Arquivo II,Os Paralamas Do Sucesso,Latin,MPEG audio file,Herbert Vianna,183.59,6061324
2068,Lourinha Bombril,Arquivo II,Os Paralamas Do Sucesso,Latin,MPEG audio file,Bahiano/Diego Blanco/Herbert Vianna,159.90,5301882
2069,La Bella Luna,Arquivo II,Os Paralamas Do Sucesso,Latin,MPEG audio file,Herbert Vianna,192.65,6428598
2070,Busca Vida,Arquivo II,Os Paralamas Do Sucesso,Latin,MPEG audio file,Herbert Vianna,176.43,5798663
2071,Uma Brasileira,Arquivo II,Os Paralamas Do Sucesso,Latin,MPEG audio file,Carlinhos Brown/Herbert Vianna,217.57,7280574
2072,Luis Inacio (300 Picaretas),Arquivo II,Os Paralamas Do Sucesso,Latin,MPEG audio file,Herbert Vianna,198.19,6576790
2073,Saber Amar,Arquivo II,Os Paralamas Do Sucesso,Latin,MPEG audio file,Herbert Vianna,202.79,6723733
2074,Ela Disse Adeus,Arquivo II,Os Paralamas Do Sucesso,Latin,MPEG audio file,Herbert Vianna,226.30,7608999
2075,O Amor Nao Sabe Esperar,Arquivo II,Os Paralamas Do Sucesso,Latin,MPEG audio file,Herbert Vianna,241.08,8042534
2076,Aonde Quer Que Eu Va,Arquivo II,Os Paralamas Do Sucesso,Latin,MPEG audio file,Herbert Vianna/Paulo Sérgio Valle,258.09,8470121
2077,Caleidoscópio,Arquivo Os Paralamas Do Sucesso,Os Paralamas Do Sucesso,Latin,MPEG audio file,,211.33,7000017
2078,Óculos,Arquivo Os Paralamas Do Sucesso,Os Paralamas Do Sucesso,Latin,MPEG audio file,,219.27,7262419
2079,Cinema Mudo,Arquivo Os Paralamas Do Sucesso,Os Paralamas Do Sucesso,Latin,MPEG audio file,,227.92,7612168
2080,Alagados,Arquivo Os Paralamas Do Sucesso,Os Paralamas Do Sucesso,Latin,MPEG audio file,,302.39,10255463
2081,Lanterna Dos Afogados,Arquivo Os Paralamas Do Sucesso,Os Paralamas Do Sucesso,Latin,MPEG audio file,,190.20,6264318
2082,Melô Do Marinheiro,Arquivo Os Paralamas Do Sucesso,Os Paralamas Do Sucesso,Latin,MPEG audio file,,208.35,6905668
2083,Vital E Sua Moto,Arquivo Os Paralamas Do Sucesso,Os Paralamas Do Sucesso,Latin,MPEG audio file,,210.21,6902878
2084,O Beco,Arquivo Os Paralamas Do Sucesso,Os Paralamas Do Sucesso,Latin,MPEG audio file,,189.18,6293184
2085,Meu Erro,Arquivo Os Paralamas Do Sucesso,Os Paralamas Do Sucesso,Latin,MPEG audio file,,208.43,6893533
2086,Perplexo,Arquivo Os Paralamas Do Sucesso,Os Paralamas Do Sucesso,Latin,MPEG audio file,,161.18,5355013
2087,Me Liga,Arquivo Os Paralamas Do Sucesso,Os Paralamas Do Sucesso,Latin,MPEG audio file,,229.59,7565912
2088,Quase Um Segundo,Arquivo Os Paralamas Do Sucesso,Os Paralamas Do Sucesso,Latin,MPEG audio file,,275.64,8971355
2089,Selvagem,Arquivo Os Paralamas Do Sucesso,Os Paralamas Do Sucesso,Latin,MPEG audio file,,245.89,8141084
2090,Romance Ideal,Arquivo Os Paralamas Do Sucesso,Os Paralamas Do Sucesso,Latin,MPEG audio file,,250.07,8260477
2091,Será Que Vai Chover?,Arquivo Os Paralamas Do Sucesso,Os Paralamas Do Sucesso,Latin,MPEG audio file,,337.06,11133830
2092,SKA,Arquivo Os Paralamas Do Sucesso,Os Paralamas Do Sucesso,Latin,MPEG audio file,,148.87,4943540
2093,Bark at the Moon,Bark at the Moon (Remastered),Ozzy Osbourne,Rock,Protected AAC audio file,O. Osbourne,257.25,4601224
2094,I Don't Know,Blizzard of Ozz,Ozzy Osbourne,Rock,Protected AAC audio file,"B. Daisley, O. Osbourne & R. Rhoads",312.98,5525339
2095,Crazy Train,Blizzard of Ozz,Ozzy Osbourne,Rock,Protected AAC audio file,"B. Daisley, O. Osbourne & R. Rhoads",295.96,5255083
2096,Flying High Again,Diary of a Madman (Remastered),Ozzy Osbourne,Rock,Protected AAC audio file,"L. Kerslake, O. Osbourne, R. Daisley & R. Rhoads",290.85,5179599
2097,"Mama, I'm Coming Home",No More Tears (Remastered),Ozzy Osbourne,Rock,Protected AAC audio file,"L. Kilmister, O. Osbourne & Z. Wylde",251.59,4302390
2098,No More Tears,No More Tears (Remastered),Ozzy Osbourne,Rock,Protected AAC audio file,"J. Purdell, M. Inez, O. Osbourne, R. Castillo & Z. Wylde",444.36,7362964
2099,I Don't Know,Tribute,Ozzy Osbourne,Metal,MPEG audio file,"O. Osbourne, R. Daisley, R. Rhoads",283.09,9207869
2100,Crazy Train,Tribute,Ozzy Osbourne,Metal,MPEG audio file,"O. Osbourne, R. Daisley, R. Rhoads",322.72,10517408
2101,Believer,Tribute,Ozzy Osbourne,Metal,MPEG audio file,"O. Osbourne, R. Daisley, R. Rhoads",308.90,10003794
2102,Mr. Crowley,Tribute,Ozzy Osbourne,Metal,MPEG audio file,"O. Osbourne, R. Daisley, R. Rhoads",344.24,11184130
2103,Flying High Again,Tribute,Ozzy Osbourne,Metal,MPEG audio file,"O. Osbourne, R. Daisley, R. Rhoads, L. Kerslake",261.22,8481822
2104,Relvelation (Mother Earth),Tribute,Ozzy Osbourne,Metal,MPEG audio file,"O. Osbourne, R. Daisley, R. Rhoads",349.44,11367866
2105,Steal Away (The Night),Tribute,Ozzy Osbourne,Metal,MPEG audio file,"O. Osbourne, R. Daisley, R. Rhoads",485.72,15945806
2106,Suicide Solution (With Guitar Solo),Tribute,Ozzy Osbourne,Metal,MPEG audio file,"O. Osbourne, R. Daisley, R. Rhoads",467.07,15119938
2107,Iron Man,Tribute,Ozzy Osbourne,Metal,MPEG audio file,"A. F. Iommi, W. Ward, T. Butler, J. Osbourne",172.12,5609799
2108,Children Of The Grave,Tribute,Ozzy Osbourne,Metal,MPEG audio file,"A. F. Iommi, W. Ward, T. Butler, J. Osbourne",357.07,11626740
2109,Paranoid,Tribute,Ozzy Osbourne,Metal,MPEG audio file,"A. F. Iommi, W. Ward, T. Butler, J. Osbourne",176.35,5729813
2110,Goodbye To Romance,Tribute,Ozzy Osbourne,Metal,MPEG audio file,"O. Osbourne, R. Daisley, R. Rhoads",334.39,10841337
2111,No Bone Movies,Tribute,Ozzy Osbourne,Metal,MPEG audio file,"O. Osbourne, R. Daisley, R. Rhoads",249.21,8095199
2112,Dee,Tribute,Ozzy Osbourne,Metal,MPEG audio file,R. Rhoads,261.30,8555963
2113,Shining In The Light,Walking Into Clarksdale,Page & Plant,Rock,MPEG audio file,"Jimmy Page, Robert Plant, Charlie Jones, Michael Lee",240.80,7951688
2114,When The World Was Young,Walking Into Clarksdale,Page & Plant,Rock,MPEG audio file,"Jimmy Page, Robert Plant, Charlie Jones, Michael Lee",373.39,12198930
2115,Upon A Golden Horse,Walking Into Clarksdale,Page & Plant,Rock,MPEG audio file,"Jimmy Page, Robert Plant, Charlie Jones, Michael Lee",232.36,7594829
2116,Blue Train,Walking Into Clarksdale,Page & Plant,Rock,MPEG audio file,"Jimmy Page, Robert Plant, Charlie Jones, Michael Lee",405.03,13170391
2117,Please Read The Letter,Walking Into Clarksdale,Page & Plant,Rock,MPEG audio file,"Jimmy Page, Robert Plant, Charlie Jones, Michael Lee",262.11,8603372
2118,Most High,Walking Into Clarksdale,Page & Plant,Rock,MPEG audio file,"Jimmy Page, Robert Plant, Charlie Jones, Michael Lee",336.54,10999203
2119,Heart In Your Hand,Walking Into Clarksdale,Page & Plant,Rock,MPEG audio file,"Jimmy Page, Robert Plant, Charlie Jones, Michael Lee",230.90,7598019
2120,Walking Into Clarksdale,Walking Into Clarksdale,Page & Plant,Rock,MPEG audio file,"Jimmy Page, Robert Plant, Charlie Jones, Michael Lee",318.51,10396315
2121,Burning Up,Walking Into Clarksdale,Page & Plant,Rock,MPEG audio file,"Jimmy Page, Robert Plant, Charlie Jones, Michael Lee",321.62,10525136
2122,When I Was A Child,Walking Into Clarksdale,Page & Plant,Rock,MPEG audio file,"Jimmy Page, Robert Plant, Charlie Jones, Michael Lee",345.63,11249456
2123,House Of Love,Walking Into Clarksdale,Page & Plant,Rock,MPEG audio file,"Jimmy Page, Robert Plant, Charlie Jones, Michael Lee",335.70,10990880
2124,Sons Of Freedom,Walking Into Clarksdale,Page & Plant,Rock,MPEG audio file,"Jimmy Page, Robert Plant, Charlie Jones, Michael Lee",246.47,8087944
2125,United Colours,Original Soundtracks 1,Passengers,Soundtrack,MPEG audio file,"Brian Eno, Bono, Adam Clayton, The Edge & Larry Mullen Jnr.",330.27,10939131
2126,Slug,Original Soundtracks 1,Passengers,Soundtrack,MPEG audio file,"Brian Eno, Bono, Adam Clayton, The Edge & Larry Mullen Jnr.",281.47,9295950
2127,Your Blue Room,Original Soundtracks 1,Passengers,Soundtrack,MPEG audio file,"Brian Eno, Bono, Adam Clayton, The Edge & Larry Mullen Jnr.",328.23,10867860
2128,Always Forever Now,Original Soundtracks 1,Passengers,Soundtrack,MPEG audio file,"Brian Eno, Bono, Adam Clayton, The Edge & Larry Mullen Jnr.",383.76,12727928
2129,A Different Kind Of Blue,Original Soundtracks 1,Passengers,Soundtrack,MPEG audio file,"Brian Eno, Bono, Adam Clayton, The Edge & Larry Mullen Jnr.",120.82,3884133
2130,Beach Sequence,Original Soundtracks 1,Passengers,Soundtrack,MPEG audio file,"Brian Eno, Bono, Adam Clayton, The Edge & Larry Mullen Jnr.",212.30,6928259
2131,Miss Sarajevo,Original Soundtracks 1,Passengers,Soundtrack,MPEG audio file,"Brian Eno, Bono, Adam Clayton, The Edge & Larry Mullen Jnr.",340.77,11064884
2132,Ito Okashi,Original Soundtracks 1,Passengers,Soundtrack,MPEG audio file,"Brian Eno, Bono, Adam Clayton, The Edge & Larry Mullen Jnr.",205.09,6572813
2133,One Minute Warning,Original Soundtracks 1,Passengers,Soundtrack,MPEG audio file,"Brian Eno, Bono, Adam Clayton, The Edge & Larry Mullen Jnr.",279.69,9335453
2134,Corpse (These Chains Are Way Too Long),Original Soundtracks 1,Passengers,Soundtrack,MPEG audio file,"Brian Eno, Bono, Adam Clayton, The Edge & Larry Mullen Jnr.",214.91,6920451
2135,Elvis Ate America,Original Soundtracks 1,Passengers,Soundtrack,MPEG audio file,"Brian Eno, Bono, Adam Clayton, The Edge & Larry Mullen Jnr.",180.17,5851053
2136,Plot 180,Original Soundtracks 1,Passengers,Soundtrack,MPEG audio file,"Brian Eno, Bono, Adam Clayton, The Edge & Larry Mullen Jnr.",221.60,7253729
2137,Theme From The Swan,Original Soundtracks 1,Passengers,Soundtrack,MPEG audio file,"Brian Eno, Bono, Adam Clayton, The Edge & Larry Mullen Jnr.",203.91,6638076
2138,Theme From Let's Go Native,Original Soundtracks 1,Passengers,Soundtrack,MPEG audio file,"Brian Eno, Bono, Adam Clayton, The Edge & Larry Mullen Jnr.",186.72,6179777
2139,Wrathchild,The Beast Live,Paul D'Ianno,Rock,MPEG audio file,Steve Harris,170.40,5499390
2140,Killers,The Beast Live,Paul D'Ianno,Rock,MPEG audio file,Paul Di'Anno/Steve Harris,310.00,10009697
2141,Prowler,The Beast Live,Paul D'Ianno,Rock,MPEG audio file,Steve Harris,240.27,7782963
2142,Murders In The Rue Morgue,The Beast Live,Paul D'Ianno,Rock,MPEG audio file,Steve Harris,258.64,8360999
2143,Women In Uniform,The Beast Live,Paul D'Ianno,Rock,MPEG audio file,Greg Macainsh,189.94,6139651
2144,Remember Tomorrow,The Beast Live,Paul D'Ianno,Rock,MPEG audio file,Paul Di'Anno/Steve Harris,326.43,10577976
2145,Sanctuary,The Beast Live,Paul D'Ianno,Rock,MPEG audio file,David Murray/Paul Di'Anno/Steve Harris,198.84,6423543
2146,Running Free,The Beast Live,Paul D'Ianno,Rock,MPEG audio file,Paul Di'Anno/Steve Harris,199.71,6483496
2147,Phantom Of The Opera,The Beast Live,Paul D'Ianno,Rock,MPEG audio file,Steve Harris,418.17,13585530
2148,Iron Maiden,The Beast Live,Paul D'Ianno,Rock,MPEG audio file,Steve Harris,235.23,7600077
2149,Corduroy,Live On Two Legs [Live],Pearl Jam,Rock,MPEG audio file,Pearl Jam & Eddie Vedder,305.29,9991106
2150,Given To Fly,Live On Two Legs [Live],Pearl Jam,Rock,MPEG audio file,Eddie Vedder & Mike McCready,233.61,7678347
2151,"Hail, Hail",Live On Two Legs [Live],Pearl Jam,Rock,MPEG audio file,Stone Gossard & Eddie Vedder & Jeff Ament & Mike McCready,223.76,7364206
2152,Daughter,Live On Two Legs [Live],Pearl Jam,Rock,MPEG audio file,Dave Abbruzzese & Jeff Ament & Stone Gossard & Mike McCready & Eddie Vedder,407.48,13420697
2153,Elderly Woman Behind The Counter In A Small Town,Live On Two Legs [Live],Pearl Jam,Rock,MPEG audio file,Dave Abbruzzese & Jeff Ament & Stone Gossard & Mike McCready & Eddie Vedder,229.33,7509304
2154,Untitled,Live On Two Legs [Live],Pearl Jam,Rock,MPEG audio file,Pearl Jam,122.80,3957141
2155,MFC,Live On Two Legs [Live],Pearl Jam,Rock,MPEG audio file,Eddie Vedder,148.19,4817665
2156,Go,Live On Two Legs [Live],Pearl Jam,Rock,MPEG audio file,Dave Abbruzzese & Jeff Ament & Stone Gossard & Mike McCready & Eddie Vedder,161.54,5290810
2157,Red Mosquito,Live On Two Legs [Live],Pearl Jam,Rock,MPEG audio file,Jeff Ament & Stone Gossard & Jack Irons & Mike McCready & Eddie Vedder,242.99,7944923
2158,Even Flow,Live On Two Legs [Live],Pearl Jam,Rock,MPEG audio file,Stone Gossard & Eddie Vedder,317.10,10394239
2159,Off He Goes,Live On Two Legs [Live],Pearl Jam,Rock,MPEG audio file,Eddie Vedder,343.22,11245109
2160,Nothingman,Live On Two Legs [Live],Pearl Jam,Rock,MPEG audio file,Jeff Ament & Eddie Vedder,278.60,9107017
2161,Do The Evolution,Live On Two Legs [Live],Pearl Jam,Rock,MPEG audio file,Eddie Vedder & Stone Gossard,225.46,7377286
2162,Better Man,Live On Two Legs [Live],Pearl Jam,Rock,MPEG audio file,Eddie Vedder,246.20,8019563
2163,Black,Live On Two Legs [Live],Pearl Jam,Rock,MPEG audio file,Stone Gossard & Eddie Vedder,415.71,13580009
2164,F*Ckin' Up,Live On Two Legs [Live],Pearl Jam,Rock,MPEG audio file,Neil Young,377.65,12360893
2165,Life Wasted,Pearl Jam,Pearl Jam,Alternative & Punk,MPEG audio file,Stone Gossard,234.34,7610169
2166,World Wide Suicide,Pearl Jam,Pearl Jam,Alternative & Punk,MPEG audio file,Eddie Vedder,209.19,6885908
2167,Comatose,Pearl Jam,Pearl Jam,Alternative & Punk,MPEG audio file,Mike McCready & Stone Gossard,139.99,4574516
2168,Severed Hand,Pearl Jam,Pearl Jam,Alternative & Punk,MPEG audio file,Eddie Vedder,270.34,8817438
2169,Marker In The Sand,Pearl Jam,Pearl Jam,Alternative & Punk,MPEG audio file,Mike McCready,263.24,8656578
2170,Parachutes,Pearl Jam,Pearl Jam,Alternative & Punk,MPEG audio file,Stone Gossard,216.56,7074973
2171,Unemployable,Pearl Jam,Pearl Jam,Alternative & Punk,MPEG audio file,Matt Cameron & Mike McCready,184.40,6066542
2172,Big Wave,Pearl Jam,Pearl Jam,Alternative & Punk,MPEG audio file,Jeff Ament,178.57,5858788
2173,Gone,Pearl Jam,Pearl Jam,Alternative & Punk,MPEG audio file,Eddie Vedder,249.55,8158204
2174,Wasted Reprise,Pearl Jam,Pearl Jam,Alternative & Punk,MPEG audio file,Stone Gossard,53.73,1731020
2175,Army Reserve,Pearl Jam,Pearl Jam,Alternative & Punk,MPEG audio file,Jeff Ament,225.57,7393771
2176,Come Back,Pearl Jam,Pearl Jam,Alternative & Punk,MPEG audio file,Eddie Vedder & Mike McCready,329.74,10768701
2177,Inside Job,Pearl Jam,Pearl Jam,Alternative & Punk,MPEG audio file,Eddie Vedder & Mike McCready,428.64,14006924
2178,Can't Keep,Riot Act,Pearl Jam,Rock,MPEG audio file,Eddie Vedder,219.43,7215713
2179,Save You,Riot Act,Pearl Jam,Rock,MPEG audio file,Eddie Vedder/Jeff Ament/Matt Cameron/Mike McCready/Stone Gossard,230.11,7609110
2180,Love Boat Captain,Riot Act,Pearl Jam,Rock,MPEG audio file,Eddie Vedder,276.45,9016789
2181,Cropduster,Riot Act,Pearl Jam,Rock,MPEG audio file,Matt Cameron,231.89,7588928
2182,Ghost,Riot Act,Pearl Jam,Rock,MPEG audio file,Jeff Ament,195.11,6383772
2183,I Am Mine,Riot Act,Pearl Jam,Rock,MPEG audio file,Eddie Vedder,215.72,7086901
2184,Thumbing My Way,Riot Act,Pearl Jam,Rock,MPEG audio file,Eddie Vedder,250.23,8201437
2185,You Are,Riot Act,Pearl Jam,Rock,MPEG audio file,Matt Cameron,270.86,8938409
2186,Get Right,Riot Act,Pearl Jam,Rock,MPEG audio file,Matt Cameron,158.59,5223345
2187,Green Disease,Riot Act,Pearl Jam,Rock,MPEG audio file,Eddie Vedder,161.25,5375818
2188,Help Help,Riot Act,Pearl Jam,Rock,MPEG audio file,Jeff Ament,215.09,7033002
2189,Bushleager,Riot Act,Pearl Jam,Rock,MPEG audio file,Stone Gossard,237.48,7849757
2190,1/2 Full,Riot Act,Pearl Jam,Rock,MPEG audio file,Jeff Ament,251.01,8197219
2191,Arc,Riot Act,Pearl Jam,Rock,MPEG audio file,Pearl Jam,65.59,2099421
2192,All or None,Riot Act,Pearl Jam,Rock,MPEG audio file,Stone Gossard,277.66,9104728
2193,Once,Ten,Pearl Jam,Rock,MPEG audio file,Stone Gossard,231.76,7561555
2194,Evenflow,Ten,Pearl Jam,Rock,MPEG audio file,Stone Gossard,293.72,9622017
2195,Alive,Ten,Pearl Jam,Rock,MPEG audio file,Stone Gossard,341.08,11176623
2196,Why Go,Ten,Pearl Jam,Rock,MPEG audio file,Jeff Ament,200.25,6539287
2197,Black,Ten,Pearl Jam,Rock,MPEG audio file,Dave Krusen/Stone Gossard,343.82,11213314
2198,Jeremy,Ten,Pearl Jam,Rock,MPEG audio file,Jeff Ament,318.98,10447222
2199,Oceans,Ten,Pearl Jam,Rock,MPEG audio file,Jeff Ament/Stone Gossard,162.19,5282368
2200,Porch,Ten,Pearl Jam,Rock,MPEG audio file,Eddie Vedder,210.52,6877475
2201,Garden,Ten,Pearl Jam,Rock,MPEG audio file,Jeff Ament/Stone Gossard,299.15,9740738
2202,Deep,Ten,Pearl Jam,Rock,MPEG audio file,Jeff Ament/Stone Gossard,258.32,8432497
2203,Release,Ten,Pearl Jam,Rock,MPEG audio file,Jeff Ament/Mike McCready/Stone Gossard,546.06,17802673
2204,Go,Vs.,Pearl Jam,Rock,MPEG audio file,Dave Abbruzzese/Eddie Vedder/Jeff Ament/Mike McCready/Stone Gossard,193.12,6351920
2205,Animal,Vs.,Pearl Jam,Rock,MPEG audio file,Dave Abbruzzese/Eddie Vedder/Jeff Ament/Mike McCready/Stone Gossard,169.33,5503459
2206,Daughter,Vs.,Pearl Jam,Rock,MPEG audio file,Dave Abbruzzese/Eddie Vedder/Jeff Ament/Mike McCready/Stone Gossard,235.60,7824586
2207,Glorified G,Vs.,Pearl Jam,Rock,MPEG audio file,Dave Abbruzzese/Eddie Vedder/Jeff Ament/Mike McCready/Stone Gossard,206.97,6772116
2208,Dissident,Vs.,Pearl Jam,Rock,MPEG audio file,Dave Abbruzzese/Eddie Vedder/Jeff Ament/Mike McCready/Stone Gossard,215.51,7034500
2209,W.M.A.,Vs.,Pearl Jam,Rock,MPEG audio file,Dave Abbruzzese/Eddie Vedder/Jeff Ament/Mike McCready/Stone Gossard,359.26,12037261
2210,Blood,Vs.,Pearl Jam,Rock,MPEG audio file,Dave Abbruzzese/Eddie Vedder/Jeff Ament/Mike McCready/Stone Gossard,170.63,5551478
2211,Rearviewmirror,Vs.,Pearl Jam,Rock,MPEG audio file,Dave Abbruzzese/Eddie Vedder/Jeff Ament/Mike McCready/Stone Gossard,284.19,9321053
2212,Rats,Vs.,Pearl Jam,Rock,MPEG audio file,Dave Abbruzzese/Eddie Vedder/Jeff Ament/Mike McCready/Stone Gossard,255.43,8341934
2213,Elderly Woman Behind The Counter In A Small Town,Vs.,Pearl Jam,Rock,MPEG audio file,Dave Abbruzzese/Eddie Vedder/Jeff Ament/Mike McCready/Stone Gossard,196.34,6499398
2214,Leash,Vs.,Pearl Jam,Rock,MPEG audio file,Dave Abbruzzese/Eddie Vedder/Jeff Ament/Mike McCready/Stone Gossard,189.26,6191560
2215,Indifference,Vs.,Pearl Jam,Rock,MPEG audio file,Dave Abbruzzese/Eddie Vedder/Jeff Ament/Mike McCready/Stone Gossard,302.05,9756133
2216,Johnny B. Goode,Greatest Hits,Lenny Kravitz,Reggae,MPEG audio file,,243.20,8092024
2217,Don't Look Back,Greatest Hits,Lenny Kravitz,Reggae,MPEG audio file,,221.10,7344023
2218,Jah Seh No,Greatest Hits,Lenny Kravitz,Reggae,MPEG audio file,,276.87,9134476
2219,I'm The Toughest,Greatest Hits,Lenny Kravitz,Reggae,MPEG audio file,,230.19,7657594
2220,Nothing But Love,Greatest Hits,Lenny Kravitz,Reggae,MPEG audio file,,221.57,7335228
2221,Buk-In-Hamm Palace,Greatest Hits,Lenny Kravitz,Reggae,MPEG audio file,,265.67,8964369
2222,Bush Doctor,Greatest Hits,Lenny Kravitz,Reggae,MPEG audio file,,239.75,7942299
2223,Wanted Dread And Alive,Greatest Hits,Lenny Kravitz,Reggae,MPEG audio file,,260.31,8670933
2224,Mystic Man,Greatest Hits,Lenny Kravitz,Reggae,MPEG audio file,,353.67,11812170
2225,Coming In Hot,Greatest Hits,Lenny Kravitz,Reggae,MPEG audio file,,213.05,7109414
2226,Pick Myself Up,Greatest Hits,Lenny Kravitz,Reggae,MPEG audio file,,234.68,7788255
2227,Crystal Ball,Greatest Hits,Lenny Kravitz,Reggae,MPEG audio file,,309.73,10319296
2228,Equal Rights Downpresser Man,Greatest Hits,Lenny Kravitz,Reggae,MPEG audio file,,366.73,12086524
2229,Speak To Me/Breathe,Dark Side Of The Moon,Pink Floyd,Rock,MPEG audio file,"Mason/Waters, Gilmour, Wright",234.21,7631305
2230,On The Run,Dark Side Of The Moon,Pink Floyd,Rock,MPEG audio file,"Gilmour, Waters",214.60,7206300
2231,Time,Dark Side Of The Moon,Pink Floyd,Rock,MPEG audio file,"Mason, Waters, Wright, Gilmour",425.20,13955426
2232,The Great Gig In The Sky,Dark Side Of The Moon,Pink Floyd,Rock,MPEG audio file,"Wright, Waters",284.06,9147563
2233,Money,Dark Side Of The Moon,Pink Floyd,Rock,MPEG audio file,Waters,391.89,12930070
2234,Us And Them,Dark Side Of The Moon,Pink Floyd,Rock,MPEG audio file,"Waters, Wright",461.04,15000299
2235,Any Colour You Like,Dark Side Of The Moon,Pink Floyd,Rock,MPEG audio file,"Gilmour, Mason, Wright, Waters",205.74,6707989
2236,Brain Damage,Dark Side Of The Moon,Pink Floyd,Rock,MPEG audio file,Waters,230.56,7497655
2237,Eclipse,Dark Side Of The Moon,Pink Floyd,Rock,MPEG audio file,Waters,125.36,4065299
2238,ZeroVinteUm,Os Cães Ladram Mas A Caravana Não Pára,Planet Hemp,Hip Hop/Rap,MPEG audio file,,315.64,10426550
2239,Queimando Tudo,Os Cães Ladram Mas A Caravana Não Pára,Planet Hemp,Hip Hop/Rap,MPEG audio file,,172.59,5723677
2240,Hip Hop Rio,Os Cães Ladram Mas A Caravana Não Pára,Planet Hemp,Hip Hop/Rap,MPEG audio file,,151.54,4991935
2241,Bossa,Os Cães Ladram Mas A Caravana Não Pára,Planet Hemp,Hip Hop/Rap,MPEG audio file,,29.05,967098
2242,100% HardCore,Os Cães Ladram Mas A Caravana Não Pára,Planet Hemp,Hip Hop/Rap,MPEG audio file,,165.15,5407744
2243,Biruta,Os Cães Ladram Mas A Caravana Não Pára,Planet Hemp,Hip Hop/Rap,MPEG audio file,,213.26,7108200
2244,Mão Na Cabeça,Os Cães Ladram Mas A Caravana Não Pára,Planet Hemp,Hip Hop/Rap,MPEG audio file,,202.63,6642753
2245,O Bicho Tá Pregando,Os Cães Ladram Mas A Caravana Não Pára,Planet Hemp,Hip Hop/Rap,MPEG audio file,,171.96,5683369
2246,Adoled (Ocean),Os Cães Ladram Mas A Caravana Não Pára,Planet Hemp,Hip Hop/Rap,MPEG audio file,,185.10,6009946
2247,Seus Amigos,Os Cães Ladram Mas A Caravana Não Pára,Planet Hemp,Hip Hop/Rap,MPEG audio file,,100.86,3304738
2248,Paga Pau,Os Cães Ladram Mas A Caravana Não Pára,Planet Hemp,Hip Hop/Rap,MPEG audio file,,197.49,6529041
2249,Rappers Reais,Os Cães Ladram Mas A Caravana Não Pára,Planet Hemp,Hip Hop/Rap,MPEG audio file,,202.00,6684160
2250,Nega Do Cabelo Duro,Os Cães Ladram Mas A Caravana Não Pára,Planet Hemp,Hip Hop/Rap,MPEG audio file,,121.81,4116536
2251,Hemp Family,Os Cães Ladram Mas A Caravana Não Pára,Planet Hemp,Hip Hop/Rap,MPEG audio file,,205.92,6806900
2252,Quem Me Cobrou?,Os Cães Ladram Mas A Caravana Não Pára,Planet Hemp,Hip Hop/Rap,MPEG audio file,,121.70,3947664
2253,Se Liga,Os Cães Ladram Mas A Caravana Não Pára,Planet Hemp,Hip Hop/Rap,MPEG audio file,,410.41,13559173
2254,Bohemian Rhapsody,Greatest Hits I,Queen,Rock,MPEG audio file,"Mercury, Freddie",358.95,11619868
2255,Another One Bites The Dust,Greatest Hits I,Queen,Rock,MPEG audio file,"Deacon, John",216.95,7172355
2256,Killer Queen,Greatest Hits I,Queen,Rock,MPEG audio file,"Mercury, Freddie",182.10,5967749
2257,Fat Bottomed Girls,Greatest Hits I,Queen,Rock,MPEG audio file,"May, Brian",204.70,6630041
2258,Bicycle Race,Greatest Hits I,Queen,Rock,MPEG audio file,"Mercury, Freddie",183.82,6012409
2259,You're My Best Friend,Greatest Hits I,Queen,Rock,MPEG audio file,"Deacon, John",172.23,5602173
2260,Don't Stop Me Now,Greatest Hits I,Queen,Rock,MPEG audio file,"Mercury, Freddie",211.83,6896666
2261,Save Me,Greatest Hits I,Queen,Rock,MPEG audio file,"May, Brian",228.83,7444624
2262,Crazy Little Thing Called Love,Greatest Hits I,Queen,Rock,MPEG audio file,"Mercury, Freddie",164.23,5435501
2263,Somebody To Love,Greatest Hits I,Queen,Rock,MPEG audio file,"Mercury, Freddie",297.35,9650520
2264,Now I'm Here,Greatest Hits I,Queen,Rock,MPEG audio file,"May, Brian",255.35,8328312
2265,Good Old-Fashioned Lover Boy,Greatest Hits I,Queen,Rock,MPEG audio file,"Mercury, Freddie",175.96,5747506
2266,Play The Game,Greatest Hits I,Queen,Rock,MPEG audio file,"Mercury, Freddie",213.37,6915832
2267,Flash,Greatest Hits I,Queen,Rock,MPEG audio file,"May, Brian",168.49,5464986
2268,Seven Seas Of Rhye,Greatest Hits I,Queen,Rock,MPEG audio file,"Mercury, Freddie",170.55,5539957
2269,We Will Rock You,Greatest Hits I,Queen,Rock,MPEG audio file,"Deacon, John/May, Brian",122.88,4026955
2270,We Are The Champions,Greatest Hits I,Queen,Rock,MPEG audio file,"Mercury, Freddie",180.95,5880231
2271,We Will Rock You,News Of The World,Queen,Rock,MPEG audio file,May,122.67,4026815
2272,We Are The Champions,News Of The World,Queen,Rock,MPEG audio file,Mercury,182.88,5939794
2273,Sheer Heart Attack,News Of The World,Queen,Rock,MPEG audio file,Taylor,207.39,6642685
2274,"All Dead, All Dead",News Of The World,Queen,Rock,MPEG audio file,May,190.12,6144878
2275,Spread Your Wings,News Of The World,Queen,Rock,MPEG audio file,Deacon,275.36,8936992
2276,Fight From The Inside,News Of The World,Queen,Rock,MPEG audio file,Taylor,184.74,6078001
2277,"Get Down, Make Love",News Of The World,Queen,Rock,MPEG audio file,Mercury,231.24,7509333
2278,Sleep On The Sidewalk,News Of The World,Queen,Rock,MPEG audio file,May,187.43,6099840
2279,Who Needs You,News Of The World,Queen,Rock,MPEG audio file,Deacon,186.96,6292969
2280,It's Late,News Of The World,Queen,Rock,MPEG audio file,May,386.19,12519388
2281,My Melancholy Blues,News Of The World,Queen,Rock,MPEG audio file,Mercury,206.47,6691838
2282,Shiny Happy People,Out Of Time,R.E.M. Feat. Kate Pearson,Alternative & Punk,MPEG audio file,Bill Berry/Michael Stipe/Mike Mills/Peter Buck,226.30,7475323
2283,Me In Honey,Out Of Time,R.E.M. Feat. Kate Pearson,Alternative & Punk,MPEG audio file,Bill Berry/Michael Stipe/Mike Mills/Peter Buck,246.67,8194751
2284,Radio Song,Out Of Time,R.E.M. Feat. Kate Pearson,Alternative & Punk,MPEG audio file,Bill Berry/Michael Stipe/Mike Mills/Peter Buck,255.48,8421172
2285,Pop Song 89,Green,R.E.M.,Alternative & Punk,MPEG audio file,Bill Berry-Peter Buck-Mike Mills-Michael Stipe,185.73,6132218
2286,Get Up,Green,R.E.M.,Alternative & Punk,MPEG audio file,Bill Berry-Peter Buck-Mike Mills-Michael Stipe,160.24,5264376
2287,You Are The Everything,Green,R.E.M.,Alternative & Punk,MPEG audio file,Bill Berry-Peter Buck-Mike Mills-Michael Stipe,226.30,7373181
2288,Stand,Green,R.E.M.,Alternative & Punk,MPEG audio file,Bill Berry-Peter Buck-Mike Mills-Michael Stipe,192.86,6349090
2289,World Leader Pretend,Green,R.E.M.,Alternative & Punk,MPEG audio file,Bill Berry-Peter Buck-Mike Mills-Michael Stipe,259.76,8537282
2290,The Wrong Child,Green,R.E.M.,Alternative & Punk,MPEG audio file,Bill Berry-Peter Buck-Mike Mills-Michael Stipe,216.63,7065060
2291,Orange Crush,Green,R.E.M.,Alternative & Punk,MPEG audio file,Bill Berry-Peter Buck-Mike Mills-Michael Stipe,231.71,7742894
2292,Turn You Inside-Out,Green,R.E.M.,Alternative & Punk,MPEG audio file,Bill Berry-Peter Buck-Mike Mills-Michael Stipe,257.36,8395671
2293,Hairshirt,Green,R.E.M.,Alternative & Punk,MPEG audio file,Bill Berry-Peter Buck-Mike Mills-Michael Stipe,235.91,7753807
2294,I Remember California,Green,R.E.M.,Alternative & Punk,MPEG audio file,Bill Berry-Peter Buck-Mike Mills-Michael Stipe,304.01,9950311
2295,Untitled,Green,R.E.M.,Alternative & Punk,MPEG audio file,Bill Berry-Peter Buck-Mike Mills-Michael Stipe,191.50,6332426
2296,How The West Was Won And Where It Got Us,New Adventures In Hi-Fi,R.E.M.,Rock,MPEG audio file,Bill Berry-Peter Buck-Mike Mills-Michael Stipe,271.15,8994291
2297,The Wake-Up Bomb,New Adventures In Hi-Fi,R.E.M.,Rock,MPEG audio file,Bill Berry-Peter Buck-Mike Mills-Michael Stipe,308.53,10077337
2298,New Test Leper,New Adventures In Hi-Fi,R.E.M.,Rock,MPEG audio file,Bill Berry-Peter Buck-Mike Mills-Michael Stipe,326.79,10866447
2299,Undertow,New Adventures In Hi-Fi,R.E.M.,Rock,MPEG audio file,Bill Berry-Peter Buck-Mike Mills-Michael Stipe,309.50,10131005
2300,E-Bow The Letter,New Adventures In Hi-Fi,R.E.M.,Rock,MPEG audio file,Bill Berry-Peter Buck-Mike Mills-Michael Stipe,324.96,10714576
2301,Leave,New Adventures In Hi-Fi,R.E.M.,Rock,MPEG audio file,Bill Berry-Peter Buck-Mike Mills-Michael Stipe,437.97,14433365
2302,Departure,New Adventures In Hi-Fi,R.E.M.,Rock,MPEG audio file,Bill Berry-Peter Buck-Mike Mills-Michael Stipe,209.42,6818425
2303,Bittersweet Me,New Adventures In Hi-Fi,R.E.M.,Rock,MPEG audio file,Bill Berry-Peter Buck-Mike Mills-Michael Stipe,245.81,8114718
2304,Be Mine,New Adventures In Hi-Fi,R.E.M.,Rock,MPEG audio file,Bill Berry-Peter Buck-Mike Mills-Michael Stipe,333.09,10790541
2305,Binky The Doormat,New Adventures In Hi-Fi,R.E.M.,Rock,MPEG audio file,Bill Berry-Peter Buck-Mike Mills-Michael Stipe,301.69,9950320
2306,Zither,New Adventures In Hi-Fi,R.E.M.,Rock,MPEG audio file,Bill Berry-Peter Buck-Mike Mills-Michael Stipe,154.15,5032962
2307,"So Fast, So Numb",New Adventures In Hi-Fi,R.E.M.,Rock,MPEG audio file,Bill Berry-Peter Buck-Mike Mills-Michael Stipe,252.68,8341223
2308,Low Desert,New Adventures In Hi-Fi,R.E.M.,Rock,MPEG audio file,Bill Berry-Peter Buck-Mike Mills-Michael Stipe,212.06,6989288
2309,Electrolite,New Adventures In Hi-Fi,R.E.M.,Rock,MPEG audio file,Bill Berry-Peter Buck-Mike Mills-Michael Stipe,245.32,8051199
2310,Losing My Religion,Out Of Time,R.E.M. Feat. Kate Pearson,Alternative & Punk,MPEG audio file,Bill Berry/Michael Stipe/Mike Mills/Peter Buck,269.04,8885672
2311,Low,Out Of Time,R.E.M. Feat. Kate Pearson,Alternative & Punk,MPEG audio file,Bill Berry/Michael Stipe/Mike Mills/Peter Buck,296.78,9633860
2312,Near Wild Heaven,Out Of Time,R.E.M. Feat. Kate Pearson,Alternative & Punk,MPEG audio file,Bill Berry/Michael Stipe/Mike Mills/Peter Buck,199.86,6610009
2313,Endgame,Out Of Time,R.E.M. Feat. Kate Pearson,Alternative & Punk,MPEG audio file,Bill Berry/Michael Stipe/Mike Mills/Peter Buck,230.69,7664479
2314,Belong,Out Of Time,R.E.M. Feat. Kate Pearson,Alternative & Punk,MPEG audio file,Bill Berry/Michael Stipe/Mike Mills/Peter Buck,247.01,8219375
2315,Half A World Away,Out Of Time,R.E.M. Feat. Kate Pearson,Alternative & Punk,MPEG audio file,Bill Berry/Michael Stipe/Mike Mills/Peter Buck,208.43,6837283
2316,Texarkana,Out Of Time,R.E.M. Feat. Kate Pearson,Alternative & Punk,MPEG audio file,Bill Berry/Michael Stipe/Mike Mills/Peter Buck,220.08,7260681
2317,Country Feedback,Out Of Time,R.E.M. Feat. Kate Pearson,Alternative & Punk,MPEG audio file,Bill Berry/Michael Stipe/Mike Mills/Peter Buck,249.78,8178943
2318,Carnival Of Sorts,The Best Of R.E.M.: The IRS Years,R.E.M.,Alternative & Punk,MPEG audio file,R.E.M.,233.48,7669658
2319,Radio Free Aurope,The Best Of R.E.M.: The IRS Years,R.E.M.,Alternative & Punk,MPEG audio file,R.E.M.,245.32,8163490
2320,Perfect Circle,The Best Of R.E.M.: The IRS Years,R.E.M.,Alternative & Punk,MPEG audio file,R.E.M.,208.51,6898067
2321,Talk About The Passion,The Best Of R.E.M.: The IRS Years,R.E.M.,Alternative & Punk,MPEG audio file,R.E.M.,203.21,6725435
2322,So Central Rain,The Best Of R.E.M.: The IRS Years,R.E.M.,Alternative & Punk,MPEG audio file,R.E.M.,194.77,6414550
2323,Don't Go Back To Rockville,The Best Of R.E.M.: The IRS Years,R.E.M.,Alternative & Punk,MPEG audio file,R.E.M.,272.35,9010715
2324,Pretty Persuasion,The Best Of R.E.M.: The IRS Years,R.E.M.,Alternative & Punk,MPEG audio file,R.E.M.,229.93,7577754
2325,Green Grow The Rushes,The Best Of R.E.M.: The IRS Years,R.E.M.,Alternative & Punk,MPEG audio file,R.E.M.,225.67,7422425
2326,Can't Get There From Here,The Best Of R.E.M.: The IRS Years,R.E.M.,Alternative & Punk,MPEG audio file,R.E.M.,220.63,7285936
2327,Driver 8,The Best Of R.E.M.: The IRS Years,R.E.M.,Alternative & Punk,MPEG audio file,R.E.M.,204.75,6779076
2328,Fall On Me,The Best Of R.E.M.: The IRS Years,R.E.M.,Alternative & Punk,MPEG audio file,R.E.M.,172.02,5676811
2329,I Believe,The Best Of R.E.M.: The IRS Years,R.E.M.,Alternative & Punk,MPEG audio file,R.E.M.,227.71,7542929
2330,Cuyahoga,The Best Of R.E.M.: The IRS Years,R.E.M.,Alternative & Punk,MPEG audio file,R.E.M.,260.62,8591057
2331,The One I Love,The Best Of R.E.M.: The IRS Years,R.E.M.,Alternative & Punk,MPEG audio file,R.E.M.,197.36,6495125
2332,The Finest Worksong,The Best Of R.E.M.: The IRS Years,R.E.M.,Alternative & Punk,MPEG audio file,R.E.M.,229.28,7574856
2333,It's The End Of The World As We Know It (And I Feel Fine),The Best Of R.E.M.: The IRS Years,R.E.M.,Alternative & Punk,MPEG audio file,R.E.M.,244.82,7998987
2334,Infeliz Natal,Cesta Básica,Raimundos,Alternative & Punk,MPEG audio file,Rodolfo,138.27,4503299
2335,A Sua,Cesta Básica,Raimundos,Alternative & Punk,MPEG audio file,Rodolfo,142.13,4622064
2336,Papeau Nuky Doe,Cesta Básica,Raimundos,Alternative & Punk,MPEG audio file,Rodolfo,121.65,3995022
2337,Merry Christmas,Cesta Básica,Raimundos,Alternative & Punk,MPEG audio file,Rodolfo,126.04,4166652
2338,Bodies,Cesta Básica,Raimundos,Alternative & Punk,MPEG audio file,Rodolfo,180.04,5873778
2339,Puteiro Em João Pessoa,Cesta Básica,Raimundos,Alternative & Punk,MPEG audio file,Rodolfo,195.58,6395490
2340,Esporrei Na Manivela,Cesta Básica,Raimundos,Alternative & Punk,MPEG audio file,Rodolfo,293.28,9618499
2341,Bê-a-Bá,Cesta Básica,Raimundos,Alternative & Punk,MPEG audio file,Rodolfo,249.05,8130636
2342,Cajueiro,Cesta Básica,Raimundos,Alternative & Punk,MPEG audio file,Rodolfo,158.59,5164837
2343,Palhas Do Coqueiro,Cesta Básica,Raimundos,Alternative & Punk,MPEG audio file,Rodolfo,133.85,4396466
2344,Maluco Beleza,Raul Seixas,Raul Seixas,Rock,MPEG audio file,,203.21,6628067
2345,O Dia Em Que A Terra Parou,Raul Seixas,Raul Seixas,Rock,MPEG audio file,,261.72,8586678
2346,No Fundo Do Quintal Da Escola,Raul Seixas,Raul Seixas,Rock,MPEG audio file,,177.61,5836953
2347,O Segredo Do Universo,Raul Seixas,Raul Seixas,Rock,MPEG audio file,,192.68,6315187
2348,As Profecias,Raul Seixas,Raul Seixas,Rock,MPEG audio file,,232.52,7657732
2349,Mata Virgem,Raul Seixas,Raul Seixas,Rock,MPEG audio file,,142.60,4690029
2350,Sapato 36,Raul Seixas,Raul Seixas,Rock,MPEG audio file,,196.70,6507301
2351,Todo Mundo Explica,Raul Seixas,Raul Seixas,Rock,MPEG audio file,,134.90,4449772
2352,Que Luz É Essa,Raul Seixas,Raul Seixas,Rock,MPEG audio file,,165.07,5620058
2353,Diamante De Mendigo,Raul Seixas,Raul Seixas,Rock,MPEG audio file,,206.05,6775101
2354,Negócio É,Raul Seixas,Raul Seixas,Rock,MPEG audio file,,175.46,5826775
2355,"Muita Estrela, Pouca Constelação",Raul Seixas,Raul Seixas,Rock,MPEG audio file,,268.07,8781021
2356,Século XXI,Raul Seixas,Raul Seixas,Rock,MPEG audio file,,244.90,8040563
2357,Rock Das Aranhas (Ao Vivo) (Live),Raul Seixas,Raul Seixas,Rock,MPEG audio file,,231.84,7591945
2358,The Power Of Equality,Blood Sugar Sex Magik,Red Hot Chili Peppers,Alternative & Punk,MPEG audio file,Anthony Kiedis/Chad Smith/Flea/John Frusciante,243.59,8148266
2359,If You Have To Ask,Blood Sugar Sex Magik,Red Hot Chili Peppers,Alternative & Punk,MPEG audio file,Anthony Kiedis/Chad Smith/Flea/John Frusciante,216.79,7199175
2360,Breaking The Girl,Blood Sugar Sex Magik,Red Hot Chili Peppers,Alternative & Punk,MPEG audio file,Anthony Kiedis/Chad Smith/Flea/John Frusciante,295.50,9805526
2361,Funky Monks,Blood Sugar Sex Magik,Red Hot Chili Peppers,Alternative & Punk,MPEG audio file,Anthony Kiedis/Chad Smith/Flea/John Frusciante,323.40,10708168
2362,Suck My Kiss,Blood Sugar Sex Magik,Red Hot Chili Peppers,Alternative & Punk,MPEG audio file,Anthony Kiedis/Chad Smith/Flea/John Frusciante,217.23,7129137
2363,I Could Have Lied,Blood Sugar Sex Magik,Red Hot Chili Peppers,Alternative & Punk,MPEG audio file,Anthony Kiedis/Chad Smith/Flea/John Frusciante,244.51,8088244
2364,Mellowship Slinky In B Major,Blood Sugar Sex Magik,Red Hot Chili Peppers,Alternative & Punk,MPEG audio file,Anthony Kiedis/Chad Smith/Flea/John Frusciante,240.09,7971384
2365,The Righteous & The Wicked,Blood Sugar Sex Magik,Red Hot Chili Peppers,Alternative & Punk,MPEG audio file,Anthony Kiedis/Chad Smith/Flea/John Frusciante,248.08,8134096
2366,Give It Away,Blood Sugar Sex Magik,Red Hot Chili Peppers,Alternative & Punk,MPEG audio file,Anthony Kiedis/Chad Smith/Flea/John Frusciante,283.01,9308997
2367,Blood Sugar Sex Magik,Blood Sugar Sex Magik,Red Hot Chili Peppers,Alternative & Punk,MPEG audio file,Anthony Kiedis/Chad Smith/Flea/John Frusciante,271.23,8940573
2368,Under The Bridge,Blood Sugar Sex Magik,Red Hot Chili Peppers,Alternative & Punk,MPEG audio file,Anthony Kiedis/Chad Smith/Flea/John Frusciante,264.36,8682716
2369,Naked In The Rain,Blood Sugar Sex Magik,Red Hot Chili Peppers,Alternative & Punk,MPEG audio file,Anthony Kiedis/Chad Smith/Flea/John Frusciante,265.72,8724674
2370,Apache Rose Peacock,Blood Sugar Sex Magik,Red Hot Chili Peppers,Alternative & Punk,MPEG audio file,Anthony Kiedis/Chad Smith/Flea/John Frusciante,282.23,9312588
2371,The Greeting Song,Blood Sugar Sex Magik,Red Hot Chili Peppers,Alternative & Punk,MPEG audio file,Anthony Kiedis/Chad Smith/Flea/John Frusciante,193.59,6346507
2372,My Lovely Man,Blood Sugar Sex Magik,Red Hot Chili Peppers,Alternative & Punk,MPEG audio file,Anthony Kiedis/Chad Smith/Flea/John Frusciante,279.12,9220114
2373,Sir Psycho Sexy,Blood Sugar Sex Magik,Red Hot Chili Peppers,Alternative & Punk,MPEG audio file,Anthony Kiedis/Chad Smith/Flea/John Frusciante,496.69,16354362
2374,They're Red Hot,Blood Sugar Sex Magik,Red Hot Chili Peppers,Alternative & Punk,MPEG audio file,Robert Johnson,71.94,2382220
2375,By The Way,By The Way,Red Hot Chili Peppers,Rock,MPEG audio file,"Anthony Kiedis, Flea, John Frusciante, and Chad Smith",218.02,7197430
2376,Universally Speaking,By The Way,Red Hot Chili Peppers,Rock,MPEG audio file,"Anthony Kiedis, Flea, John Frusciante, and Chad Smith",259.21,8501904
2377,This Is The Place,By The Way,Red Hot Chili Peppers,Rock,MPEG audio file,"Anthony Kiedis, Flea, John Frusciante, and Chad Smith",257.91,8469765
2378,Dosed,By The Way,Red Hot Chili Peppers,Rock,MPEG audio file,"Anthony Kiedis, Flea, John Frusciante, and Chad Smith",312.06,10235611
2379,Don't Forget Me,By The Way,Red Hot Chili Peppers,Rock,MPEG audio file,"Anthony Kiedis, Flea, John Frusciante, and Chad Smith",278.00,9107071
2380,The Zephyr Song,By The Way,Red Hot Chili Peppers,Rock,MPEG audio file,"Anthony Kiedis, Flea, John Frusciante, and Chad Smith",232.96,7690312
2381,Can't Stop,By The Way,Red Hot Chili Peppers,Rock,MPEG audio file,"Anthony Kiedis, Flea, John Frusciante, and Chad Smith",269.40,8872479
2382,I Could Die For You,By The Way,Red Hot Chili Peppers,Rock,MPEG audio file,"Anthony Kiedis, Flea, John Frusciante, and Chad Smith",193.91,6333311
2383,Midnight,By The Way,Red Hot Chili Peppers,Rock,MPEG audio file,"Anthony Kiedis, Flea, John Frusciante, and Chad Smith",295.81,9702450
2384,Throw Away Your Television,By The Way,Red Hot Chili Peppers,Rock,MPEG audio file,"Anthony Kiedis, Flea, John Frusciante, and Chad Smith",224.57,7483526
2385,Cabron,By The Way,Red Hot Chili Peppers,Rock,MPEG audio file,"Anthony Kiedis, Flea, John Frusciante, and Chad Smith",218.59,7458864
2386,Tear,By The Way,Red Hot Chili Peppers,Rock,MPEG audio file,"Anthony Kiedis, Flea, John Frusciante, and Chad Smith",317.41,10395500
2387,On Mercury,By The Way,Red Hot Chili Peppers,Rock,MPEG audio file,"Anthony Kiedis, Flea, John Frusciante, and Chad Smith",208.51,6834762
2388,Minor Thing,By The Way,Red Hot Chili Peppers,Rock,MPEG audio file,"Anthony Kiedis, Flea, John Frusciante, and Chad Smith",217.84,7148115
2389,Warm Tape,By The Way,Red Hot Chili Peppers,Rock,MPEG audio file,"Anthony Kiedis, Flea, John Frusciante, and Chad Smith",256.65,8358200
2390,Venice Queen,By The Way,Red Hot Chili Peppers,Rock,MPEG audio file,"Anthony Kiedis, Flea, John Frusciante, and Chad Smith",369.11,12280381
2391,Around The World,Californication,Red Hot Chili Peppers,Rock,MPEG audio file,Anthony Kiedis/Chad Smith/Flea/John Frusciante,238.84,7859167
2392,Parallel Universe,Californication,Red Hot Chili Peppers,Rock,MPEG audio file,Red Hot Chili Peppers,270.65,8958519
2393,Scar Tissue,Californication,Red Hot Chili Peppers,Rock,MPEG audio file,Red Hot Chili Peppers,217.47,7153744
2394,Otherside,Californication,Red Hot Chili Peppers,Rock,MPEG audio file,Red Hot Chili Peppers,255.97,8357989
2395,Get On Top,Californication,Red Hot Chili Peppers,Rock,MPEG audio file,Red Hot Chili Peppers,198.16,6587883
2396,Californication,Californication,Red Hot Chili Peppers,Rock,MPEG audio file,Red Hot Chili Peppers,321.67,10568999
2397,Easily,Californication,Red Hot Chili Peppers,Rock,MPEG audio file,Red Hot Chili Peppers,231.42,7504534
2398,Porcelain,Californication,Red Hot Chili Peppers,Rock,MPEG audio file,Anthony Kiedis/Chad Smith/Flea/John Frusciante,163.79,5278793
2399,Emit Remmus,Californication,Red Hot Chili Peppers,Rock,MPEG audio file,Red Hot Chili Peppers,240.30,7901717
2400,I Like Dirt,Californication,Red Hot Chili Peppers,Rock,MPEG audio file,Red Hot Chili Peppers,157.73,5225917
2401,This Velvet Glove,Californication,Red Hot Chili Peppers,Rock,MPEG audio file,Red Hot Chili Peppers,225.28,7480537
2402,Savior,Californication,Red Hot Chili Peppers,Rock,MPEG audio file,Anthony Kiedis/Chad Smith/Flea/John Frusciante,292.49,9551885
2403,Purple Stain,Californication,Red Hot Chili Peppers,Rock,MPEG audio file,Red Hot Chili Peppers,253.44,8359971
2404,Right On Time,Californication,Red Hot Chili Peppers,Rock,MPEG audio file,Red Hot Chili Peppers,112.61,3722219
2405,Road Trippin',Californication,Red Hot Chili Peppers,Rock,MPEG audio file,Red Hot Chili Peppers,205.64,6685831
2406,The Spirit Of Radio,Retrospective I (1974-1980),Rush,Rock,MPEG audio file,Geddy Lee And Alex Lifeson/Geddy Lee And Neil Peart/Rush,299.15,9862012
2407,The Trees,Retrospective I (1974-1980),Rush,Rock,MPEG audio file,Geddy Lee And Alex Lifeson/Geddy Lee And Neil Peart/Rush,285.13,9345473
2408,Something For Nothing,Retrospective I (1974-1980),Rush,Rock,MPEG audio file,Geddy Lee And Alex Lifeson/Geddy Lee And Neil Peart/Rush,240.77,7898395
2409,Freewill,Retrospective I (1974-1980),Rush,Rock,MPEG audio file,Geddy Lee And Alex Lifeson/Geddy Lee And Neil Peart/Rush,324.36,10694110
2410,Xanadu,Retrospective I (1974-1980),Rush,Rock,MPEG audio file,Geddy Lee And Alex Lifeson/Geddy Lee And Neil Peart/Rush,667.43,21753168
2411,Bastille Day,Retrospective I (1974-1980),Rush,Rock,MPEG audio file,Geddy Lee And Alex Lifeson/Geddy Lee And Neil Peart/Rush,280.53,9264769
2412,By-Tor And The Snow Dog,Retrospective I (1974-1980),Rush,Rock,MPEG audio file,Geddy Lee And Alex Lifeson/Geddy Lee And Neil Peart/Rush,519.89,17076397
2413,Anthem,Retrospective I (1974-1980),Rush,Rock,MPEG audio file,Geddy Lee And Alex Lifeson/Geddy Lee And Neil Peart/Rush,264.52,8693343
2414,Closer To The Heart,Retrospective I (1974-1980),Rush,Rock,MPEG audio file,Geddy Lee And Alex Lifeson/Geddy Lee And Neil Peart/Rush,175.41,5767005
2415,2112 Overture,Retrospective I (1974-1980),Rush,Rock,MPEG audio file,Geddy Lee And Alex Lifeson/Geddy Lee And Neil Peart/Rush,272.72,8898066
2416,The Temples Of Syrinx,Retrospective I (1974-1980),Rush,Rock,MPEG audio file,Geddy Lee And Alex Lifeson/Geddy Lee And Neil Peart/Rush,133.46,4360163
2417,La Villa Strangiato,Retrospective I (1974-1980),Rush,Rock,MPEG audio file,Geddy Lee And Alex Lifeson/Geddy Lee And Neil Peart/Rush,577.49,19137855
2418,Fly By Night,Retrospective I (1974-1980),Rush,Rock,MPEG audio file,Geddy Lee And Alex Lifeson/Geddy Lee And Neil Peart/Rush,202.32,6683061
2419,Finding My Way,Retrospective I (1974-1980),Rush,Rock,MPEG audio file,Geddy Lee And Alex Lifeson/Geddy Lee And Neil Peart/Rush,305.53,9985701
2420,Jingo,Santana - As Years Go By,Santana,Rock,MPEG audio file,M.Babatunde Olantunji,592.95,19736495
2421,El Corazon Manda,Santana - As Years Go By,Santana,Rock,MPEG audio file,E.Weiss,713.53,23519583
2422,La Puesta Del Sol,Santana - As Years Go By,Santana,Rock,MPEG audio file,E.Weiss,628.06,20614621
2423,Persuasion,Santana - As Years Go By,Santana,Rock,MPEG audio file,Carlos Santana,318.43,10354751
2424,As The Years Go by,Santana - As Years Go By,Santana,Rock,MPEG audio file,Albert King,233.06,7566829
2425,Soul Sacrifice,Santana - As Years Go By,Santana,Rock,MPEG audio file,Carlos Santana,296.44,9801120
2426,Fried Neckbones And Home Fries,Santana - As Years Go By,Santana,Rock,MPEG audio file,W.Correa,638.56,20939646
2427,Santana Jam,Santana - As Years Go By,Santana,Rock,MPEG audio file,Carlos Santana,882.83,29207100
2428,Evil Ways,Santana Live,Santana,Rock,MPEG audio file,,475.40,15289235
2429,We've Got To Get Together/Jingo,Santana Live,Santana,Rock,MPEG audio file,,1070.03,34618222
2430,Rock Me,Santana Live,Santana,Rock,MPEG audio file,,94.72,3037596
2431,Just Ain't Good Enough,Santana Live,Santana,Rock,MPEG audio file,,850.26,27489067
2432,Funky Piano,Santana Live,Santana,Rock,MPEG audio file,,934.79,30200730
2433,The Way You Do To Mer,Santana Live,Santana,Rock,MPEG audio file,,618.34,20028702
2434,Holding Back The Years,Greatest Hits,Lenny Kravitz,Rock,MPEG audio file,Mick Hucknall and Neil Moss,270.05,8833220
2435,Money's Too Tight To Mention,Greatest Hits,Lenny Kravitz,Rock,MPEG audio file,John and William Valentine,268.41,8861921
2436,The Right Thing,Greatest Hits,Lenny Kravitz,Rock,MPEG audio file,Mick Hucknall,262.69,8624063
2437,It's Only Love,Greatest Hits,Lenny Kravitz,Rock,MPEG audio file,Jimmy and Vella Cameron,232.59,7659017
2438,A New Flame,Greatest Hits,Lenny Kravitz,Rock,MPEG audio file,Mick Hucknall,237.66,7822875
2439,You've Got It,Greatest Hits,Lenny Kravitz,Rock,MPEG audio file,Mick Hucknall and Lamont Dozier,235.23,7712845
2440,If You Don't Know Me By Now,Greatest Hits,Lenny Kravitz,Rock,MPEG audio file,Kenny Gamble and Leon Huff,206.52,6712634
2441,Stars,Greatest Hits,Lenny Kravitz,Rock,MPEG audio file,Mick Hucknall,248.14,8194906
2442,Something Got Me Started,Greatest Hits,Lenny Kravitz,Rock,MPEG audio file,Mick Hucknall and Fritz McIntyre,239.60,7997139
2443,Thrill Me,Greatest Hits,Lenny Kravitz,Rock,MPEG audio file,Mick Hucknall and Fritz McIntyre,303.93,10034711
2444,Your Mirror,Greatest Hits,Lenny Kravitz,Rock,MPEG audio file,Mick Hucknall,240.67,7893821
2445,For Your Babies,Greatest Hits,Lenny Kravitz,Rock,MPEG audio file,Mick Hucknall,256.99,8408803
2446,So Beautiful,Greatest Hits,Lenny Kravitz,Rock,MPEG audio file,Mick Hucknall,298.08,9837832
2447,Angel,Greatest Hits,Lenny Kravitz,Rock,MPEG audio file,Carolyn Franklin and Sonny Saunders,240.56,7880256
2448,Fairground,Greatest Hits,Lenny Kravitz,Rock,MPEG audio file,Mick Hucknall,263.89,8793094
2449,Água E Fogo,Maquinarama,Skank,Rock,MPEG audio file,Chico Amaral/Edgard Scandurra/Samuel Rosa,278.99,9272272
2450,Três Lados,Maquinarama,Skank,Rock,MPEG audio file,Chico Amaral/Samuel Rosa,233.67,7699609
2451,Ela Desapareceu,Maquinarama,Skank,Rock,MPEG audio file,Chico Amaral/Samuel Rosa,250.12,8289200
2452,Balada Do Amor Inabalável,Maquinarama,Skank,Rock,MPEG audio file,Fausto Fawcett/Samuel Rosa,240.61,8025816
2453,Canção Noturna,Maquinarama,Skank,Rock,MPEG audio file,Chico Amaral/Lelo Zanettik,238.63,7874774
2454,Muçulmano,Maquinarama,Skank,Rock,MPEG audio file,"Leão, Rodrigo F./Samuel Rosa",249.60,8270613
2455,Maquinarama,Maquinarama,Skank,Rock,MPEG audio file,Chico Amaral/Samuel Rosa,245.63,8213710
2456,Rebelião,Maquinarama,Skank,Rock,MPEG audio file,Chico Amaral/Samuel Rosa,298.53,9817847
2457,A Última Guerra,Maquinarama,Skank,Rock,MPEG audio file,"Leão, Rodrigo F./Lô Borges/Samuel Rosa",314.72,10480391
2458,Fica,Maquinarama,Skank,Rock,MPEG audio file,Chico Amaral/Samuel Rosa,272.17,8980972
2459,Ali,Maquinarama,Skank,Rock,MPEG audio file,Nando Reis/Samuel Rosa,306.39,10110351
2460,Preto Damião,Maquinarama,Skank,Rock,MPEG audio file,Chico Amaral/Samuel Rosa,264.57,8697658
2461,É Uma Partida De Futebol,O Samba Poconé,Skank,Rock,MPEG audio file,Samuel Rosa,1.07,38747
2462,Eu Disse A Ela,O Samba Poconé,Skank,Rock,MPEG audio file,Samuel Rosa,254.22,8479463
2463,Zé Trindade,O Samba Poconé,Skank,Rock,MPEG audio file,Samuel Rosa,247.95,8331310
2464,Garota Nacional,O Samba Poconé,Skank,Rock,MPEG audio file,Samuel Rosa,317.49,10511239
2465,Tão Seu,O Samba Poconé,Skank,Rock,MPEG audio file,Samuel Rosa,243.75,8133126
2466,Sem Terra,O Samba Poconé,Skank,Rock,MPEG audio file,Samuel Rosa,279.35,9196411
2467,Os Exilados,O Samba Poconé,Skank,Rock,MPEG audio file,Samuel Rosa,245.55,8222095
2468,Um Dia Qualquer,O Samba Poconé,Skank,Rock,MPEG audio file,Samuel Rosa,292.41,9805570
2469,Los Pretos,O Samba Poconé,Skank,Rock,MPEG audio file,Samuel Rosa,239.23,8025667
2470,Sul Da América,O Samba Poconé,Skank,Rock,MPEG audio file,Samuel Rosa,254.93,8484871
2471,Poconé,O Samba Poconé,Skank,Rock,MPEG audio file,Samuel Rosa,318.41,10771610
2472,Lucky 13,Judas 0: B-Sides and Rarities,Smashing Pumpkins,Alternative & Punk,MPEG audio file,Billy Corgan,189.39,6200617
2473,Aeroplane Flies High,Judas 0: B-Sides and Rarities,Smashing Pumpkins,Alternative & Punk,MPEG audio file,Billy Corgan,473.39,15408329
2474,Because You Are,Judas 0: B-Sides and Rarities,Smashing Pumpkins,Alternative & Punk,MPEG audio file,Billy Corgan,226.40,7405137
2475,Slow Dawn,Judas 0: B-Sides and Rarities,Smashing Pumpkins,Alternative & Punk,MPEG audio file,Billy Corgan,192.34,6269057
2476,Believe,Judas 0: B-Sides and Rarities,Smashing Pumpkins,Alternative & Punk,MPEG audio file,James Iha,192.94,6320652
2477,My Mistake,Judas 0: B-Sides and Rarities,Smashing Pumpkins,Alternative & Punk,MPEG audio file,Billy Corgan,240.90,7843477
2478,Marquis In Spades,Judas 0: B-Sides and Rarities,Smashing Pumpkins,Alternative & Punk,MPEG audio file,Billy Corgan,192.73,6304789
2479,Here's To The Atom Bomb,Judas 0: B-Sides and Rarities,Smashing Pumpkins,Alternative & Punk,MPEG audio file,Billy Corgan,266.89,8763140
2480,Sparrow,Judas 0: B-Sides and Rarities,Smashing Pumpkins,Alternative & Punk,MPEG audio file,Billy Corgan,176.82,5696989
2481,Waiting,Judas 0: B-Sides and Rarities,Smashing Pumpkins,Alternative & Punk,MPEG audio file,Billy Corgan,228.34,7627641
2482,Saturnine,Judas 0: B-Sides and Rarities,Smashing Pumpkins,Alternative & Punk,MPEG audio file,Billy Corgan,229.88,7523502
2483,Rock On,Judas 0: B-Sides and Rarities,Smashing Pumpkins,Alternative & Punk,MPEG audio file,David Cook,366.47,12133825
2484,Set The Ray To Jerry,Judas 0: B-Sides and Rarities,Smashing Pumpkins,Alternative & Punk,MPEG audio file,Billy Corgan,249.36,8215184
2485,Winterlong,Judas 0: B-Sides and Rarities,Smashing Pumpkins,Alternative & Punk,MPEG audio file,Billy Corgan,299.39,9670616
2486,Soot & Stars,Judas 0: B-Sides and Rarities,Smashing Pumpkins,Alternative & Punk,MPEG audio file,Billy Corgan,399.99,12866557
2487,Blissed & Gone,Judas 0: B-Sides and Rarities,Smashing Pumpkins,Alternative & Punk,MPEG audio file,Billy Corgan,286.30,9305998
2488,Siva,Rotten Apples: Greatest Hits,Smashing Pumpkins,Alternative & Punk,MPEG audio file,Billy Corgan,261.17,8576622
2489,Rhinocerous,Rotten Apples: Greatest Hits,Smashing Pumpkins,Alternative & Punk,MPEG audio file,Billy Corgan,353.46,11526684
2490,Drown,Rotten Apples: Greatest Hits,Smashing Pumpkins,Alternative & Punk,MPEG audio file,Billy Corgan,270.50,8883496
2491,Cherub Rock,Rotten Apples: Greatest Hits,Smashing Pumpkins,Alternative & Punk,MPEG audio file,Billy Corgan,299.39,9786739
2492,Today,Rotten Apples: Greatest Hits,Smashing Pumpkins,Alternative & Punk,MPEG audio file,Billy Corgan,202.21,6596933
2493,Disarm,Rotten Apples: Greatest Hits,Smashing Pumpkins,Alternative & Punk,MPEG audio file,Billy Corgan,198.56,6508249
2494,Landslide,Rotten Apples: Greatest Hits,Smashing Pumpkins,Alternative & Punk,MPEG audio file,Stevie Nicks,190.28,6187754
2495,Bullet With Butterfly Wings,Rotten Apples: Greatest Hits,Smashing Pumpkins,Alternative & Punk,MPEG audio file,Billy Corgan,257.31,8431747
2496,1979,Rotten Apples: Greatest Hits,Smashing Pumpkins,Alternative & Punk,MPEG audio file,Billy Corgan,263.65,8728470
2497,Zero,Rotten Apples: Greatest Hits,Smashing Pumpkins,Alternative & Punk,MPEG audio file,Billy Corgan,161.12,5267176
2498,"Tonight, Tonight",Rotten Apples: Greatest Hits,Smashing Pumpkins,Alternative & Punk,MPEG audio file,Billy Corgan,255.69,8351543
2499,Eye,Rotten Apples: Greatest Hits,Smashing Pumpkins,Alternative & Punk,MPEG audio file,Billy Corgan,294.53,9784201
2500,Ava Adore,Rotten Apples: Greatest Hits,Smashing Pumpkins,Alternative & Punk,MPEG audio file,Billy Corgan,261.43,8590412
2501,Perfect,Rotten Apples: Greatest Hits,Smashing Pumpkins,Alternative & Punk,MPEG audio file,Billy Corgan,203.02,6734636
2502,The Everlasting Gaze,Rotten Apples: Greatest Hits,Smashing Pumpkins,Alternative & Punk,MPEG audio file,Billy Corgan,242.16,7844404
2503,Stand Inside Your Love,Rotten Apples: Greatest Hits,Smashing Pumpkins,Alternative & Punk,MPEG audio file,Billy Corgan,253.75,8270113
2504,Real Love,Rotten Apples: Greatest Hits,Smashing Pumpkins,Alternative & Punk,MPEG audio file,Billy Corgan,250.70,8025896
2505,[Untitled],Rotten Apples: Greatest Hits,Smashing Pumpkins,Alternative & Punk,MPEG audio file,Billy Corgan,231.78,7689713
2506,Nothing To Say,A-Sides,Soundgarden,Rock,MPEG audio file,Chris Cornell/Kim Thayil,238.03,7744833
2507,Flower,A-Sides,Soundgarden,Rock,MPEG audio file,Chris Cornell/Kim Thayil,208.82,6830732
2508,Loud Love,A-Sides,Soundgarden,Rock,MPEG audio file,Chris Cornell,297.46,9660953
2509,Hands All Over,A-Sides,Soundgarden,Rock,MPEG audio file,Chris Cornell/Kim Thayil,362.48,11893108
2510,Get On The Snake,A-Sides,Soundgarden,Rock,MPEG audio file,Chris Cornell/Kim Thayil,225.12,7313744
2511,Jesus Christ Pose,A-Sides,Soundgarden,Rock,MPEG audio file,Ben Shepherd/Chris Cornell/Kim Thayil/Matt Cameron,352.97,11739886
2512,Outshined,A-Sides,Soundgarden,Rock,MPEG audio file,Chris Cornell,312.48,10274629
2513,Rusty Cage,A-Sides,Soundgarden,Rock,MPEG audio file,Chris Cornell,267.73,8779485
2514,Spoonman,A-Sides,Soundgarden,Rock,MPEG audio file,Chris Cornell,248.48,8289906
2515,The Day I Tried To Live,A-Sides,Soundgarden,Rock,MPEG audio file,Chris Cornell,321.18,10507137
2516,Black Hole Sun,A-Sides,Soundgarden,Rock,MPEG audio file,Soundgarden,320.37,10425229
2517,Fell On Black Days,A-Sides,Soundgarden,Rock,MPEG audio file,Chris Cornell,282.33,9256082
2518,Pretty Noose,A-Sides,Soundgarden,Rock,MPEG audio file,Chris Cornell,253.57,8317931
2519,Burden In My Hand,A-Sides,Soundgarden,Rock,MPEG audio file,Chris Cornell,292.15,9659911
2520,Blow Up The Outside World,A-Sides,Soundgarden,Rock,MPEG audio file,Chris Cornell,347.90,11379527
2521,Ty Cobb,A-Sides,Soundgarden,Rock,MPEG audio file,Ben Shepherd/Chris Cornell,188.79,6233136
2522,Bleed Together,A-Sides,Soundgarden,Rock,MPEG audio file,Chris Cornell,232.20,7597074
2523,Morning Dance,Morning Dance,Spyro Gyra,Jazz,MPEG audio file,Jay Beckenstein,238.76,8101979
2524,Jubilee,Morning Dance,Spyro Gyra,Jazz,MPEG audio file,Jeremy Wall,275.15,9151846
2525,Rasul,Morning Dance,Spyro Gyra,Jazz,MPEG audio file,Jeremy Wall,238.32,7854737
2526,Song For Lorraine,Morning Dance,Spyro Gyra,Jazz,MPEG audio file,Jay Beckenstein,240.09,8101723
2527,Starburst,Morning Dance,Spyro Gyra,Jazz,MPEG audio file,Jeremy Wall,291.50,9768399
2528,Heliopolis,Morning Dance,Spyro Gyra,Jazz,MPEG audio file,Jay Beckenstein,338.73,11365655
2529,It Doesn't Matter,Morning Dance,Spyro Gyra,Jazz,MPEG audio file,Chet Catallo,270.03,9034177
2530,Little Linda,Morning Dance,Spyro Gyra,Jazz,MPEG audio file,Jeremy Wall,264.02,8958743
2531,End Of Romanticism,Morning Dance,Spyro Gyra,Jazz,MPEG audio file,Rick Strauss,320.08,10553155
2532,The House Is Rockin',In Step,Stevie Ray Vaughan & Double Trouble,Blues,MPEG audio file,Doyle Bramhall/Stevie Ray Vaughan,144.35,4706253
2533,Crossfire,In Step,Stevie Ray Vaughan & Double Trouble,Blues,MPEG audio file,B. Carter/C. Layton/R. Ellsworth/R. Wynans/T. Shannon,251.22,8238033
2534,Tightrope,In Step,Stevie Ray Vaughan & Double Trouble,Blues,MPEG audio file,Doyle Bramhall/Stevie Ray Vaughan,281.16,9254906
2535,Let Me Love You Baby,In Step,Stevie Ray Vaughan & Double Trouble,Blues,MPEG audio file,Willie Dixon,164.13,5378455
2536,Leave My Girl Alone,In Step,Stevie Ray Vaughan & Double Trouble,Blues,MPEG audio file,B. Guy,256.37,8438021
2537,Travis Walk,In Step,Stevie Ray Vaughan & Double Trouble,Blues,MPEG audio file,Stevie Ray Vaughan,140.83,4650979
2538,Wall Of Denial,In Step,Stevie Ray Vaughan & Double Trouble,Blues,MPEG audio file,Doyle Bramhall/Stevie Ray Vaughan,336.93,11085915
2539,Scratch-N-Sniff,In Step,Stevie Ray Vaughan & Double Trouble,Blues,MPEG audio file,Doyle Bramhall/Stevie Ray Vaughan,163.42,5353627
2540,Love Me Darlin',In Step,Stevie Ray Vaughan & Double Trouble,Blues,MPEG audio file,C. Burnett,201.59,6650869
2541,Riviera Paradise,In Step,Stevie Ray Vaughan & Double Trouble,Blues,MPEG audio file,Stevie Ray Vaughan,528.69,17232776
2542,Dead And Bloated,Core,Stone Temple Pilots,Rock,MPEG audio file,R. DeLeo/Weiland,310.39,10170433
2543,Sex Type Thing,Core,Stone Temple Pilots,Rock,MPEG audio file,D. DeLeo/Kretz/Weiland,218.72,7102064
2544,Wicked Garden,Core,Stone Temple Pilots,Rock,MPEG audio file,D. DeLeo/R. DeLeo/Weiland,245.37,7989505
2545,No Memory,Core,Stone Temple Pilots,Rock,MPEG audio file,Dean Deleo,80.61,2660859
2546,Sin,Core,Stone Temple Pilots,Rock,MPEG audio file,R. DeLeo/Weiland,364.80,12018823
2547,Naked Sunday,Core,Stone Temple Pilots,Rock,MPEG audio file,D. DeLeo/Kretz/R. DeLeo/Weiland,229.72,7444201
2548,Creep,Core,Stone Temple Pilots,Rock,MPEG audio file,R. DeLeo/Weiland,333.19,10894988
2549,Piece Of Pie,Core,Stone Temple Pilots,Rock,MPEG audio file,R. DeLeo/Weiland,324.62,10605231
2550,Plush,Core,Stone Temple Pilots,Rock,MPEG audio file,R. DeLeo/Weiland,314.02,10229848
2551,Wet My Bed,Core,Stone Temple Pilots,Rock,MPEG audio file,R. DeLeo/Weiland,96.91,3198627
2552,Crackerman,Core,Stone Temple Pilots,Rock,MPEG audio file,Kretz/R. DeLeo/Weiland,194.40,6317361
2553,Where The River Goes,Core,Stone Temple Pilots,Rock,MPEG audio file,D. DeLeo/Kretz/Weiland,505.99,16468904
2554,Soldier Side - Intro,Mezmerize,System Of A Down,Metal,MPEG audio file,"Dolmayan, John/Malakian, Daron/Odadjian, Shavo",63.76,2056079
2555,B.Y.O.B.,Mezmerize,System Of A Down,Metal,MPEG audio file,"Tankian, Serj",255.56,8407935
2556,Revenga,Mezmerize,System Of A Down,Metal,MPEG audio file,"Tankian, Serj",228.13,7503805
2557,Cigaro,Mezmerize,System Of A Down,Metal,MPEG audio file,"Tankian, Serj",131.79,4321705
2558,Radio/Video,Mezmerize,System Of A Down,Metal,MPEG audio file,"Dolmayan, John/Malakian, Daron/Odadjian, Shavo",249.31,8224917
2559,This Cocaine Makes Me Feel Like I'm On This Song,Mezmerize,System Of A Down,Metal,MPEG audio file,"Tankian, Serj",128.34,4185193
2560,Violent Pornography,Mezmerize,System Of A Down,Metal,MPEG audio file,"Dolmayan, John/Malakian, Daron/Odadjian, Shavo",211.44,6985960
2561,Question!,Mezmerize,System Of A Down,Metal,MPEG audio file,"Tankian, Serj",200.70,6616398
2562,Sad Statue,Mezmerize,System Of A Down,Metal,MPEG audio file,"Tankian, Serj",205.90,6733449
2563,Old School Hollywood,Mezmerize,System Of A Down,Metal,MPEG audio file,"Dolmayan, John/Malakian, Daron/Odadjian, Shavo",176.95,5830258
2564,Lost in Hollywood,Mezmerize,System Of A Down,Metal,MPEG audio file,"Tankian, Serj",320.78,10535158
2565,The Sun Road,[1997] Black Light Syndrome,"Terry Bozzio, Tony Levin & Steve Stevens",Rock,MPEG audio file,"Terry Bozzio, Steve Stevens, Tony Levin",880.64,29008407
2566,Dark Corners,[1997] Black Light Syndrome,"Terry Bozzio, Tony Levin & Steve Stevens",Rock,MPEG audio file,"Terry Bozzio, Steve Stevens, Tony Levin",513.54,16839223
2567,Duende,[1997] Black Light Syndrome,"Terry Bozzio, Tony Levin & Steve Stevens",Rock,MPEG audio file,"Terry Bozzio, Steve Stevens, Tony Levin",447.58,14956771
2568,Black Light Syndrome,[1997] Black Light Syndrome,"Terry Bozzio, Tony Levin & Steve Stevens",Rock,MPEG audio file,"Terry Bozzio, Steve Stevens, Tony Levin",526.47,17300835
2569,Falling in Circles,[1997] Black Light Syndrome,"Terry Bozzio, Tony Levin & Steve Stevens",Rock,MPEG audio file,"Terry Bozzio, Steve Stevens, Tony Levin",549.09,18263248
2570,Book of Hours,[1997] Black Light Syndrome,"Terry Bozzio, Tony Levin & Steve Stevens",Rock,MPEG audio file,"Terry Bozzio, Steve Stevens, Tony Levin",583.37,19464726
2571,Chaos-Control,[1997] Black Light Syndrome,"Terry Bozzio, Tony Levin & Steve Stevens",Rock,MPEG audio file,"Terry Bozzio, Steve Stevens, Tony Levin",529.84,17455568
2572,Midnight From The Inside Out,Live [Disc 1],The Black Crowes,Blues,MPEG audio file,Chris Robinson/Rich Robinson,286.98,9442157
2573,Sting Me,Live [Disc 1],The Black Crowes,Blues,MPEG audio file,Chris Robinson/Rich Robinson,268.09,8813561
2574,Thick & Thin,Live [Disc 1],The Black Crowes,Blues,MPEG audio file,Chris Robinson/Rich Robinson,222.72,7284377
2575,Greasy Grass River,Live [Disc 1],The Black Crowes,Blues,MPEG audio file,Chris Robinson/Rich Robinson,218.75,7157045
2576,Sometimes Salvation,Live [Disc 1],The Black Crowes,Blues,MPEG audio file,Chris Robinson/Rich Robinson,389.15,12749424
2577,Cursed Diamonds,Live [Disc 1],The Black Crowes,Blues,MPEG audio file,Chris Robinson/Rich Robinson,368.30,12047978
2578,Miracle To Me,Live [Disc 1],The Black Crowes,Blues,MPEG audio file,Chris Robinson/Rich Robinson,372.64,12222116
2579,Wiser Time,Live [Disc 1],The Black Crowes,Blues,MPEG audio file,Chris Robinson/Rich Robinson,459.99,15161907
2580,Girl From A Pawnshop,Live [Disc 1],The Black Crowes,Blues,MPEG audio file,Chris Robinson/Rich Robinson,404.69,13250848
2581,Cosmic Fiend,Live [Disc 1],The Black Crowes,Blues,MPEG audio file,Chris Robinson/Rich Robinson,308.40,10115556
2582,Black Moon Creeping,Live [Disc 2],The Black Crowes,Blues,MPEG audio file,Chris Robinson/Rich Robinson,359.31,11740886
2583,High Head Blues,Live [Disc 2],The Black Crowes,Blues,MPEG audio file,Chris Robinson/Rich Robinson,371.88,12227998
2584,Title Song,Live [Disc 2],The Black Crowes,Blues,MPEG audio file,Chris Robinson/Rich Robinson,505.52,16501316
2585,She Talks To Angels,Live [Disc 2],The Black Crowes,Blues,MPEG audio file,Chris Robinson/Rich Robinson,361.98,11837342
2586,Twice As Hard,Live [Disc 2],The Black Crowes,Blues,MPEG audio file,Chris Robinson/Rich Robinson,275.57,9008067
2587,Lickin',Live [Disc 2],The Black Crowes,Blues,MPEG audio file,Chris Robinson/Rich Robinson,314.41,10331216
2588,Soul Singing,Live [Disc 2],The Black Crowes,Blues,MPEG audio file,Chris Robinson/Rich Robinson,233.64,7672489
2589,Hard To Handle,Live [Disc 2],The Black Crowes,Blues,MPEG audio file,A.Isbell/A.Jones/O.Redding,206.99,6786304
2590,Remedy,Live [Disc 2],The Black Crowes,Blues,MPEG audio file,Chris Robinson/Rich Robinson,337.08,11049098
2591,White Riot,The Singles,The Clash,Alternative & Punk,MPEG audio file,Joe Strummer/Mick Jones,118.73,3922819
2592,Remote Control,The Singles,The Clash,Alternative & Punk,MPEG audio file,Joe Strummer/Mick Jones,180.30,5949647
2593,Complete Control,The Singles,The Clash,Alternative & Punk,MPEG audio file,Joe Strummer/Mick Jones,192.65,6272081
2594,Clash City Rockers,The Singles,The Clash,Alternative & Punk,MPEG audio file,Joe Strummer/Mick Jones,227.50,7555054
2595,(White Man) In Hammersmith Palais,The Singles,The Clash,Alternative & Punk,MPEG audio file,Joe Strummer/Mick Jones,240.64,7883532
2596,Tommy Gun,The Singles,The Clash,Alternative & Punk,MPEG audio file,Joe Strummer/Mick Jones,195.53,6399872
2597,English Civil War,The Singles,The Clash,Alternative & Punk,MPEG audio file,Mick Jones/Traditional arr. Joe Strummer,156.71,5111226
2598,I Fought The Law,The Singles,The Clash,Alternative & Punk,MPEG audio file,Sonny Curtis,159.76,5245258
2599,London Calling,The Singles,The Clash,Alternative & Punk,MPEG audio file,Joe Strummer/Mick Jones,199.71,6569007
2600,Train In Vain,The Singles,The Clash,Alternative & Punk,MPEG audio file,Joe Strummer/Mick Jones,189.68,6329877
2601,Bankrobber,The Singles,The Clash,Alternative & Punk,MPEG audio file,Joe Strummer/Mick Jones,272.43,9067323
2602,The Call Up,The Singles,The Clash,Alternative & Punk,MPEG audio file,The Clash,324.34,10746937
2603,Hitsville UK,The Singles,The Clash,Alternative & Punk,MPEG audio file,The Clash,261.43,8606887
2604,The Magnificent Seven,The Singles,The Clash,Alternative & Punk,MPEG audio file,The Clash,268.49,8889821
2605,This Is Radio Clash,The Singles,The Clash,Alternative & Punk,MPEG audio file,The Clash,249.76,8366573
2606,Know Your Rights,The Singles,The Clash,Alternative & Punk,MPEG audio file,The Clash,217.68,7195726
2607,Rock The Casbah,The Singles,The Clash,Alternative & Punk,MPEG audio file,The Clash,222.15,7361500
2608,Should I Stay Or Should I Go,The Singles,The Clash,Alternative & Punk,MPEG audio file,The Clash,187.22,6188688
2609,War (The Process),Beyond Good And Evil,The Cult,Rock,MPEG audio file,Billy Duffy/Ian Astbury,252.63,8254842
2610,The Saint,Beyond Good And Evil,The Cult,Rock,MPEG audio file,Billy Duffy/Ian Astbury,216.22,7061584
2611,Rise,Beyond Good And Evil,The Cult,Rock,MPEG audio file,Billy Duffy/Ian Astbury,219.09,7106195
2612,Take The Power,Beyond Good And Evil,The Cult,Rock,MPEG audio file,Billy Duffy/Ian Astbury,235.76,7650012
2613,Breathe,Beyond Good And Evil,The Cult,Rock,MPEG audio file,Billy Duffy/Ian Astbury/Marti Frederiksen/Mick Jones,299.78,9742361
2614,Nico,Beyond Good And Evil,The Cult,Rock,MPEG audio file,Billy Duffy/Ian Astbury,289.49,9412323
2615,American Gothic,Beyond Good And Evil,The Cult,Rock,MPEG audio file,Billy Duffy/Ian Astbury,236.88,7739840
2616,Ashes And Ghosts,Beyond Good And Evil,The Cult,Rock,MPEG audio file,Billy Duffy/Bob Rock/Ian Astbury,300.59,9787692
2617,Shape The Sky,Beyond Good And Evil,The Cult,Rock,MPEG audio file,Billy Duffy/Ian Astbury,209.79,6885647
2618,Speed Of Light,Beyond Good And Evil,The Cult,Rock,MPEG audio file,Billy Duffy/Bob Rock/Ian Astbury,262.82,8563352
2619,True Believers,Beyond Good And Evil,The Cult,Rock,MPEG audio file,Billy Duffy/Ian Astbury,308.01,9981359
2620,My Bridges Burn,Beyond Good And Evil,The Cult,Rock,MPEG audio file,Billy Duffy/Ian Astbury,231.86,7571370
2621,She Sells Sanctuary,"Pure Cult: The Best Of The Cult (For Rockers, Ravers, Lovers & Sinners) [UK]",The Cult,Rock,MPEG audio file,,253.73,8368634
2622,Fire Woman,"Pure Cult: The Best Of The Cult (For Rockers, Ravers, Lovers & Sinners) [UK]",The Cult,Rock,MPEG audio file,,312.79,10196995
2623,Lil' Evil,"Pure Cult: The Best Of The Cult (For Rockers, Ravers, Lovers & Sinners) [UK]",The Cult,Rock,MPEG audio file,,165.83,5419655
2624,Spirit Walker,"Pure Cult: The Best Of The Cult (For Rockers, Ravers, Lovers & Sinners) [UK]",The Cult,Rock,MPEG audio file,,230.06,7555897
2625,The Witch,"Pure Cult: The Best Of The Cult (For Rockers, Ravers, Lovers & Sinners) [UK]",The Cult,Rock,MPEG audio file,,258.77,8725403
2626,Revolution,"Pure Cult: The Best Of The Cult (For Rockers, Ravers, Lovers & Sinners) [UK]",The Cult,Rock,MPEG audio file,,256.03,8371254
2627,Wild Hearted Son,"Pure Cult: The Best Of The Cult (For Rockers, Ravers, Lovers & Sinners) [UK]",The Cult,Rock,MPEG audio file,,266.89,8670550
2628,Love Removal Machine,"Pure Cult: The Best Of The Cult (For Rockers, Ravers, Lovers & Sinners) [UK]",The Cult,Rock,MPEG audio file,,257.62,8412167
2629,Rain,"Pure Cult: The Best Of The Cult (For Rockers, Ravers, Lovers & Sinners) [UK]",The Cult,Rock,MPEG audio file,,236.67,7788461
2630,Edie (Ciao Baby),"Pure Cult: The Best Of The Cult (For Rockers, Ravers, Lovers & Sinners) [UK]",The Cult,Rock,MPEG audio file,,241.63,7846177
2631,Heart Of Soul,"Pure Cult: The Best Of The Cult (For Rockers, Ravers, Lovers & Sinners) [UK]",The Cult,Rock,MPEG audio file,,274.21,8967257
2632,Love,"Pure Cult: The Best Of The Cult (For Rockers, Ravers, Lovers & Sinners) [UK]",The Cult,Rock,MPEG audio file,,326.74,10729824
2633,Wild Flower,"Pure Cult: The Best Of The Cult (For Rockers, Ravers, Lovers & Sinners) [UK]",The Cult,Rock,MPEG audio file,,215.54,7084321
2634,Go West,"Pure Cult: The Best Of The Cult (For Rockers, Ravers, Lovers & Sinners) [UK]",The Cult,Rock,MPEG audio file,,238.16,7777749
2635,Resurrection Joe,"Pure Cult: The Best Of The Cult (For Rockers, Ravers, Lovers & Sinners) [UK]",The Cult,Rock,MPEG audio file,,255.45,8532840
2636,Sun King,"Pure Cult: The Best Of The Cult (For Rockers, Ravers, Lovers & Sinners) [UK]",The Cult,Rock,MPEG audio file,,368.43,12010865
2637,Sweet Soul Sister,"Pure Cult: The Best Of The Cult (For Rockers, Ravers, Lovers & Sinners) [UK]",The Cult,Rock,MPEG audio file,,212.01,6889883
2638,Earth Mofo,"Pure Cult: The Best Of The Cult (For Rockers, Ravers, Lovers & Sinners) [UK]",The Cult,Rock,MPEG audio file,,282.20,9204581
2639,Break on Through,The Doors,The Doors,Rock,MPEG audio file,"Robby Krieger, Ray Manzarek, John Densmore, Jim Morrison",149.34,4943144
2640,Soul Kitchen,The Doors,The Doors,Rock,MPEG audio file,"Robby Krieger, Ray Manzarek, John Densmore, Jim Morrison",215.07,7040865
2641,The Crystal Ship,The Doors,The Doors,Rock,MPEG audio file,"Robby Krieger, Ray Manzarek, John Densmore, Jim Morrison",154.85,5052658
2642,Twentienth Century Fox,The Doors,The Doors,Rock,MPEG audio file,"Robby Krieger, Ray Manzarek, John Densmore, Jim Morrison",153.91,5069211
2643,Alabama Song,The Doors,The Doors,Rock,MPEG audio file,Weill-Brecht,200.10,6563411
2644,Light My Fire,The Doors,The Doors,Rock,MPEG audio file,"Robby Krieger, Ray Manzarek, John Densmore, Jim Morrison",428.33,13963351
2645,Back Door Man,The Doors,The Doors,Rock,MPEG audio file,"Willie Dixon, C. Burnett",214.36,7035636
2646,I Looked At You,The Doors,The Doors,Rock,MPEG audio file,"Robby Krieger, Ray Manzarek, John Densmore, Jim Morrison",142.08,4663988
2647,End Of The Night,The Doors,The Doors,Rock,MPEG audio file,"Robby Krieger, Ray Manzarek, John Densmore, Jim Morrison",172.70,5589732
2648,Take It As It Comes,The Doors,The Doors,Rock,MPEG audio file,"Robby Krieger, Ray Manzarek, John Densmore, Jim Morrison",137.17,4512656
2649,The End,The Doors,The Doors,Rock,MPEG audio file,"Robby Krieger, Ray Manzarek, John Densmore, Jim Morrison",701.83,22927336
2650,Roxanne,The Police Greatest Hits,The Police,Rock,MPEG audio file,G M Sumner,192.99,6330159
2651,Can't Stand Losing You,The Police Greatest Hits,The Police,Rock,MPEG audio file,G M Sumner,181.16,5971983
2652,Message in a Bottle,The Police Greatest Hits,The Police,Rock,MPEG audio file,G M Sumner,291.47,9647829
2653,Walking on the Moon,The Police Greatest Hits,The Police,Rock,MPEG audio file,G M Sumner,302.08,10019861
2654,Don't Stand so Close to Me,The Police Greatest Hits,The Police,Rock,MPEG audio file,G M Sumner,241.03,7956658
2655,"De Do Do Do, De Da Da Da",The Police Greatest Hits,The Police,Rock,MPEG audio file,G M Sumner,247.20,8227075
2656,Every Little Thing She Does is Magic,The Police Greatest Hits,The Police,Rock,MPEG audio file,G M Sumner,261.12,8646853
2657,Invisible Sun,The Police Greatest Hits,The Police,Rock,MPEG audio file,G M Sumner,225.59,7304320
2658,Spirit's in the Material World,The Police Greatest Hits,The Police,Rock,MPEG audio file,G M Sumner,181.13,5986622
2659,Every Breath You Take,The Police Greatest Hits,The Police,Rock,MPEG audio file,G M Sumner,254.62,8364520
2660,King Of Pain,The Police Greatest Hits,The Police,Rock,MPEG audio file,G M Sumner,300.51,9880303
2661,Wrapped Around Your Finger,The Police Greatest Hits,The Police,Rock,MPEG audio file,G M Sumner,315.45,10361490
2662,Don't Stand So Close to Me '86,The Police Greatest Hits,The Police,Rock,MPEG audio file,G M Sumner,293.59,9636683
2663,Message in a Bottle (new classic rock mix),The Police Greatest Hits,The Police,Rock,MPEG audio file,G M Sumner,290.95,9640349
2664,Time Is On My Side,"Hot Rocks, 1964-1971 (Disc 1)",The Rolling Stones,Rock,MPEG audio file,Jerry Ragavoy,179.98,5855836
2665,Heart Of Stone,"Hot Rocks, 1964-1971 (Disc 1)",The Rolling Stones,Rock,MPEG audio file,Jagger/Richards,164.49,5329538
2666,Play With Fire,"Hot Rocks, 1964-1971 (Disc 1)",The Rolling Stones,Rock,MPEG audio file,Nanker Phelge,132.02,4265297
2667,Satisfaction,"Hot Rocks, 1964-1971 (Disc 1)",The Rolling Stones,Rock,MPEG audio file,Jagger/Richards,226.61,7398766
2668,As Tears Go By,"Hot Rocks, 1964-1971 (Disc 1)",The Rolling Stones,Rock,MPEG audio file,Jagger/Richards/Oldham,164.28,5357350
2669,Get Off Of My Cloud,"Hot Rocks, 1964-1971 (Disc 1)",The Rolling Stones,Rock,MPEG audio file,Jagger/Richards,176.01,5719514
2670,Mother's Little Helper,"Hot Rocks, 1964-1971 (Disc 1)",The Rolling Stones,Rock,MPEG audio file,Jagger/Richards,167.55,5422434
2671,19th Nervous Breakdown,"Hot Rocks, 1964-1971 (Disc 1)",The Rolling Stones,Rock,MPEG audio file,Jagger/Richards,237.92,7742984
2672,Paint It Black,"Hot Rocks, 1964-1971 (Disc 1)",The Rolling Stones,Rock,MPEG audio file,Jagger/Richards,226.06,7442888
2673,Under My Thumb,"Hot Rocks, 1964-1971 (Disc 1)",The Rolling Stones,Rock,MPEG audio file,Jagger/Richards,221.39,7371799
2674,Ruby Tuesday,"Hot Rocks, 1964-1971 (Disc 1)",The Rolling Stones,Rock,MPEG audio file,Jagger/Richards,197.46,6433467
2675,Let's Spend The Night Together,"Hot Rocks, 1964-1971 (Disc 1)",The Rolling Stones,Rock,MPEG audio file,Jagger/Richards,217.50,7137048
2676,Intro,No Security,The Rolling Stones,Rock,MPEG audio file,Jagger/Richards,49.74,1618591
2677,You Got Me Rocking,No Security,The Rolling Stones,Rock,MPEG audio file,Jagger/Richards,205.77,6734385
2678,Gimmie Shelters,No Security,The Rolling Stones,Rock,MPEG audio file,Jagger/Richards,382.12,12528764
2679,Flip The Switch,No Security,The Rolling Stones,Rock,MPEG audio file,Jagger/Richards,252.42,8336591
2680,Memory Motel,No Security,The Rolling Stones,Rock,MPEG audio file,Jagger/Richards,365.84,11982431
2681,Corinna,No Security,The Rolling Stones,Rock,MPEG audio file,Jesse Ed Davis III/Taj Mahal,257.49,8449471
2682,Saint Of Me,No Security,The Rolling Stones,Rock,MPEG audio file,Jagger/Richards,325.69,10725160
2683,Wainting On A Friend,No Security,The Rolling Stones,Rock,MPEG audio file,Jagger/Richards,302.50,9978046
2684,Sister Morphine,No Security,The Rolling Stones,Rock,MPEG audio file,Faithfull/Jagger/Richards,376.22,12345289
2685,Live With Me,No Security,The Rolling Stones,Rock,MPEG audio file,Jagger/Richards,234.89,7709006
2686,Respectable,No Security,The Rolling Stones,Rock,MPEG audio file,Jagger/Richards,215.69,7099669
2687,Thief In The Night,No Security,The Rolling Stones,Rock,MPEG audio file,De Beauport/Jagger/Richards,337.27,10952756
2688,The Last Time,No Security,The Rolling Stones,Rock,MPEG audio file,Jagger/Richards,287.29,9498758
2689,Out Of Control,No Security,The Rolling Stones,Rock,MPEG audio file,Jagger/Richards,479.24,15749289
2690,Love Is Strong,Voodoo Lounge,The Rolling Stones,Rock,MPEG audio file,Jagger/Richards,230.90,7639774
2691,You Got Me Rocking,Voodoo Lounge,The Rolling Stones,Rock,MPEG audio file,Jagger/Richards,215.93,7162159
2692,Sparks Will Fly,Voodoo Lounge,The Rolling Stones,Rock,MPEG audio file,Jagger/Richards,196.47,6492847
2693,The Worst,Voodoo Lounge,The Rolling Stones,Rock,MPEG audio file,Jagger/Richards,144.61,4750094
2694,New Faces,Voodoo Lounge,The Rolling Stones,Rock,MPEG audio file,Jagger/Richards,172.15,5689122
2695,Moon Is Up,Voodoo Lounge,The Rolling Stones,Rock,MPEG audio file,Jagger/Richards,222.12,7366316
2696,Out Of Tears,Voodoo Lounge,The Rolling Stones,Rock,MPEG audio file,Jagger/Richards,327.42,10677236
2697,I Go Wild,Voodoo Lounge,The Rolling Stones,Rock,MPEG audio file,Jagger/Richards,264.02,8630833
2698,Brand New Car,Voodoo Lounge,The Rolling Stones,Rock,MPEG audio file,Jagger/Richards,256.05,8459344
2699,Sweethearts Together,Voodoo Lounge,The Rolling Stones,Rock,MPEG audio file,Jagger/Richards,285.49,9550459
2700,Suck On The Jugular,Voodoo Lounge,The Rolling Stones,Rock,MPEG audio file,Jagger/Richards,268.23,8920566
2701,Blinded By Rainbows,Voodoo Lounge,The Rolling Stones,Rock,MPEG audio file,Jagger/Richards,273.95,8971343
2702,Baby Break It Down,Voodoo Lounge,The Rolling Stones,Rock,MPEG audio file,Jagger/Richards,249.42,8197309
2703,Thru And Thru,Voodoo Lounge,The Rolling Stones,Rock,MPEG audio file,Jagger/Richards,375.09,12175406
2704,Mean Disposition,Voodoo Lounge,The Rolling Stones,Rock,MPEG audio file,Jagger/Richards,249.16,8273602
2705,Walking Wounded,Tangents,The Tea Party,Alternative & Punk,MPEG audio file,The Tea Party,277.97,9184345
2706,Temptation,Tangents,The Tea Party,Alternative & Punk,MPEG audio file,The Tea Party,205.09,6711943
2707,The Messenger,Tangents,The Tea Party,Alternative & Punk,MPEG audio file,Daniel Lanois,212.06,6975437
2708,Psychopomp,Tangents,The Tea Party,Alternative & Punk,MPEG audio file,The Tea Party,315.56,10295199
2709,Sister Awake,Tangents,The Tea Party,Alternative & Punk,MPEG audio file,The Tea Party,343.88,11299407
2710,The Bazaar,Tangents,The Tea Party,Alternative & Punk,MPEG audio file,The Tea Party,222.46,7245691
2711,Save Me (Remix),Tangents,The Tea Party,Alternative & Punk,MPEG audio file,The Tea Party,396.30,13053839
2712,Fire In The Head,Tangents,The Tea Party,Alternative & Punk,MPEG audio file,The Tea Party,306.34,10005675
2713,Release,Tangents,The Tea Party,Alternative & Punk,MPEG audio file,The Tea Party,244.11,8014606
2714,Heaven Coming Down,Tangents,The Tea Party,Alternative & Punk,MPEG audio file,The Tea Party,241.87,7846459
2715,The River (Remix),Tangents,The Tea Party,Alternative & Punk,MPEG audio file,The Tea Party,343.17,11193268
2716,Babylon,Tangents,The Tea Party,Alternative & Punk,MPEG audio file,The Tea Party,169.80,5568808
2717,Waiting On A Sign,Tangents,The Tea Party,Alternative & Punk,MPEG audio file,The Tea Party,261.90,8558590
2718,Life Line,Tangents,The Tea Party,Alternative & Punk,MPEG audio file,The Tea Party,277.79,9082773
2719,Paint It Black,Tangents,The Tea Party,Alternative & Punk,MPEG audio file,Keith Richards/Mick Jagger,214.75,7101572
2720,Temptation,Transmission,The Tea Party,Alternative & Punk,MPEG audio file,The Tea Party,205.24,6719465
2721,Army Ants,Transmission,The Tea Party,Alternative & Punk,MPEG audio file,The Tea Party,215.41,7075838
2722,Psychopomp,Transmission,The Tea Party,Alternative & Punk,MPEG audio file,The Tea Party,317.23,10351778
2723,Gyroscope,Transmission,The Tea Party,Alternative & Punk,MPEG audio file,The Tea Party,177.71,5810323
2724,Alarum,Transmission,The Tea Party,Alternative & Punk,MPEG audio file,The Tea Party,298.19,9712545
2725,Release,Transmission,The Tea Party,Alternative & Punk,MPEG audio file,The Tea Party,266.29,8725824
2726,Transmission,Transmission,The Tea Party,Alternative & Punk,MPEG audio file,The Tea Party,317.26,10351152
2727,Babylon,Transmission,The Tea Party,Alternative & Punk,MPEG audio file,The Tea Party,292.47,9601786
2728,Pulse,Transmission,The Tea Party,Alternative & Punk,MPEG audio file,The Tea Party,250.25,8183872
2729,Emerald,Transmission,The Tea Party,Alternative & Punk,MPEG audio file,The Tea Party,289.75,9543789
2730,Aftermath,Transmission,The Tea Party,Alternative & Punk,MPEG audio file,The Tea Party,343.75,11085607
2731,I Can't Explain,My Generation - The Very Best Of The Who,The Who,Rock,MPEG audio file,Pete Townshend,125.15,4082896
2732,"Anyway, Anyhow, Anywhere",My Generation - The Very Best Of The Who,The Who,Rock,MPEG audio file,"Pete Townshend, Roger Daltrey",161.25,5234173
2733,My Generation,My Generation - The Very Best Of The Who,The Who,Rock,MPEG audio file,John Entwistle/Pete Townshend,197.83,6446634
2734,Substitute,My Generation - The Very Best Of The Who,The Who,Rock,MPEG audio file,Pete Townshend,228.02,7409995
2735,I'm A Boy,My Generation - The Very Best Of The Who,The Who,Rock,MPEG audio file,Pete Townshend,157.13,5120605
2736,Boris The Spider,My Generation - The Very Best Of The Who,The Who,Rock,MPEG audio file,John Entwistle,149.47,4835202
2737,Happy Jack,My Generation - The Very Best Of The Who,The Who,Rock,MPEG audio file,Pete Townshend,132.31,4353063
2738,Pictures Of Lily,My Generation - The Very Best Of The Who,The Who,Rock,MPEG audio file,Pete Townshend,164.41,5329751
2739,I Can See For Miles,My Generation - The Very Best Of The Who,The Who,Rock,MPEG audio file,Pete Townshend,262.79,8604989
2740,Magic Bus,My Generation - The Very Best Of The Who,The Who,Rock,MPEG audio file,Pete Townshend,197.22,6452700
2741,Pinball Wizard,My Generation - The Very Best Of The Who,The Who,Rock,MPEG audio file,John Entwistle/Pete Townshend,181.89,6055580
2742,The Seeker,My Generation - The Very Best Of The Who,The Who,Rock,MPEG audio file,Pete Townshend,204.64,6736866
2743,Baba O'Riley,My Generation - The Very Best Of The Who,The Who,Rock,MPEG audio file,John Entwistle/Pete Townshend,309.47,10141660
2744,Won't Get Fooled Again (Full Length Version),My Generation - The Very Best Of The Who,The Who,Rock,MPEG audio file,John Entwistle/Pete Townshend,513.75,16855521
2745,Let's See Action,My Generation - The Very Best Of The Who,The Who,Rock,MPEG audio file,Pete Townshend,243.51,8078418
2746,5.15,My Generation - The Very Best Of The Who,The Who,Rock,MPEG audio file,Pete Townshend,289.62,9458549
2747,Join Together,My Generation - The Very Best Of The Who,The Who,Rock,MPEG audio file,Pete Townshend,262.56,8602485
2748,Squeeze Box,My Generation - The Very Best Of The Who,The Who,Rock,MPEG audio file,Pete Townshend,161.28,5256508
2749,Who Are You (Single Edit Version),My Generation - The Very Best Of The Who,The Who,Rock,MPEG audio file,John Entwistle/Pete Townshend,299.23,9900469
2750,You Better You Bet,My Generation - The Very Best Of The Who,The Who,Rock,MPEG audio file,Pete Townshend,338.52,11160877
2751,Primavera,Serie Sem Limite (Disc 1),Tim Maia,Latin,MPEG audio file,Genival Cassiano/Silvio Rochael,126.62,4152604
2752,Chocolate,Serie Sem Limite (Disc 1),Tim Maia,Latin,MPEG audio file,Tim Maia,194.69,6411587
2753,Azul Da Cor Do Mar,Serie Sem Limite (Disc 1),Tim Maia,Latin,MPEG audio file,Tim Maia,197.96,6475007
2754,O Descobridor Dos Sete Mares,Serie Sem Limite (Disc 1),Tim Maia,Latin,MPEG audio file,Gilson Mendonça/Michel,262.97,8749583
2755,Até Que Enfim Encontrei Você,Serie Sem Limite (Disc 1),Tim Maia,Latin,MPEG audio file,Tim Maia,105.06,3477751
2756,Coroné Antonio Bento,Serie Sem Limite (Disc 1),Tim Maia,Latin,MPEG audio file,"Do Vale, João/Luiz Wanderley",131.32,4340326
2757,New Love,Serie Sem Limite (Disc 1),Tim Maia,Latin,MPEG audio file,Tim Maia,237.90,7786824
2758,Não Vou Ficar,Serie Sem Limite (Disc 1),Tim Maia,Latin,MPEG audio file,Tim Maia,172.07,5642919
2759,Música No Ar,Serie Sem Limite (Disc 1),Tim Maia,Latin,MPEG audio file,Tim Maia,158.51,5184891
2760,Salve Nossa Senhora,Serie Sem Limite (Disc 1),Tim Maia,Latin,MPEG audio file,Carlos Imperial/Edardo Araújo,115.46,3827629
2761,Você Fugiu,Serie Sem Limite (Disc 1),Tim Maia,Latin,MPEG audio file,Genival Cassiano,238.37,7971147
2762,Cristina Nº 2,Serie Sem Limite (Disc 1),Tim Maia,Latin,MPEG audio file,Carlos Imperial/Tim Maia,90.15,2978589
2763,Compadre,Serie Sem Limite (Disc 1),Tim Maia,Latin,MPEG audio file,Tim Maia,171.39,5631446
2764,Over Again,Serie Sem Limite (Disc 1),Tim Maia,Latin,MPEG audio file,Tim Maia,200.49,6612634
2765,Réu Confesso,Serie Sem Limite (Disc 1),Tim Maia,Latin,MPEG audio file,Tim Maia,217.39,7189874
2766,O Que Me Importa,Serie Sem Limite (Disc 2),Tim Maia,Latin,MPEG audio file,,153.16,4977852
2767,Gostava Tanto De Você,Serie Sem Limite (Disc 2),Tim Maia,Latin,MPEG audio file,,253.81,8380077
2768,Você,Serie Sem Limite (Disc 2),Tim Maia,Latin,MPEG audio file,,242.60,7911702
2769,Não Quero Dinheiro,Serie Sem Limite (Disc 2),Tim Maia,Latin,MPEG audio file,,152.61,5031797
2770,Eu Amo Você,Serie Sem Limite (Disc 2),Tim Maia,Latin,MPEG audio file,,242.78,7914628
2771,A Festa Do Santo Reis,Serie Sem Limite (Disc 2),Tim Maia,Latin,MPEG audio file,,159.79,5204995
2772,I Don't Know What To Do With Myself,Serie Sem Limite (Disc 2),Tim Maia,Latin,MPEG audio file,,221.39,7251478
2773,Padre Cícero,Serie Sem Limite (Disc 2),Tim Maia,Latin,MPEG audio file,,139.60,4581685
2774,Nosso Adeus,Serie Sem Limite (Disc 2),Tim Maia,Latin,MPEG audio file,,206.47,6793270
2775,Canário Do Reino,Serie Sem Limite (Disc 2),Tim Maia,Latin,MPEG audio file,,139.34,4552858
2776,Preciso Ser Amado,Serie Sem Limite (Disc 2),Tim Maia,Latin,MPEG audio file,,174.00,5618895
2777,Balanço,Serie Sem Limite (Disc 2),Tim Maia,Latin,MPEG audio file,,209.74,6890327
2778,Preciso Aprender A Ser Só,Serie Sem Limite (Disc 2),Tim Maia,Latin,MPEG audio file,,162.22,5213894
2779,Esta É A Canção,Serie Sem Limite (Disc 2),Tim Maia,Latin,MPEG audio file,,184.45,6069933
2780,Formigueiro,Serie Sem Limite (Disc 2),Tim Maia,Latin,MPEG audio file,,252.94,8455132
2781,Comida,Acústico,Titãs,Alternative & Punk,MPEG audio file,Titãs,322.61,10786578
2782,Go Back,Acústico,Titãs,Alternative & Punk,MPEG audio file,Titãs,230.50,7668899
2783,Prá Dizer Adeus,Acústico,Titãs,Alternative & Punk,MPEG audio file,Titãs,222.48,7382048
2784,Família,Acústico,Titãs,Alternative & Punk,MPEG audio file,Titãs,218.33,7267458
2785,Os Cegos Do Castelo,Acústico,Titãs,Alternative & Punk,MPEG audio file,Titãs,296.83,9868187
2786,O Pulso,Acústico,Titãs,Alternative & Punk,MPEG audio file,Titãs,199.13,6566998
2787,Marvin,Acústico,Titãs,Alternative & Punk,MPEG audio file,Titãs,264.36,8741444
2788,Nem 5 Minutos Guardados,Acústico,Titãs,Alternative & Punk,MPEG audio file,Titãs,246.00,8143797
2789,Flores,Acústico,Titãs,Alternative & Punk,MPEG audio file,Titãs,215.51,7148017
2790,Palavras,Acústico,Titãs,Alternative & Punk,MPEG audio file,Titãs,158.46,5285715
2791,Hereditário,Acústico,Titãs,Alternative & Punk,MPEG audio file,Titãs,151.69,5020547
2792,A Melhor Forma,Acústico,Titãs,Alternative & Punk,MPEG audio file,Titãs,191.50,6349938
2793,Cabeça Dinossauro,Acústico,Titãs,Alternative & Punk,MPEG audio file,Titãs,37.12,1220930
2794,32 Dentes,Acústico,Titãs,Alternative & Punk,MPEG audio file,Titãs,184.95,6157904
2795,Bichos Escrotos (Vinheta),Acústico,Titãs,Alternative & Punk,MPEG audio file,Titãs,104.99,3503755
2796,Não Vou Lutar,Acústico,Titãs,Alternative & Punk,MPEG audio file,Titãs,189.99,6308613
2797,Homem Primata (Vinheta),Acústico,Titãs,Alternative & Punk,MPEG audio file,Titãs,34.17,1124909
2798,Homem Primata,Acústico,Titãs,Alternative & Punk,MPEG audio file,Titãs,195.50,6486470
2799,Polícia (Vinheta),Acústico,Titãs,Alternative & Punk,MPEG audio file,Titãs,56.11,1824213
2800,Querem Meu Sangue,Acústico,Titãs,Alternative & Punk,MPEG audio file,Titãs,212.40,7069773
2801,Diversão,Acústico,Titãs,Alternative & Punk,MPEG audio file,Titãs,285.94,9531268
2802,Televisão,Acústico,Titãs,Alternative & Punk,MPEG audio file,Titãs,293.67,9776548
2803,Sonifera Ilha,Volume Dois,Titãs,Alternative & Punk,MPEG audio file,Branco Mello/Carlos Barmack/Ciro Pessoa/Marcelo Fromer/Toni Belloto,170.68,5678290
2804,Lugar Nenhum,Volume Dois,Titãs,Alternative & Punk,MPEG audio file,Arnaldo Antunes/Charles Gavin/Marcelo Fromer/Sérgio Britto/Toni Bellotto,195.84,6472780
2805,Sua Impossivel Chance,Volume Dois,Titãs,Alternative & Punk,MPEG audio file,Nando Reis,246.62,8073248
2806,Desordem,Volume Dois,Titãs,Alternative & Punk,MPEG audio file,Charles Gavin/Marcelo Fromer/Sérgio Britto,213.29,7067340
2807,Não Vou Me Adaptar,Volume Dois,Titãs,Alternative & Punk,MPEG audio file,Arnaldo Antunes,221.83,7304656
2808,Domingo,Volume Dois,Titãs,Alternative & Punk,MPEG audio file,Sérgio Britto/Toni Bellotto,208.61,6883180
2809,Amanhã Não Se Sabe,Volume Dois,Titãs,Alternative & Punk,MPEG audio file,Sérgio Britto,189.44,6243967
2810,Caras Como Eu,Volume Dois,Titãs,Alternative & Punk,MPEG audio file,Toni Bellotto,183.09,5999048
2811,Senhora E Senhor,Volume Dois,Titãs,Alternative & Punk,MPEG audio file,Arnaldo Anutnes/Marcelo Fromer/Paulo Miklos,203.70,6733733
2812,Era Uma Vez,Volume Dois,Titãs,Alternative & Punk,MPEG audio file,Arnaldo Anutnes/Branco Mello/Marcelo Fromer/Sergio Brotto/Toni Bellotto,224.26,7453156
2813,Miséria,Volume Dois,Titãs,Alternative & Punk,MPEG audio file,"Arnaldo Antunes/Britto, SergioMiklos, Paulo",262.19,8727645
2814,Insensível,Volume Dois,Titãs,Alternative & Punk,MPEG audio file,Sérgio Britto,207.83,6893664
2815,Eu E Ela,Volume Dois,Titãs,Alternative & Punk,MPEG audio file,Nando Reis,276.04,9138846
2816,Toda Cor,Volume Dois,Titãs,Alternative & Punk,MPEG audio file,Ciro Pressoa/Marcelo Fromer,209.08,6939176
2817,É Preciso Saber Viver,Volume Dois,Titãs,Alternative & Punk,MPEG audio file,Erasmo Carlos/Roberto Carlos,251.12,8271418
2818,Senhor Delegado/Eu Não Aguento,Volume Dois,Titãs,Alternative & Punk,MPEG audio file,Antonio Lopes,156.66,5277983
2819,Battlestar Galactica: The Story So Far,Battlestar Galactica: The Story So Far,Battlestar Galactica,Science Fiction,Protected MPEG-4 video file,,2622.25,490750393
2820,Occupation / Precipice,"Battlestar Galactica, Season 3",Battlestar Galactica,TV Shows,Protected MPEG-4 video file,,5286.95,1054423946
2821,"Exodus, Pt. 1","Battlestar Galactica, Season 3",Battlestar Galactica,TV Shows,Protected MPEG-4 video file,,2621.71,475079441
2822,"Exodus, Pt. 2","Battlestar Galactica, Season 3",Battlestar Galactica,TV Shows,Protected MPEG-4 video file,,2618.00,466820021
2823,Collaborators,"Battlestar Galactica, Season 3",Battlestar Galactica,TV Shows,Protected MPEG-4 video file,,2626.63,483484911
2824,Torn,"Battlestar Galactica, Season 3",Battlestar Galactica,TV Shows,Protected MPEG-4 video file,,2631.29,495262585
2825,A Measure of Salvation,"Battlestar Galactica, Season 3",Battlestar Galactica,Science Fiction,Protected MPEG-4 video file,,2563.94,489715554
2826,Hero,"Battlestar Galactica, Season 3",Battlestar Galactica,Science Fiction,Protected MPEG-4 video file,,2713.76,506896959
2827,Unfinished Business,"Battlestar Galactica, Season 3",Battlestar Galactica,Science Fiction,Protected MPEG-4 video file,,2622.04,528499160
2828,The Passage,"Battlestar Galactica, Season 3",Battlestar Galactica,Science Fiction,Protected MPEG-4 video file,,2623.88,490375760
2829,The Eye of Jupiter,"Battlestar Galactica, Season 3",Battlestar Galactica,Science Fiction,Protected MPEG-4 video file,,2618.75,517909587
2830,Rapture,"Battlestar Galactica, Season 3",Battlestar Galactica,Science Fiction,Protected MPEG-4 video file,,2624.54,508406153
2831,Taking a Break from All Your Worries,"Battlestar Galactica, Season 3",Battlestar Galactica,Science Fiction,Protected MPEG-4 video file,,2624.21,492700163
2832,The Woman King,"Battlestar Galactica, Season 3",Battlestar Galactica,Science Fiction,Protected MPEG-4 video file,,2626.38,552893447
2833,A Day In the Life,"Battlestar Galactica, Season 3",Battlestar Galactica,Science Fiction,Protected MPEG-4 video file,,2620.25,462818231
2834,Dirty Hands,"Battlestar Galactica, Season 3",Battlestar Galactica,Science Fiction,Protected MPEG-4 video file,,2627.96,537648614
2835,Maelstrom,"Battlestar Galactica, Season 3",Battlestar Galactica,Science Fiction,Protected MPEG-4 video file,,2622.37,514154275
2836,The Son Also Rises,"Battlestar Galactica, Season 3",Battlestar Galactica,Science Fiction,Protected MPEG-4 video file,,2621.83,499258498
2837,"Crossroads, Pt. 1","Battlestar Galactica, Season 3",Battlestar Galactica,Sci Fi & Fantasy,Protected MPEG-4 video file,,2622.62,486233524
2838,"Crossroads, Pt. 2","Battlestar Galactica, Season 3",Battlestar Galactica,Sci Fi & Fantasy,Protected MPEG-4 video file,,2869.95,497335706
2839,Genesis,"Heroes, Season 1",Heroes,TV Shows,Protected MPEG-4 video file,,2611.99,515671080
2840,Don't Look Back,"Heroes, Season 1",Heroes,Drama,Protected MPEG-4 video file,,2571.15,493628775
2841,One Giant Leap,"Heroes, Season 1",Heroes,Drama,Protected MPEG-4 video file,,2607.65,521616246
2842,Collision,"Heroes, Season 1",Heroes,Drama,Protected MPEG-4 video file,,2605.48,526182322
2843,Hiros,"Heroes, Season 1",Heroes,Drama,Protected MPEG-4 video file,,2533.58,488835454
2844,Better Halves,"Heroes, Season 1",Heroes,Drama,Protected MPEG-4 video file,,2573.03,549353481
2845,Nothing to Hide,"Heroes, Season 1",Heroes,TV Shows,Protected MPEG-4 video file,,2605.65,510058181
2846,Seven Minutes to Midnight,"Heroes, Season 1",Heroes,Drama,Protected MPEG-4 video file,,2613.99,515590682
2847,Homecoming,"Heroes, Season 1",Heroes,Drama,Protected MPEG-4 video file,,2601.35,516015339
2848,Six Months Ago,"Heroes, Season 1",Heroes,TV Shows,Protected MPEG-4 video file,,2602.85,505133869
2849,Fallout,"Heroes, Season 1",Heroes,Drama,Protected MPEG-4 video file,,2594.76,501145440
2850,The Fix,"Heroes, Season 1",Heroes,Drama,Protected MPEG-4 video file,,2600.27,507026323
2851,Distractions,"Heroes, Season 1",Heroes,Drama,Protected MPEG-4 video file,,2590.38,537111289
2852,Run!,"Heroes, Season 1",Heroes,Drama,Protected MPEG-4 video file,,2602.60,542936677
2853,Unexpected,"Heroes, Season 1",Heroes,Drama,Protected MPEG-4 video file,,2598.14,511777758
2854,Company Man,"Heroes, Season 1",Heroes,Drama,Protected MPEG-4 video file,,2601.23,493168135
2855,Company Man,"Heroes, Season 1",Heroes,Drama,Protected MPEG-4 video file,,2601.10,503786316
2856,Parasite,"Heroes, Season 1",Heroes,Drama,Protected MPEG-4 video file,,2602.73,487461520
2857,A Tale of Two Cities,"Lost, Season 3",Lost,TV Shows,Protected MPEG-4 video file,,2636.97,513691652
2858,"Lost (Pilot, Part 1) [Premiere]","Lost, Season 1",Lost,TV Shows,Protected MPEG-4 video file,,2548.88,217124866
2859,"Man of Science, Man of Faith (Premiere)","Lost, Season 2",Lost,TV Shows,Protected MPEG-4 video file,,2612.25,543342028
2860,Adrift,"Lost, Season 2",Lost,TV Shows,Protected MPEG-4 video file,,2564.96,502663995
2861,"Lost (Pilot, Part 2)","Lost, Season 1",Lost,TV Shows,Protected MPEG-4 video file,,2436.58,204995876
2862,The Glass Ballerina,"Lost, Season 3",Lost,Drama,Protected MPEG-4 video file,,2637.46,535729216
2863,Further Instructions,"Lost, Season 3",Lost,TV Shows,Protected MPEG-4 video file,,2563.98,502041019
2864,Orientation,"Lost, Season 2",Lost,TV Shows,Protected MPEG-4 video file,,2609.08,500600434
2865,Tabula Rasa,"Lost, Season 1",Lost,TV Shows,Protected MPEG-4 video file,,2627.11,210526410
2866,Every Man for Himself,"Lost, Season 3",Lost,Drama,Protected MPEG-4 video file,,2637.39,513803546
2867,Everybody Hates Hugo,"Lost, Season 2",Lost,TV Shows,Protected MPEG-4 video file,,2609.19,498163145
2868,Walkabout,"Lost, Season 1",Lost,TV Shows,Protected MPEG-4 video file,,2587.37,207748198
2869,...And Found,"Lost, Season 2",Lost,TV Shows,Protected MPEG-4 video file,,2563.83,500330548
2870,The Cost of Living,"Lost, Season 3",Lost,TV Shows,Protected MPEG-4 video file,,2637.50,505647192
2871,White Rabbit,"Lost, Season 1",Lost,TV Shows,Protected MPEG-4 video file,,2571.97,201654606
2872,Abandoned,"Lost, Season 2",Lost,TV Shows,Protected MPEG-4 video file,,2587.04,537348711
2873,House of the Rising Sun,"Lost, Season 1",Lost,TV Shows,Protected MPEG-4 video file,,2590.03,210379525
2874,I Do,"Lost, Season 3",Lost,TV Shows,Protected MPEG-4 video file,,2627.79,504676825
2875,Not In Portland,"Lost, Season 3",Lost,Drama,Protected MPEG-4 video file,,2637.30,499061234
2876,Not In Portland,"Lost, Season 3",Lost,Drama,Protected MPEG-4 video file,,2637.35,510546847
2877,The Moth,"Lost, Season 1",Lost,TV Shows,Protected MPEG-4 video file,,2631.33,228896396
2878,The Other 48 Days,"Lost, Season 2",Lost,TV Shows,Protected MPEG-4 video file,,2610.63,535256753
2879,Collision,"Lost, Season 2",Lost,TV Shows,Protected MPEG-4 video file,,2564.92,475656544
2880,Confidence Man,"Lost, Season 1",Lost,TV Shows,Protected MPEG-4 video file,,2615.24,223756475
2881,Flashes Before Your Eyes,"Lost, Season 3",Lost,Drama,Protected MPEG-4 video file,,2636.64,537760755
2882,Lost Survival Guide,"Lost, Season 3",Lost,Drama,Protected MPEG-4 video file,,2632.59,486675063
2883,Solitary,"Lost, Season 1",Lost,TV Shows,Protected MPEG-4 video file,,2612.89,207045178
2884,What Kate Did,"Lost, Season 2",Lost,TV Shows,Protected MPEG-4 video file,,2610.25,484583988
2885,Raised By Another,"Lost, Season 1",Lost,TV Shows,Protected MPEG-4 video file,,2590.46,223623810
2886,Stranger In a Strange Land,"Lost, Season 3",Lost,Drama,Protected MPEG-4 video file,,2636.43,505056021
2887,The 23rd Psalm,"Lost, Season 2",Lost,TV Shows,Protected MPEG-4 video file,,2610.42,487401604
2888,All the Best Cowboys Have Daddy Issues,"Lost, Season 1",Lost,TV Shows,Protected MPEG-4 video file,,2555.49,211743651
2889,The Hunting Party,"Lost, Season 2",Lost,Drama,Protected MPEG-4 video file,,2611.33,520350364
2890,Tricia Tanaka Is Dead,"Lost, Season 3",Lost,Drama,Protected MPEG-4 video file,,2635.01,548197162
2891,Enter 77,"Lost, Season 3",Lost,Drama,Protected MPEG-4 video file,,2629.80,517521422
2892,Fire + Water,"Lost, Season 2",Lost,Drama,Protected MPEG-4 video file,,2600.33,488458695
2893,Whatever the Case May Be,"Lost, Season 1",Lost,TV Shows,Protected MPEG-4 video file,,2616.41,183867185
2894,Hearts and Minds,"Lost, Season 1",Lost,TV Shows,Protected MPEG-4 video file,,2619.46,207607466
2895,Par Avion,"Lost, Season 3",Lost,Drama,Protected MPEG-4 video file,,2629.88,517079642
2896,The Long Con,"Lost, Season 2",Lost,TV Shows,Protected MPEG-4 video file,,2679.58,518376636
2897,One of Them,"Lost, Season 2",Lost,Drama,Protected MPEG-4 video file,,2698.79,542332389
2898,Special,"Lost, Season 1",Lost,TV Shows,Protected MPEG-4 video file,,2618.53,219961967
2899,The Man from Tallahassee,"Lost, Season 3",Lost,Drama,Protected MPEG-4 video file,,2637.64,550893556
2900,Exposé,"Lost, Season 3",Lost,Drama,Protected MPEG-4 video file,,2593.76,511338017
2901,Homecoming,"Lost, Season 1",Lost,TV Shows,Protected MPEG-4 video file,,2515.88,210675221
2902,Maternity Leave,"Lost, Season 2",Lost,Drama,Protected MPEG-4 video file,,2780.42,555244214
2903,Left Behind,"Lost, Season 3",Lost,Drama,Protected MPEG-4 video file,,2635.34,538491964
2904,Outlaws,"Lost, Season 1",Lost,TV Shows,Protected MPEG-4 video file,,2619.89,206500939
2905,The Whole Truth,"Lost, Season 2",Lost,Drama,Protected MPEG-4 video file,,2610.13,495487014
2906,...In Translation,"Lost, Season 1",Lost,TV Shows,Protected MPEG-4 video file,,2604.58,215441983
2907,Lockdown,"Lost, Season 2",Lost,Drama,Protected MPEG-4 video file,,2610.25,543886056
2908,One of Us,"Lost, Season 3",Lost,Drama,Protected MPEG-4 video file,,2638.10,502387276
2909,Catch-22,"Lost, Season 3",Lost,Drama,Protected MPEG-4 video file,,2561.39,489773399
2910,Dave,"Lost, Season 2",Lost,TV Shows,Protected MPEG-4 video file,,2825.17,574325829
2911,Numbers,"Lost, Season 1",Lost,TV Shows,Protected MPEG-4 video file,,2609.77,214709143
2912,D.O.C.,"Lost, Season 3",Lost,Drama,Protected MPEG-4 video file,,2616.03,518556641
2913,Deus Ex Machina,"Lost, Season 1",Lost,TV Shows,Protected MPEG-4 video file,,2582.01,214996732
2914,S.O.S.,"Lost, Season 2",Lost,TV Shows,Protected MPEG-4 video file,,2639.54,517979269
2915,Do No Harm,"Lost, Season 1",Lost,TV Shows,Protected MPEG-4 video file,,2618.49,212039309
2916,Two for the Road,"Lost, Season 2",Lost,Drama,Protected MPEG-4 video file,,2610.96,502404558
2917,The Greater Good,"Lost, Season 1",Lost,TV Shows,Protected MPEG-4 video file,,2617.78,214130273
2918,"""?""","Lost, Season 2",Lost,TV Shows,Protected MPEG-4 video file,,2782.33,528227089
2919,Born to Run,"Lost, Season 1",Lost,TV Shows,Protected MPEG-4 video file,,2618.62,213772057
2920,Three Minutes,"Lost, Season 2",Lost,TV Shows,Protected MPEG-4 video file,,2763.67,531556853
2921,Exodus (Part 1),"Lost, Season 1",Lost,TV Shows,Protected MPEG-4 video file,,2620.75,213107744
2922,"Live Together, Die Alone, Pt. 1","Lost, Season 2",Lost,Drama,Protected MPEG-4 video file,,2478.04,457364940
2923,Exodus (Part 2) [Season Finale],"Lost, Season 1",Lost,TV Shows,Protected MPEG-4 video file,,2605.56,208667059
2924,"Live Together, Die Alone, Pt. 2","Lost, Season 2",Lost,TV Shows,Protected MPEG-4 video file,,2656.53,503619265
2925,Exodus (Part 3) [Season Finale],"Lost, Season 1",Lost,TV Shows,Protected MPEG-4 video file,,2619.87,197937785
2926,Zoo Station,Achtung Baby,U2,Rock,MPEG audio file,U2,276.35,9056902
2927,Even Better Than The Real Thing,Achtung Baby,U2,Rock,MPEG audio file,U2,221.36,7279392
2928,One,Achtung Baby,U2,Rock,MPEG audio file,U2,276.19,9158892
2929,Until The End Of The World,Achtung Baby,U2,Rock,MPEG audio file,U2,278.70,9132485
2930,Who's Gonna Ride Your Wild Horses,Achtung Baby,U2,Rock,MPEG audio file,U2,316.55,10304369
2931,So Cruel,Achtung Baby,U2,Rock,MPEG audio file,U2,349.49,11527614
2932,The Fly,Achtung Baby,U2,Rock,MPEG audio file,U2,268.98,8825399
2933,Mysterious Ways,Achtung Baby,U2,Rock,MPEG audio file,U2,243.83,8062057
2934,Tryin' To Throw Your Arms Around The World,Achtung Baby,U2,Rock,MPEG audio file,U2,232.46,7612124
2935,Ultraviolet (Light My Way),Achtung Baby,U2,Rock,MPEG audio file,U2,330.79,10754631
2936,Acrobat,Achtung Baby,U2,Rock,MPEG audio file,U2,270.29,8824723
2937,Love Is Blindness,Achtung Baby,U2,Rock,MPEG audio file,U2,263.50,8531766
2938,Beautiful Day,All That You Can't Leave Behind,U2,Rock,MPEG audio file,"Adam Clayton, Bono, Larry Mullen, The Edge",248.16,8056723
2939,Stuck In A Moment You Can't Get Out Of,All That You Can't Leave Behind,U2,Rock,MPEG audio file,"Adam Clayton, Bono, Larry Mullen, The Edge",272.38,8997366
2940,Elevation,All That You Can't Leave Behind,U2,Rock,MPEG audio file,"Adam Clayton, Bono, Larry Mullen, The Edge",227.55,7479414
2941,Walk On,All That You Can't Leave Behind,U2,Rock,MPEG audio file,"Adam Clayton, Bono, Larry Mullen, The Edge",296.28,9800861
2942,Kite,All That You Can't Leave Behind,U2,Rock,MPEG audio file,"Adam Clayton, Bono, Larry Mullen, The Edge",266.89,8765761
2943,In A Little While,All That You Can't Leave Behind,U2,Rock,MPEG audio file,"Adam Clayton, Bono, Larry Mullen, The Edge",219.27,7189647
2944,Wild Honey,All That You Can't Leave Behind,U2,Rock,MPEG audio file,"Adam Clayton, Bono, Larry Mullen, The Edge",226.77,7466069
2945,Peace On Earth,All That You Can't Leave Behind,U2,Rock,MPEG audio file,"Adam Clayton, Bono, Larry Mullen, The Edge",288.50,9476171
2946,When I Look At The World,All That You Can't Leave Behind,U2,Rock,MPEG audio file,"Adam Clayton, Bono, Larry Mullen, The Edge",257.78,8500491
2947,New York,All That You Can't Leave Behind,U2,Rock,MPEG audio file,"Adam Clayton, Bono, Larry Mullen, The Edge",330.37,10862323
2948,Grace,All That You Can't Leave Behind,U2,Rock,MPEG audio file,"Adam Clayton, Bono, Larry Mullen, The Edge",330.66,10877148
2949,The Three Sunrises,B-Sides 1980-1990,U2,Rock,MPEG audio file,U2,234.79,7717990
2950,Spanish Eyes,B-Sides 1980-1990,U2,Rock,MPEG audio file,U2,196.70,6392710
2951,Sweetest Thing,B-Sides 1980-1990,U2,Rock,MPEG audio file,U2,185.10,6154896
2952,Love Comes Tumbling,B-Sides 1980-1990,U2,Rock,MPEG audio file,U2,282.67,9328802
2953,Bass Trap,B-Sides 1980-1990,U2,Rock,MPEG audio file,U2,213.29,6834107
2954,Dancing Barefoot,B-Sides 1980-1990,U2,Rock,MPEG audio file,Ivan Kral/Patti Smith,287.90,9488294
2955,Everlasting Love,B-Sides 1980-1990,U2,Rock,MPEG audio file,Buzz Cason/Mac Gayden,202.63,6708932
2956,Unchained Melody,B-Sides 1980-1990,U2,Rock,MPEG audio file,Alex North/Hy Zaret,294.16,9597568
2957,Walk To The Water,B-Sides 1980-1990,U2,Rock,MPEG audio file,U2,289.25,9523336
2958,Luminous Times (Hold On To Love),B-Sides 1980-1990,U2,Rock,MPEG audio file,Brian Eno/U2,277.76,9015513
2959,Hallelujah Here She Comes,B-Sides 1980-1990,U2,Rock,MPEG audio file,U2,242.36,8027028
2960,Silver And Gold,B-Sides 1980-1990,U2,Rock,MPEG audio file,Bono,279.88,9199746
2961,Endless Deep,B-Sides 1980-1990,U2,Rock,MPEG audio file,U2,179.88,5899070
2962,A Room At The Heartbreak Hotel,B-Sides 1980-1990,U2,Rock,MPEG audio file,U2,274.55,9015416
2963,"Trash, Trampoline And The Party Girl",B-Sides 1980-1990,U2,Rock,MPEG audio file,U2,153.97,5083523
2964,Vertigo,How To Dismantle An Atomic Bomb,U2,Rock,MPEG audio file,"Adam Clayton, Bono, Larry Mullen & The Edge",194.61,6329502
2965,Miracle Drug,How To Dismantle An Atomic Bomb,U2,Rock,MPEG audio file,"Adam Clayton, Bono, Larry Mullen & The Edge",239.12,7760916
2966,Sometimes You Can't Make It On Your Own,How To Dismantle An Atomic Bomb,U2,Rock,MPEG audio file,"Adam Clayton, Bono, Larry Mullen & The Edge",308.98,10112863
2967,Love And Peace Or Else,How To Dismantle An Atomic Bomb,U2,Rock,MPEG audio file,"Adam Clayton, Bono, Larry Mullen & The Edge",290.69,9476723
2968,City Of Blinding Lights,How To Dismantle An Atomic Bomb,U2,Rock,MPEG audio file,"Adam Clayton, Bono, Larry Mullen & The Edge",347.95,11432026
2969,All Because Of You,How To Dismantle An Atomic Bomb,U2,Rock,MPEG audio file,"Adam Clayton, Bono, Larry Mullen & The Edge",219.14,7198014
2970,A Man And A Woman,How To Dismantle An Atomic Bomb,U2,Rock,MPEG audio file,"Adam Clayton, Bono, Larry Mullen & The Edge",270.13,8938285
2971,Crumbs From Your Table,How To Dismantle An Atomic Bomb,U2,Rock,MPEG audio file,"Adam Clayton, Bono, Larry Mullen & The Edge",303.57,9892349
2972,One Step Closer,How To Dismantle An Atomic Bomb,U2,Rock,MPEG audio file,"Adam Clayton, Bono, Larry Mullen & The Edge",231.68,7512912
2973,Original Of The Species,How To Dismantle An Atomic Bomb,U2,Rock,MPEG audio file,"Adam Clayton, Bono, Larry Mullen & The Edge",281.44,9230041
2974,Yahweh,How To Dismantle An Atomic Bomb,U2,Rock,MPEG audio file,"Adam Clayton, Bono, Larry Mullen & The Edge",262.03,8636998
2975,Discotheque,Pop,U2,Rock,MPEG audio file,"Bono, The Edge, Adam Clayton, and Larry Mullen",319.58,10442206
2976,Do You Feel Loved,Pop,U2,Rock,MPEG audio file,"Bono, The Edge, Adam Clayton, and Larry Mullen",307.54,10122694
2977,Mofo,Pop,U2,Rock,MPEG audio file,"Bono, The Edge, Adam Clayton, and Larry Mullen",349.18,11583042
2978,If God Will Send His Angels,Pop,U2,Rock,MPEG audio file,"Bono, The Edge, Adam Clayton, and Larry Mullen",322.53,10563329
2979,Staring At The Sun,Pop,U2,Rock,MPEG audio file,"Bono, The Edge, Adam Clayton, and Larry Mullen",276.92,9082838
2980,Last Night On Earth,Pop,U2,Rock,MPEG audio file,"Bono, The Edge, Adam Clayton, and Larry Mullen",285.75,9401017
2981,Gone,Pop,U2,Rock,MPEG audio file,"Bono, The Edge, Adam Clayton, and Larry Mullen",266.87,8746301
2982,Miami,Pop,U2,Rock,MPEG audio file,"Bono, The Edge, Adam Clayton, and Larry Mullen",293.04,9741603
2983,The Playboy Mansion,Pop,U2,Rock,MPEG audio file,"Bono, The Edge, Adam Clayton, and Larry Mullen",280.56,9274144
2984,If You Wear That Velvet Dress,Pop,U2,Rock,MPEG audio file,"Bono, The Edge, Adam Clayton, and Larry Mullen",315.17,10227333
2985,Please,Pop,U2,Rock,MPEG audio file,"Bono, The Edge, Adam Clayton, and Larry Mullen",302.60,9909484
2986,Wake Up Dead Man,Pop,U2,Rock,MPEG audio file,"Bono, The Edge, Adam Clayton, and Larry Mullen",292.83,9515903
2987,Helter Skelter,Rattle And Hum,U2,Rock,MPEG audio file,"Lennon, John/McCartney, Paul",187.35,6097636
2988,Van Diemen's Land,Rattle And Hum,U2,Rock,MPEG audio file,"Bono/Clayton, Adam/Mullen Jr., Larry/The Edge",186.04,5990280
2989,Desire,Rattle And Hum,U2,Rock,MPEG audio file,"Bono/Clayton, Adam/Mullen Jr., Larry/The Edge",179.23,5874535
2990,Hawkmoon 269,Rattle And Hum,U2,Rock,MPEG audio file,"Bono/Clayton, Adam/Mullen Jr., Larry/The Edge",382.46,12494987
2991,All Along The Watchtower,Rattle And Hum,U2,Rock,MPEG audio file,"Dylan, Bob",264.57,8623572
2992,I Still Haven't Found What I'm Looking for,Rattle And Hum,U2,Rock,MPEG audio file,"Bono/Clayton, Adam/Mullen Jr., Larry/The Edge",353.57,11542247
2993,Freedom For My People,Rattle And Hum,U2,Rock,MPEG audio file,"Mabins, Macie/Magee, Sterling/Robinson, Bobby",38.16,1249764
2994,Silver And Gold,Rattle And Hum,U2,Rock,MPEG audio file,"Bono/Clayton, Adam/Mullen Jr., Larry/The Edge",349.83,11450194
2995,Pride (In The Name Of Love),Rattle And Hum,U2,Rock,MPEG audio file,"Bono/Clayton, Adam/Mullen Jr., Larry/The Edge",267.81,8806361
2996,Angel Of Harlem,Rattle And Hum,U2,Rock,MPEG audio file,"Bono/Clayton, Adam/Mullen Jr., Larry/The Edge",229.28,7498022
2997,Love Rescue Me,Rattle And Hum,U2,Rock,MPEG audio file,"Bono/Clayton, Adam/Dylan, Bob/Mullen Jr., Larry/The Edge",384.52,12508716
2998,When Love Comes To Town,Rattle And Hum,U2,Rock,MPEG audio file,"Bono/Clayton, Adam/Mullen Jr., Larry/The Edge",255.87,8340954
2999,Heartland,Rattle And Hum,U2,Rock,MPEG audio file,"Bono/Clayton, Adam/Mullen Jr., Larry/The Edge",303.36,9867748
3000,God Part II,Rattle And Hum,U2,Rock,MPEG audio file,"Bono/Clayton, Adam/Mullen Jr., Larry/The Edge",195.60,6497570
3001,The Star Spangled Banner,Rattle And Hum,U2,Rock,MPEG audio file,"Hendrix, Jimi",43.23,1385810
3002,Bullet The Blue Sky,Rattle And Hum,U2,Rock,MPEG audio file,"Bono/Clayton, Adam/Mullen Jr., Larry/The Edge",337.01,10993607
3003,All I Want Is You,Rattle And Hum,U2,Rock,MPEG audio file,"Bono/Clayton, Adam/Mullen Jr., Larry/The Edge",390.24,12729820
3004,Pride (In The Name Of Love),The Best Of 1980-1990,U2,Rock,MPEG audio file,U2,230.24,7549085
3005,New Year's Day,The Best Of 1980-1990,U2,Rock,MPEG audio file,U2,258.93,8491818
3006,With Or Without You,The Best Of 1980-1990,U2,Rock,MPEG audio file,U2,299.02,9765188
3007,I Still Haven't Found What I'm Looking For,The Best Of 1980-1990,U2,Rock,MPEG audio file,U2,280.76,9306737
3008,Sunday Bloody Sunday,The Best Of 1980-1990,U2,Rock,MPEG audio file,U2,282.17,9269668
3009,Bad,The Best Of 1980-1990,U2,Rock,MPEG audio file,U2,351.82,11628058
3010,Where The Streets Have No Name,The Best Of 1980-1990,U2,Rock,MPEG audio file,U2,276.22,9042305
3011,I Will Follow,The Best Of 1980-1990,U2,Rock,MPEG audio file,U2,218.25,7184825
3012,The Unforgettable Fire,The Best Of 1980-1990,U2,Rock,MPEG audio file,U2,295.18,9684664
3013,Sweetest Thing,The Best Of 1980-1990,U2,Rock,MPEG audio file,U2 & Daragh O'Toole,183.07,6071385
3014,Desire,The Best Of 1980-1990,U2,Rock,MPEG audio file,U2,179.85,5893206
3015,When Love Comes To Town,The Best Of 1980-1990,U2,Rock,MPEG audio file,U2,258.19,8479525
3016,Angel Of Harlem,The Best Of 1980-1990,U2,Rock,MPEG audio file,U2,230.22,7527339
3017,All I Want Is You,The Best Of 1980-1990,U2,Rock,MPEG audio file,U2 & Van Dyke Parks,591.99,19202252
3018,Sunday Bloody Sunday,War,U2,Rock,MPEG audio file,U2,278.20,9140849
3019,Seconds,War,U2,Rock,MPEG audio file,U2,191.58,6352121
3020,New Year's Day,War,U2,Rock,MPEG audio file,U2,336.27,11054732
3021,Like A Song...,War,U2,Rock,MPEG audio file,U2,287.29,9365379
3022,Drowning Man,War,U2,Rock,MPEG audio file,U2,254.46,8457066
3023,The Refugee,War,U2,Rock,MPEG audio file,U2,221.28,7374043
3024,Two Hearts Beat As One,War,U2,Rock,MPEG audio file,U2,243.49,7998323
3025,Red Light,War,U2,Rock,MPEG audio file,U2,225.85,7453704
3026,Surrender,War,U2,Rock,MPEG audio file,U2,333.51,11221406
3027,"""40""",War,U2,Rock,MPEG audio file,U2,157.96,5251767
3028,Zooropa,Zooropa,U2,Rock,MPEG audio file,U2; Bono,392.36,12807979
3029,Babyface,Zooropa,U2,Rock,MPEG audio file,U2; Bono,242.00,7942573
3030,Numb,Zooropa,U2,Rock,MPEG audio file,"U2; Edge, The",260.28,8577861
3031,Lemon,Zooropa,U2,Rock,MPEG audio file,U2; Bono,418.32,13988878
3032,"Stay (Faraway, So Close!)",Zooropa,U2,Rock,MPEG audio file,U2; Bono,298.48,9785480
3033,Daddy's Gonna Pay For Your Crashed Car,Zooropa,U2,Rock,MPEG audio file,U2; Bono,320.29,10609581
3034,Some Days Are Better Than Others,Zooropa,U2,Rock,MPEG audio file,U2; Bono,257.44,8417690
3035,The First Time,Zooropa,U2,Rock,MPEG audio file,U2; Bono,225.70,7247651
3036,Dirty Day,Zooropa,U2,Rock,MPEG audio file,"U2; Bono & Edge, The",324.44,10652877
3037,The Wanderer,Zooropa,U2,Rock,MPEG audio file,U2; Bono,283.95,9258717
3038,Breakfast In Bed,UB40 The Best Of - Volume Two [UK],UB40,Reggae,MPEG audio file,,196.18,6513325
3039,Where Did I Go Wrong,UB40 The Best Of - Volume Two [UK],UB40,Reggae,MPEG audio file,,226.74,7485054
3040,I Would Do For You,UB40 The Best Of - Volume Two [UK],UB40,Reggae,MPEG audio file,,334.52,11193602
3041,Homely Girl,UB40 The Best Of - Volume Two [UK],UB40,Reggae,MPEG audio file,,203.83,6790788
3042,Here I Am (Come And Take Me),UB40 The Best Of - Volume Two [UK],UB40,Reggae,MPEG audio file,,242.10,8106249
3043,Kingston Town,UB40 The Best Of - Volume Two [UK],UB40,Reggae,MPEG audio file,,226.95,7638236
3044,Wear You To The Ball,UB40 The Best Of - Volume Two [UK],UB40,Reggae,MPEG audio file,,213.34,7159527
3045,(I Can't Help) Falling In Love With You,UB40 The Best Of - Volume Two [UK],UB40,Reggae,MPEG audio file,,207.57,6905623
3046,Higher Ground,UB40 The Best Of - Volume Two [UK],UB40,Reggae,MPEG audio file,,260.18,8665244
3047,Bring Me Your Cup,UB40 The Best Of - Volume Two [UK],UB40,Reggae,MPEG audio file,,341.50,11346114
3048,C'est La Vie,UB40 The Best Of - Volume Two [UK],UB40,Reggae,MPEG audio file,,270.05,9031661
3049,Reggae Music,UB40 The Best Of - Volume Two [UK],UB40,Reggae,MPEG audio file,,245.11,8203931
3050,Superstition,UB40 The Best Of - Volume Two [UK],UB40,Reggae,MPEG audio file,,319.58,10728099
3051,Until My Dying Day,UB40 The Best Of - Volume Two [UK],UB40,Reggae,MPEG audio file,,235.81,7886195
3052,Where Have All The Good Times Gone?,Diver Down,Van Halen,Rock,MPEG audio file,Ray Davies,186.72,6063937
3053,Hang 'Em High,Diver Down,Van Halen,Rock,MPEG audio file,Alex Van Halen/David Lee Roth/Edward Van Halen/Michael Anthony,210.26,6872314
3054,Cathedral,Diver Down,Van Halen,Rock,MPEG audio file,Alex Van Halen/David Lee Roth/Edward Van Halen/Michael Anthony,82.86,2650998
3055,Secrets,Diver Down,Van Halen,Rock,MPEG audio file,Alex Van Halen/David Lee Roth/Edward Van Halen/Michael Anthony,206.97,6803255
3056,Intruder,Diver Down,Van Halen,Rock,MPEG audio file,Alex Van Halen/David Lee Roth/Edward Van Halen/Michael Anthony,100.15,3282142
3057,(Oh) Pretty Woman,Diver Down,Van Halen,Rock,MPEG audio file,Bill Dees/Roy Orbison,174.68,5665828
3058,Dancing In The Street,Diver Down,Van Halen,Rock,MPEG audio file,Ivy Jo Hunter/Marvin Gaye/William Stevenson,225.99,7461499
3059,Little Guitars (Intro),Diver Down,Van Halen,Rock,MPEG audio file,Alex Van Halen/David Lee Roth/Edward Van Halen/Michael Anthony,42.24,1439530
3060,Little Guitars,Diver Down,Van Halen,Rock,MPEG audio file,Alex Van Halen/David Lee Roth/Edward Van Halen/Michael Anthony,228.81,7453043
3061,Big Bad Bill (Is Sweet William Now),Diver Down,Van Halen,Rock,MPEG audio file,Jack Yellen/Milton Ager,165.15,5489609
3062,The Full Bug,Diver Down,Van Halen,Rock,MPEG audio file,Alex Van Halen/David Lee Roth/Edward Van Halen/Michael Anthony,201.12,6551013
3063,Happy Trails,Diver Down,Van Halen,Rock,MPEG audio file,Dale Evans,65.49,2111141
3064,Eruption,"The Best Of Van Halen, Vol. I",Van Halen,Rock,MPEG audio file,"Edward Van Halen, Alex Van Halen, David Lee Roth, Michael Anthony",102.16,3272891
3065,Ain't Talkin' 'bout Love,"The Best Of Van Halen, Vol. I",Van Halen,Rock,MPEG audio file,"Edward Van Halen, Alex Van Halen, David Lee Roth, Michael Anthony",228.34,7569506
3066,Runnin' With The Devil,"The Best Of Van Halen, Vol. I",Van Halen,Rock,MPEG audio file,"Edward Van Halen, Alex Van Halen, David Lee Roth, Michael Anthony",215.90,7061901
3067,Dance the Night Away,"The Best Of Van Halen, Vol. I",Van Halen,Rock,MPEG audio file,"Edward Van Halen, Alex Van Halen, David Lee Roth, Michael Anthony",185.97,6087433
3068,And the Cradle Will Rock...,"The Best Of Van Halen, Vol. I",Van Halen,Rock,MPEG audio file,"Edward Van Halen, Alex Van Halen, David Lee Roth, Michael Anthony",213.97,7011402
3069,Unchained,"The Best Of Van Halen, Vol. I",Van Halen,Rock,MPEG audio file,"Edward Van Halen, Alex Van Halen, David Lee Roth, Michael Anthony",208.95,6777078
3070,Jump,"The Best Of Van Halen, Vol. I",Van Halen,Rock,MPEG audio file,"Edward Van Halen, Alex Van Halen, David Lee Roth",241.71,7911090
3071,Panama,"The Best Of Van Halen, Vol. I",Van Halen,Rock,MPEG audio file,"Edward Van Halen, Alex Van Halen, David Lee Roth",211.85,6921784
3072,Why Can't This Be Love,"The Best Of Van Halen, Vol. I",Van Halen,Rock,MPEG audio file,Van Halen,227.76,7457655
3073,Dreams,"The Best Of Van Halen, Vol. I",Van Halen,Rock,MPEG audio file,"Edward Van Halen, Alex Van Halen, Michael Anthony,/Edward Van Halen, Alex Van Halen, Michael Anthony, Sammy Hagar",291.81,9504119
3074,When It's Love,"The Best Of Van Halen, Vol. I",Van Halen,Rock,MPEG audio file,"Edward Van Halen, Alex Van Halen, Michael Anthony,/Edward Van Halen, Alex Van Halen, Michael Anthony, Sammy Hagar",338.99,11049966
3075,Poundcake,"The Best Of Van Halen, Vol. I",Van Halen,Rock,MPEG audio file,"Edward Van Halen, Alex Van Halen, Michael Anthony,/Edward Van Halen, Alex Van Halen, Michael Anthony, Sammy Hagar",321.85,10366978
3076,Right Now,"The Best Of Van Halen, Vol. I",Van Halen,Rock,MPEG audio file,Van Halen,321.83,10503352
3077,Can't Stop Loving You,"The Best Of Van Halen, Vol. I",Van Halen,Rock,MPEG audio file,Van Halen,248.50,8107896
3078,Humans Being,"The Best Of Van Halen, Vol. I",Van Halen,Rock,MPEG audio file,"Edward Van Halen, Alex Van Halen, Michael Anthony,/Edward Van Halen, Alex Van Halen, Michael Anthony, Sammy Hagar",308.95,10014683
3079,Can't Get This Stuff No More,"The Best Of Van Halen, Vol. I",Van Halen,Rock,MPEG audio file,"Edward Van Halen, Alex Van Halen, Michael Anthony,/Edward Van Halen, Alex Van Halen, Michael Anthony, David Lee Roth",315.38,10355753
3080,Me Wise Magic,"The Best Of Van Halen, Vol. I",Van Halen,Rock,MPEG audio file,"Edward Van Halen, Alex Van Halen, Michael Anthony,/Edward Van Halen, Alex Van Halen, Michael Anthony, David Lee Roth",366.05,12013467
3081,Runnin' With The Devil,Van Halen,Van Halen,Rock,MPEG audio file,"Edward Van Halen, Alex Van Halen, Michael Anthony and David Lee Roth",216.03,7056863
3082,Eruption,Van Halen,Van Halen,Rock,MPEG audio file,"Edward Van Halen, Alex Van Halen, Michael Anthony and David Lee Roth",102.56,3286026
3083,You Really Got Me,Van Halen,Van Halen,Rock,MPEG audio file,Ray Davies,158.59,5194092
3084,Ain't Talkin' 'Bout Love,Van Halen,Van Halen,Rock,MPEG audio file,"Edward Van Halen, Alex Van Halen, Michael Anthony and David Lee Roth",230.06,7617284
3085,I'm The One,Van Halen,Van Halen,Rock,MPEG audio file,"Edward Van Halen, Alex Van Halen, Michael Anthony and David Lee Roth",226.51,7373922
3086,Jamie's Cryin',Van Halen,Van Halen,Rock,MPEG audio file,"Edward Van Halen, Alex Van Halen, Michael Anthony and David Lee Roth",210.55,6946086
3087,Atomic Punk,Van Halen,Van Halen,Rock,MPEG audio file,"Edward Van Halen, Alex Van Halen, Michael Anthony and David Lee Roth",182.07,5908861
3088,Feel Your Love Tonight,Van Halen,Van Halen,Rock,MPEG audio file,"Edward Van Halen, Alex Van Halen, Michael Anthony and David Lee Roth",222.85,7293608
3089,Little Dreamer,Van Halen,Van Halen,Rock,MPEG audio file,"Edward Van Halen, Alex Van Halen, Michael Anthony and David Lee Roth",203.26,6648122
3090,Ice Cream Man,Van Halen,Van Halen,Rock,MPEG audio file,John Brim,200.31,6573145
3091,On Fire,Van Halen,Van Halen,Rock,MPEG audio file,"Edward Van Halen, Alex Van Halen, Michael Anthony and David Lee Roth",180.64,5879235
3092,Neworld,Van Halen III,Van Halen,Rock,MPEG audio file,Van Halen,105.64,3495897
3093,Without You,Van Halen III,Van Halen,Rock,MPEG audio file,Van Halen,390.30,12619558
3094,One I Want,Van Halen III,Van Halen,Rock,MPEG audio file,Van Halen,330.79,10743970
3095,From Afar,Van Halen III,Van Halen,Rock,MPEG audio file,Van Halen,324.41,10524554
3096,Dirty Water Dog,Van Halen III,Van Halen,Rock,MPEG audio file,Van Halen,327.39,10709202
3097,Once,Van Halen III,Van Halen,Rock,MPEG audio file,Van Halen,462.84,15378082
3098,Fire in the Hole,Van Halen III,Van Halen,Rock,MPEG audio file,Van Halen,331.73,10846768
3099,Josephina,Van Halen III,Van Halen,Rock,MPEG audio file,Van Halen,342.49,11161521
3100,Year to the Day,Van Halen III,Van Halen,Rock,MPEG audio file,Van Halen,514.61,16621333
3101,Primary,Van Halen III,Van Halen,Rock,MPEG audio file,Van Halen,86.99,2812555
3102,Ballot or the Bullet,Van Halen III,Van Halen,Rock,MPEG audio file,Van Halen,342.28,11212955
3103,How Many Say I,Van Halen III,Van Halen,Rock,MPEG audio file,Van Halen,363.94,11716855
3104,Sucker Train Blues,Contraband,Velvet Revolver,Rock,MPEG audio file,"Dave Kushner, Duff, Matt Sorum, Scott Weiland & Slash",267.86,8738780
3105,Do It For The Kids,Contraband,Velvet Revolver,Rock,MPEG audio file,"Dave Kushner, Duff, Matt Sorum, Scott Weiland & Slash",235.91,7693331
3106,Big Machine,Contraband,Velvet Revolver,Rock,MPEG audio file,"Dave Kushner, Duff, Matt Sorum, Scott Weiland & Slash",265.61,8673442
3107,Illegal I Song,Contraband,Velvet Revolver,Rock,MPEG audio file,"Dave Kushner, Duff, Matt Sorum, Scott Weiland & Slash",257.75,8483347
3108,Spectacle,Contraband,Velvet Revolver,Rock,MPEG audio file,"Dave Kushner, Duff, Matt Sorum, Scott Weiland & Slash",221.70,7252876
3109,Fall To Pieces,Contraband,Velvet Revolver,Rock,MPEG audio file,"Dave Kushner, Duff, Matt Sorum, Scott Weiland & Slash",270.89,8823096
3110,Headspace,Contraband,Velvet Revolver,Rock,MPEG audio file,"Dave Kushner, Duff, Matt Sorum, Scott Weiland & Slash",223.03,7237986
3111,Superhuman,Contraband,Velvet Revolver,Rock,MPEG audio file,"Dave Kushner, Duff, Matt Sorum, Scott Weiland & Slash",255.92,8365328
3112,Set Me Free,Contraband,Velvet Revolver,Rock,MPEG audio file,"Dave Kushner, Duff, Matt Sorum, Scott Weiland & Slash",247.95,8053388
3113,You Got No Right,Contraband,Velvet Revolver,Rock,MPEG audio file,"Dave Kushner, Duff, Matt Sorum, Scott Weiland & Slash",335.41,10991094
3114,Slither,Contraband,Velvet Revolver,Rock,MPEG audio file,"Dave Kushner, Duff, Matt Sorum, Scott Weiland & Slash",248.40,8118785
3115,Dirty Little Thing,Contraband,Velvet Revolver,Rock,MPEG audio file,"Dave Kushner, Duff, Keith Nelson, Matt Sorum, Scott Weiland & Slash",237.84,7732982
3116,Loving The Alien,Contraband,Velvet Revolver,Rock,MPEG audio file,"Dave Kushner, Duff, Matt Sorum, Scott Weiland & Slash",348.79,11412762
3117,Pela Luz Dos Olhos Teus,Vinicius De Moraes,Vinícius De Moraes,Latin,MPEG audio file,,119.20,3905715
3118,A Bencao E Outros,Vinicius De Moraes,Vinícius De Moraes,Latin,MPEG audio file,,421.09,14234427
3119,Tudo Na Mais Santa Paz,Vinicius De Moraes,Vinícius De Moraes,Latin,MPEG audio file,,222.41,7426757
3120,O Velho E Aflor,Vinicius De Moraes,Vinícius De Moraes,Latin,MPEG audio file,,275.12,9126828
3121,Cotidiano N 2,Vinicius De Moraes,Vinícius De Moraes,Latin,MPEG audio file,,55.90,1805797
3122,Adeus,Vinicius De Moraes,Vinícius De Moraes,Latin,MPEG audio file,,221.88,7259351
3123,Samba Pra Endrigo,Vinicius De Moraes,Vinícius De Moraes,Latin,MPEG audio file,,259.27,8823551
3124,So Por Amor,Vinicius De Moraes,Vinícius De Moraes,Latin,MPEG audio file,,236.59,7745764
3125,Meu Pranto Rolou,Vinicius De Moraes,Vinícius De Moraes,Latin,MPEG audio file,,181.76,6003345
3126,Mulher Carioca,Vinicius De Moraes,Vinícius De Moraes,Latin,MPEG audio file,,191.69,6395048
3127,Um Homem Chamado Alfredo,Vinicius De Moraes,Vinícius De Moraes,Latin,MPEG audio file,,151.64,4976227
3128,Samba Do Jato,Vinicius De Moraes,Vinícius De Moraes,Latin,MPEG audio file,,220.81,7357840
3129,"Oi, La",Vinicius De Moraes,Vinícius De Moraes,Latin,MPEG audio file,,167.05,5562700
3130,"Vinicius, Poeta Do Encontro",Vinicius De Moraes,Vinícius De Moraes,Latin,MPEG audio file,,336.43,10858776
3131,Soneto Da Separacao,Vinicius De Moraes,Vinícius De Moraes,Latin,MPEG audio file,,193.88,6277511
3132,Still Of The Night,Greatest Hits,Lenny Kravitz,Metal,MPEG audio file,Sykes,398.21,13043817
3133,Here I Go Again,Greatest Hits,Lenny Kravitz,Metal,MPEG audio file,Marsden,233.87,7652473
3134,Is This Love,Greatest Hits,Lenny Kravitz,Metal,MPEG audio file,Sykes,283.92,9262360
3135,Love Ain't No Stranger,Greatest Hits,Lenny Kravitz,Metal,MPEG audio file,Galley,259.40,8490428
3136,Looking For Love,Greatest Hits,Lenny Kravitz,Metal,MPEG audio file,Sykes,391.94,12769847
3137,Now You're Gone,Greatest Hits,Lenny Kravitz,Metal,MPEG audio file,Vandenberg,251.14,8162193
3138,Slide It In,Greatest Hits,Lenny Kravitz,Metal,MPEG audio file,Coverdale,202.48,6615152
3139,Slow An' Easy,Greatest Hits,Lenny Kravitz,Metal,MPEG audio file,Moody,367.26,11961332
3140,Judgement Day,Greatest Hits,Lenny Kravitz,Metal,MPEG audio file,Vandenberg,317.07,10326997
3141,You're Gonna Break My Hart Again,Greatest Hits,Lenny Kravitz,Metal,MPEG audio file,Sykes,250.85,8176847
3142,The Deeper The Love,Greatest Hits,Lenny Kravitz,Metal,MPEG audio file,Vandenberg,262.79,8606504
3143,Crying In The Rain,Greatest Hits,Lenny Kravitz,Metal,MPEG audio file,Coverdale,337.01,10931921
3144,Fool For Your Loving,Greatest Hits,Lenny Kravitz,Metal,MPEG audio file,Marsden/Moody,250.80,8129820
3145,Sweet Lady Luck,Greatest Hits,Lenny Kravitz,Metal,MPEG audio file,Vandenberg,273.74,8919163
3146,Faixa Amarela,Ao Vivo [IMPORT],Zeca Pagodinho,Latin,MPEG audio file,Beto Gogo/Jessé Pai/Luiz Carlos/Zeca Pagodinho,240.69,8082036
3147,Posso Até Me Apaixonar,Ao Vivo [IMPORT],Zeca Pagodinho,Latin,MPEG audio file,Dudu Nobre,200.70,6735526
3148,Não Sou Mais Disso,Ao Vivo [IMPORT],Zeca Pagodinho,Latin,MPEG audio file,Jorge Aragão/Zeca Pagodinho,225.99,7613817
3149,Vivo Isolado Do Mundo,Ao Vivo [IMPORT],Zeca Pagodinho,Latin,MPEG audio file,Alcides Dias Lopes,180.04,6073995
3150,Coração Em Desalinho,Ao Vivo [IMPORT],Zeca Pagodinho,Latin,MPEG audio file,Mauro Diniz/Ratino Sigem,185.21,6225948
3151,Seu Balancê,Ao Vivo [IMPORT],Zeca Pagodinho,Latin,MPEG audio file,Paulinho Rezende/Toninho Geraes,219.45,7311219
3152,Vai Adiar,Ao Vivo [IMPORT],Zeca Pagodinho,Latin,MPEG audio file,Alcino Corrêa/Monarco,270.39,9134882
3153,Rugas,Ao Vivo [IMPORT],Zeca Pagodinho,Latin,MPEG audio file,Augusto Garcez/Nelson Cavaquinho,140.93,4703182
3154,Feirinha da Pavuna/Luz do Repente/Bagaço da Laranja,Ao Vivo [IMPORT],Zeca Pagodinho,Latin,MPEG audio file,"Arlindo Cruz/Franco/Marquinhos PQD/Negro, Jovelina Pérolo/Zeca Pagodinho",107.21,3593684
3155,Sem Essa de Malandro Agulha,Ao Vivo [IMPORT],Zeca Pagodinho,Latin,MPEG audio file,Aldir Blanc/Jayme Vignoli,158.48,5332668
3156,Chico Não Vai na Corimba,Ao Vivo [IMPORT],Zeca Pagodinho,Latin,MPEG audio file,Dudu Nobre/Zeca Pagodinho,269.37,9122188
3157,Papel Principal,Ao Vivo [IMPORT],Zeca Pagodinho,Latin,MPEG audio file,Almir Guineto/Dedé Paraiso/Luverci Ernesto,217.50,7325302
3158,Saudade Louca,Ao Vivo [IMPORT],Zeca Pagodinho,Latin,MPEG audio file,Acyr Marques/Arlindo Cruz/Franco,243.59,8136475
3159,Camarão que Dorme e Onda Leva,Ao Vivo [IMPORT],Zeca Pagodinho,Latin,MPEG audio file,"Acyi Marques/Arlindo Bruz/Braço, Beto Sem/Zeca Pagodinho",299.10,10012231
3160,Sapopemba e Maxambomba,Ao Vivo [IMPORT],Zeca Pagodinho,Latin,MPEG audio file,Nei Lopes/Wilson Moreira,245.39,8268712
3161,Minha Fé,Ao Vivo [IMPORT],Zeca Pagodinho,Latin,MPEG audio file,Murilão,206.99,6981474
3162,Lua de Ogum,Ao Vivo [IMPORT],Zeca Pagodinho,Latin,MPEG audio file,Ratinho/Zeca Pagodinho,168.46,5719129
3163,Samba pras moças,Ao Vivo [IMPORT],Zeca Pagodinho,Latin,MPEG audio file,Grazielle/Roque Ferreira,152.82,5121366
3164,Verdade,Ao Vivo [IMPORT],Zeca Pagodinho,Latin,MPEG audio file,Carlinhos Santana/Nelson Rufino,332.83,11120708
3165,The Brig,"Lost, Season 3",Lost,Drama,Protected MPEG-4 video file,,2617.33,488919543
3166,.07%,"Heroes, Season 1",Heroes,Drama,Protected MPEG-4 video file,,2585.79,541715199
3167,Five Years Gone,"Heroes, Season 1",Heroes,Drama,Protected MPEG-4 video file,,2587.71,530551890
3168,The Hard Part,"Heroes, Season 1",Heroes,Drama,Protected MPEG-4 video file,,2601.02,475996611
3169,The Man Behind the Curtain,"Lost, Season 3",Lost,Drama,Protected MPEG-4 video file,,2615.99,493951081
3170,Greatest Hits,"Lost, Season 3",Lost,Drama,Protected MPEG-4 video file,,2617.12,522102916
3171,Landslide,"Heroes, Season 1",Heroes,Drama,Protected MPEG-4 video file,,2600.73,518677861
3172,The Office: An American Workplace (Pilot),"The Office, Season 1",The Office,TV Shows,Protected MPEG-4 video file,,1380.83,290482361
3173,Diversity Day,"The Office, Season 1",The Office,TV Shows,Protected MPEG-4 video file,,1306.42,257879716
3174,Health Care,"The Office, Season 1",The Office,TV Shows,Protected MPEG-4 video file,,1321.79,260493577
3175,The Alliance,"The Office, Season 1",The Office,TV Shows,Protected MPEG-4 video file,,1317.13,266203162
3176,Basketball,"The Office, Season 1",The Office,TV Shows,Protected MPEG-4 video file,,1323.54,267464180
3177,Hot Girl,"The Office, Season 1",The Office,TV Shows,Protected MPEG-4 video file,,1325.46,267836576
3178,The Dundies,"The Office, Season 2",The Office,TV Shows,Protected MPEG-4 video file,,1253.54,246845576
3179,Sexual Harassment,"The Office, Season 2",The Office,TV Shows,Protected MPEG-4 video file,,1294.54,273069146
3180,Office Olympics,"The Office, Season 2",The Office,TV Shows,Protected MPEG-4 video file,,1290.46,256247623
3181,The Fire,"The Office, Season 2",The Office,TV Shows,Protected MPEG-4 video file,,1288.17,266856017
3182,Halloween,"The Office, Season 2",The Office,TV Shows,Protected MPEG-4 video file,,1315.33,249205209
3183,The Fight,"The Office, Season 2",The Office,TV Shows,Protected MPEG-4 video file,,1320.03,277149457
3184,The Client,"The Office, Season 2",The Office,TV Shows,Protected MPEG-4 video file,,1299.34,253836788
3185,Performance Review,"The Office, Season 2",The Office,TV Shows,Protected MPEG-4 video file,,1292.46,256143822
3186,Email Surveillance,"The Office, Season 2",The Office,TV Shows,Protected MPEG-4 video file,,1328.87,265101113
3187,Christmas Party,"The Office, Season 2",The Office,TV Shows,Protected MPEG-4 video file,,1282.12,260891300
3188,Booze Cruise,"The Office, Season 2",The Office,TV Shows,Protected MPEG-4 video file,,1267.96,252518021
3189,The Injury,"The Office, Season 2",The Office,TV Shows,Protected MPEG-4 video file,,1275.28,253912762
3190,The Secret,"The Office, Season 2",The Office,TV Shows,Protected MPEG-4 video file,,1264.88,253143200
3191,The Carpet,"The Office, Season 2",The Office,TV Shows,Protected MPEG-4 video file,,1264.38,256477011
3192,Boys and Girls,"The Office, Season 2",The Office,TV Shows,Protected MPEG-4 video file,,1278.33,255245729
3193,Valentine's Day,"The Office, Season 2",The Office,TV Shows,Protected MPEG-4 video file,,1270.38,253552710
3194,Dwight's Speech,"The Office, Season 2",The Office,TV Shows,Protected MPEG-4 video file,,1278.04,255001728
3195,Take Your Daughter to Work Day,"The Office, Season 2",The Office,TV Shows,Protected MPEG-4 video file,,1268.33,253451012
3196,Michael's Birthday,"The Office, Season 2",The Office,TV Shows,Protected MPEG-4 video file,,1237.79,247238398
3197,Drug Testing,"The Office, Season 2",The Office,TV Shows,Protected MPEG-4 video file,,1278.63,244626927
3198,Conflict Resolution,"The Office, Season 2",The Office,TV Shows,Protected MPEG-4 video file,,1274.58,253808658
3199,Casino Night - Season Finale,"The Office, Season 2",The Office,TV Shows,Protected MPEG-4 video file,,1712.79,327642458
3200,Gay Witch Hunt,"The Office, Season 3",The Office,TV Shows,Protected MPEG-4 video file,,1326.53,276942637
3201,The Convention,"The Office, Season 3",The Office,TV Shows,Protected MPEG-4 video file,,1297.21,255117055
3202,The Coup,"The Office, Season 3",The Office,TV Shows,Protected MPEG-4 video file,,1276.53,267205501
3203,Grief Counseling,"The Office, Season 3",The Office,TV Shows,Protected MPEG-4 video file,,1282.62,256912833
3204,The Initiation,"The Office, Season 3",The Office,TV Shows,Protected MPEG-4 video file,,1280.11,251728257
3205,Diwali,"The Office, Season 3",The Office,TV Shows,Protected MPEG-4 video file,,1279.90,252726644
3206,Branch Closing,"The Office, Season 3",The Office,TV Shows,Protected MPEG-4 video file,,1822.78,358761786
3207,The Merger,"The Office, Season 3",The Office,TV Shows,Protected MPEG-4 video file,,1801.93,345960631
3208,The Convict,"The Office, Season 3",The Office,Comedy,Protected MPEG-4 video file,,1273.06,248863427
3209,"A Benihana Christmas, Pts. 1 & 2","The Office, Season 3",The Office,Comedy,Protected MPEG-4 video file,,2519.44,515301752
3210,Back from Vacation,"The Office, Season 3",The Office,Comedy,Protected MPEG-4 video file,,1271.69,245378749
3211,Traveling Salesmen,"The Office, Season 3",The Office,Comedy,Protected MPEG-4 video file,,1289.04,250822697
3212,Producer's Cut: The Return,"The Office, Season 3",The Office,Comedy,Protected MPEG-4 video file,,1700.24,337219980
3213,Ben Franklin,"The Office, Season 3",The Office,Comedy,Protected MPEG-4 video file,,1271.94,264168080
3214,Phyllis's Wedding,"The Office, Season 3",The Office,Comedy,Protected MPEG-4 video file,,1271.52,258561054
3215,Business School,"The Office, Season 3",The Office,Comedy,Protected MPEG-4 video file,,1302.09,254402605
3216,Cocktails,"The Office, Season 3",The Office,Comedy,Protected MPEG-4 video file,,1272.52,259011909
3217,The Negotiation,"The Office, Season 3",The Office,Comedy,Protected MPEG-4 video file,,1767.85,371663719
3218,Safety Training,"The Office, Season 3",The Office,Comedy,Protected MPEG-4 video file,,1271.23,253054534
3219,Product Recall,"The Office, Season 3",The Office,Comedy,Protected MPEG-4 video file,,1268.27,251208610
3220,Women's Appreciation,"The Office, Season 3",The Office,Comedy,Protected MPEG-4 video file,,1732.65,338778844
3221,Beach Games,"The Office, Season 3",The Office,Comedy,Protected MPEG-4 video file,,1676.13,333671149
3222,The Job,"The Office, Season 3",The Office,Comedy,Protected MPEG-4 video file,,2541.88,501060138
3223,How to Stop an Exploding Man,"Heroes, Season 1",Heroes,Drama,Protected MPEG-4 video file,,2687.10,487881159
3224,Through a Looking Glass,"Lost, Season 3",Lost,Drama,Protected MPEG-4 video file,,5088.84,1059546140
3225,Your Time Is Gonna Come,Un-Led-Ed,Dread Zeppelin,Rock,Protected AAC audio file,"Page, Jones",310.77,5126563
3226,"Battlestar Galactica, Pt. 1","Battlestar Galactica (Classic), Season 1",Battlestar Galactica (Classic),Sci Fi & Fantasy,Protected MPEG-4 video file,,2952.70,541359437
3227,"Battlestar Galactica, Pt. 2","Battlestar Galactica (Classic), Season 1",Battlestar Galactica (Classic),Sci Fi & Fantasy,Protected MPEG-4 video file,,2956.08,521387924
3228,"Battlestar Galactica, Pt. 3","Battlestar Galactica (Classic), Season 1",Battlestar Galactica (Classic),Sci Fi & Fantasy,Protected MPEG-4 video file,,2927.80,554509033
3229,"Lost Planet of the Gods, Pt. 1","Battlestar Galactica (Classic), Season 1",Battlestar Galactica (Classic),Sci Fi & Fantasy,Protected MPEG-4 video file,,2922.55,537812711
3230,"Lost Planet of the Gods, Pt. 2","Battlestar Galactica (Classic), Season 1",Battlestar Galactica (Classic),Sci Fi & Fantasy,Protected MPEG-4 video file,,2914.66,534343985
3231,The Lost Warrior,"Battlestar Galactica (Classic), Season 1",Battlestar Galactica (Classic),Sci Fi & Fantasy,Protected MPEG-4 video file,,2920.05,558872190
3232,The Long Patrol,"Battlestar Galactica (Classic), Season 1",Battlestar Galactica (Classic),Sci Fi & Fantasy,Protected MPEG-4 video file,,2925.01,513122217
3233,"The Gun On Ice Planet Zero, Pt. 1","Battlestar Galactica (Classic), Season 1",Battlestar Galactica (Classic),Sci Fi & Fantasy,Protected MPEG-4 video file,,2907.62,540980196
3234,"The Gun On Ice Planet Zero, Pt. 2","Battlestar Galactica (Classic), Season 1",Battlestar Galactica (Classic),Sci Fi & Fantasy,Protected MPEG-4 video file,,2924.34,546542281
3235,The Magnificent Warriors,"Battlestar Galactica (Classic), Season 1",Battlestar Galactica (Classic),Sci Fi & Fantasy,Protected MPEG-4 video file,,2924.72,570152232
3236,The Young Lords,"Battlestar Galactica (Classic), Season 1",Battlestar Galactica (Classic),Sci Fi & Fantasy,Protected MPEG-4 video file,,2863.57,587051735
3237,"The Living Legend, Pt. 1","Battlestar Galactica (Classic), Season 1",Battlestar Galactica (Classic),Sci Fi & Fantasy,Protected MPEG-4 video file,,2924.51,503641007
3238,"The Living Legend, Pt. 2","Battlestar Galactica (Classic), Season 1",Battlestar Galactica (Classic),Sci Fi & Fantasy,Protected MPEG-4 video file,,2923.30,515632754
3239,Fire In Space,"Battlestar Galactica (Classic), Season 1",Battlestar Galactica (Classic),Sci Fi & Fantasy,Protected MPEG-4 video file,,2926.59,536784757
3240,"War of the Gods, Pt. 1","Battlestar Galactica (Classic), Season 1",Battlestar Galactica (Classic),Sci Fi & Fantasy,Protected MPEG-4 video file,,2922.63,505761343
3241,"War of the Gods, Pt. 2","Battlestar Galactica (Classic), Season 1",Battlestar Galactica (Classic),Sci Fi & Fantasy,Protected MPEG-4 video file,,2923.38,487899692
3242,The Man With Nine Lives,"Battlestar Galactica (Classic), Season 1",Battlestar Galactica (Classic),Sci Fi & Fantasy,Protected MPEG-4 video file,,2957.00,577829804
3243,Murder On the Rising Star,"Battlestar Galactica (Classic), Season 1",Battlestar Galactica (Classic),Sci Fi & Fantasy,Protected MPEG-4 video file,,2935.89,551759986
3244,"Greetings from Earth, Pt. 1","Battlestar Galactica (Classic), Season 1",Battlestar Galactica (Classic),Sci Fi & Fantasy,Protected MPEG-4 video file,,2960.29,536824558
3245,"Greetings from Earth, Pt. 2","Battlestar Galactica (Classic), Season 1",Battlestar Galactica (Classic),Sci Fi & Fantasy,Protected MPEG-4 video file,,2903.78,527842860
3246,Baltar's Escape,"Battlestar Galactica (Classic), Season 1",Battlestar Galactica (Classic),Sci Fi & Fantasy,Protected MPEG-4 video file,,2922.09,525564224
3247,Experiment In Terra,"Battlestar Galactica (Classic), Season 1",Battlestar Galactica (Classic),Sci Fi & Fantasy,Protected MPEG-4 video file,,2923.55,547982556
3248,Take the Celestra,"Battlestar Galactica (Classic), Season 1",Battlestar Galactica (Classic),Sci Fi & Fantasy,Protected MPEG-4 video file,,2927.68,512381289
3249,The Hand of God,"Battlestar Galactica (Classic), Season 1",Battlestar Galactica (Classic),Sci Fi & Fantasy,Protected MPEG-4 video file,,2924.01,536583079
3250,Pilot,Aquaman,Aquaman,TV Shows,Protected MPEG-4 video file,,2484.57,492670102
3251,"Through the Looking Glass, Pt. 2","Lost, Season 3",Lost,Drama,Protected MPEG-4 video file,,2617.12,550943353
3252,"Through the Looking Glass, Pt. 1","Lost, Season 3",Lost,Drama,Protected MPEG-4 video file,,2610.86,493211809
3253,Instant Karma,Instant Karma: The Amnesty International Campaign to Save Darfur,U2,Pop,Protected AAC audio file,,193.19,3150090
3254,#9 Dream,Instant Karma: The Amnesty International Campaign to Save Darfur,U2,Pop,Protected AAC audio file,,278.31,4506425
3255,Mother,Instant Karma: The Amnesty International Campaign to Save Darfur,U2,Pop,Protected AAC audio file,,287.74,4656660
3256,Give Peace a Chance,Instant Karma: The Amnesty International Campaign to Save Darfur,U2,Pop,Protected AAC audio file,,274.64,4448025
3257,Cold Turkey,Instant Karma: The Amnesty International Campaign to Save Darfur,U2,Pop,Protected AAC audio file,,281.42,4556003
3258,Whatever Gets You Thru the Night,Instant Karma: The Amnesty International Campaign to Save Darfur,U2,Pop,Protected AAC audio file,,215.08,3499018
3259,I'm Losing You,Instant Karma: The Amnesty International Campaign to Save Darfur,U2,Pop,Protected AAC audio file,,240.72,3907467
3260,Gimme Some Truth,Instant Karma: The Amnesty International Campaign to Save Darfur,U2,Pop,Protected AAC audio file,,232.78,3780807
3261,"Oh, My Love",Instant Karma: The Amnesty International Campaign to Save Darfur,U2,Pop,Protected AAC audio file,,159.47,2612788
3262,Imagine,Instant Karma: The Amnesty International Campaign to Save Darfur,U2,Pop,Protected AAC audio file,,192.33,3136271
3263,Nobody Told Me,Instant Karma: The Amnesty International Campaign to Save Darfur,U2,Pop,Protected AAC audio file,,210.35,3423395
3264,Jealous Guy,Instant Karma: The Amnesty International Campaign to Save Darfur,U2,Pop,Protected AAC audio file,,239.09,3881620
3265,Working Class Hero,Instant Karma: The Amnesty International Campaign to Save Darfur,U2,Pop,Protected AAC audio file,,265.45,4301430
3266,Power to the People,Instant Karma: The Amnesty International Campaign to Save Darfur,U2,Pop,Protected AAC audio file,,213.02,3466029
3267,Imagine,Instant Karma: The Amnesty International Campaign to Save Darfur,U2,Pop,Protected AAC audio file,,219.08,3562542
3268,Beautiful Boy,Instant Karma: The Amnesty International Campaign to Save Darfur,U2,Pop,Protected AAC audio file,,228.00,3704642
3269,Isolation,Instant Karma: The Amnesty International Campaign to Save Darfur,U2,Pop,Protected AAC audio file,,156.06,2558399
3270,Watching the Wheels,Instant Karma: The Amnesty International Campaign to Save Darfur,U2,Pop,Protected AAC audio file,,198.65,3237063
3271,Grow Old With Me,Instant Karma: The Amnesty International Campaign to Save Darfur,U2,Pop,Protected AAC audio file,,149.09,2447453
3272,Gimme Some Truth,Instant Karma: The Amnesty International Campaign to Save Darfur,U2,Pop,Protected AAC audio file,,187.55,3060083
3273,[Just Like] Starting Over,Instant Karma: The Amnesty International Campaign to Save Darfur,U2,Pop,Protected AAC audio file,,215.55,3506308
3274,God,Instant Karma: The Amnesty International Campaign to Save Darfur,U2,Pop,Protected AAC audio file,,260.41,4221135
3275,Real Love,Instant Karma: The Amnesty International Campaign to Save Darfur,U2,Pop,Protected AAC audio file,,236.91,3846658
3276,Sympton of the Universe,Speak of the Devil,Ozzy Osbourne,Rock,Protected AAC audio file,,340.89,5489313
3277,Snowblind,Speak of the Devil,Ozzy Osbourne,Rock,Protected AAC audio file,,295.96,4773171
3278,Black Sabbath,Speak of the Devil,Ozzy Osbourne,Rock,Protected AAC audio file,,364.18,5860455
3279,Fairies Wear Boots,Speak of the Devil,Ozzy Osbourne,Rock,Protected AAC audio file,,392.76,6315916
3280,War Pigs,Speak of the Devil,Ozzy Osbourne,Rock,Protected AAC audio file,,515.44,8270194
3281,The Wizard,Speak of the Devil,Ozzy Osbourne,Rock,Protected AAC audio file,,282.68,4561796
3282,N.I.B.,Speak of the Devil,Ozzy Osbourne,Rock,Protected AAC audio file,,335.25,5399456
3283,Sweet Leaf,Speak of the Devil,Ozzy Osbourne,Rock,Protected AAC audio file,,354.71,5709700
3284,Never Say Die,Speak of the Devil,Ozzy Osbourne,Rock,Protected AAC audio file,,258.34,4173799
3285,"Sabbath, Bloody Sabbath",Speak of the Devil,Ozzy Osbourne,Rock,Protected AAC audio file,,333.62,5373633
3286,Iron Man/Children of the Grave,Speak of the Devil,Ozzy Osbourne,Rock,Protected AAC audio file,,552.31,8858616
3287,Paranoid,Speak of the Devil,Ozzy Osbourne,Rock,Protected AAC audio file,,189.17,3071042
3288,Rock You Like a Hurricane,20th Century Masters - The Millennium Collection: The Best of Scorpions,Scorpions,Rock,Protected AAC audio file,,255.77,4300973
3289,No One Like You,20th Century Masters - The Millennium Collection: The Best of Scorpions,Scorpions,Rock,Protected AAC audio file,,240.33,4050259
3290,The Zoo,20th Century Masters - The Millennium Collection: The Best of Scorpions,Scorpions,Rock,Protected AAC audio file,,332.74,5550779
3291,Loving You Sunday Morning,20th Century Masters - The Millennium Collection: The Best of Scorpions,Scorpions,Rock,Protected AAC audio file,,339.13,5654493
3292,Still Loving You,20th Century Masters - The Millennium Collection: The Best of Scorpions,Scorpions,Rock,Protected AAC audio file,,390.67,6491444
3293,Big City Nights,20th Century Masters - The Millennium Collection: The Best of Scorpions,Scorpions,Rock,Protected AAC audio file,,251.87,4237651
3294,Believe in Love,20th Century Masters - The Millennium Collection: The Best of Scorpions,Scorpions,Rock,Protected AAC audio file,,325.77,5437651
3295,Rhythm of Love,20th Century Masters - The Millennium Collection: The Best of Scorpions,Scorpions,Rock,Protected AAC audio file,,231.25,3902834
3296,I Can't Explain,20th Century Masters - The Millennium Collection: The Best of Scorpions,Scorpions,Rock,Protected AAC audio file,,205.33,3482099
3297,Tease Me Please Me,20th Century Masters - The Millennium Collection: The Best of Scorpions,Scorpions,Rock,Protected AAC audio file,,287.23,4811894
3298,Wind of Change,20th Century Masters - The Millennium Collection: The Best of Scorpions,Scorpions,Rock,Protected AAC audio file,,315.33,5268002
3299,Send Me an Angel,20th Century Masters - The Millennium Collection: The Best of Scorpions,Scorpions,Rock,Protected AAC audio file,,273.04,4581492
3300,Jump Around,House of Pain,House Of Pain,Hip Hop/Rap,MPEG audio file,E. Schrody/L. Muggerud,217.84,8715653
3301,Salutations,House of Pain,House Of Pain,Hip Hop/Rap,MPEG audio file,E. Schrody/L. Dimant,69.12,2767047
3302,Put Your Head Out,House of Pain,House Of Pain,Hip Hop/Rap,MPEG audio file,E. Schrody/L. Freese/L. Muggerud,182.23,7291473
3303,Top O' The Morning To Ya,House of Pain,House Of Pain,Hip Hop/Rap,MPEG audio file,E. Schrody/L. Dimant,216.63,8667599
3304,Commercial 1,House of Pain,House Of Pain,Hip Hop/Rap,MPEG audio file,L. Muggerud,7.94,319888
3305,House And The Rising Sun,House of Pain,House Of Pain,Hip Hop/Rap,MPEG audio file,E. Schrody/J. Vasquez/L. Dimant,219.40,8778369
3306,Shamrocks And Shenanigans,House of Pain,House Of Pain,Hip Hop/Rap,MPEG audio file,E. Schrody/L. Dimant,218.33,8735518
3307,House Of Pain Anthem,House of Pain,House Of Pain,Hip Hop/Rap,MPEG audio file,E. Schrody/L. Dimant,155.61,6226713
3308,"Danny Boy, Danny Boy",House of Pain,House Of Pain,Hip Hop/Rap,MPEG audio file,E. Schrody/L. Muggerud,114.52,4583091
3309,Guess Who's Back,House of Pain,House Of Pain,Hip Hop/Rap,MPEG audio file,E. Schrody/L. Muggerud,238.39,9537994
3310,Commercial 2,House of Pain,House Of Pain,Hip Hop/Rap,MPEG audio file,L. Muggerud,21.21,850698
3311,Put On Your Shit Kickers,House of Pain,House Of Pain,Hip Hop/Rap,MPEG audio file,E. Schrody/L. Muggerud,190.43,7619569
3312,Come And Get Some Of This,House of Pain,House Of Pain,Hip Hop/Rap,MPEG audio file,E. Schrody/L. Muggerud/R. Medrano,170.48,6821279
3313,Life Goes On,House of Pain,House Of Pain,Hip Hop/Rap,MPEG audio file,E. Schrody/R. Medrano,163.03,6523458
3314,One For The Road,House of Pain,House Of Pain,Hip Hop/Rap,MPEG audio file,E. Schrody/L. Dimant/L. Muggerud,170.21,6810820
3315,Feel It,House of Pain,House Of Pain,Hip Hop/Rap,MPEG audio file,E. Schrody/R. Medrano,239.91,9598588
3316,All My Love,House of Pain,House Of Pain,Hip Hop/Rap,MPEG audio file,E. Schrody/L. Dimant,200.62,8027065
3317,Jump Around (Pete Rock Remix),House of Pain,House Of Pain,Hip Hop/Rap,MPEG audio file,E. Schrody/L. Muggerud,236.12,9447101
3318,Shamrocks And Shenanigans (Boom Shalock Lock Boom/Butch Vig Mix),House of Pain,House Of Pain,Hip Hop/Rap,MPEG audio file,E. Schrody/L. Dimant,237.04,9483705
3319,Instinto Colectivo,Radio Brasil (O Som da Jovem Vanguarda) - Seleccao de Henrique Amaro,O Rappa,Electronica/Dance,MPEG audio file,,300.56,12024875
3320,Chapa o Coco,Radio Brasil (O Som da Jovem Vanguarda) - Seleccao de Henrique Amaro,O Rappa,Electronica/Dance,MPEG audio file,,143.83,5755478
3321,Prostituta,Radio Brasil (O Som da Jovem Vanguarda) - Seleccao de Henrique Amaro,O Rappa,Electronica/Dance,MPEG audio file,,359.00,14362307
3322,Eu So Queria Sumir,Radio Brasil (O Som da Jovem Vanguarda) - Seleccao de Henrique Amaro,O Rappa,Electronica/Dance,MPEG audio file,,269.74,10791921
3323,Tres Reis,Radio Brasil (O Som da Jovem Vanguarda) - Seleccao de Henrique Amaro,O Rappa,Electronica/Dance,MPEG audio file,,304.14,12168015
3324,Um Lugar ao Sol,Radio Brasil (O Som da Jovem Vanguarda) - Seleccao de Henrique Amaro,O Rappa,Electronica/Dance,MPEG audio file,,212.32,8495217
3325,Batalha Naval,Radio Brasil (O Som da Jovem Vanguarda) - Seleccao de Henrique Amaro,O Rappa,Electronica/Dance,MPEG audio file,,285.73,11431382
3326,Todo o Carnaval tem seu Fim,Radio Brasil (O Som da Jovem Vanguarda) - Seleccao de Henrique Amaro,O Rappa,Electronica/Dance,MPEG audio file,,237.43,9499371
3327,O Misterio do Samba,Radio Brasil (O Som da Jovem Vanguarda) - Seleccao de Henrique Amaro,O Rappa,Electronica/Dance,MPEG audio file,,226.14,9047970
3328,Armadura,Radio Brasil (O Som da Jovem Vanguarda) - Seleccao de Henrique Amaro,O Rappa,Electronica/Dance,MPEG audio file,,232.88,9317533
3329,Na Ladeira,Radio Brasil (O Som da Jovem Vanguarda) - Seleccao de Henrique Amaro,O Rappa,Electronica/Dance,MPEG audio file,,221.57,8865099
3330,Carimbo,Radio Brasil (O Som da Jovem Vanguarda) - Seleccao de Henrique Amaro,O Rappa,Electronica/Dance,MPEG audio file,,328.75,13152314
3331,Catimbo,Radio Brasil (O Som da Jovem Vanguarda) - Seleccao de Henrique Amaro,O Rappa,Electronica/Dance,MPEG audio file,,254.48,10181692
3332,Funk de Bamba,Radio Brasil (O Som da Jovem Vanguarda) - Seleccao de Henrique Amaro,O Rappa,Electronica/Dance,MPEG audio file,,237.32,9495184
3333,Chega no Suingue,Radio Brasil (O Som da Jovem Vanguarda) - Seleccao de Henrique Amaro,O Rappa,Electronica/Dance,MPEG audio file,,221.81,8874509
3334,Mun-Ra,Radio Brasil (O Som da Jovem Vanguarda) - Seleccao de Henrique Amaro,O Rappa,Electronica/Dance,MPEG audio file,,274.65,10988338
3335,Freestyle Love,Radio Brasil (O Som da Jovem Vanguarda) - Seleccao de Henrique Amaro,O Rappa,Electronica/Dance,MPEG audio file,,318.48,12741680
3336,War Pigs,Cake: B-Sides and Rarities,Cake,Alternative,Purchased AAC audio file,,234.01,8052374
3337,"Past, Present, and Future","LOST, Season 4",Lost,Drama,Protected MPEG-4 video file,,2492.87,490796184
3338,The Beginning of the End,"LOST, Season 4",Lost,Drama,Protected MPEG-4 video file,,2611.90,526865050
3339,LOST Season 4 Trailer,"LOST, Season 4",Lost,Drama,Protected MPEG-4 video file,,112.71,20831818
3340,LOST In 8:15,"LOST, Season 4",Lost,Drama,Protected MPEG-4 video file,,497.16,98460675
3341,Confirmed Dead,"LOST, Season 4",Lost,Drama,Protected MPEG-4 video file,,2611.99,512168460
3342,The Economist,"LOST, Season 4",Lost,Drama,Protected MPEG-4 video file,,2609.03,516934914
3343,Eggtown,"LOST, Season 4",Lost,TV Shows,Protected MPEG-4 video file,,2608.82,501061240
3344,The Constant,"LOST, Season 4",Lost,Drama,Protected MPEG-4 video file,,2611.57,520209363
3345,The Other Woman,"LOST, Season 4",Lost,Drama,Protected MPEG-4 video file,,2605.02,513246663
3346,Ji Yeon,"LOST, Season 4",Lost,TV Shows,Protected MPEG-4 video file,,2588.80,506458858
3347,Meet Kevin Johnson,"LOST, Season 4",Lost,TV Shows,Protected MPEG-4 video file,,2612.03,504132981
3348,The Shape of Things to Come,"LOST, Season 4",Lost,Drama,Protected MPEG-4 video file,,2591.30,502284266
3349,Amanda,Quiet Songs,Aisha Duo,Jazz,AAC audio file,Luca Gusella,246.50,4011615
3350,Despertar,Quiet Songs,Aisha Duo,Jazz,AAC audio file,Andrea Dulbecco,307.39,4821485
3351,Din Din Wo (Little Child),Muso Ko,Habib Koité and Bamada,World,AAC audio file,Habib Koité,285.84,4615841
3352,Distance,Realize,Karsh Kale,Electronica/Dance,AAC audio file,Karsh Kale/Vishal Vaid,327.12,5327463
3353,I Guess You're Right,Every Kind of Light,The Posies,Rock,AAC audio file,"Darius ""Take One"" Minwalla/Jon Auer/Ken Stringfellow/Matt Harris",212.04,3453849
3354,I Ka Barra (Your Work),Muso Ko,Habib Koité and Bamada,World,AAC audio file,Habib Koité,300.61,4855457
3355,Love Comes,Every Kind of Light,The Posies,Rock,AAC audio file,"Darius ""Take One"" Minwalla/Jon Auer/Ken Stringfellow/Matt Harris",199.92,3240609
3356,Muita Bobeira,Duos II,Luciana Souza/Romero Lubambo,Latin,AAC audio file,Luciana Souza,172.71,2775071
3357,OAM's Blues,Worlds,Aaron Goldberg,Jazz,AAC audio file,Aaron Goldberg,266.94,4292028
3358,One Step Beyond,Realize,Karsh Kale,Electronica/Dance,AAC audio file,Karsh Kale,366.09,6034098
3359,"Symphony No. 3 in E-flat major, Op. 55, ""Eroica"" - Scherzo: Allegro Vivace",The Best of Beethoven,Nicolaus Esterhazy Sinfonia,Classical,AAC audio file,Ludwig van Beethoven,356.43,5817216
3360,Something Nice Back Home,"LOST, Season 4",Lost,Drama,Protected MPEG-4 video file,,2612.78,484711353
3361,Cabin Fever,"LOST, Season 4",Lost,Drama,Protected MPEG-4 video file,,2612.03,477733942
3362,"There's No Place Like Home, Pt. 1","LOST, Season 4",Lost,Drama,Protected MPEG-4 video file,,2609.53,522919189
3363,"There's No Place Like Home, Pt. 2","LOST, Season 4",Lost,Drama,Protected MPEG-4 video file,,2497.96,523748920
3364,"There's No Place Like Home, Pt. 3","LOST, Season 4",Lost,Drama,Protected MPEG-4 video file,,2582.96,486161766
3365,Say Hello 2 Heaven,Temple of the Dog,Temple of the Dog,Alternative,Protected AAC audio file,,384.50,6477217
3366,Reach Down,Temple of the Dog,Temple of the Dog,Alternative,Protected AAC audio file,,672.77,11157785
3367,Hunger Strike,Temple of the Dog,Temple of the Dog,Alternative,Protected AAC audio file,,246.29,4233212
3368,Pushin Forward Back,Temple of the Dog,Temple of the Dog,Alternative,Protected AAC audio file,,225.28,3892066
3369,Call Me a Dog,Temple of the Dog,Temple of the Dog,Alternative,Protected AAC audio file,,304.46,5177612
3370,Times of Trouble,Temple of the Dog,Temple of the Dog,Alternative,Protected AAC audio file,,342.54,5795951
3371,Wooden Jesus,Temple of the Dog,Temple of the Dog,Alternative,Protected AAC audio file,,250.57,4302603
3372,Your Savior,Temple of the Dog,Temple of the Dog,Alternative,Protected AAC audio file,,244.23,4199626
3373,Four Walled World,Temple of the Dog,Temple of the Dog,Alternative,Protected AAC audio file,,414.47,6964048
3374,All Night Thing,Temple of the Dog,Temple of the Dog,Alternative,Protected AAC audio file,,231.80,3997982
3375,No Such Thing,Carry On,Chris Cornell,Alternative,Protected AAC audio file,Chris Cornell,224.84,3691272
3376,Poison Eye,Carry On,Chris Cornell,Alternative,Protected AAC audio file,Chris Cornell,237.12,3890037
3377,Arms Around Your Love,Carry On,Chris Cornell,Alternative,Protected AAC audio file,Chris Cornell,214.02,3516224
3378,Safe and Sound,Carry On,Chris Cornell,Alternative,Protected AAC audio file,Chris Cornell,256.76,4207769
3379,She'll Never Be Your Man,Carry On,Chris Cornell,Alternative,Protected AAC audio file,Chris Cornell,204.08,3355715
3380,Ghosts,Carry On,Chris Cornell,Alternative,Protected AAC audio file,Chris Cornell,231.55,3799745
3381,Killing Birds,Carry On,Chris Cornell,Alternative,Protected AAC audio file,Chris Cornell,218.50,3588776
3382,Billie Jean,Carry On,Chris Cornell,Alternative,Protected AAC audio file,Michael Jackson,281.40,4606408
3383,Scar On the Sky,Carry On,Chris Cornell,Alternative,Protected AAC audio file,Chris Cornell,220.19,3616618
3384,Your Soul Today,Carry On,Chris Cornell,Alternative,Protected AAC audio file,Chris Cornell,205.96,3385722
3385,Finally Forever,Carry On,Chris Cornell,Alternative,Protected AAC audio file,Chris Cornell,217.04,3565098
3386,Silence the Voices,Carry On,Chris Cornell,Alternative,Protected AAC audio file,Chris Cornell,267.38,4379597
3387,Disappearing Act,Carry On,Chris Cornell,Alternative,Protected AAC audio file,Chris Cornell,273.32,4476203
3388,You Know My Name,Carry On,Chris Cornell,Alternative,Protected AAC audio file,Chris Cornell,240.26,3940651
3389,Revelations,Revelations,Audioslave,Alternative,Protected AAC audio file,,252.38,4111051
3390,One and the Same,Revelations,Audioslave,Alternative,Protected AAC audio file,,217.73,3559040
3391,Sound of a Gun,Revelations,Audioslave,Alternative,Protected AAC audio file,,260.15,4234990
3392,Until We Fall,Revelations,Audioslave,Alternative,Protected AAC audio file,,230.76,3766605
3393,Original Fire,Revelations,Audioslave,Alternative,Protected AAC audio file,,218.92,3577821
3394,Broken City,Revelations,Audioslave,Alternative,Protected AAC audio file,,228.37,3728955
3395,Somedays,Revelations,Audioslave,Alternative,Protected AAC audio file,,213.83,3497176
3396,Shape of Things to Come,Revelations,Audioslave,Alternative,Protected AAC audio file,,274.60,4465399
3397,Jewel of the Summertime,Revelations,Audioslave,Alternative,Protected AAC audio file,,233.24,3806103
3398,Wide Awake,Revelations,Audioslave,Alternative,Protected AAC audio file,,266.31,4333050
3399,Nothing Left to Say But Goodbye,Revelations,Audioslave,Alternative,Protected AAC audio file,,213.04,3484335
3400,Moth,Revelations,Audioslave,Alternative,Protected AAC audio file,,298.05,4838884
3401,Show Me How to Live (Live at the Quart Festival),Revelations,Audioslave,Alternative,Protected AAC audio file,,301.97,4901540
3402,"Band Members Discuss Tracks from ""Revelations""",Revelations,Audioslave,Alternative,Protected MPEG-4 video file,,294.29,61118891
3403,Intoitus: Adorate Deum,Adorate Deum: Gregorian Chant from the Proper of the Mass,Alberto Turco & Nova Schola Gregoriana,Classical,Protected AAC audio file,Anonymous,245.32,4123531
3404,"Miserere mei, Deus",Allegri: Miserere,"Richard Marlow & The Choir of Trinity College, Cambridge",Classical,Protected AAC audio file,Gregorio Allegri,501.50,8285941
3405,Canon and Gigue in D Major: I. Canon,Pachelbel: Canon & Gigue,English Concert & Trevor Pinnock,Classical,Protected AAC audio file,Johann Pachelbel,271.79,4438393
3406,"Concerto No. 1 in E Major, RV 269 ""Spring"": I. Allegro",Vivaldi: The Four Seasons,"Anne-Sophie Mutter, Herbert Von Karajan & Wiener Philharmoniker",Classical,Protected AAC audio file,Antonio Vivaldi,199.09,3347810
3407,"Concerto for 2 Violins in D Minor, BWV 1043: I. Vivace",Bach: Violin Concertos,"Hilary Hahn, Jeffrey Kahane, Los Angeles Chamber Orchestra & Margaret Batjer",Classical,Protected AAC audio file,Johann Sebastian Bach,193.72,3192890
3408,"Aria Mit 30 Veränderungen, BWV 988 ""Goldberg Variations"": Aria",Bach: Goldberg Variations,Wilhelm Kempff,Classical,Protected AAC audio file,Johann Sebastian Bach,120.46,2081895
3409,"Suite for Solo Cello No. 1 in G Major, BWV 1007: I. Prélude",Bach: The Cello Suites,Yo-Yo Ma,Classical,Protected AAC audio file,Johann Sebastian Bach,143.29,2315495
3410,"The Messiah: Behold, I Tell You a Mystery... The Trumpet Shall Sound",Handel: The Messiah (Highlights),Scholars Baroque Ensemble,Classical,Protected AAC audio file,George Frideric Handel,582.03,9553140
3411,Solomon HWV 67: The Arrival of the Queen of Sheba,The World of Classical Favourites,Academy of St. Martin in the Fields & Sir Neville Marriner,Classical,Protected AAC audio file,George Frideric Handel,197.14,3247914
3412,"""Eine Kleine Nachtmusik"" Serenade In G, K. 525: I. Allegro",Sir Neville Marriner: A Celebration,Academy of St. Martin in the Fields Chamber Ensemble & Sir Neville Marriner,Classical,Protected AAC audio file,Wolfgang Amadeus Mozart,348.97,5760129
3413,"Concerto for Clarinet in A Major, K. 622: II. Adagio",Mozart: Wind Concertos,"Berliner Philharmoniker, Claudio Abbado & Sabine Meyer",Classical,Protected AAC audio file,Wolfgang Amadeus Mozart,394.48,6474980
3414,"Symphony No. 104 in D Major ""London"": IV. Finale: Spiritoso",Haydn: Symphonies 99 - 104,Royal Philharmonic Orchestra & Sir Thomas Beecham,Classical,Purchased AAC audio file,Franz Joseph Haydn,306.69,10085867
3415,Symphony No.5 in C Minor: I. Allegro con brio,Beethoven: Symhonies Nos. 5 & 6,Orchestre Révolutionnaire et Romantique & John Eliot Gardiner,Classical,Protected AAC audio file,Ludwig van Beethoven,392.46,6419730
3416,Ave Maria,A Soprano Inspired,"Britten Sinfonia, Ivor Bolton & Lesley Garrett",Classical,Protected AAC audio file,Franz Schubert,338.24,5605648
3417,"Nabucco: Chorus, ""Va, Pensiero, Sull'ali Dorate""",Great Opera Choruses,"Chicago Symphony Chorus, Chicago Symphony Orchestra & Sir Georg Solti",Classical,Protected AAC audio file,Giuseppe Verdi,274.50,4498583
3418,Die Walküre: The Ride of the Valkyries,Wagner: Favourite Overtures,Sir Georg Solti & Wiener Philharmoniker,Classical,Protected AAC audio file,Richard Wagner,189.01,3114209
3419,"Requiem, Op.48: 4. Pie Jesu","Fauré: Requiem, Ravel: Pavane & Others","Academy of St. Martin in the Fields, John Birch, Sir Neville Marriner & Sylvia McNair",Classical,Protected AAC audio file,Gabriel Fauré,258.92,4314850
3420,"The Nutcracker, Op. 71a, Act II: Scene 14: Pas de deux: Dance of the Prince & the Sugar-Plum Fairy",Tchaikovsky: The Nutcracker,London Symphony Orchestra & Sir Charles Mackerras,Classical,Protected AAC audio file,Peter Ilyich Tchaikovsky,304.23,5184289
3421,"Nimrod (Adagio) from Variations On an Original Theme, Op. 36 ""Enigma""",The Last Night of the Proms,Barry Wordsworth & BBC Concert Orchestra,Classical,Protected AAC audio file,Edward Elgar,250.03,4124707
3422,Madama Butterfly: Un Bel Dì Vedremo,Puccini: Madama Butterfly - Highlights,"Herbert Von Karajan, Mirella Freni & Wiener Philharmoniker",Classical,Protected AAC audio file,Giacomo Puccini,277.64,4588197
3423,"Jupiter, the Bringer of Jollity","Holst: The Planets, Op. 32 & Vaughan Williams: Fantasies",Eugene Ormandy,Classical,Protected AAC audio file,Gustav Holst,522.10,8547876
3424,"Turandot, Act III, Nessun dorma!",Pavarotti's Opera Made Easy,Luciano Pavarotti,Classical,Protected AAC audio file,Giacomo Puccini,176.91,2920890
3425,"Adagio for Strings from the String Quartet, Op. 11",Great Performances - Barber's Adagio and Other Romantic Favorites for Strings,Leonard Bernstein & New York Philharmonic,Classical,Protected AAC audio file,Samuel Barber,596.52,9585597
3426,Carmina Burana: O Fortuna,Carmina Burana,Boston Symphony Orchestra & Seiji Ozawa,Classical,Protected AAC audio file,Carl Orff,156.71,2630293
3427,Fanfare for the Common Man,"A Copland Celebration, Vol. I",Aaron Copland & London Symphony Orchestra,Classical,Protected AAC audio file,Aaron Copland,198.06,3211245
3428,Branch Closing,"The Office, Season 3",The Office,Comedy,Protected MPEG-4 video file,,1814.86,360331351
3429,The Return,"The Office, Season 3",The Office,Comedy,Protected MPEG-4 video file,,1705.08,343877320
3430,"Toccata and Fugue in D Minor, BWV 565: I. Toccata",Bach: Toccata & Fugue in D Minor,Ton Koopman,Classical,Protected AAC audio file,Johann Sebastian Bach,153.90,2649938
3431,"Symphony No.1 in D Major, Op.25 ""Classical"", Allegro Con Brio",Prokofiev: Symphony No.1,Sergei Prokofiev & Yuri Temirkanov,Classical,Protected AAC audio file,Sergei Prokofiev,254.00,4195542
3432,"Scheherazade, Op. 35: I. The Sea and Sindbad's Ship",Scheherazade,Chicago Symphony Orchestra & Fritz Reiner,Classical,Protected AAC audio file,Nikolai Rimsky-Korsakov,545.20,8916313
3433,"Concerto No.2 in F Major, BWV1047, I. Allegro",Bach: The Brandenburg Concertos,Orchestra of The Age of Enlightenment,Classical,Protected AAC audio file,Johann Sebastian Bach,307.24,5064553
3434,"Concerto for Piano No. 2 in F Minor, Op. 21: II. Larghetto",Chopin: Piano Concertos Nos. 1 & 2,"Emanuel Ax, Eugene Ormandy & Philadelphia Orchestra",Classical,Protected AAC audio file,Frédéric Chopin,560.34,9160082
3435,Cavalleria Rusticana  Act  Intermezzo Sinfonico,Mascagni: Cavalleria Rusticana,James Levine,Classical,Protected AAC audio file,Pietro Mascagni,243.44,4001276
3436,"Karelia Suite, Op.11: 2. Ballade (Tempo Di Menuetto)",Sibelius: Finlandia,Berliner Philharmoniker & Hans Rosbaud,Classical,Protected AAC audio file,Jean Sibelius,406.00,5908455
3437,"Piano Sonata No. 14 in C Sharp Minor, Op. 27, No. 2, ""Moonlight"": I. Adagio sostenuto",Beethoven Piano Sonatas: Moonlight & Pastorale,Maurizio Pollini,Classical,Protected AAC audio file,Ludwig van Beethoven,391.00,6318740
3438,Fantasia On Greensleeves,The World of Classical Favourites,Academy of St. Martin in the Fields & Sir Neville Marriner,Classical,Protected AAC audio file,Ralph Vaughan Williams,268.07,4513190
3439,"Das Lied Von Der Erde, Von Der Jugend",Great Recordings of the Century - Mahler: Das Lied von der Erde,Gustav Mahler,Classical,Protected AAC audio file,Gustav Mahler,223.58,3700206
3440,"Concerto for Cello and Orchestra in E minor, Op. 85: I. Adagio - Moderato",Elgar: Cello Concerto & Vaughan Williams: Fantasias,"Felix Schmidt, London Symphony Orchestra & Rafael Frühbeck de Burgos",Classical,Protected AAC audio file,Edward Elgar,483.13,7865479
3441,Two Fanfares for Orchestra: II. Short Ride in a Fast Machine,"Adams, John: The Chairman Dances",Edo de Waart & San Francisco Symphony,Classical,Protected AAC audio file,John Adams,254.93,4310896
3442,"Wellington's Victory or the Battle Symphony, Op.91: 2. Symphony of Triumph","Tchaikovsky: 1812 Festival Overture, Op.49, Capriccio Italien & Beethoven: Wellington's Victory",Antal Doráti & London Symphony Orchestra,Classical,Protected AAC audio file,Ludwig van Beethoven,412.00,6965201
3443,Missa Papae Marcelli: Kyrie,Palestrina: Missa Papae Marcelli & Allegri: Miserere,Choir Of Westminster Abbey & Simon Preston,Classical,Protected AAC audio file,Giovanni Pierluigi da Palestrina,240.67,4244149
3444,Romeo et Juliette: No. 11 - Danse des Chevaliers,Prokofiev: Romeo & Juliet,Michael Tilson Thomas & San Francisco Symphony,Classical,Protected AAC audio file,,275.02,4519239
3445,On the Beautiful Blue Danube,Strauss: Waltzes,Eugene Ormandy,Classical,Protected AAC audio file,Johann Strauss II,526.70,8610225
3446,"Symphonie Fantastique, Op. 14: V. Songe d'une nuit du sabbat",Berlioz: Symphonie Fantastique,Michael Tilson Thomas & San Francisco Symphony,Classical,Protected AAC audio file,Hector Berlioz,561.97,9173344
3447,Carmen: Overture,Bizet: Carmen Highlights,"Chor der Wiener Staatsoper, Herbert Von Karajan & Wiener Philharmoniker",Classical,Protected AAC audio file,Georges Bizet,132.93,2189002
3448,"Lamentations of Jeremiah, First Set  Incipit Lamentatio",English Renaissance,The King's Singers,Classical,Protected AAC audio file,Thomas Tallis,69.19,1208080
3449,"Music for the Royal Fireworks, HWV351 (1749): La Réjouissance",Handel: Music for the Royal Fireworks (Original Version 1749),English Concert & Trevor Pinnock,Classical,Protected AAC audio file,George Frideric Handel,120.00,2193734
3450,"Peer Gynt Suite No.1, Op.46: 1. Morning Mood",Grieg: Peer Gynt Suites & Sibelius: Pelléas et Mélisande,Berliner Philharmoniker & Herbert Von Karajan,Classical,Protected AAC audio file,Edvard Grieg,253.42,4298769
3451,"Die Zauberflöte, K.620: ""Der Hölle Rache Kocht in Meinem Herze""",Mozart Gala: Famous Arias,"Sir Georg Solti, Sumi Jo & Wiener Philharmoniker",Opera,Protected AAC audio file,Wolfgang Amadeus Mozart,174.81,2861468
3452,"SCRIABIN: Prelude in B Major, Op. 11, No. 11",SCRIABIN: Vers la flamme,Christopher O'Riley,Classical,Purchased AAC audio file,,101.29,3819535
3453,"Pavan, Lachrimae Antiquae",Armada: Music from the Courts of England and Spain,Fretwork,Classical,Protected AAC audio file,John Dowland,253.28,4211495
3454,"Symphony No. 41 in C Major, K. 551, ""Jupiter"": IV. Molto allegro",Mozart: Symphonies Nos. 40 & 41,Berliner Philharmoniker & Herbert Von Karajan,Classical,Protected AAC audio file,Wolfgang Amadeus Mozart,362.93,6173269
3455,Rehab,Back to Black,Amy Winehouse,R&B/Soul,Protected AAC audio file,,213.24,3416878
3456,You Know I'm No Good,Back to Black,Amy Winehouse,R&B/Soul,Protected AAC audio file,,256.95,4133694
3457,Me & Mr. Jones,Back to Black,Amy Winehouse,R&B/Soul,Protected AAC audio file,,151.71,2449438
3458,Just Friends,Back to Black,Amy Winehouse,R&B/Soul,Protected AAC audio file,,191.93,3098906
3459,Back to Black,Back to Black,Amy Winehouse,R&B/Soul,Protected AAC audio file,Mark Ronson,240.32,3852953
3460,Love Is a Losing Game,Back to Black,Amy Winehouse,R&B/Soul,Protected AAC audio file,,154.39,2509409
3461,Tears Dry On Their Own,Back to Black,Amy Winehouse,R&B/Soul,Protected AAC audio file,Nickolas Ashford & Valerie Simpson,185.29,2996598
3462,Wake Up Alone,Back to Black,Amy Winehouse,R&B/Soul,Protected AAC audio file,Paul O'duffy,221.41,3576773
3463,Some Unholy War,Back to Black,Amy Winehouse,R&B/Soul,Protected AAC audio file,,141.52,2304465
3464,He Can Only Hold Her,Back to Black,Amy Winehouse,R&B/Soul,Protected AAC audio file,Richard Poindexter & Robert Poindexter,166.68,2666531
3465,You Know I'm No Good (feat. Ghostface Killah),Back to Black,Amy Winehouse,R&B/Soul,Protected AAC audio file,,202.32,3260658
3466,Rehab (Hot Chip Remix),Back to Black,Amy Winehouse,R&B/Soul,Protected AAC audio file,,418.29,6670600
3467,Intro / Stronger Than Me,Frank,Amy Winehouse,Pop,Protected AAC audio file,,234.20,3832165
3468,You Sent Me Flying / Cherry,Frank,Amy Winehouse,Pop,Protected AAC audio file,,409.91,6657517
3469,F**k Me Pumps,Frank,Amy Winehouse,Pop,Protected AAC audio file,Salaam Remi,200.25,3324343
3470,I Heard Love Is Blind,Frank,Amy Winehouse,Pop,Protected AAC audio file,,129.67,2190831
3471,(There Is) No Greater Love (Teo Licks),Frank,Amy Winehouse,Pop,Protected AAC audio file,Isham Jones & Marty Symes,167.93,2773507
3472,In My Bed,Frank,Amy Winehouse,Pop,Protected AAC audio file,Salaam Remi,315.96,5211774
3473,Take the Box,Frank,Amy Winehouse,Pop,Protected AAC audio file,Luke Smith,199.16,3281526
3474,October Song,Frank,Amy Winehouse,Pop,Protected AAC audio file,Matt Rowe & Stefan Skarbek,204.85,3358125
3475,What Is It About Men,Frank,Amy Winehouse,Pop,Protected AAC audio file,"Delroy ""Chris"" Cooper, Donovan Jackson, Earl Chinna Smith, Felix Howard, Gordon Williams, Luke Smith, Paul Watson & Wilburn Squiddley Cole",209.57,3426106
3476,Help Yourself,Frank,Amy Winehouse,Pop,Protected AAC audio file,"Freddy James, Jimmy hogarth & Larry Stock",300.88,5029266
3477,Amy Amy Amy (Outro),Frank,Amy Winehouse,Pop,Protected AAC audio file,"Astor Campbell, Delroy ""Chris"" Cooper, Donovan Jackson, Dorothy Fields, Earl Chinna Smith, Felix Howard, Gordon Williams, James Moody, Jimmy McHugh, Matt Rowe, Salaam Remi & Stefan Skarbek",663.43,10564704
3478,Slowness,Carried to Dust (Bonus Track Version),Calexico,Alternative,Protected AAC audio file,,215.39,3644793
3479,"Prometheus Overture, Op. 43",Beethoven: Symphony No. 6 'Pastoral' Etc.,Otto Klemperer & Philharmonia Orchestra,Classical,Purchased AAC audio file,Ludwig van Beethoven,339.57,10887931
3480,Sonata for Solo Violin: IV: Presto,Bartok: Violin & Viola Concertos,Yehudi Menuhin,Classical,Purchased AAC audio file,Béla Bartók,299.35,9785346
3481,"A Midsummer Night's Dream, Op.61 Incidental Music: No.7 Notturno",Mendelssohn: A Midsummer Night's Dream,Philharmonia Orchestra & Sir Neville Marriner,Classical,Protected AAC audio file,,387.83,6497867
3482,"Suite No. 3 in D, BWV 1068: III. Gavotte I & II",Bach: Orchestral Suites Nos. 1 - 4,"Academy of St. Martin in the Fields, Sir Neville Marriner & Thurston Dart",Classical,Protected AAC audio file,Johann Sebastian Bach,225.93,3847164
3483,"Concert pour 4 Parties de V**les, H. 545: I. Prelude","Charpentier: Divertissements, Airs & Concerts",Les Arts Florissants & William Christie,Classical,Protected AAC audio file,Marc-Antoine Charpentier,110.27,1973559
3484,Adios nonino,South American Getaway,The 12 Cellists of The Berlin Philharmonic,Classical,Protected AAC audio file,Astor Piazzolla,289.39,4781384
3485,"Symphony No. 3 Op. 36 for Orchestra and Soprano ""Symfonia Piesni Zalosnych""  Lento E Largo - Tranquillissimo",Górecki: Symphony No. 3,Adrian Leaper & Doreen de Feis,Classical,Protected AAC audio file,Henryk Górecki,567.49,9273123
3486,"Act IV, Symphony",Purcell: The Fairy Queen,"Roger Norrington, London Classical Players",Classical,Protected AAC audio file,Henry Purcell,364.30,5987695
3487,"3 Gymnopédies: No.1 - Lent Et Grave, No.3 - Lent Et Douloureux",The Ultimate Relexation Album,Charles Dutoit & L'Orchestre Symphonique de Montréal,Classical,Protected AAC audio file,Erik Satie,385.51,6458501
3488,"Music for the Funeral of Queen Mary: VI. ""Thou Knowest, Lord, the Secrets of Our Hearts""",Purcell: Music for the Queen Mary,"Equale Brass Ensemble, John Eliot Gardiner & Munich Monteverdi Orchestra and Choir",Classical,Protected AAC audio file,Henry Purcell,142.08,2365930
3489,Symphony No. 2: III. Allegro vivace,Weill: The Seven Deadly Sins,Kent Nagano and Orchestre de l'Opéra de Lyon,Classical,Protected AAC audio file,Kurt Weill,376.51,6129146
3490,"Partita in E Major, BWV 1006A: I. Prelude","J.S. Bach: Chaconne, Suite in E Minor, Partita in E Major & Prelude, Fugue and Allegro",Julian Bream,Classical,Protected AAC audio file,Johann Sebastian Bach,285.67,4744929
3491,Le Sacre Du Printemps: I.iv. Spring Rounds,Prokofiev: Symphony No.5 & Stravinksy: Le Sacre Du Printemps,Berliner Philharmoniker & Herbert Von Karajan,Classical,Protected AAC audio file,Igor Stravinsky,234.75,4072205
3492,Sing Joyfully,English Renaissance,The King's Singers,Classical,Protected AAC audio file,William Byrd,133.77,2256484
3493,"Metopes, Op. 29: Calypso","Szymanowski: Piano Works, Vol. 1",Martin Roscoe,Classical,Protected AAC audio file,Karol Szymanowski,333.67,5548755
3494,"Symphony No. 2, Op. 16 -  ""The Four Temperaments"": II. Allegro Comodo e Flemmatico",Nielsen: The Six Symphonies,Göteborgs Symfoniker & Neeme Järvi,Classical,Protected AAC audio file,Carl Nielsen,287.00,4834785
3495,"24 Caprices, Op. 1, No. 24, for Solo Violin, in A Minor",Great Recordings of the Century: Paganini's 24 Caprices,Itzhak Perlman,Classical,Protected AAC audio file,Niccolò Paganini,265.54,4371533
3496,"Étude 1, In C Major - Preludio (Presto) - Liszt",Liszt - 12 Études D'Execution Transcendante,Michele Campanella,Classical,Purchased AAC audio file,,51.78,2229617
3497,"Erlkonig, D.328","Great Recordings of the Century - Shubert: Schwanengesang, 4 Lieder",Gerald Moore,Classical,Protected AAC audio file,,261.85,4307907
3498,"Concerto for Violin, Strings and Continuo in G Major, Op. 3, No. 9: I. Allegro","Locatelli: Concertos for Violin, Strings and Continuo, Vol. 3","Mela Tenenbaum, Pro Musica Prague & Richard Kapp",Classical,Purchased AAC audio file,Pietro Antonio Locatelli,493.57,16454937
3499,Pini Di Roma (Pinien Von Rom)  I Pini Della Via Appia,Respighi:Pines of Rome,Eugene Ormandy,Classical,Protected AAC audio file,,286.74,4718950
3500,"String Quartet No. 12 in C Minor, D. 703 ""Quartettsatz"": II. Andante - Allegro assai",Schubert: The Late String Quartets & String Quintet (3 CD's),Emerson String Quartet,Classical,Protected AAC audio file,Franz Schubert,139.20,2283131
3501,"L'orfeo, Act 3, Sinfonia (Orchestra)",Monteverdi: L'Orfeo,"C. Monteverdi, Nigel Rogers - Chiaroscuro; London Baroque; London Cornett & Sackbu",Classical,Protected AAC audio file,Claudio Monteverdi,66.64,1189062
3502,"Quintet for Horn, Violin, 2 Violas, and Cello in E Flat Major, K. 407/386c: III. Allegro",Mozart: Chamber Music,Nash Ensemble,Classical,Protected AAC audio file,Wolfgang Amadeus Mozart,221.33,3665114
3503,Koyaanisqatsi,Koyaanisqatsi (Soundtrack from the Motion Picture),Philip Glass Ensemble,Soundtrack,Protected AAC audio file,Philip Glass,206.01,3305164
